gbifID,scientificName,species,vernacularName,kingdom,phylum,class,order,family,genus,taxonRank,taxonKey,speciesKey,iucnRedListCategory,iucnRedListStatus,eventDate,year,month,day,decimalLatitude,decimalLongitude,coordinateUncertaintyInMeters,elevation,locality,municipality,district,basisOfRecord,individualCount,establishmentMeans,recordedBy,identifiedBy,institutionCode,collectionCode,catalogNumber,datasetKey,license,issue,directive,annex
6500450749,"Podarcis muralis (Laurenti, 1768)",Podarcis muralis,Common Wall Lizard,Animalia,Chordata,Squamata,,Lacertidae,Podarcis,SPECIES,2469188,2469188,LC,Least Concern,2026-08-09T10:41:31,2026,8,9,42.758217,21.273825,2,,,Prishtinë / Priština,Prishtinë / Priština,HUMAN_OBSERVATION,,,lythyathan,lythyathan,iNaturalist,Observations,390217618,50c9509d-22c7-4a22-a47d-8c48425ef4a7,CC_BY_NC_4_0,COORDINATE_ROUNDED;COUNTRY_DERIVED_FROM_COORDINATES;CONTINENT_DERIVED_FROM_COORDINATES;TAXON_ID_NOT_FOUND,Habitats,IV
6499502700,Pyrus communis L.,Pyrus communis,Pear,Plantae,Tracheophyta,Magnoliopsida,Rosales,Rosaceae,Pyrus,SPECIES,5362573,5362573,LC,Least Concern,2026-08-12T13:04:15,2026,8,12,42.369433,21.046703,2,,,Ferizaj / Uroševac,Ferizaj / Uroševac,HUMAN_OBSERVATION,,,arberzaimi,arberzaimi,iNaturalist,Observations,390611703,50c9509d-22c7-4a22-a47d-8c48425ef4a7,CC_BY_NC_4_0,COORDINATE_ROUNDED;COUNTRY_DERIVED_FROM_COORDINATES;CONTINENT_DERIVED_FROM_COORDINATES;TAXON_ID_NOT_FOUND,Habitats,II
6498954361,"Euplagia quadripunctaria (Poda, 1761)",Euplagia quadripunctaria,Jersey Tiger,Animalia,Arthropoda,Insecta,Lepidoptera,Erebidae,Euplagia,SPECIES,4532532,4532532,NE,Not Evaluated,2026-08-09T14:43:50,2026,8,9,42.758325,21.27415,3,,,Prishtinë / Priština,Prishtinë / Priština,HUMAN_OBSERVATION,,,lythyathan,lythyathan,iNaturalist,Observations,390217588,50c9509d-22c7-4a22-a47d-8c48425ef4a7,CC_BY_NC_4_0,COUNTRY_DERIVED_FROM_COORDINATES;CONTINENT_DERIVED_FROM_COORDINATES;TAXON_ID_NOT_FOUND,Habitats,II
6498788658,"Parnassius apollo (Linnaeus, 1758)",Parnassius apollo,Apollo,Animalia,Arthropoda,Insecta,Lepidoptera,Papilionidae,Parnassius,SPECIES,1938810,1938810,LC,Least Concern,2026-08-11T10:17:35,2026,8,11,42.669621,20.096873,,,,Pejë / Peć,Pejë / Peć,HUMAN_OBSERVATION,,,alamettyr,alamettyr,iNaturalist,Observations,390489411,50c9509d-22c7-4a22-a47d-8c48425ef4a7,CC_BY_4_0,COORDINATE_ROUNDED;COUNTRY_DERIVED_FROM_COORDINATES;CONTINENT_DERIVED_FROM_COORDINATES;TAXON_ID_NOT_FOUND,Habitats,IV
6498749894,Gentiana lutea subsp. symphyandra (Murb.) Hayek,Gentiana lutea,Gelber Enzian,Plantae,Tracheophyta,Magnoliopsida,Gentianales,Gentianaceae,Gentiana,SUBSPECIES,7901407,3170040,NE,Not Evaluated,2026-07-17T16:13:20,2026,7,17,42.646378,20.150322,,,,Pejë / Peć,Pejë / Peć,HUMAN_OBSERVATION,,,Eva Maria Molin,Mirko Ubović,iNaturalist,Observations,388556699,50c9509d-22c7-4a22-a47d-8c48425ef4a7,CC_BY_NC_4_0,COORDINATE_ROUNDED;COUNTRY_DERIVED_FROM_COORDINATES;CONTINENT_DERIVED_FROM_COORDINATES;TAXON_ID_NOT_FOUND,Habitats,V
6498105236,"Podarcis muralis (Laurenti, 1768)",Podarcis muralis,Common Wall Lizard,Animalia,Chordata,Squamata,,Lacertidae,Podarcis,SPECIES,2469188,2469188,LC,Least Concern,2026-05-25T14:19:29,2026,5,25,42.238862,21.255283,3,,,Kaçanik / Kačanik,Ferizaj / Uroševac,HUMAN_OBSERVATION,,,arberzaimi,arberzaimi,iNaturalist,Observations,365017927,50c9509d-22c7-4a22-a47d-8c48425ef4a7,CC_BY_NC_4_0,COORDINATE_ROUNDED;COUNTRY_DERIVED_FROM_COORDINATES;CONTINENT_DERIVED_FROM_COORDINATES;TAXON_ID_NOT_FOUND,Habitats,IV
6481446425,"Testudo hermanni Gmelin, 1789",Testudo hermanni,Hermann's Tortoise,Animalia,Chordata,Testudines,,Testudinidae,Testudo,SPECIES,2441454,2441454,VU,Vulnerable,2026-08-01T09:14:47,2026,8,1,43.24128,20.770875,27505,,,Leposaviq / Leposavić,Mitrovicë / Kosovska Mitrovica,HUMAN_OBSERVATION,,,Miloš Kostić,Miloš Kostić,iNaturalist,Observations,387115393,50c9509d-22c7-4a22-a47d-8c48425ef4a7,CC_BY_NC_4_0,COORDINATE_ROUNDED;CONTINENT_DERIVED_FROM_COORDINATES;TAXON_ID_NOT_FOUND,Habitats,II; IV
6480300875,"Morimus funereus Mulsant, 1862",Morimus funereus,Cerambice Funereo,Animalia,Arthropoda,Insecta,Coleoptera,Cerambycidae,Morimus,SPECIES,1119288,1119288,VU,Vulnerable,2026-08-07T09:42:27,2026,8,7,42.197729,20.7763,13930,,,Prizreni / Prizren,Prizren,HUMAN_OBSERVATION,,,Jona,cpu,iNaturalist,Observations,389003457,50c9509d-22c7-4a22-a47d-8c48425ef4a7,CC_BY_NC_4_0,COORDINATE_ROUNDED;COUNTRY_DERIVED_FROM_COORDINATES;CONTINENT_DERIVED_FROM_COORDINATES;TAXON_ID_NOT_FOUND,Habitats,II
6479565263,"Zamenis longissimus (Laurenti, 1768)",Zamenis longissimus,Aesculapian Snake,Animalia,Chordata,Squamata,,Colubridae,Zamenis,SPECIES,2458538,2458538,LC,Least Concern,2026-08-06T13:35:39,2026,8,6,42.734761,20.161235,24,,,Pejë / Peć,Pejë / Peć,HUMAN_OBSERVATION,,,gugu_,gugu_,iNaturalist,Observations,389133191,50c9509d-22c7-4a22-a47d-8c48425ef4a7,CC_BY_NC_4_0,COORDINATE_ROUNDED;COUNTRY_DERIVED_FROM_COORDINATES;CONTINENT_DERIVED_FROM_COORDINATES;TAXON_ID_NOT_FOUND,Habitats,IV
6470436834,"Lacerta agilis Linnaeus, 1758",Lacerta agilis,Sand Lizard,Animalia,Chordata,Squamata,,Lacertidae,Lacerta,SPECIES,6159223,6159223,LC,Least Concern,2023-07-14T09:58:13,2023,7,14,42.613509,20.093623,,,,Deçan / Dečani,Gjakovë / Đakovica,HUMAN_OBSERVATION,,,Levi van Gijzen,Levi van Gijzen,iNaturalist,Observations,384826564,50c9509d-22c7-4a22-a47d-8c48425ef4a7,CC_BY_NC_4_0,COORDINATE_ROUNDED;COUNTRY_DERIVED_FROM_COORDINATES;CONTINENT_DERIVED_FROM_COORDINATES;TAXON_ID_NOT_FOUND,Habitats,IV
6470166463,"Salamandra atra Laurenti, 1768",Salamandra atra,Alpine Salamander,Animalia,Chordata,Amphibia,Caudata,Salamandridae,Salamandra,SPECIES,2431781,2431781,LC,Least Concern,2026-07-01T08:21:32,2026,7,1,42.590545,20.088275,4,,,Deçan / Dečani,Gjakovë / Đakovica,HUMAN_OBSERVATION,,,markcrg,Kahleo Thompson,iNaturalist,Observations,377203218,50c9509d-22c7-4a22-a47d-8c48425ef4a7,CC_BY_NC_4_0,COUNTRY_DERIVED_FROM_COORDINATES;CONTINENT_DERIVED_FROM_COORDINATES;TAXON_ID_NOT_FOUND,Habitats,II; IV
6452686529,"Lacerta agilis Linnaeus, 1758",Lacerta agilis,Sand Lizard,Animalia,Chordata,Squamata,,Lacertidae,Lacerta,SPECIES,6159223,6159223,LC,Least Concern,2026-06-20T17:52:10,2026,6,20,42.865552,20.574958,,,,Zubin Potoku / Zubin Potok,Mitrovicë / Kosovska Mitrovica,HUMAN_OBSERVATION,,,donard,donard,iNaturalist,Observations,381302583,50c9509d-22c7-4a22-a47d-8c48425ef4a7,CC_BY_NC_4_0,COORDINATE_ROUNDED;COUNTRY_DERIVED_FROM_COORDINATES;CONTINENT_DERIVED_FROM_COORDINATES;TAXON_ID_NOT_FOUND,Habitats,IV
6452532777,"Parnassius apollo (Linnaeus, 1758)",Parnassius apollo,Apollo,Animalia,Arthropoda,Insecta,Lepidoptera,Papilionidae,Parnassius,SPECIES,1938810,1938810,LC,Least Concern,2026-07-20T13:24:34,2026,7,20,42.1948,21.127362,,,,Kaçanik / Kačanik,Ferizaj / Uroševac,HUMAN_OBSERVATION,,,stojkovskid,stojkovskid,iNaturalist,Observations,383266267,50c9509d-22c7-4a22-a47d-8c48425ef4a7,CC_BY_NC_4_0,COORDINATE_ROUNDED;COUNTRY_DERIVED_FROM_COORDINATES;CONTINENT_DERIVED_FROM_COORDINATES;TAXON_ID_NOT_FOUND,Habitats,IV
6452475949,"Testudo hermanni Gmelin, 1789",Testudo hermanni,Hermann's Tortoise,Animalia,Chordata,Testudines,,Testudinidae,Testudo,SPECIES,2441454,2441454,VU,Vulnerable,2026-06-20T11:41,2026,6,20,42.684013,21.201878,27599,,,Prishtinë / Priština,Prishtinë / Priština,HUMAN_OBSERVATION,,,Chris Springsfeld,Chris Springsfeld,iNaturalist,Observations,374606825,50c9509d-22c7-4a22-a47d-8c48425ef4a7,CC_BY_NC_4_0,COORDINATE_ROUNDED;COUNTRY_DERIVED_FROM_COORDINATES;CONTINENT_DERIVED_FROM_COORDINATES;TAXON_ID_NOT_FOUND,Habitats,II; IV
6452262650,"Canis familiaris Linnaeus, 1758",Canis lupus,Wolf,Animalia,Chordata,Mammalia,Carnivora,Canidae,Canis,SPECIES,5219200,5219173,LC,Least Concern,2025-11-29T08:54,2025,11,29,42.370667,21.149503,,,,Ferizaj / Uroševac,Ferizaj / Uroševac,HUMAN_OBSERVATION,,,Piotr R.,Piotr R.,iNaturalist,Observations,382958877,50c9509d-22c7-4a22-a47d-8c48425ef4a7,CC_BY_NC_4_0,COORDINATE_ROUNDED;COUNTRY_DERIVED_FROM_COORDINATES;CONTINENT_DERIVED_FROM_COORDINATES;TAXON_ID_NOT_FOUND,Habitats,II; IV; V
6451949984,"Argynnis niobe Linnaeus, 1761",Fabriciana niobe,Niobe Fritillary,Animalia,Arthropoda,Insecta,Lepidoptera,Nymphalidae,Fabriciana,SPECIES,4535439,8078362,NE,Not Evaluated,2026-07-05T12:06,2026,7,5,42.586161,20.065816,50,,,Deçan / Dečani,Gjakovë / Đakovica,HUMAN_OBSERVATION,,,Mathew Robinson,Mathew Robinson,iNaturalist,Observations,381394174,50c9509d-22c7-4a22-a47d-8c48425ef4a7,CC0_1_0,COORDINATE_ROUNDED;COUNTRY_DERIVED_FROM_COORDINATES;CONTINENT_DERIVED_FROM_COORDINATES;TAXON_ID_NOT_FOUND,Habitats,IV
6451770385,"Canis familiaris Linnaeus, 1758",Canis lupus,Wolf,Animalia,Chordata,Mammalia,Carnivora,Canidae,Canis,SPECIES,5219200,5219173,LC,Least Concern,2025-11-29T17:11,2025,11,29,42.369954,21.135849,127,,,Ferizaj / Uroševac,Ferizaj / Uroševac,HUMAN_OBSERVATION,,,Piotr R.,Piotr R.,iNaturalist,Observations,382959933,50c9509d-22c7-4a22-a47d-8c48425ef4a7,CC_BY_NC_4_0,COORDINATE_ROUNDED;COUNTRY_DERIVED_FROM_COORDINATES;CONTINENT_DERIVED_FROM_COORDINATES;TAXON_ID_NOT_FOUND,Habitats,II; IV; V
6449344946,"Helix pomatia Linnaeus, 1758",Helix pomatia,Escargot,Animalia,Mollusca,Gastropoda,Stylommatophora,Helicidae,Helix,SPECIES,2294287,2294287,LC,Least Concern,2026-07-09,2026,7,9,42.724863,20.054806,3,,Pec,Pejë / Peć,Pejë / Peć,HUMAN_OBSERVATION,1,,User 1251857,,,,,8a863029-f435-446a-821e-275f4f641165,CC_BY_NC_4_0,,Habitats,V
6448820602,"Parnassius mnemosyne (Linnaeus, 1758)",Parnassius mnemosyne,Clouded Apollo,Animalia,Arthropoda,Insecta,Lepidoptera,Papilionidae,Parnassius,SPECIES,1938520,1938520,LC,Least Concern,2026-07-08,2026,7,8,42.65,20.1,5000,,Plav,Pejë / Peć,Pejë / Peć,HUMAN_OBSERVATION,1,,User 46456,,,,,8a863029-f435-446a-821e-275f4f641165,CC_BY_NC_4_0,,Habitats,IV
6448627685,"Parnassius mnemosyne (Linnaeus, 1758)",Parnassius mnemosyne,Clouded Apollo,Animalia,Arthropoda,Insecta,Lepidoptera,Papilionidae,Parnassius,SPECIES,1938520,1938520,LC,Least Concern,2026-07-08,2026,7,8,42.65,20.1,5000,,Pec,Pejë / Peć,Pejë / Peć,HUMAN_OBSERVATION,1,,User 46456,,,,,8a863029-f435-446a-821e-275f4f641165,CC_BY_NC_4_0,,Habitats,IV
6447614735,"Parnassius mnemosyne (Linnaeus, 1758)",Parnassius mnemosyne,Clouded Apollo,Animalia,Arthropoda,Insecta,Lepidoptera,Papilionidae,Parnassius,SPECIES,1938520,1938520,LC,Least Concern,2026-07-08,2026,7,8,42.65,20.1,5000,,Plav,Pejë / Peć,Pejë / Peć,HUMAN_OBSERVATION,1,,User 46456,,,,,8a863029-f435-446a-821e-275f4f641165,CC_BY_NC_4_0,,Habitats,IV
6442109445,"Lacerta viridis (Laurenti, 1768)",Lacerta viridis,Smaragdeidechse,Animalia,Chordata,Squamata,,Lacertidae,Lacerta,SPECIES,6159273,6159273,LC,Least Concern,2026-06-13T11:30:39,2026,6,13,42.898534,20.86485,155,,,Mitrovica / Kosovska Mitrovica,Mitrovicë / Kosovska Mitrovica,HUMAN_OBSERVATION,,,AnaMarija Staletović,AnaMarija Staletović,iNaturalist,Observations,371160549,50c9509d-22c7-4a22-a47d-8c48425ef4a7,CC_BY_NC_4_0,COORDINATE_ROUNDED;COUNTRY_DERIVED_FROM_COORDINATES;CONTINENT_DERIVED_FROM_COORDINATES;TAXON_ID_NOT_FOUND,Habitats,IV
6442005783,"Rana temporaria Linnaeus, 1758",Rana temporaria,Common Frog,Animalia,Chordata,Amphibia,Anura,Ranidae,Rana,SPECIES,2426805,2426805,LC,Least Concern,2026-07-04T16:30:40,2026,7,4,42.556272,20.104254,414,,,Deçan / Dečani,Gjakovë / Đakovica,HUMAN_OBSERVATION,,,Hanna,Hanna,iNaturalist,Observations,378139023,50c9509d-22c7-4a22-a47d-8c48425ef4a7,CC_BY_NC_4_0,COORDINATE_ROUNDED;COUNTRY_DERIVED_FROM_COORDINATES;CONTINENT_DERIVED_FROM_COORDINATES;TAXON_ID_NOT_FOUND,Habitats,V
6441840967,"Natrix tessellata (Laurenti, 1768)",Natrix tessellata,Dice Snake,Animalia,Chordata,Squamata,,Colubridae,Natrix,SPECIES,6161327,6161327,LC,Least Concern,2026-06-01T13:25:49,2026,6,1,42.617943,20.576469,172,,,Klinë / Klina,Pejë / Peć,HUMAN_OBSERVATION,,,Marsel Mersinaj,Szabolcs Márton,iNaturalist,Observations,367380458,50c9509d-22c7-4a22-a47d-8c48425ef4a7,CC_BY_NC_4_0,COORDINATE_ROUNDED;COUNTRY_DERIVED_FROM_COORDINATES;CONTINENT_DERIVED_FROM_COORDINATES;TAXON_ID_NOT_FOUND,Habitats,IV
6441446097,"Podarcis muralis (Laurenti, 1768)",Podarcis muralis,Common Wall Lizard,Animalia,Chordata,Squamata,,Lacertidae,Podarcis,SPECIES,2469188,2469188,LC,Least Concern,2026-06-14T16:52:21,2026,6,14,42.206767,20.753008,,,,Prizreni / Prizren,Prizren,HUMAN_OBSERVATION,,,formicacid,formicacid,iNaturalist,Observations,371680171,50c9509d-22c7-4a22-a47d-8c48425ef4a7,CC0_1_0,COORDINATE_ROUNDED;COUNTRY_DERIVED_FROM_COORDINATES;CONTINENT_DERIVED_FROM_COORDINATES;TAXON_ID_NOT_FOUND,Habitats,IV
6441195643,"Lacerta viridis (Laurenti, 1768)",Lacerta viridis,Smaragdeidechse,Animalia,Chordata,Squamata,,Lacertidae,Lacerta,SPECIES,6159273,6159273,LC,Least Concern,2026-06-14T15:28:41,2026,6,14,42.209642,20.744733,,,,Prizreni / Prizren,Prizren,HUMAN_OBSERVATION,,,formicacid,formicacid,iNaturalist,Observations,371683680,50c9509d-22c7-4a22-a47d-8c48425ef4a7,CC0_1_0,COORDINATE_ROUNDED;COUNTRY_DERIVED_FROM_COORDINATES;CONTINENT_DERIVED_FROM_COORDINATES;TAXON_ID_NOT_FOUND,Habitats,IV
6431610634,"Lucanus cervus (Linnaeus, 1758)",Lucanus cervus,Stag Beetle,Animalia,Arthropoda,Insecta,Coleoptera,Lucanidae,Lucanus,SPECIES,5743122,5743122,NE,Not Evaluated,2026-06-30T22:16:47,2026,6,30,42.899184,20.864946,325,,,Mitrovica / Kosovska Mitrovica,Mitrovicë / Kosovska Mitrovica,HUMAN_OBSERVATION,,,AnaMarija Staletović,AnaMarija Staletović,iNaturalist,Observations,377104532,50c9509d-22c7-4a22-a47d-8c48425ef4a7,CC_BY_NC_4_0,COORDINATE_ROUNDED;COUNTRY_DERIVED_FROM_COORDINATES;CONTINENT_DERIVED_FROM_COORDINATES;TAXON_ID_NOT_FOUND,Habitats,II
6431031734,"Morimus funereus Mulsant, 1862",Morimus funereus,Cerambice Funereo,Animalia,Arthropoda,Insecta,Coleoptera,Cerambycidae,Morimus,SPECIES,1119288,1119288,VU,Vulnerable,2026-05-06T08:36:27,2026,5,6,42.208145,20.751617,,,,Prizreni / Prizren,Prizren,HUMAN_OBSERVATION,,,Paulius Rupšas,dendzoscarab,iNaturalist,Observations,362289821,50c9509d-22c7-4a22-a47d-8c48425ef4a7,CC_BY_4_0,COORDINATE_ROUNDED;COUNTRY_DERIVED_FROM_COORDINATES;CONTINENT_DERIVED_FROM_COORDINATES;TAXON_ID_NOT_FOUND,Habitats,II
6422883790,"Ursus arctos Linnaeus, 1758",Ursus arctos,Brown Bear,Animalia,Chordata,Mammalia,Carnivora,Ursidae,Ursus,SPECIES,2433433,2433433,LC,Least Concern,2026-06-01T07:41,2026,6,1,42.724621,20.020786,27599,,,Pejë / Peć,Pejë / Peć,HUMAN_OBSERVATION,,,Kilian Frühholz,Kilian Frühholz,iNaturalist,Observations,370449519,50c9509d-22c7-4a22-a47d-8c48425ef4a7,CC_BY_NC_4_0,COORDINATE_ROUNDED;COUNTRY_DERIVED_FROM_COORDINATES;CONTINENT_DERIVED_FROM_COORDINATES;TAXON_ID_NOT_FOUND,Habitats,II; IV
6422076114,Anacamptis pyramidalis (L.) Rich.,Anacamptis pyramidalis,Orchis Pyramidal,Plantae,Tracheophyta,Liliopsida,Asparagales,Orchidaceae,Anacamptis,SPECIES,2808330,2808330,NE,Not Evaluated,2026-06-24T11:46:45,2026,6,24,42.67883,21.200303,32,,,Prishtinë / Priština,Prishtinë / Priština,HUMAN_OBSERVATION,,,phil6213,phil6213,iNaturalist,Observations,375133852,50c9509d-22c7-4a22-a47d-8c48425ef4a7,CC_BY_NC_4_0,COORDINATE_ROUNDED;COUNTRY_DERIVED_FROM_COORDINATES;CONTINENT_DERIVED_FROM_COORDINATES;TAXON_ID_NOT_FOUND,Habitats,II
6422066680,"Zerynthia polyxena (Denis & Schiffermüller) , 1775",Zerynthia polyxena,Osterluzeifalter,Animalia,Arthropoda,Insecta,Lepidoptera,Papilionidae,Zerynthia,SPECIES,5141262,5141262,NE,Not Evaluated,2026-06-14T16:21:23,2026,6,14,42.202161,20.752314,,,,Prizreni / Prizren,Prizren,HUMAN_OBSERVATION,,,formicacid,formicacid,iNaturalist,Observations,371680907,50c9509d-22c7-4a22-a47d-8c48425ef4a7,CC0_1_0,COORDINATE_ROUNDED;COUNTRY_DERIVED_FROM_COORDINATES;CONTINENT_DERIVED_FROM_COORDINATES;TAXON_ID_NOT_FOUND,Habitats,IV
6413498447,"Capra hircus Linnaeus, 1758",Capra hircus,Domestic Goat,Animalia,Chordata,Mammalia,Artiodactyla,Bovidae,Capra,SPECIES,2441056,2441056,NE,Not Evaluated,2026-05-11T16:04:41,2026,5,11,42.665638,21.205962,,,,Prishtinë / Priština,Prishtinë / Priština,HUMAN_OBSERVATION,,,arianh,arianh,iNaturalist,Observations,373922586,50c9509d-22c7-4a22-a47d-8c48425ef4a7,CC_BY_NC_4_0,COORDINATE_ROUNDED;COUNTRY_DERIVED_FROM_COORDINATES;CONTINENT_DERIVED_FROM_COORDINATES;TAXON_ID_NOT_FOUND,Habitats,II; IV
6412472218,"Rosalia alpina (Linnaeus, 1758)",Rosalia alpina,Alpbock,Animalia,Arthropoda,Insecta,Coleoptera,Cerambycidae,Rosalia,SPECIES,7569075,7569075,VU,Vulnerable,2025-10-04,2025,10,4,42.8,20.95,5000,,Vucitrn,Vushtrri / Vucitrn,Mitrovicë / Kosovska Mitrovica,HUMAN_OBSERVATION,1,,User 1192070,,,,,8a863029-f435-446a-821e-275f4f641165,CC_BY_NC_4_0,,Habitats,II; IV
6400368685,"Lucanus cervus (Linnaeus, 1758)",Lucanus cervus,Stag Beetle,Animalia,Arthropoda,Insecta,Coleoptera,Lucanidae,Lucanus,SPECIES,5743122,5743122,NE,Not Evaluated,2026-06-07T16:26:44,2026,6,7,42.673278,21.198683,1147,,,Prishtinë / Priština,Prishtinë / Priština,HUMAN_OBSERVATION,,,Shpat Shkodra,Shpat Shkodra,iNaturalist,Observations,369346445,50c9509d-22c7-4a22-a47d-8c48425ef4a7,CC_BY_NC_4_0,COORDINATE_ROUNDED;COUNTRY_DERIVED_FROM_COORDINATES;CONTINENT_DERIVED_FROM_COORDINATES;TAXON_ID_NOT_FOUND,Habitats,II
6399974337,"Euphydryas aurinia (Rottemburg, 1775)",Euphydryas aurinia,Marsh Fritillary,Animalia,Arthropoda,Insecta,Lepidoptera,Nymphalidae,Euphydryas,SPECIES,4535809,4535809,NE,Not Evaluated,2026-05-29T19:11:23,2026,5,29,42.737268,20.152279,135,,,Pejë / Peć,Pejë / Peć,HUMAN_OBSERVATION,,,Kilian Frühholz,Kilian Frühholz,iNaturalist,Observations,369790965,50c9509d-22c7-4a22-a47d-8c48425ef4a7,CC_BY_NC_4_0,COORDINATE_ROUNDED;COUNTRY_DERIVED_FROM_COORDINATES;CONTINENT_DERIVED_FROM_COORDINATES;TAXON_ID_NOT_FOUND,Habitats,II
6399866599,"Lucanus cervus (Linnaeus, 1758)",Lucanus cervus,Stag Beetle,Animalia,Arthropoda,Insecta,Coleoptera,Lucanidae,Lucanus,SPECIES,5743122,5743122,NE,Not Evaluated,2026-06-14T15:56:38,2026,6,14,42.207294,20.748444,,,,Prizreni / Prizren,Prizren,HUMAN_OBSERVATION,,,formicacid,formicacid,iNaturalist,Observations,371682787,50c9509d-22c7-4a22-a47d-8c48425ef4a7,CC0_1_0,COORDINATE_ROUNDED;COUNTRY_DERIVED_FROM_COORDINATES;CONTINENT_DERIVED_FROM_COORDINATES;TAXON_ID_NOT_FOUND,Habitats,II
6399674015,"Podarcis tauricus (Pallas, 1814)",Podarcis tauricus,Taurische Eidechse,Animalia,Chordata,Squamata,,Lacertidae,Podarcis,SPECIES,2469065,2469065,LC,Least Concern,2026-06-13T15:48:37,2026,6,13,42.191314,20.740139,,,,Prizreni / Prizren,Prizren,HUMAN_OBSERVATION,,,formicacid,formicacid,iNaturalist,Observations,371278829,50c9509d-22c7-4a22-a47d-8c48425ef4a7,CC0_1_0,COORDINATE_ROUNDED;COUNTRY_DERIVED_FROM_COORDINATES;CONTINENT_DERIVED_FROM_COORDINATES;TAXON_ID_NOT_FOUND,Habitats,IV
6399579242,"Morimus funereus Mulsant, 1862",Morimus funereus,Cerambice Funereo,Animalia,Arthropoda,Insecta,Coleoptera,Cerambycidae,Morimus,SPECIES,1119288,1119288,VU,Vulnerable,2026-06-14T15:59:59,2026,6,14,42.206842,20.749667,,,,Prizreni / Prizren,Prizren,HUMAN_OBSERVATION,,,formicacid,formicacid,iNaturalist,Observations,371682695,50c9509d-22c7-4a22-a47d-8c48425ef4a7,CC0_1_0,COORDINATE_ROUNDED;COUNTRY_DERIVED_FROM_COORDINATES;CONTINENT_DERIVED_FROM_COORDINATES;TAXON_ID_NOT_FOUND,Habitats,II
6398688300,"Vipera ammodytes (Linnaeus, 1758)",Vipera ammodytes,Nose-Horned Viper,Animalia,Chordata,Squamata,,Viperidae,Vipera,SPECIES,2444308,2444308,LC,Least Concern,2026-05-11,2026,5,11,42.671502,21.414174,755,,,Prishtinë / Priština,Prishtinë / Priština,HUMAN_OBSERVATION,,,Marsel Mersinaj,elapotinus,iNaturalist,Observations,369962985,50c9509d-22c7-4a22-a47d-8c48425ef4a7,CC_BY_NC_4_0,COORDINATE_ROUNDED;COUNTRY_DERIVED_FROM_COORDINATES;CONTINENT_DERIVED_FROM_COORDINATES;TAXON_ID_NOT_FOUND,Habitats,IV
6352884919,"Rana temporaria Linnaeus, 1758",Rana temporaria,Common Frog,Animalia,Chordata,Amphibia,Anura,Ranidae,Rana,SPECIES,2426805,2426805,LC,Least Concern,2026-05-30T11:02:04,2026,5,30,42.563436,20.042148,4,,,Deçan / Dečani,Gjakovë / Đakovica,HUMAN_OBSERVATION,,,gwhetham,Tom Kirschey,iNaturalist,Observations,366694000,50c9509d-22c7-4a22-a47d-8c48425ef4a7,CC_BY_NC_4_0,COORDINATE_ROUNDED;COUNTRY_DERIVED_FROM_COORDINATES;CONTINENT_DERIVED_FROM_COORDINATES;TAXON_ID_NOT_FOUND,Habitats,V
6342796922,"Parnassius apollo (Linnaeus, 1758)",Parnassius apollo,Apollo,Animalia,Arthropoda,Insecta,Lepidoptera,Papilionidae,Parnassius,SPECIES,1938810,1938810,LC,Least Concern,2025-07-20,2025,7,20,42.668797,20.088766,5,,Pec,Pejë / Peć,Pejë / Peć,HUMAN_OBSERVATION,3,,User 1149243,,,,,8a863029-f435-446a-821e-275f4f641165,CC_BY_NC_4_0,,Habitats,IV
6329024030,"Podarcis muralis muralis (Laurenti, 1768)",Podarcis muralis,Common Wall Lizard,Animalia,Chordata,Squamata,,Lacertidae,Podarcis,SUBSPECIES,7061790,2469188,LC,Least Concern,1972-04-22,1972,4,22,42.633333,21.166667,,,Environ de Pristina,Prishtinë / Priština,Prishtinë / Priština,PRESERVED_SPECIMEN,,,Eugen Kramer;J. Kretz;U. Regenass,,MHNG,MHNG-HERP,MHNG-HERP-2006.037,82a65706-f762-11e1-a439-00145eb45e9a,CC_BY_4_0,GEODETIC_DATUM_ASSUMED_WGS84;TAXON_ID_NOT_FOUND,Habitats,IV
6329022259,"Lacerta viridis viridis (Laurenti, 1768)",Lacerta viridis,Smaragdeidechse,Animalia,Chordata,Squamata,,Lacertidae,Lacerta,SUBSPECIES,7190778,6159273,LC,Least Concern,1972-04-22,1972,4,22,42.633333,21.166667,,,Environ de Pristina,Prishtinë / Priština,Prishtinë / Priština,PRESERVED_SPECIMEN,,,Eugen Kramer;J. Kretz;U. Regenass,,MHNG,MHNG-HERP,MHNG-HERP-2006.039,82a65706-f762-11e1-a439-00145eb45e9a,CC_BY_4_0,GEODETIC_DATUM_ASSUMED_WGS84;TAXON_ID_NOT_FOUND,Habitats,IV
6329020678,"Podarcis muralis muralis (Laurenti, 1768)",Podarcis muralis,Common Wall Lizard,Animalia,Chordata,Squamata,,Lacertidae,Podarcis,SUBSPECIES,7061790,2469188,LC,Least Concern,1972-04-22,1972,4,22,42.633333,21.166667,,,Environ de Pristina,Prishtinë / Priština,Prishtinë / Priština,PRESERVED_SPECIMEN,,,Eugen Kramer;J. Kretz;U. Regenass,,MHNG,MHNG-HERP,MHNG-HERP-2006.035,82a65706-f762-11e1-a439-00145eb45e9a,CC_BY_4_0,GEODETIC_DATUM_ASSUMED_WGS84;TAXON_ID_NOT_FOUND,Habitats,IV
6329018572,"Podarcis muralis muralis (Laurenti, 1768)",Podarcis muralis,Common Wall Lizard,Animalia,Chordata,Squamata,,Lacertidae,Podarcis,SUBSPECIES,7061790,2469188,LC,Least Concern,1972-04-22,1972,4,22,42.633333,21.166667,,,Environ de Pristina,Prishtinë / Priština,Prishtinë / Priština,PRESERVED_SPECIMEN,,,Eugen Kramer;J. Kretz;U. Regenass,,MHNG,MHNG-HERP,MHNG-HERP-2006.034,82a65706-f762-11e1-a439-00145eb45e9a,CC_BY_4_0,GEODETIC_DATUM_ASSUMED_WGS84;TAXON_ID_NOT_FOUND,Habitats,IV
6329016517,"Lacerta viridis viridis (Laurenti, 1768)",Lacerta viridis,Smaragdeidechse,Animalia,Chordata,Squamata,,Lacertidae,Lacerta,SUBSPECIES,7190778,6159273,LC,Least Concern,1972-04-22,1972,4,22,42.633333,21.166667,,,Environ de Pristina,Prishtinë / Priština,Prishtinë / Priština,PRESERVED_SPECIMEN,,,Eugen Kramer;J. Kretz;U. Regenass,,MHNG,MHNG-HERP,MHNG-HERP-2006.038,82a65706-f762-11e1-a439-00145eb45e9a,CC_BY_4_0,GEODETIC_DATUM_ASSUMED_WGS84;TAXON_ID_NOT_FOUND,Habitats,IV
6329013150,"Podarcis muralis muralis (Laurenti, 1768)",Podarcis muralis,Common Wall Lizard,Animalia,Chordata,Squamata,,Lacertidae,Podarcis,SUBSPECIES,7061790,2469188,LC,Least Concern,1972-04-22,1972,4,22,42.633333,21.166667,,,Environ de Pristina,Prishtinë / Priština,Prishtinë / Priština,PRESERVED_SPECIMEN,,,Eugen Kramer;J. Kretz;U. Regenass,,MHNG,MHNG-HERP,MHNG-HERP-2006.033,82a65706-f762-11e1-a439-00145eb45e9a,CC_BY_4_0,GEODETIC_DATUM_ASSUMED_WGS84;TAXON_ID_NOT_FOUND,Habitats,IV
6329008082,"Podarcis muralis muralis (Laurenti, 1768)",Podarcis muralis,Common Wall Lizard,Animalia,Chordata,Squamata,,Lacertidae,Podarcis,SUBSPECIES,7061790,2469188,LC,Least Concern,1972-04-22,1972,4,22,42.633333,21.166667,,,Environ de Pristina,Prishtinë / Priština,Prishtinë / Priština,PRESERVED_SPECIMEN,,,Eugen Kramer;J. Kretz;U. Regenass,,MHNG,MHNG-HERP,MHNG-HERP-2006.036,82a65706-f762-11e1-a439-00145eb45e9a,CC_BY_4_0,GEODETIC_DATUM_ASSUMED_WGS84;TAXON_ID_NOT_FOUND,Habitats,IV
6321173433,"Zamenis longissimus (Laurenti, 1768)",Zamenis longissimus,Aesculapian Snake,Animalia,Chordata,Squamata,,Colubridae,Zamenis,SPECIES,2458538,2458538,LC,Least Concern,2024-09-02T04:43,2024,9,2,42.203292,20.747458,6,,,Prizreni / Prizren,Prizren,HUMAN_OBSERVATION,,,Grayson Walker,Grayson Walker,iNaturalist,Observations,361084258,50c9509d-22c7-4a22-a47d-8c48425ef4a7,CC_BY_NC_4_0,COORDINATE_ROUNDED;COUNTRY_DERIVED_FROM_COORDINATES;CONTINENT_DERIVED_FROM_COORDINATES;TAXON_ID_NOT_FOUND,Habitats,IV
6320945396,"Morimus funereus Mulsant, 1862",Morimus funereus,Cerambice Funereo,Animalia,Arthropoda,Insecta,Coleoptera,Cerambycidae,Morimus,SPECIES,1119288,1119288,VU,Vulnerable,2026-05-07T16:20:45,2026,5,7,42.200443,20.751442,4,,,Prizreni / Prizren,Prizren,HUMAN_OBSERVATION,,,Paulius Rupšas,TOUROULT Julien,iNaturalist,Observations,361384335,50c9509d-22c7-4a22-a47d-8c48425ef4a7,CC_BY_4_0,COORDINATE_ROUNDED;COUNTRY_DERIVED_FROM_COORDINATES;CONTINENT_DERIVED_FROM_COORDINATES;TAXON_ID_NOT_FOUND,Habitats,II
6320520827,"Morimus funereus Mulsant, 1862",Morimus funereus,Cerambice Funereo,Animalia,Arthropoda,Insecta,Coleoptera,Cerambycidae,Morimus,SPECIES,1119288,1119288,VU,Vulnerable,2026-05-07T17:09:28,2026,5,7,42.207932,20.746845,4,,,Prizreni / Prizren,Prizren,HUMAN_OBSERVATION,,,Paulius Rupšas,Paulius Rupšas,iNaturalist,Observations,361377856,50c9509d-22c7-4a22-a47d-8c48425ef4a7,CC_BY_4_0,COORDINATE_ROUNDED;COUNTRY_DERIVED_FROM_COORDINATES;CONTINENT_DERIVED_FROM_COORDINATES;TAXON_ID_NOT_FOUND,Habitats,II
6320418353,"Vipera ammodytes (Linnaeus, 1758)",Vipera ammodytes,Nose-Horned Viper,Animalia,Chordata,Squamata,,Viperidae,Vipera,SPECIES,2444308,2444308,LC,Least Concern,2026-05-14,2026,5,14,42.157222,20.609792,3246,,,Prizreni / Prizren,Prizren,HUMAN_OBSERVATION,,,Marsel Mersinaj,Arseniy T,iNaturalist,Observations,361631447,50c9509d-22c7-4a22-a47d-8c48425ef4a7,CC_BY_NC_4_0,COORDINATE_ROUNDED;COUNTRY_DERIVED_FROM_COORDINATES;CONTINENT_DERIVED_FROM_COORDINATES;TAXON_ID_NOT_FOUND,Habitats,IV
6320110079,"Morimus funereus Mulsant, 1862",Morimus funereus,Cerambice Funereo,Animalia,Arthropoda,Insecta,Coleoptera,Cerambycidae,Morimus,SPECIES,1119288,1119288,VU,Vulnerable,2026-05-07T16:27:56,2026,5,7,42.201988,20.752172,4,,,Prizreni / Prizren,Prizren,HUMAN_OBSERVATION,,,Paulius Rupšas,TOUROULT Julien,iNaturalist,Observations,361383229,50c9509d-22c7-4a22-a47d-8c48425ef4a7,CC_BY_4_0,COORDINATE_ROUNDED;COUNTRY_DERIVED_FROM_COORDINATES;CONTINENT_DERIVED_FROM_COORDINATES;TAXON_ID_NOT_FOUND,Habitats,II
6274254368,"Zamenis longissimus (Laurenti, 1768)",Zamenis longissimus,Aesculapian Snake,Animalia,Chordata,Squamata,,Colubridae,Zamenis,SPECIES,2458538,2458538,LC,Least Concern,2022-09-10,2022,9,10,42.676286,21.209639,213,,,Prishtinë / Priština,Prishtinë / Priština,HUMAN_OBSERVATION,,,Marsel Mersinaj,st10008,iNaturalist,Observations,359478833,50c9509d-22c7-4a22-a47d-8c48425ef4a7,CC_BY_NC_4_0,COORDINATE_ROUNDED;COUNTRY_DERIVED_FROM_COORDINATES;CONTINENT_DERIVED_FROM_COORDINATES;TAXON_ID_NOT_FOUND,Habitats,IV
6252733111,"Morimus funereus Mulsant, 1862",Morimus funereus,Cerambice Funereo,Animalia,Arthropoda,Insecta,Coleoptera,Cerambycidae,Morimus,SPECIES,1119288,1119288,VU,Vulnerable,2026-04-26T17:24:32,2026,4,26,42.677292,21.203292,4,,,Prishtinë / Priština,Prishtinë / Priština,HUMAN_OBSERVATION,,,Lola Kytka,Lola Kytka,iNaturalist,Observations,355249436,50c9509d-22c7-4a22-a47d-8c48425ef4a7,CC_BY_NC_4_0,COORDINATE_ROUNDED;COUNTRY_DERIVED_FROM_COORDINATES;CONTINENT_DERIVED_FROM_COORDINATES;TAXON_ID_NOT_FOUND,Habitats,II
6252073936,"Morimus funereus Mulsant, 1862",Morimus funereus,Cerambice Funereo,Animalia,Arthropoda,Insecta,Coleoptera,Cerambycidae,Morimus,SPECIES,1119288,1119288,VU,Vulnerable,2026-04-19T18:08:34,2026,4,19,42.202317,20.752475,20,,,Prizreni / Prizren,Prizren,HUMAN_OBSERVATION,,,robertosoriente,Tina Mitic,iNaturalist,Observations,356236123,50c9509d-22c7-4a22-a47d-8c48425ef4a7,CC_BY_NC_4_0,COORDINATE_ROUNDED;COUNTRY_DERIVED_FROM_COORDINATES;CONTINENT_DERIVED_FROM_COORDINATES;TAXON_ID_NOT_FOUND,Habitats,II
6195986317,"Canis familiaris Linnaeus, 1758",Canis lupus,Wolf,Animalia,Chordata,Mammalia,Carnivora,Canidae,Canis,SPECIES,5219200,5219173,LC,Least Concern,2021-07-13T01:18:56,2021,7,13,42.658188,21.160289,65,,,Prishtinë / Priština,Prishtinë / Priština,HUMAN_OBSERVATION,,,dvillar7,dvillar7,iNaturalist,Observations,348566037,50c9509d-22c7-4a22-a47d-8c48425ef4a7,CC_BY_NC_4_0,COORDINATE_ROUNDED;COUNTRY_DERIVED_FROM_COORDINATES;CONTINENT_DERIVED_FROM_COORDINATES;TAXON_ID_NOT_FOUND,Habitats,II; IV; V
6191442699,"Ursus arctos Linnaeus, 1758",Ursus arctos,Brown Bear,Animalia,Chordata,Mammalia,Carnivora,Ursidae,Ursus,SPECIES,2433433,2433433,LC,Least Concern,,,,,42.98,20.76,,,,Zveçan / Zvečan,Mitrovicë / Kosovska Mitrovica,PRESERVED_SPECIMEN,,,D. Cirovic,,,,KOS-149,d8cd16ba-bb74-4420-821e-083f2bac17c2,CC_BY_4_0,GEODETIC_DATUM_ASSUMED_WGS84;CONTINENT_DERIVED_FROM_COORDINATES;RECORDED_DATE_INVALID;TAXON_ID_NOT_FOUND;TAXON_CONCEPT_ID_NOT_FOUND,Habitats,II; IV
6184833455,"Ursus arctos Linnaeus, 1758",Ursus arctos,Brown Bear,Animalia,Chordata,Mammalia,Carnivora,Ursidae,Ursus,SPECIES,2433433,2433433,LC,Least Concern,2023-06-30T07:35,2023,6,30,42.187117,20.945286,,,,Shtërpcë / Štrpce,Ferizaj / Uroševac,HUMAN_OBSERVATION,,,loganw,loganw,iNaturalist,Observations,170595649,50c9509d-22c7-4a22-a47d-8c48425ef4a7,CC_BY_NC_4_0,COUNTRY_DERIVED_FROM_COORDINATES;CONTINENT_DERIVED_FROM_COORDINATES;TAXON_ID_NOT_FOUND,Habitats,II; IV
6183552768,"Zamenis longissimus (Laurenti, 1768)",Zamenis longissimus,Aesculapian Snake,Animalia,Chordata,Squamata,,Colubridae,Zamenis,SPECIES,2458538,2458538,LC,Least Concern,2025-06-17,2025,6,17,42.232736,21.028969,9,,Štimlje,Shtërpcë / Štrpce,Ferizaj / Uroševac,HUMAN_OBSERVATION,1,,User 741140,,,,,8a863029-f435-446a-821e-275f4f641165,CC_BY_NC_4_0,,Habitats,IV
6179015251,"Pelophylax ridibundus (Pallas, 1771)",Pelophylax ridibundus,Marsh Frog,Animalia,Chordata,Amphibia,Anura,Ranidae,Pelophylax,SPECIES,2426661,2426661,LC,Least Concern,2023-08-31T10:10:32,2023,8,31,42.622142,21.35898,3,,,Prishtinë / Priština,Prishtinë / Priština,HUMAN_OBSERVATION,,,Jasper White,Александръ Тѣневскій,iNaturalist,Observations,181038486,50c9509d-22c7-4a22-a47d-8c48425ef4a7,CC_BY_NC_4_0,COORDINATE_ROUNDED;COUNTRY_DERIVED_FROM_COORDINATES;CONTINENT_DERIVED_FROM_COORDINATES;TAXON_ID_NOT_FOUND,Habitats,V
6178730334,"Lacerta viridis (Laurenti, 1768)",Lacerta viridis,Smaragdeidechse,Animalia,Chordata,Squamata,,Lacertidae,Lacerta,SPECIES,6159273,6159273,LC,Least Concern,2012-05-29T13:08,2012,5,29,42.134066,20.806951,,,,Prizreni / Prizren,Prizren,HUMAN_OBSERVATION,,,F. Bemmerlein-Lux,F. Bemmerlein-Lux,iNaturalist,Observations,337074908,50c9509d-22c7-4a22-a47d-8c48425ef4a7,CC_BY_4_0,COORDINATE_ROUNDED;COUNTRY_DERIVED_FROM_COORDINATES;CONTINENT_DERIVED_FROM_COORDINATES;TAXON_ID_NOT_FOUND,Habitats,IV
6176573697,Minuartia verna (L.) Hiern,Sabulina verna,Gruvearve,Plantae,Tracheophyta,Magnoliopsida,Caryophyllales,Caryophyllaceae,Sabulina,SPECIES,3085588,8074997,NE,Not Evaluated,2023-07-08,2023,7,8,42.62511,20.06461,10,2175,"Montenegro, Plav Municipality, Starac. Plav: eroded grassland ca 1 km SE of Crni krš Mt. (2426 m); 2175 m s. m. Coordinates: 423730.4N & 200352.6E ± 10 m",Deçan / Dečani,Gjakovë / Đakovica,PRESERVED_SPECIMEN,,,"Szokala,Daniel et al. DS_2033",Daniel Szokala,BRNU,Herbarium BRNU,693020,54f946aa-2ca9-4a51-9ee5-011219e0381e,CC_BY_4_0,CONTINENT_DERIVED_FROM_COORDINATES;INSTITUTION_MATCH_FUZZY;SCIENTIFIC_NAME_ID_NOT_FOUND,Habitats,II
6171384679,"Pelophylax ridibundus (Pallas, 1771)",Pelophylax ridibundus,Marsh Frog,Animalia,Chordata,Amphibia,Anura,Ranidae,Pelophylax,SPECIES,2426661,2426661,LC,Least Concern,2023-07-01T13:44:58,2023,7,1,42.636183,21.258104,,,,Prishtinë / Priština,Prishtinë / Priština,HUMAN_OBSERVATION,,,Jakub Trojan,Александръ Тѣневскій,iNaturalist,Observations,170428710,50c9509d-22c7-4a22-a47d-8c48425ef4a7,CC_BY_NC_4_0,COORDINATE_ROUNDED;COUNTRY_DERIVED_FROM_COORDINATES;CONTINENT_DERIVED_FROM_COORDINATES;TAXON_ID_NOT_FOUND,Habitats,V
6171372651,"Vipera ammodytes (Linnaeus, 1758)",Vipera ammodytes,Nose-Horned Viper,Animalia,Chordata,Squamata,,Viperidae,Vipera,SPECIES,2444308,2444308,LC,Least Concern,2026-03-01T12:44:57,2026,3,1,42.661358,21.210937,,,,Prishtinë / Priština,Prishtinë / Priština,HUMAN_OBSERVATION,,,arianh,arianh,iNaturalist,Observations,340763056,50c9509d-22c7-4a22-a47d-8c48425ef4a7,CC_BY_NC_4_0,COORDINATE_ROUNDED;COUNTRY_DERIVED_FROM_COORDINATES;CONTINENT_DERIVED_FROM_COORDINATES;TAXON_ID_NOT_FOUND,Habitats,IV
6170868207,"Pelophylax ridibundus (Pallas, 1771)",Pelophylax ridibundus,Marsh Frog,Animalia,Chordata,Amphibia,Anura,Ranidae,Pelophylax,SPECIES,2426661,2426661,LC,Least Concern,2023-07-01T20:27,2023,7,1,42.220317,20.751086,10,,,Prizreni / Prizren,Prizren,HUMAN_OBSERVATION,,,Mirko Bliinn,Mirko Bliinn,iNaturalist,Observations,199274880,50c9509d-22c7-4a22-a47d-8c48425ef4a7,CC_BY_4_0,COORDINATE_ROUNDED;COUNTRY_DERIVED_FROM_COORDINATES;CONTINENT_DERIVED_FROM_COORDINATES;TAXON_ID_NOT_FOUND,Habitats,V
6169963996,"Euplagia quadripunctaria (Poda, 1761)",Euplagia quadripunctaria,Jersey Tiger,Animalia,Arthropoda,Insecta,Lepidoptera,Erebidae,Euplagia,SPECIES,4532532,4532532,NE,Not Evaluated,2026-02-26,2026,2,26,42.861103,21.054274,25,,Vucitrn,Vushtrri / Vucitrn,Mitrovicë / Kosovska Mitrovica,HUMAN_OBSERVATION,1,,User 1062993,,,,,8a863029-f435-446a-821e-275f4f641165,CC_BY_NC_4_0,,Habitats,II
6159336934,"Rupicapra rupicapra (Linnaeus, 1758)",Rupicapra rupicapra,Chamois,Animalia,Chordata,Mammalia,Artiodactyla,Bovidae,Rupicapra,SPECIES,5220170,5220170,LC,Least Concern,2012-05-01T13:04,2012,5,1,42.145717,20.931761,,,,Prizreni / Prizren,Prizren,HUMAN_OBSERVATION,,,F. Bemmerlein-Lux,F. Bemmerlein-Lux,iNaturalist,Observations,338053976,50c9509d-22c7-4a22-a47d-8c48425ef4a7,CC_BY_4_0,COORDINATE_ROUNDED;COUNTRY_DERIVED_FROM_COORDINATES;CONTINENT_DERIVED_FROM_COORDINATES;TAXON_ID_NOT_FOUND,Habitats,V
6152021941,"Zamenis longissimus (Laurenti, 1768)",Zamenis longissimus,Aesculapian Snake,Animalia,Chordata,Squamata,,Colubridae,Zamenis,SPECIES,2458538,2458538,LC,Least Concern,2025-06-17,2025,6,17,42.232786,21.029451,,,Štimlje,Shtërpcë / Štrpce,Ferizaj / Uroševac,HUMAN_OBSERVATION,1,,User 741140,,,,,8a863029-f435-446a-821e-275f4f641165,CC_BY_NC_4_0,,Habitats,IV
6150904047,"Zamenis longissimus (Laurenti, 1768)",Zamenis longissimus,Aesculapian Snake,Animalia,Chordata,Squamata,,Colubridae,Zamenis,SPECIES,2458538,2458538,LC,Least Concern,2025-06-17,2025,6,17,42.232736,21.028969,9,,Štimlje,Shtërpcë / Štrpce,Ferizaj / Uroševac,HUMAN_OBSERVATION,1,,User 147315,,,,,8a863029-f435-446a-821e-275f4f641165,CC_BY_NC_4_0,,Habitats,IV
6150605960,"Zamenis longissimus (Laurenti, 1768)",Zamenis longissimus,Aesculapian Snake,Animalia,Chordata,Squamata,,Colubridae,Zamenis,SPECIES,2458538,2458538,LC,Least Concern,2025-06-17,2025,6,17,42.232786,21.029451,,,Štimlje,Shtërpcë / Štrpce,Ferizaj / Uroševac,HUMAN_OBSERVATION,1,,User 741140,,,,,8a863029-f435-446a-821e-275f4f641165,CC_BY_NC_4_0,,Habitats,IV
6147534990,"Bombina variegata (Linnaeus, 1758)",Bombina variegata,Yellow-Bellied Toad,Animalia,Chordata,Amphibia,Anura,Bombinatoridae,Bombina,SPECIES,2423435,2423435,LC,Least Concern,2012-06-03T14:00,2012,6,3,42.148622,20.900569,,,,Prizreni / Prizren,Prizren,HUMAN_OBSERVATION,,,F. Bemmerlein-Lux,F. Bemmerlein-Lux,iNaturalist,Observations,337190286,50c9509d-22c7-4a22-a47d-8c48425ef4a7,CC_BY_4_0,COORDINATE_ROUNDED;COUNTRY_DERIVED_FROM_COORDINATES;CONTINENT_DERIVED_FROM_COORDINATES;TAXON_ID_NOT_FOUND,Habitats,II; IV
6133614759,Dactylorhiza cordigera (Fr.) Soó,Dactylorhiza majalis,Orchide a Foglie Larghe,Plantae,Tracheophyta,Liliopsida,Asparagales,Orchidaceae,Dactylorhiza,SPECIES,2810926,2810155,NE,Not Evaluated,2018-07-04T12:05:57,2018,7,4,42.183787,21.048785,8,,,Shtërpcë / Štrpce,Ferizaj / Uroševac,HUMAN_OBSERVATION,,,gentballabani,aroche,iNaturalist,Observations,14039530,50c9509d-22c7-4a22-a47d-8c48425ef4a7,CC_BY_NC_4_0,COORDINATE_ROUNDED;COUNTRY_DERIVED_FROM_COORDINATES;CONTINENT_DERIVED_FROM_COORDINATES;TAXON_ID_NOT_FOUND,Habitats,II
6133613533,Dactylorhiza cordigera (Fr.) Soó,Dactylorhiza majalis,Orchide a Foglie Larghe,Plantae,Tracheophyta,Liliopsida,Asparagales,Orchidaceae,Dactylorhiza,SPECIES,2810926,2810155,NE,Not Evaluated,2020-07-12T16:10,2020,7,12,42.531808,20.1399,1598,,,Deçan / Dečani,Gjakovë / Đakovica,HUMAN_OBSERVATION,,,Arian,arethusa,iNaturalist,Observations,53612982,50c9509d-22c7-4a22-a47d-8c48425ef4a7,CC_BY_NC_4_0,COORDINATE_ROUNDED;COUNTRY_DERIVED_FROM_COORDINATES;CONTINENT_DERIVED_FROM_COORDINATES;TAXON_ID_NOT_FOUND,Habitats,II
6133303678,Dactylorhiza cordigera (Fr.) Soó,Dactylorhiza majalis,Orchide a Foglie Larghe,Plantae,Tracheophyta,Liliopsida,Asparagales,Orchidaceae,Dactylorhiza,SPECIES,2810926,2810155,NE,Not Evaluated,2024-05-20T11:55,2024,5,20,42.153611,20.9575,,,,Prizreni / Prizren,Prizren,HUMAN_OBSERVATION,,,Bastien Alegot,L D2,iNaturalist,Observations,221055354,50c9509d-22c7-4a22-a47d-8c48425ef4a7,CC0_1_0,COORDINATE_ROUNDED;COUNTRY_DERIVED_FROM_COORDINATES;CONTINENT_DERIVED_FROM_COORDINATES;TAXON_ID_NOT_FOUND,Habitats,II
6133288807,Dactylorhiza cordigera subsp. bosniaca (Beck) Soó,Dactylorhiza majalis,Orchide a Foglie Larghe,Plantae,Tracheophyta,Liliopsida,Asparagales,Orchidaceae,Dactylorhiza,SUBSPECIES,2810990,2810155,NE,Not Evaluated,2025-07-12T14:28:19,2025,7,12,42.590217,20.07882,6,,,Deçan / Dečani,Gjakovë / Đakovica,HUMAN_OBSERVATION,,,Sandro Bogdanović,Sandro Bogdanović,iNaturalist,Observations,301805358,50c9509d-22c7-4a22-a47d-8c48425ef4a7,CC_BY_NC_4_0,COORDINATE_ROUNDED;COUNTRY_DERIVED_FROM_COORDINATES;CONTINENT_DERIVED_FROM_COORDINATES;TAXON_ID_NOT_FOUND,Habitats,II
6133255715,Dactylorhiza cordigera (Fr.) Soó,Dactylorhiza majalis,Orchide a Foglie Larghe,Plantae,Tracheophyta,Liliopsida,Asparagales,Orchidaceae,Dactylorhiza,SPECIES,2810926,2810155,NE,Not Evaluated,2012-06-05T12:32,2012,6,5,42.160988,20.970232,50,,,Shtërpcë / Štrpce,Ferizaj / Uroševac,HUMAN_OBSERVATION,,,F. Bemmerlein-Lux,L D2,iNaturalist,Observations,227957843,50c9509d-22c7-4a22-a47d-8c48425ef4a7,CC_BY_4_0,COORDINATE_ROUNDED;COUNTRY_DERIVED_FROM_COORDINATES;CONTINENT_DERIVED_FROM_COORDINATES;TAXON_ID_NOT_FOUND,Habitats,II
6133192733,"Zamenis longissimus (Laurenti, 1768)",Zamenis longissimus,Aesculapian Snake,Animalia,Chordata,Squamata,,Colubridae,Zamenis,SPECIES,2458538,2458538,LC,Least Concern,2012-05-28T16:33,2012,5,28,42.141999,20.810863,,,,Prizreni / Prizren,Prizren,HUMAN_OBSERVATION,,,F. Bemmerlein-Lux,F. Bemmerlein-Lux,iNaturalist,Observations,337076960,50c9509d-22c7-4a22-a47d-8c48425ef4a7,CC_BY_4_0,COORDINATE_ROUNDED;COUNTRY_DERIVED_FROM_COORDINATES;CONTINENT_DERIVED_FROM_COORDINATES;TAXON_ID_NOT_FOUND,Habitats,IV
6133181283,Dactylorhiza cordigera (Fr.) Soó,Dactylorhiza majalis,Orchide a Foglie Larghe,Plantae,Tracheophyta,Liliopsida,Asparagales,Orchidaceae,Dactylorhiza,SPECIES,2810926,2810155,NE,Not Evaluated,2015-06-22T18:27,2015,6,22,42.165548,20.972989,122,,,Shtërpcë / Štrpce,Ferizaj / Uroševac,HUMAN_OBSERVATION,,,Dijana Dubrović,Dijana Dubrović,iNaturalist,Observations,307698776,50c9509d-22c7-4a22-a47d-8c48425ef4a7,CC_BY_NC_4_0,COORDINATE_ROUNDED;COUNTRY_DERIVED_FROM_COORDINATES;CONTINENT_DERIVED_FROM_COORDINATES;TAXON_ID_NOT_FOUND,Habitats,II
6131690045,"Rana temporaria Linnaeus, 1758",Rana temporaria,Common Frog,Animalia,Chordata,Amphibia,Anura,Ranidae,Rana,SPECIES,2426805,2426805,LC,Least Concern,2025-09-20T15:13,2025,9,20,42.617777,20.072494,122,,,Deçan / Dečani,Gjakovë / Đakovica,HUMAN_OBSERVATION,,,Finn Klessmann,Finn Klessmann,iNaturalist,Observations,329096745,50c9509d-22c7-4a22-a47d-8c48425ef4a7,CC_BY_NC_4_0,COORDINATE_ROUNDED;COUNTRY_DERIVED_FROM_COORDINATES;CONTINENT_DERIVED_FROM_COORDINATES;TAXON_ID_NOT_FOUND,Habitats,V
5935562661,"Romanogobio uranoscopus (Agassiz, 1828)",Romanogobio uranoscopus,Stone Gudgeon,Animalia,Chordata,,Cypriniformes,Cyprinidae,Romanogobio,SPECIES,2360759,2360759,LC,Least Concern,2023-08-30T12:54,2023,8,30,43.085112,20.80645,8,,,Leposaviq / Leposavić,Mitrovicë / Kosovska Mitrovica,HUMAN_OBSERVATION,,,Stamatis Zogaris,Stamatis Zogaris,iNaturalist,Observations,331445879,50c9509d-22c7-4a22-a47d-8c48425ef4a7,CC_BY_NC_4_0,COORDINATE_ROUNDED;COUNTRY_DERIVED_FROM_COORDINATES;CONTINENT_DERIVED_FROM_COORDINATES;TAXON_ID_NOT_FOUND,Habitats,II
5935504331,"Barbus balcanicus Kotlík, Tsigenopoulos, Ráb & Berrebi, 2002",Barbus balcanicus,Large-Spot Barbel,Animalia,Chordata,,Cypriniformes,Cyprinidae,Barbus,SPECIES,5206749,5206749,LC,Least Concern,2023-08-30T12:54,2023,8,30,43.085701,20.806347,15,,,Leposaviq / Leposavić,Mitrovicë / Kosovska Mitrovica,HUMAN_OBSERVATION,,,Stamatis Zogaris,Stamatis Zogaris,iNaturalist,Observations,331445880,50c9509d-22c7-4a22-a47d-8c48425ef4a7,CC_BY_NC_4_0,COORDINATE_ROUNDED;COUNTRY_DERIVED_FROM_COORDINATES;CONTINENT_DERIVED_FROM_COORDINATES;TAXON_ID_NOT_FOUND,Habitats,V
5920424979,"Testudo hermanni boettgeri Mojsisovics, 1889",Testudo hermanni,Hermann's Tortoise,Animalia,Chordata,Testudines,,Testudinidae,Testudo,SUBSPECIES,6156781,2441454,VU,Vulnerable,2016-07-09T10:33,2016,7,9,42.1874,21.360189,27692,,,Kaçanik / Kačanik,Ferizaj / Uroševac,HUMAN_OBSERVATION,,,hristovskis,hristovskis,iNaturalist,Observations,329436762,50c9509d-22c7-4a22-a47d-8c48425ef4a7,CC_BY_NC_4_0,COORDINATE_ROUNDED;CONTINENT_DERIVED_FROM_COORDINATES;TAXON_ID_NOT_FOUND,Habitats,II; IV
5920359399,"Testudo hermanni boettgeri Mojsisovics, 1889",Testudo hermanni,Hermann's Tortoise,Animalia,Chordata,Testudines,,Testudinidae,Testudo,SUBSPECIES,6156781,2441454,VU,Vulnerable,2022-03-27T12:29,2022,3,27,42.191917,21.218544,27692,,,Kaçanik / Kačanik,Ferizaj / Uroševac,HUMAN_OBSERVATION,,,hristovskis,hristovskis,iNaturalist,Observations,329541494,50c9509d-22c7-4a22-a47d-8c48425ef4a7,CC_BY_NC_4_0,COORDINATE_ROUNDED;CONTINENT_DERIVED_FROM_COORDINATES;TAXON_ID_NOT_FOUND,Habitats,II; IV
5903777036,Gentiana lutea subsp. symphyandra (Murb.) Hayek,Gentiana lutea,Gelber Enzian,Plantae,Tracheophyta,Magnoliopsida,Gentianales,Gentianaceae,Gentiana,SUBSPECIES,7901407,3170040,NE,Not Evaluated,2023-07-27T13:58:51,2023,7,27,42.244312,20.914488,86,,,Shtërpcë / Štrpce,Ferizaj / Uroševac,HUMAN_OBSERVATION,,,Naim Berisha,Naim Berisha,iNaturalist,Observations,327891702,50c9509d-22c7-4a22-a47d-8c48425ef4a7,CC_BY_NC_4_0,COORDINATE_ROUNDED;COUNTRY_DERIVED_FROM_COORDINATES;CONTINENT_DERIVED_FROM_COORDINATES;TAXON_ID_NOT_FOUND,Habitats,V
5901010462,Anacamptis pyramidalis (L.) Rich.,Anacamptis pyramidalis,Orchis Pyramidal,Plantae,Tracheophyta,Liliopsida,Asparagales,Orchidaceae,Anacamptis,SPECIES,2808330,2808330,NE,Not Evaluated,2024-06-05,2024,6,5,42.586106,21.548423,7071,727,,Kamenicë / Kosovska Kamenica,Gjilan / Gnjilane,HUMAN_OBSERVATION,,,Jules Domalain,0,HabiProt,,,137dab23-0589-4dc6-8e3d-5eb2849d88c0,CC_BY_NC_4_0,COORDINATE_ROUNDED;CONTINENT_DERIVED_FROM_COORDINATES,Habitats,II
5897554206,"Bufotes viridis (Laurenti, 1768)",Bufotes viridis,Green Toad,Animalia,Chordata,Amphibia,Anura,Bufonidae,Bufotes,SPECIES,9529916,9529916,LC,Least Concern,2025-06-18T08:51,2025,6,18,41.897154,20.716304,300,,,Dragash / Dragaš,Prizren,HUMAN_OBSERVATION,,,pedalero,Marsel Mersinaj,iNaturalist,Observations,327357764,50c9509d-22c7-4a22-a47d-8c48425ef4a7,CC_BY_NC_4_0,COORDINATE_ROUNDED;COUNTRY_DERIVED_FROM_COORDINATES;CONTINENT_DERIVED_FROM_COORDINATES;TAXON_ID_NOT_FOUND,Habitats,IV
5897424625,Bombina variegata variegata,Bombina variegata,Yellow-Bellied Toad,Animalia,Chordata,Amphibia,Anura,Bombinatoridae,Bombina,SUBSPECIES,11544743,2423435,LC,Least Concern,2025-06-18T07:04,2025,6,18,41.931047,20.698256,200,,,Dragash / Dragaš,Prizren,HUMAN_OBSERVATION,,,pedalero,Matthew Cozart,iNaturalist,Observations,327357014,50c9509d-22c7-4a22-a47d-8c48425ef4a7,CC_BY_NC_4_0,COORDINATE_ROUNDED;COUNTRY_DERIVED_FROM_COORDINATES;CONTINENT_DERIVED_FROM_COORDINATES;TAXON_ID_NOT_FOUND,Habitats,II; IV
5897134900,"Canis lupus Linnaeus, 1758",Canis lupus,Wolf,Animalia,Chordata,Mammalia,Carnivora,Canidae,Canis,SPECIES,5219173,5219173,LC,Least Concern,2019-09-18T15:19,2019,9,18,42.193573,21.142396,61,,,Kaçanik / Kačanik,Ferizaj / Uroševac,HUMAN_OBSERVATION,,,hristovskis,hristovskis,iNaturalist,Observations,327237527,50c9509d-22c7-4a22-a47d-8c48425ef4a7,CC_BY_NC_4_0,COORDINATE_ROUNDED;COUNTRY_DERIVED_FROM_COORDINATES;CONTINENT_DERIVED_FROM_COORDINATES;TAXON_ID_NOT_FOUND,Habitats,II; IV; V
5897006709,"Testudo hermanni boettgeri Mojsisovics, 1889",Testudo hermanni,Hermann's Tortoise,Animalia,Chordata,Testudines,,Testudinidae,Testudo,SUBSPECIES,6156781,2441454,VU,Vulnerable,2013-04-23T00:00,2013,4,23,42.525379,20.588379,250,,Mirusha Wasserfälle und Canion - Ujevarat e Murushes,Klinë / Klina,Pejë / Peć,HUMAN_OBSERVATION,,,539637721,,NABU|naturgucker,NABU|naturgucker,-905805378,6ac3f774-d9fb-4796-b3e9-92bf6c81c084,CC_BY_4_0,COORDINATE_ROUNDED;GEODETIC_DATUM_ASSUMED_WGS84;COUNTRY_DERIVED_FROM_COORDINATES;CONTINENT_DERIVED_FROM_COORDINATES,Habitats,II; IV
5897000798,"Testudo hermanni boettgeri Mojsisovics, 1889",Testudo hermanni,Hermann's Tortoise,Animalia,Chordata,Testudines,,Testudinidae,Testudo,SUBSPECIES,6156781,2441454,VU,Vulnerable,2013-04-23T00:00,2013,4,23,42.675999,21.20739,250,,Parku i Germise,Prishtinë / Priština,Prishtinë / Priština,HUMAN_OBSERVATION,,,539637721,,NABU|naturgucker,NABU|naturgucker,1996600783,6ac3f774-d9fb-4796-b3e9-92bf6c81c084,CC_BY_4_0,COORDINATE_ROUNDED;GEODETIC_DATUM_ASSUMED_WGS84;COUNTRY_DERIVED_FROM_COORDINATES;CONTINENT_DERIVED_FROM_COORDINATES,Habitats,II; IV
5892734114,"Lutra lutra (Linnaeus, 1758)",Lutra lutra,European Otter,Animalia,Chordata,Mammalia,Carnivora,Mustelidae,Lutra,SPECIES,2433753,2433753,NT,Near Threatened,2019-01-20,2019,1,20,42.694298,21.236017,27599,,,Prishtinë / Priština,Prishtinë / Priština,HUMAN_OBSERVATION,,,Marsel Mersinaj,Lefebvre Maxence,iNaturalist,Observations,325325424,50c9509d-22c7-4a22-a47d-8c48425ef4a7,CC_BY_NC_4_0,COORDINATE_ROUNDED;COUNTRY_DERIVED_FROM_COORDINATES;CONTINENT_DERIVED_FROM_COORDINATES;TAXON_ID_NOT_FOUND,Habitats,II; IV
5890367316,"Podarcis tauricus (Pallas, 1814)",Podarcis tauricus,Taurische Eidechse,Animalia,Chordata,Squamata,,Lacertidae,Podarcis,SPECIES,2469065,2469065,LC,Least Concern,2024-03-02T11:42:35,2024,3,2,42.217299,20.743715,5277,,,Prizreni / Prizren,Prizren,HUMAN_OBSERVATION,,,jc2512,jc2512,iNaturalist,Observations,324701783,50c9509d-22c7-4a22-a47d-8c48425ef4a7,CC_BY_NC_4_0,COORDINATE_ROUNDED;COUNTRY_DERIVED_FROM_COORDINATES;CONTINENT_DERIVED_FROM_COORDINATES;TAXON_ID_NOT_FOUND,Habitats,IV
5890365044,"Canis familiaris Linnaeus, 1758",Canis lupus,Wolf,Animalia,Chordata,Mammalia,Carnivora,Canidae,Canis,SPECIES,5219200,5219173,LC,Least Concern,2025-10-29T12:00:45,2025,10,29,42.142682,21.302285,43,,,Kaçanik / Kačanik,Ferizaj / Uroševac,HUMAN_OBSERVATION,,,Anonimous Pug,Anonimous Pug,iNaturalist,Observations,323972240,50c9509d-22c7-4a22-a47d-8c48425ef4a7,CC_BY_NC_4_0,COORDINATE_ROUNDED;COUNTRY_DERIVED_FROM_COORDINATES;CONTINENT_DERIVED_FROM_COORDINATES;TAXON_ID_NOT_FOUND,Habitats,II; IV; V
5890349520,"Canis familiaris Linnaeus, 1758",Canis lupus,Wolf,Animalia,Chordata,Mammalia,Carnivora,Canidae,Canis,SPECIES,5219200,5219173,LC,Least Concern,2025-10-28T15:57:57,2025,10,28,42.21112,20.7369,7,,,Prizreni / Prizren,Prizren,HUMAN_OBSERVATION,,,Anonimous Pug,Anonimous Pug,iNaturalist,Observations,323678866,50c9509d-22c7-4a22-a47d-8c48425ef4a7,CC_BY_NC_4_0,COORDINATE_ROUNDED;COUNTRY_DERIVED_FROM_COORDINATES;CONTINENT_DERIVED_FROM_COORDINATES;TAXON_ID_NOT_FOUND,Habitats,II; IV; V
5890334861,"Canis familiaris Linnaeus, 1758",Canis lupus,Wolf,Animalia,Chordata,Mammalia,Carnivora,Canidae,Canis,SPECIES,5219200,5219173,LC,Least Concern,2025-10-28T14:57:34,2025,10,28,42.20971,20.740485,18,,,Prizreni / Prizren,Prizren,HUMAN_OBSERVATION,,,Anonimous Pug,Anonimous Pug,iNaturalist,Observations,323679964,50c9509d-22c7-4a22-a47d-8c48425ef4a7,CC_BY_NC_4_0,COORDINATE_ROUNDED;COUNTRY_DERIVED_FROM_COORDINATES;CONTINENT_DERIVED_FROM_COORDINATES;TAXON_ID_NOT_FOUND,Habitats,II; IV; V
5890234545,"Canis familiaris Linnaeus, 1758",Canis lupus,Wolf,Animalia,Chordata,Mammalia,Carnivora,Canidae,Canis,SPECIES,5219200,5219173,LC,Least Concern,2025-10-28T11:50:08,2025,10,28,42.209323,20.744431,22,,,Prizreni / Prizren,Prizren,HUMAN_OBSERVATION,,,Anonimous Pug,Anonimous Pug,iNaturalist,Observations,323684546,50c9509d-22c7-4a22-a47d-8c48425ef4a7,CC_BY_NC_4_0,COORDINATE_ROUNDED;COUNTRY_DERIVED_FROM_COORDINATES;CONTINENT_DERIVED_FROM_COORDINATES;TAXON_ID_NOT_FOUND,Habitats,II; IV; V
5890154587,"Canis familiaris Linnaeus, 1758",Canis lupus,Wolf,Animalia,Chordata,Mammalia,Carnivora,Canidae,Canis,SPECIES,5219200,5219173,LC,Least Concern,2025-10-27T19:49:01,2025,10,27,42.209399,20.740214,22,,,Prizreni / Prizren,Prizren,HUMAN_OBSERVATION,,,Anonimous Pug,Anonimous Pug,iNaturalist,Observations,323540564,50c9509d-22c7-4a22-a47d-8c48425ef4a7,CC_BY_NC_4_0,COORDINATE_ROUNDED;COUNTRY_DERIVED_FROM_COORDINATES;CONTINENT_DERIVED_FROM_COORDINATES;TAXON_ID_NOT_FOUND,Habitats,II; IV; V
5890068297,"Canis familiaris Linnaeus, 1758",Canis lupus,Wolf,Animalia,Chordata,Mammalia,Carnivora,Canidae,Canis,SPECIES,5219200,5219173,LC,Least Concern,2025-10-27T19:44:29,2025,10,27,42.209089,20.739856,19,,,Prizreni / Prizren,Prizren,HUMAN_OBSERVATION,,,Anonimous Pug,Anonimous Pug,iNaturalist,Observations,323540767,50c9509d-22c7-4a22-a47d-8c48425ef4a7,CC_BY_NC_4_0,COORDINATE_ROUNDED;COUNTRY_DERIVED_FROM_COORDINATES;CONTINENT_DERIVED_FROM_COORDINATES;TAXON_ID_NOT_FOUND,Habitats,II; IV; V
5889919188,"Canis familiaris Linnaeus, 1758",Canis lupus,Wolf,Animalia,Chordata,Mammalia,Carnivora,Canidae,Canis,SPECIES,5219200,5219173,LC,Least Concern,2025-10-28T12:51:02,2025,10,28,42.209306,20.744426,16,,,Prizreni / Prizren,Prizren,HUMAN_OBSERVATION,,,Anonimous Pug,Anonimous Pug,iNaturalist,Observations,323680873,50c9509d-22c7-4a22-a47d-8c48425ef4a7,CC_BY_NC_4_0,COORDINATE_ROUNDED;COUNTRY_DERIVED_FROM_COORDINATES;CONTINENT_DERIVED_FROM_COORDINATES;TAXON_ID_NOT_FOUND,Habitats,II; IV; V
5889911911,"Canis familiaris Linnaeus, 1758",Canis lupus,Wolf,Animalia,Chordata,Mammalia,Carnivora,Canidae,Canis,SPECIES,5219200,5219173,LC,Least Concern,2025-10-28T15:05:07,2025,10,28,42.209056,20.740517,23,,,Prizreni / Prizren,Prizren,HUMAN_OBSERVATION,,,Anonimous Pug,Anonimous Pug,iNaturalist,Observations,323679840,50c9509d-22c7-4a22-a47d-8c48425ef4a7,CC_BY_NC_4_0,COORDINATE_ROUNDED;COUNTRY_DERIVED_FROM_COORDINATES;CONTINENT_DERIVED_FROM_COORDINATES;TAXON_ID_NOT_FOUND,Habitats,II; IV; V
5889845103,"Canis familiaris Linnaeus, 1758",Canis lupus,Wolf,Animalia,Chordata,Mammalia,Carnivora,Canidae,Canis,SPECIES,5219200,5219173,LC,Least Concern,2025-10-29T08:28:52,2025,10,29,42.210532,20.741764,14,,,Prizreni / Prizren,Prizren,HUMAN_OBSERVATION,,,Anonimous Pug,Anonimous Pug,iNaturalist,Observations,323792519,50c9509d-22c7-4a22-a47d-8c48425ef4a7,CC_BY_NC_4_0,COORDINATE_ROUNDED;COUNTRY_DERIVED_FROM_COORDINATES;CONTINENT_DERIVED_FROM_COORDINATES;TAXON_ID_NOT_FOUND,Habitats,II; IV; V
5889807750,"Canis familiaris Linnaeus, 1758",Canis lupus,Wolf,Animalia,Chordata,Mammalia,Carnivora,Canidae,Canis,SPECIES,5219200,5219173,LC,Least Concern,2025-10-28T11:54:46,2025,10,28,42.209416,20.745167,33,,,Prizreni / Prizren,Prizren,HUMAN_OBSERVATION,,,Anonimous Pug,Anonimous Pug,iNaturalist,Observations,323681339,50c9509d-22c7-4a22-a47d-8c48425ef4a7,CC_BY_NC_4_0,COORDINATE_ROUNDED;COUNTRY_DERIVED_FROM_COORDINATES;CONTINENT_DERIVED_FROM_COORDINATES;TAXON_ID_NOT_FOUND,Habitats,II; IV; V
5889650453,"Canis familiaris Linnaeus, 1758",Canis lupus,Wolf,Animalia,Chordata,Mammalia,Carnivora,Canidae,Canis,SPECIES,5219200,5219173,LC,Least Concern,2025-10-29T11:59:59,2025,10,29,42.142826,21.302322,41,,,Kaçanik / Kačanik,Ferizaj / Uroševac,HUMAN_OBSERVATION,,,Anonimous Pug,Anonimous Pug,iNaturalist,Observations,323972271,50c9509d-22c7-4a22-a47d-8c48425ef4a7,CC_BY_NC_4_0,COORDINATE_ROUNDED;COUNTRY_DERIVED_FROM_COORDINATES;CONTINENT_DERIVED_FROM_COORDINATES;TAXON_ID_NOT_FOUND,Habitats,II; IV; V
5889604982,"Canis familiaris Linnaeus, 1758",Canis lupus,Wolf,Animalia,Chordata,Mammalia,Carnivora,Canidae,Canis,SPECIES,5219200,5219173,LC,Least Concern,2025-10-28T11:04:56,2025,10,28,42.20904,20.740537,18,,,Prizreni / Prizren,Prizren,HUMAN_OBSERVATION,,,Anonimous Pug,Anonimous Pug,iNaturalist,Observations,323694113,50c9509d-22c7-4a22-a47d-8c48425ef4a7,CC_BY_NC_4_0,COORDINATE_ROUNDED;COUNTRY_DERIVED_FROM_COORDINATES;CONTINENT_DERIVED_FROM_COORDINATES;TAXON_ID_NOT_FOUND,Habitats,II; IV; V
5889585325,"Canis familiaris Linnaeus, 1758",Canis lupus,Wolf,Animalia,Chordata,Mammalia,Carnivora,Canidae,Canis,SPECIES,5219200,5219173,LC,Least Concern,2025-10-28T11:49:49,2025,10,28,42.209323,20.744419,22,,,Prizreni / Prizren,Prizren,HUMAN_OBSERVATION,,,Anonimous Pug,Anonimous Pug,iNaturalist,Observations,323684617,50c9509d-22c7-4a22-a47d-8c48425ef4a7,CC_BY_NC_4_0,COORDINATE_ROUNDED;COUNTRY_DERIVED_FROM_COORDINATES;CONTINENT_DERIVED_FROM_COORDINATES;TAXON_ID_NOT_FOUND,Habitats,II; IV; V
5889579622,"Canis familiaris Linnaeus, 1758",Canis lupus,Wolf,Animalia,Chordata,Mammalia,Carnivora,Canidae,Canis,SPECIES,5219200,5219173,LC,Least Concern,2025-10-27T19:43:04,2025,10,27,42.209041,20.740473,17,,,Prizreni / Prizren,Prizren,HUMAN_OBSERVATION,,,Anonimous Pug,Anonimous Pug,iNaturalist,Observations,323540862,50c9509d-22c7-4a22-a47d-8c48425ef4a7,CC_BY_NC_4_0,COORDINATE_ROUNDED;COUNTRY_DERIVED_FROM_COORDINATES;CONTINENT_DERIVED_FROM_COORDINATES;TAXON_ID_NOT_FOUND,Habitats,II; IV; V
5889518921,"Canis familiaris Linnaeus, 1758",Canis lupus,Wolf,Animalia,Chordata,Mammalia,Carnivora,Canidae,Canis,SPECIES,5219200,5219173,LC,Least Concern,2025-10-28T11:54:36,2025,10,28,42.209631,20.745191,33,,,Prizreni / Prizren,Prizren,HUMAN_OBSERVATION,,,Anonimous Pug,Anonimous Pug,iNaturalist,Observations,323684335,50c9509d-22c7-4a22-a47d-8c48425ef4a7,CC_BY_NC_4_0,COORDINATE_ROUNDED;COUNTRY_DERIVED_FROM_COORDINATES;CONTINENT_DERIVED_FROM_COORDINATES;TAXON_ID_NOT_FOUND,Habitats,II; IV; V
5889472061,"Canis familiaris Linnaeus, 1758",Canis lupus,Wolf,Animalia,Chordata,Mammalia,Carnivora,Canidae,Canis,SPECIES,5219200,5219173,LC,Least Concern,2025-10-29T12:00:50,2025,10,29,42.142827,21.302299,46,,,Kaçanik / Kačanik,Ferizaj / Uroševac,HUMAN_OBSERVATION,,,Anonimous Pug,Anonimous Pug,iNaturalist,Observations,323972139,50c9509d-22c7-4a22-a47d-8c48425ef4a7,CC_BY_NC_4_0,COORDINATE_ROUNDED;COUNTRY_DERIVED_FROM_COORDINATES;CONTINENT_DERIVED_FROM_COORDINATES;TAXON_ID_NOT_FOUND,Habitats,II; IV; V
5889471605,"Canis familiaris Linnaeus, 1758",Canis lupus,Wolf,Animalia,Chordata,Mammalia,Carnivora,Canidae,Canis,SPECIES,5219200,5219173,LC,Least Concern,2025-10-27T19:37:06,2025,10,27,42.208825,20.741504,12,,,Prizreni / Prizren,Prizren,HUMAN_OBSERVATION,,,Anonimous Pug,Anonimous Pug,iNaturalist,Observations,323540932,50c9509d-22c7-4a22-a47d-8c48425ef4a7,CC_BY_NC_4_0,COORDINATE_ROUNDED;COUNTRY_DERIVED_FROM_COORDINATES;CONTINENT_DERIVED_FROM_COORDINATES;TAXON_ID_NOT_FOUND,Habitats,II; IV; V
5889465323,"Canis familiaris Linnaeus, 1758",Canis lupus,Wolf,Animalia,Chordata,Mammalia,Carnivora,Canidae,Canis,SPECIES,5219200,5219173,LC,Least Concern,2025-10-27T19:47:41,2025,10,27,42.20948,20.739598,24,,,Prizreni / Prizren,Prizren,HUMAN_OBSERVATION,,,Anonimous Pug,Anonimous Pug,iNaturalist,Observations,323540703,50c9509d-22c7-4a22-a47d-8c48425ef4a7,CC_BY_NC_4_0,COORDINATE_ROUNDED;COUNTRY_DERIVED_FROM_COORDINATES;CONTINENT_DERIVED_FROM_COORDINATES;TAXON_ID_NOT_FOUND,Habitats,II; IV; V
5889451799,"Podarcis muralis (Laurenti, 1768)",Podarcis muralis,Common Wall Lizard,Animalia,Chordata,Squamata,,Lacertidae,Podarcis,SPECIES,2469188,2469188,LC,Least Concern,2024-03-02T11:25:04,2024,3,2,42.217299,20.743715,5262,,,Prizreni / Prizren,Prizren,HUMAN_OBSERVATION,,,jc2512,Barnabás Bancsik,iNaturalist,Observations,324701591,50c9509d-22c7-4a22-a47d-8c48425ef4a7,CC_BY_NC_4_0,COORDINATE_ROUNDED;COUNTRY_DERIVED_FROM_COORDINATES;CONTINENT_DERIVED_FROM_COORDINATES;TAXON_ID_NOT_FOUND,Habitats,IV
5889360244,"Canis familiaris Linnaeus, 1758",Canis lupus,Wolf,Animalia,Chordata,Mammalia,Carnivora,Canidae,Canis,SPECIES,5219200,5219173,LC,Least Concern,2025-10-27T19:50:32,2025,10,27,42.209371,20.740418,25,,,Prizreni / Prizren,Prizren,HUMAN_OBSERVATION,,,Anonimous Pug,Anonimous Pug,iNaturalist,Observations,323540488,50c9509d-22c7-4a22-a47d-8c48425ef4a7,CC_BY_NC_4_0,COORDINATE_ROUNDED;COUNTRY_DERIVED_FROM_COORDINATES;CONTINENT_DERIVED_FROM_COORDINATES;TAXON_ID_NOT_FOUND,Habitats,II; IV; V
5889359892,"Canis familiaris Linnaeus, 1758",Canis lupus,Wolf,Animalia,Chordata,Mammalia,Carnivora,Canidae,Canis,SPECIES,5219200,5219173,LC,Least Concern,2025-10-28T15:05:24,2025,10,28,42.209031,20.740509,13,,,Prizreni / Prizren,Prizren,HUMAN_OBSERVATION,,,Anonimous Pug,Anonimous Pug,iNaturalist,Observations,323679736,50c9509d-22c7-4a22-a47d-8c48425ef4a7,CC_BY_NC_4_0,COORDINATE_ROUNDED;COUNTRY_DERIVED_FROM_COORDINATES;CONTINENT_DERIVED_FROM_COORDINATES;TAXON_ID_NOT_FOUND,Habitats,II; IV; V
5889335816,"Canis familiaris Linnaeus, 1758",Canis lupus,Wolf,Animalia,Chordata,Mammalia,Carnivora,Canidae,Canis,SPECIES,5219200,5219173,LC,Least Concern,2025-10-28T11:03:32,2025,10,28,42.208846,20.740297,14,,,Prizreni / Prizren,Prizren,HUMAN_OBSERVATION,,,Anonimous Pug,Anonimous Pug,iNaturalist,Observations,323694154,50c9509d-22c7-4a22-a47d-8c48425ef4a7,CC_BY_NC_4_0,COORDINATE_ROUNDED;COUNTRY_DERIVED_FROM_COORDINATES;CONTINENT_DERIVED_FROM_COORDINATES;TAXON_ID_NOT_FOUND,Habitats,II; IV; V
5889267225,"Canis familiaris Linnaeus, 1758",Canis lupus,Wolf,Animalia,Chordata,Mammalia,Carnivora,Canidae,Canis,SPECIES,5219200,5219173,LC,Least Concern,2025-10-28T11:28:17,2025,10,28,42.209365,20.741515,18,,,Prizreni / Prizren,Prizren,HUMAN_OBSERVATION,,,Anonimous Pug,Anonimous Pug,iNaturalist,Observations,323693964,50c9509d-22c7-4a22-a47d-8c48425ef4a7,CC_BY_NC_4_0,COORDINATE_ROUNDED;COUNTRY_DERIVED_FROM_COORDINATES;CONTINENT_DERIVED_FROM_COORDINATES;TAXON_ID_NOT_FOUND,Habitats,II; IV; V
5889216879,"Canis familiaris Linnaeus, 1758",Canis lupus,Wolf,Animalia,Chordata,Mammalia,Carnivora,Canidae,Canis,SPECIES,5219200,5219173,LC,Least Concern,2025-10-27T19:48:53,2025,10,27,42.209405,20.740302,32,,,Prizreni / Prizren,Prizren,HUMAN_OBSERVATION,,,Anonimous Pug,Anonimous Pug,iNaturalist,Observations,323540613,50c9509d-22c7-4a22-a47d-8c48425ef4a7,CC_BY_NC_4_0,COORDINATE_ROUNDED;COUNTRY_DERIVED_FROM_COORDINATES;CONTINENT_DERIVED_FROM_COORDINATES;TAXON_ID_NOT_FOUND,Habitats,II; IV; V
5872007327,Pulsatilla halleri subsp. rhodopaea (Stoj. & Stef.) K.Krause,Pulsatilla halleri,Pulsatille De Haller,Plantae,Tracheophyta,Magnoliopsida,Ranunculales,Ranunculaceae,Pulsatilla,SUBSPECIES,7763754,3929423,LC,Least Concern,2025-05-02,2025,5,2,42.09191,20.580526,,2057,Koritnik Mt,Dragash / Dragaš,Prizren,MATERIAL_CITATION,1,,E. Krasniqi & N. Berisha,,UPH,,,13b5b867-b66b-4dc0-b9aa-824aaaf58048,CC0_1_0,GEODETIC_DATUM_ASSUMED_WGS84;CONTINENT_DERIVED_FROM_COORDINATES;OCCURRENCE_STATUS_INFERRED_FROM_INDIVIDUAL_COUNT;COLLECTION_MATCH_NONE;INSTITUTION_MATCH_FUZZY;TAXON_ID_NOT_FOUND,Habitats,II
5872007323,Pulsatilla halleri subsp. rhodopaea (Stoj. & Stef.) K.Krause,Pulsatilla halleri,Pulsatille De Haller,Plantae,Tracheophyta,Magnoliopsida,Ranunculales,Ranunculaceae,Pulsatilla,SUBSPECIES,7763754,3929423,LC,Least Concern,2024-03-29,2024,3,29,42.210354,20.534988,,1675,Pashtrik Mt,Prizreni / Prizren,Prizren,MATERIAL_CITATION,1,,F. Millaku & N. Berisha,,UPH,,,13b5b867-b66b-4dc0-b9aa-824aaaf58048,CC0_1_0,GEODETIC_DATUM_ASSUMED_WGS84;CONTINENT_DERIVED_FROM_COORDINATES;OCCURRENCE_STATUS_INFERRED_FROM_INDIVIDUAL_COUNT;COLLECTION_MATCH_NONE;INSTITUTION_MATCH_FUZZY;TAXON_ID_NOT_FOUND,Habitats,II
5872007312,Pulsatilla halleri subsp. rhodopaea (Stoj. & Stef.) K.Krause,Pulsatilla halleri,Pulsatille De Haller,Plantae,Tracheophyta,Magnoliopsida,Ranunculales,Ranunculaceae,Pulsatilla,SUBSPECIES,7763754,3929423,LC,Least Concern,2025-07-02,2025,7,2,42.211193,20.529358,,1831,Pashtrik Mt,Prizreni / Prizren,Prizren,MATERIAL_CITATION,1,,N. Berisha,,UPH,,,13b5b867-b66b-4dc0-b9aa-824aaaf58048,CC0_1_0,GEODETIC_DATUM_ASSUMED_WGS84;CONTINENT_DERIVED_FROM_COORDINATES;OCCURRENCE_STATUS_INFERRED_FROM_INDIVIDUAL_COUNT;COLLECTION_MATCH_NONE;INSTITUTION_MATCH_FUZZY;TAXON_ID_NOT_FOUND,Habitats,II
5872007307,Pulsatilla halleri subsp. rhodopaea (Stoj. & Stef.) K.Krause,Pulsatilla halleri,Pulsatille De Haller,Plantae,Tracheophyta,Magnoliopsida,Ranunculales,Ranunculaceae,Pulsatilla,SUBSPECIES,7763754,3929423,LC,Least Concern,2014-04-06,2014,4,6,42.210445,20.54129,,1517,Pashtrik Mt,Prizreni / Prizren,Prizren,MATERIAL_CITATION,1,,E. Krasniqi,,UPH,,,13b5b867-b66b-4dc0-b9aa-824aaaf58048,CC0_1_0,GEODETIC_DATUM_ASSUMED_WGS84;CONTINENT_DERIVED_FROM_COORDINATES;OCCURRENCE_STATUS_INFERRED_FROM_INDIVIDUAL_COUNT;COLLECTION_MATCH_NONE;INSTITUTION_MATCH_FUZZY;TAXON_ID_NOT_FOUND,Habitats,II
5844595750,"Austropotamobius torrentium (von Paula Schrank, 1803)",Austropotamobius torrentium,Steinkrebs,Animalia,Arthropoda,Malacostraca,Decapoda,Astacidae,Austropotamobius,SPECIES,4417555,4417555,LC,Least Concern,2025-09-16T17:51,2025,9,16,42.420619,21.554783,17,,,Gjilani / Gnjilane,Gjilan / Gnjilane,HUMAN_OBSERVATION,,,silvaseer,silvaseer,iNaturalist,Observations,314370742,50c9509d-22c7-4a22-a47d-8c48425ef4a7,CC_BY_NC_4_0,COORDINATE_ROUNDED;COUNTRY_DERIVED_FROM_COORDINATES;CONTINENT_DERIVED_FROM_COORDINATES;TAXON_ID_NOT_FOUND,Habitats,II; V
5844494349,"Bombina variegata (Linnaeus, 1758)",Bombina variegata,Yellow-Bellied Toad,Animalia,Chordata,Amphibia,Anura,Bombinatoridae,Bombina,SPECIES,2423435,2423435,LC,Least Concern,2025-09-06T14:29:46,2025,9,6,42.125325,20.77867,3,,,Prizreni / Prizren,Prizren,HUMAN_OBSERVATION,,,Szabolcs Márton,Szabolcs Márton,iNaturalist,Observations,311902806,50c9509d-22c7-4a22-a47d-8c48425ef4a7,CC_BY_NC_4_0,COORDINATE_ROUNDED;COUNTRY_DERIVED_FROM_COORDINATES;CONTINENT_DERIVED_FROM_COORDINATES;TAXON_ID_NOT_FOUND,Habitats,II; IV
5844352374,"Lacerta viridis (Laurenti, 1768)",Lacerta viridis,Smaragdeidechse,Animalia,Chordata,Squamata,,Lacertidae,Lacerta,SPECIES,6159273,6159273,LC,Least Concern,2025-09-07T16:59:41,2025,9,7,41.984581,20.62411,3,,,Dragash / Dragaš,Prizren,HUMAN_OBSERVATION,,,Szabolcs Márton,Szabolcs Márton,iNaturalist,Observations,312244305,50c9509d-22c7-4a22-a47d-8c48425ef4a7,CC_BY_NC_4_0,COORDINATE_ROUNDED;COUNTRY_DERIVED_FROM_COORDINATES;CONTINENT_DERIVED_FROM_COORDINATES;TAXON_ID_NOT_FOUND,Habitats,IV
5844027167,"Rana temporaria Linnaeus, 1758",Rana temporaria,Common Frog,Animalia,Chordata,Amphibia,Anura,Ranidae,Rana,SPECIES,2426805,2426805,LC,Least Concern,2025-09-20T15:50:37,2025,9,20,42.614345,20.071178,4,,,Deçan / Dečani,Gjakovë / Đakovica,HUMAN_OBSERVATION,,,Finn Klessmann,egzon,iNaturalist,Observations,318713127,50c9509d-22c7-4a22-a47d-8c48425ef4a7,CC_BY_NC_4_0,COORDINATE_ROUNDED;COUNTRY_DERIVED_FROM_COORDINATES;CONTINENT_DERIVED_FROM_COORDINATES;TAXON_ID_NOT_FOUND,Habitats,V
5838321217,"Lacerta viridis (Laurenti, 1768)",Lacerta viridis,Smaragdeidechse,Animalia,Chordata,Squamata,,Lacertidae,Lacerta,SPECIES,6159273,6159273,LC,Least Concern,2025-08-09T12:18:04,2025,8,9,42.205412,20.750358,158,,,Prizreni / Prizren,Prizren,HUMAN_OBSERVATION,,,Jona,Szabolcs Márton,iNaturalist,Observations,305068135,50c9509d-22c7-4a22-a47d-8c48425ef4a7,CC_BY_NC_4_0,COORDINATE_ROUNDED;COUNTRY_DERIVED_FROM_COORDINATES;CONTINENT_DERIVED_FROM_COORDINATES;TAXON_ID_NOT_FOUND,Habitats,IV
5830525726,"Rana graeca Boulenger, 1891",Rana graeca,Griechischer Frosch,Animalia,Chordata,Amphibia,Anura,Ranidae,Rana,SPECIES,2426795,2426795,LC,Least Concern,2025-09-19T14:41,2025,9,19,42.421263,21.554456,16,,,Gjilani / Gnjilane,Gjilan / Gnjilane,HUMAN_OBSERVATION,,,silvaseer,Szabolcs Márton,iNaturalist,Observations,315002857,50c9509d-22c7-4a22-a47d-8c48425ef4a7,CC_BY_NC_4_0,COORDINATE_ROUNDED;COUNTRY_DERIVED_FROM_COORDINATES;CONTINENT_DERIVED_FROM_COORDINATES;TAXON_ID_NOT_FOUND,Habitats,IV
5830310001,Jasione montana L.,Jasione montana,Jasione Des Montagnes,Plantae,Tracheophyta,Magnoliopsida,Asterales,Campanulaceae,Jasione,SPECIES,8366345,8366345,NE,Not Evaluated,2025-09-06T12:12:12,2025,9,6,42.181908,21.035495,4,,,Shtërpcë / Štrpce,Ferizaj / Uroševac,HUMAN_OBSERVATION,,,Stephen Bramwell,Stephen Bramwell,iNaturalist,Observations,311883640,50c9509d-22c7-4a22-a47d-8c48425ef4a7,CC_BY_NC_4_0,COORDINATE_ROUNDED;COUNTRY_DERIVED_FROM_COORDINATES;CONTINENT_DERIVED_FROM_COORDINATES;TAXON_ID_NOT_FOUND,Habitats,II
5828746677,"Natrix tessellata (Laurenti, 1768)",Natrix tessellata,Dice Snake,Animalia,Chordata,Squamata,,Colubridae,Natrix,SPECIES,6161327,6161327,LC,Least Concern,2025-09-16T17:51,2025,9,16,42.420652,21.554761,22,,,Gjilani / Gnjilane,Gjilan / Gnjilane,HUMAN_OBSERVATION,,,silvaseer,silvaseer,iNaturalist,Observations,314370743,50c9509d-22c7-4a22-a47d-8c48425ef4a7,CC_BY_NC_4_0,COORDINATE_ROUNDED;COUNTRY_DERIVED_FROM_COORDINATES;CONTINENT_DERIVED_FROM_COORDINATES;TAXON_ID_NOT_FOUND,Habitats,IV
5828245167,"Bombina variegata (Linnaeus, 1758)",Bombina variegata,Yellow-Bellied Toad,Animalia,Chordata,Amphibia,Anura,Bombinatoridae,Bombina,SPECIES,2423435,2423435,LC,Least Concern,2025-09-06T17:46:13,2025,9,6,42.115196,20.788718,3,,,Prizreni / Prizren,Prizren,HUMAN_OBSERVATION,,,Szabolcs Márton,Szabolcs Márton,iNaturalist,Observations,312025735,50c9509d-22c7-4a22-a47d-8c48425ef4a7,CC_BY_NC_4_0,COORDINATE_ROUNDED;COUNTRY_DERIVED_FROM_COORDINATES;CONTINENT_DERIVED_FROM_COORDINATES;TAXON_ID_NOT_FOUND,Habitats,II; IV
5828158669,"Rana temporaria Linnaeus, 1758",Rana temporaria,Common Frog,Animalia,Chordata,Amphibia,Anura,Ranidae,Rana,SPECIES,2426805,2426805,LC,Least Concern,2025-09-06T09:47:05,2025,9,6,42.182632,21.034677,2179,,,Shtërpcë / Štrpce,Ferizaj / Uroševac,HUMAN_OBSERVATION,,,Szabolcs Márton,Szabolcs Márton,iNaturalist,Observations,311873280,50c9509d-22c7-4a22-a47d-8c48425ef4a7,CC_BY_NC_4_0,COORDINATE_ROUNDED;COUNTRY_DERIVED_FROM_COORDINATES;CONTINENT_DERIVED_FROM_COORDINATES;TAXON_ID_NOT_FOUND,Habitats,V
5828107481,"Lacerta viridis (Laurenti, 1768)",Lacerta viridis,Smaragdeidechse,Animalia,Chordata,Squamata,,Lacertidae,Lacerta,SPECIES,6159273,6159273,LC,Least Concern,2025-09-14T13:04,2025,9,14,42.448258,21.596993,8,,,Gjilani / Gnjilane,Gjilan / Gnjilane,HUMAN_OBSERVATION,,,silvaseer,silvaseer,iNaturalist,Observations,313826901,50c9509d-22c7-4a22-a47d-8c48425ef4a7,CC_BY_NC_4_0,COORDINATE_ROUNDED;COUNTRY_DERIVED_FROM_COORDINATES;CONTINENT_DERIVED_FROM_COORDINATES;TAXON_ID_NOT_FOUND,Habitats,IV
5762288017,"Euplagia quadripunctaria (Poda, 1761)",Euplagia quadripunctaria,Jersey Tiger,Animalia,Arthropoda,Insecta,Lepidoptera,Erebidae,Euplagia,SPECIES,4532532,4532532,NE,Not Evaluated,2025-09-01,2025,9,1,42.704892,20.144955,,,Pec,Pejë / Peć,Pejë / Peć,HUMAN_OBSERVATION,1,,User 332486,,,,,8a863029-f435-446a-821e-275f4f641165,CC_BY_NC_4_0,,Habitats,II
5762125501,"Parnassius apollo (Linnaeus, 1758)",Parnassius apollo,Apollo,Animalia,Arthropoda,Insecta,Lepidoptera,Papilionidae,Parnassius,SPECIES,1938810,1938810,LC,Least Concern,2025-09-01,2025,9,1,42.666653,20.100186,5,,Pec,Pejë / Peć,Pejë / Peć,HUMAN_OBSERVATION,1,,User 1079548,,,,,8a863029-f435-446a-821e-275f4f641165,CC_BY_NC_4_0,,Habitats,IV
5761978160,"Rana temporaria Linnaeus, 1758",Rana temporaria,Common Frog,Animalia,Chordata,Amphibia,Anura,Ranidae,Rana,SPECIES,2426805,2426805,LC,Least Concern,2025-08-15,2025,8,15,42.583092,20.0464,3,,Plav,Deçan / Dečani,Gjakovë / Đakovica,HUMAN_OBSERVATION,1,,User 112553,,,,,8a863029-f435-446a-821e-275f4f641165,CC_BY_NC_4_0,,Habitats,V
5760866128,"Euplagia quadripunctaria (Poda, 1761)",Euplagia quadripunctaria,Jersey Tiger,Animalia,Arthropoda,Insecta,Lepidoptera,Erebidae,Euplagia,SPECIES,4532532,4532532,NE,Not Evaluated,2025-08-27T23:09:04,2025,8,27,42.652957,20.285762,3,,,Pejë / Peć,Pejë / Peć,HUMAN_OBSERVATION,,,willow987,willow987,iNaturalist,Observations,309582316,50c9509d-22c7-4a22-a47d-8c48425ef4a7,CC_BY_NC_4_0,COORDINATE_ROUNDED;COUNTRY_DERIVED_FROM_COORDINATES;CONTINENT_DERIVED_FROM_COORDINATES;TAXON_ID_NOT_FOUND,Habitats,II
5760666329,"Bufotes viridis (Laurenti, 1768)",Bufotes viridis,Green Toad,Animalia,Chordata,Amphibia,Anura,Bufonidae,Bufotes,SPECIES,9529916,9529916,LC,Least Concern,2025-08-24T21:37:40,2025,8,24,42.66328,21.144053,5,,,Prishtinë / Priština,Prishtinë / Priština,HUMAN_OBSERVATION,,,anarid,anarid,iNaturalist,Observations,308807827,50c9509d-22c7-4a22-a47d-8c48425ef4a7,CC_BY_NC_4_0,COORDINATE_ROUNDED;COUNTRY_DERIVED_FROM_COORDINATES;CONTINENT_DERIVED_FROM_COORDINATES;TAXON_ID_NOT_FOUND,Habitats,IV
5759847438,"Podarcis muralis (Laurenti, 1768)",Podarcis muralis,Common Wall Lizard,Animalia,Chordata,Squamata,,Lacertidae,Podarcis,SPECIES,2469188,2469188,LC,Least Concern,2025-05-20T17:27:10,2025,5,20,42.210124,20.745531,,,,Prizreni / Prizren,Prizren,HUMAN_OBSERVATION,,,stephan93sn,giulliadella,iNaturalist,Observations,282773043,50c9509d-22c7-4a22-a47d-8c48425ef4a7,CC_BY_NC_4_0,COORDINATE_ROUNDED;COUNTRY_DERIVED_FROM_COORDINATES;CONTINENT_DERIVED_FROM_COORDINATES;TAXON_ID_NOT_FOUND,Habitats,IV
5293150598,"Podarcis muralis (Laurenti, 1768)",Podarcis muralis,Common Wall Lizard,Animalia,Chordata,Squamata,,Lacertidae,Podarcis,SPECIES,2469188,2469188,LC,Least Concern,2025-08-09T10:48:20,2025,8,9,42.209366,20.745397,131,,,Prizreni / Prizren,Prizren,HUMAN_OBSERVATION,,,Jona,Jona,iNaturalist,Observations,304917229,50c9509d-22c7-4a22-a47d-8c48425ef4a7,CC_BY_NC_4_0,COORDINATE_ROUNDED;COUNTRY_DERIVED_FROM_COORDINATES;CONTINENT_DERIVED_FROM_COORDINATES;TAXON_ID_NOT_FOUND,Habitats,IV
5288630608,"Euplagia quadripunctaria (Poda, 1761)",Euplagia quadripunctaria,Jersey Tiger,Animalia,Arthropoda,Insecta,Lepidoptera,Erebidae,Euplagia,SPECIES,4532532,4532532,NE,Not Evaluated,2025-08-17,2025,8,17,42.673275,21.21693,4,,Priština,Prishtinë / Priština,Prishtinë / Priština,HUMAN_OBSERVATION,1,,User 1149243,,,,,8a863029-f435-446a-821e-275f4f641165,CC_BY_NC_4_0,,Habitats,II
5284986898,"Euphydryas aurinia (Rottemburg, 1775)",Euphydryas aurinia,Marsh Fritillary,Animalia,Arthropoda,Insecta,Lepidoptera,Nymphalidae,Euphydryas,SPECIES,4535809,4535809,NE,Not Evaluated,2024-05-26,2024,5,26,42.586106,21.548423,7071,815,,Kamenicë / Kosovska Kamenica,Gjilan / Gnjilane,HUMAN_OBSERVATION,1,,Jules Domalain,Jules Domalain,HabiProt,,,d92e92e0-8d20-4756-a60b-3746f408c14c,CC_BY_NC_4_0,COORDINATE_ROUNDED;CONTINENT_DERIVED_FROM_COORDINATES;OCCURRENCE_STATUS_INFERRED_FROM_INDIVIDUAL_COUNT,Habitats,II
5284986764,"Lucanus cervus (Linnaeus, 1758)",Lucanus cervus,Stag Beetle,Animalia,Arthropoda,Insecta,Coleoptera,Lucanidae,Lucanus,SPECIES,5743122,5743122,NE,Not Evaluated,2024-07-04,2024,7,4,43.037277,20.693097,7071,1201,,Leposaviq / Leposavić,Mitrovicë / Kosovska Mitrovica,HUMAN_OBSERVATION,1,,Marko Šćiban,Marko Šćiban,HabiProt,,,d92e92e0-8d20-4756-a60b-3746f408c14c,CC_BY_NC_4_0,COORDINATE_ROUNDED;CONTINENT_DERIVED_FROM_COORDINATES;OCCURRENCE_STATUS_INFERRED_FROM_INDIVIDUAL_COUNT,Habitats,II
5284983502,"Fabriciana niobe (Linnaeus, 1761)",Fabriciana niobe,Niobe Fritillary,Animalia,Arthropoda,Insecta,Lepidoptera,Nymphalidae,Fabriciana,SPECIES,8078362,8078362,NE,Not Evaluated,2024-06-30,2024,6,30,42.586106,21.548423,7071,847,,Kamenicë / Kosovska Kamenica,Gjilan / Gnjilane,HUMAN_OBSERVATION,1,,Jules Domalain,Jules Domalain,HabiProt,,,d92e92e0-8d20-4756-a60b-3746f408c14c,CC_BY_NC_4_0,COORDINATE_ROUNDED;CONTINENT_DERIVED_FROM_COORDINATES;OCCURRENCE_STATUS_INFERRED_FROM_INDIVIDUAL_COUNT,Habitats,IV
5284978717,"Paracaloptenus caloptenoides (Brunner von Wattenwyl, 1861)",Paracaloptenus caloptenoides,Balkan Pincer Grasshopper,Animalia,Arthropoda,Insecta,Orthoptera,Acrididae,Paracaloptenus,SPECIES,1702607,1702607,NE,Not Evaluated,2024-06-30,2024,6,30,42.586106,21.548423,7071,678,,Kamenicë / Kosovska Kamenica,Gjilan / Gnjilane,HUMAN_OBSERVATION,1,,Jules Domalain,Jules Domalain,HabiProt,,,d92e92e0-8d20-4756-a60b-3746f408c14c,CC_BY_NC_4_0,COORDINATE_ROUNDED;CONTINENT_DERIVED_FROM_COORDINATES;OCCURRENCE_STATUS_INFERRED_FROM_INDIVIDUAL_COUNT,Habitats,II; IV
5284978716,"Cordulegaster heros Theischinger, 1979",Cordulegaster heros,Balkan Goldenring,Animalia,Arthropoda,Insecta,Odonata,Cordulegastridae,Cordulegaster,SPECIES,1421199,1421199,LC,Least Concern,2024-06-09,2024,6,9,42.586106,21.548423,7071,640,,Kamenicë / Kosovska Kamenica,Gjilan / Gnjilane,HUMAN_OBSERVATION,1,,Jules Domalain,Jules Domalain,HabiProt,,,d92e92e0-8d20-4756-a60b-3746f408c14c,CC_BY_NC_4_0,COORDINATE_ROUNDED;CONTINENT_DERIVED_FROM_COORDINATES;OCCURRENCE_STATUS_INFERRED_FROM_INDIVIDUAL_COUNT,Habitats,II; IV
5284976050,"Euphydryas aurinia (Rottemburg, 1775)",Euphydryas aurinia,Marsh Fritillary,Animalia,Arthropoda,Insecta,Lepidoptera,Nymphalidae,Euphydryas,SPECIES,4535809,4535809,NE,Not Evaluated,2024-04-28,2024,4,28,42.586106,21.548423,7071,878,,Kamenicë / Kosovska Kamenica,Gjilan / Gnjilane,HUMAN_OBSERVATION,1,,Jules Domalain,Jules Domalain,HabiProt,,,d92e92e0-8d20-4756-a60b-3746f408c14c,CC_BY_NC_4_0,COORDINATE_ROUNDED;CONTINENT_DERIVED_FROM_COORDINATES;OCCURRENCE_STATUS_INFERRED_FROM_INDIVIDUAL_COUNT,Habitats,II
5284961794,"Morimus funereus Mulsant, 1862",Morimus funereus,Cerambice Funereo,Animalia,Arthropoda,Insecta,Coleoptera,Cerambycidae,Morimus,SPECIES,1119288,1119288,VU,Vulnerable,2024-05-10,2024,5,10,42.586106,21.548423,7071,766,,Kamenicë / Kosovska Kamenica,Gjilan / Gnjilane,HUMAN_OBSERVATION,,,Jules Domalain,,HabiProt,,,d92e92e0-8d20-4756-a60b-3746f408c14c,CC_BY_NC_4_0,COORDINATE_ROUNDED;CONTINENT_DERIVED_FROM_COORDINATES,Habitats,II
5284957223,"Apatura ilia (Denis & Schiffermüller) , 1775",Apatura ilia,Kleiner Schillerfalter,Animalia,Arthropoda,Insecta,Lepidoptera,Nymphalidae,Apatura,SPECIES,8138711,8138711,NE,Not Evaluated,2024-06-28,2024,6,28,43.217372,20.692196,7071,544,,Leposaviq / Leposavić,Mitrovicë / Kosovska Mitrovica,HUMAN_OBSERVATION,,,Ivan Tot,Ivan Tot,HabiProt,,,d92e92e0-8d20-4756-a60b-3746f408c14c,CC_BY_NC_4_0,COORDINATE_ROUNDED;CONTINENT_DERIVED_FROM_COORDINATES,Habitats,IV
5284956945,"Lucanus cervus (Linnaeus, 1758)",Lucanus cervus,Stag Beetle,Animalia,Arthropoda,Insecta,Coleoptera,Lucanidae,Lucanus,SPECIES,5743122,5743122,NE,Not Evaluated,2024-05-10,2024,5,10,42.586106,21.548423,7071,768,,Kamenicë / Kosovska Kamenica,Gjilan / Gnjilane,HUMAN_OBSERVATION,,,Jules Domalain,,HabiProt,,,d92e92e0-8d20-4756-a60b-3746f408c14c,CC_BY_NC_4_0,COORDINATE_ROUNDED;CONTINENT_DERIVED_FROM_COORDINATES,Habitats,II
5284932974,"Euphydryas aurinia (Rottemburg, 1775)",Euphydryas aurinia,Marsh Fritillary,Animalia,Arthropoda,Insecta,Lepidoptera,Nymphalidae,Euphydryas,SPECIES,4535809,4535809,NE,Not Evaluated,2022-06-05,2022,6,5,43.127325,20.692648,7071,1046,,Leposaviq / Leposavić,Mitrovicë / Kosovska Mitrovica,HUMAN_OBSERVATION,,,Milan Đurić,Milan Đurić,HabiProt,,,d92e92e0-8d20-4756-a60b-3746f408c14c,CC_BY_NC_4_0,COORDINATE_ROUNDED;CONTINENT_DERIVED_FROM_COORDINATES,Habitats,II
5284930185,"Morimus funereus Mulsant, 1862",Morimus funereus,Cerambice Funereo,Animalia,Arthropoda,Insecta,Coleoptera,Cerambycidae,Morimus,SPECIES,1119288,1119288,VU,Vulnerable,2022-06-22,2022,6,22,42.495406,21.669325,7071,462,,Kamenicë / Kosovska Kamenica,Gjilan / Gnjilane,HUMAN_OBSERVATION,1,,Marko Šćiban,,HabiProt,,,d92e92e0-8d20-4756-a60b-3746f408c14c,CC_BY_NC_4_0,COORDINATE_ROUNDED;CONTINENT_DERIVED_FROM_COORDINATES;OCCURRENCE_STATUS_INFERRED_FROM_INDIVIDUAL_COUNT,Habitats,II
5284921117,"Fabriciana niobe (Linnaeus, 1761)",Fabriciana niobe,Niobe Fritillary,Animalia,Arthropoda,Insecta,Lepidoptera,Nymphalidae,Fabriciana,SPECIES,8078362,8078362,NE,Not Evaluated,2022-06-22,2022,6,22,42.495406,21.669325,7071,547,,Kamenicë / Kosovska Kamenica,Gjilan / Gnjilane,HUMAN_OBSERVATION,1,,Marko Šćiban,Marko Šćiban,HabiProt,,,d92e92e0-8d20-4756-a60b-3746f408c14c,CC_BY_NC_4_0,COORDINATE_ROUNDED;CONTINENT_DERIVED_FROM_COORDINATES;OCCURRENCE_STATUS_INFERRED_FROM_INDIVIDUAL_COUNT,Habitats,IV
5284887549,"Euplagia quadripunctaria (Poda, 1761)",Euplagia quadripunctaria,Jersey Tiger,Animalia,Arthropoda,Insecta,Lepidoptera,Erebidae,Euplagia,SPECIES,4532532,4532532,NE,Not Evaluated,2019-05-17,2019,5,17,42.586106,21.548423,7071,490,,Kamenicë / Kosovska Kamenica,Gjilan / Gnjilane,HUMAN_OBSERVATION,,,Bogoljub Milošević,Boženka Hric,HabiProt,,,d92e92e0-8d20-4756-a60b-3746f408c14c,CC_BY_NC_4_0,COORDINATE_ROUNDED;CONTINENT_DERIVED_FROM_COORDINATES,Habitats,II
5284873572,"Parnassius mnemosyne (Linnaeus, 1758)",Parnassius mnemosyne,Clouded Apollo,Animalia,Arthropoda,Insecta,Lepidoptera,Papilionidae,Parnassius,SPECIES,1938520,1938520,LC,Least Concern,2007-11-30,2007,11,30,42.226394,20.575878,7071,0,,Prizreni / Prizren,Prizren,HUMAN_OBSERVATION,,,"Jakšić, P. [ed.] (2008) PBA in Serbia",,HabiProt,,,d92e92e0-8d20-4756-a60b-3746f408c14c,CC_BY_NC_4_0,COORDINATE_ROUNDED;CONTINENT_DERIVED_FROM_COORDINATES,Habitats,IV
5284873557,"Aricia anteros (Freyer, 1838)",Polyommatus eros,Eros Blue,Animalia,Arthropoda,Insecta,Lepidoptera,Lycaenidae,Polyommatus,SPECIES,9195563,5140244,NE,Not Evaluated,1998-11-30,1998,11,30,42.227162,21.06059,7071,0,,Shtërpcë / Štrpce,Ferizaj / Uroševac,HUMAN_OBSERVATION,,,"Jakšić, P. [ed.] (2008) PBA in Serbia",,HabiProt,,,d92e92e0-8d20-4756-a60b-3746f408c14c,CC_BY_NC_4_0,COORDINATE_ROUNDED;CONTINENT_DERIVED_FROM_COORDINATES,Habitats,II; IV
5284873556,"Aricia anteros (Freyer, 1838)",Polyommatus eros,Eros Blue,Animalia,Arthropoda,Insecta,Lepidoptera,Lycaenidae,Polyommatus,SPECIES,9195563,5140244,NE,Not Evaluated,1998-11-30,1998,11,30,42.675509,20.328745,7071,0,,Pejë / Peć,Pejë / Peć,HUMAN_OBSERVATION,,,"Jakšić, P. [ed.] (2008) PBA in Serbia",,HabiProt,,,d92e92e0-8d20-4756-a60b-3746f408c14c,CC_BY_NC_4_0,COORDINATE_ROUNDED;CONTINENT_DERIVED_FROM_COORDINATES,Habitats,II; IV
5284873532,"Parnassius mnemosyne (Linnaeus, 1758)",Parnassius mnemosyne,Clouded Apollo,Animalia,Arthropoda,Insecta,Lepidoptera,Papilionidae,Parnassius,SPECIES,1938520,1938520,LC,Least Concern,2002-11-30,2002,11,30,42.406512,21.425333,7071,0,,Gjilani / Gnjilane,Gjilan / Gnjilane,HUMAN_OBSERVATION,,,"Jakšić, P. (2003) Crvena knjiga d leptira Srbije",,HabiProt,,,d92e92e0-8d20-4756-a60b-3746f408c14c,CC_BY_NC_4_0,COORDINATE_ROUNDED;CONTINENT_DERIVED_FROM_COORDINATES,Habitats,IV
5284873529,"Apatura ilia (Denis & Schiffermüller) , 1775",Apatura ilia,Kleiner Schillerfalter,Animalia,Arthropoda,Insecta,Lepidoptera,Nymphalidae,Apatura,SPECIES,8138711,8138711,NE,Not Evaluated,2002-11-30,2002,11,30,42.317224,21.060676,7071,0,,Ferizaj / Uroševac,Ferizaj / Uroševac,HUMAN_OBSERVATION,,,"Jakšić, P. (2003) Crvena knjiga d leptira Srbije",,HabiProt,,,d92e92e0-8d20-4756-a60b-3746f408c14c,CC_BY_NC_4_0,COORDINATE_ROUNDED;CONTINENT_DERIVED_FROM_COORDINATES,Habitats,IV
5284873362,"Polyommatus eros (Ochsenheimer, 1808)",Polyommatus eros,Eros Blue,Animalia,Arthropoda,Insecta,Lepidoptera,Lycaenidae,Polyommatus,SPECIES,5140244,5140244,NE,Not Evaluated,1987-11-30,1987,11,30,42.31594,20.453929,7071,0,,Gjakova / Đakovica,Gjakovë / Đakovica,HUMAN_OBSERVATION,,,"Jakšić, P. (1988) Karte dnevnih leptira YU",,HabiProt,,,d92e92e0-8d20-4756-a60b-3746f408c14c,CC_BY_NC_4_0,COORDINATE_ROUNDED;CONTINENT_DERIVED_FROM_COORDINATES,Habitats,II; IV
5284873348,"Aricia anteros (Freyer, 1838)",Polyommatus eros,Eros Blue,Animalia,Arthropoda,Insecta,Lepidoptera,Lycaenidae,Polyommatus,SPECIES,9195563,5140244,NE,Not Evaluated,1987-11-30,1987,11,30,42.227162,21.06059,7071,0,,Shtërpcë / Štrpce,Ferizaj / Uroševac,HUMAN_OBSERVATION,,,"Jakšić, P. (1988) Karte dnevnih leptira YU",,HabiProt,,,d92e92e0-8d20-4756-a60b-3746f408c14c,CC_BY_NC_4_0,COORDINATE_ROUNDED;CONTINENT_DERIVED_FROM_COORDINATES,Habitats,II; IV
5284870440,"Zerynthia polyxena (Denis & Schiffermüller) , 1775",Zerynthia polyxena,Osterluzeifalter,Animalia,Arthropoda,Insecta,Lepidoptera,Papilionidae,Zerynthia,SPECIES,5141262,5141262,NE,Not Evaluated,2007-11-30,2007,11,30,42.227034,20.818232,7071,0,,Prizreni / Prizren,Prizren,HUMAN_OBSERVATION,,,"Jakšić, P. [ed.] (2008) PBA in Serbia",,HabiProt,,,d92e92e0-8d20-4756-a60b-3746f408c14c,CC_BY_NC_4_0,COORDINATE_ROUNDED;CONTINENT_DERIVED_FROM_COORDINATES,Habitats,IV
5284870432,"Parnassius apollo (Linnaeus, 1758)",Parnassius apollo,Apollo,Animalia,Arthropoda,Insecta,Lepidoptera,Papilionidae,Parnassius,SPECIES,1938810,1938810,LC,Least Concern,2007-11-30,2007,11,30,42.227162,21.06059,7071,0,,Shtërpcë / Štrpce,Ferizaj / Uroševac,HUMAN_OBSERVATION,,,"Jakšić, P. [ed.] (2008) PBA in Serbia",,HabiProt,,,d92e92e0-8d20-4756-a60b-3746f408c14c,CC_BY_NC_4_0,COORDINATE_ROUNDED;CONTINENT_DERIVED_FROM_COORDINATES,Habitats,IV
5284870431,"Parnassius apollo (Linnaeus, 1758)",Parnassius apollo,Apollo,Animalia,Arthropoda,Insecta,Lepidoptera,Papilionidae,Parnassius,SPECIES,1938810,1938810,LC,Least Concern,2007-11-30,2007,11,30,42.674728,20.206709,7071,0,,Pejë / Peć,Pejë / Peć,HUMAN_OBSERVATION,,,"Jakšić, P. [ed.] (2008) PBA in Serbia",,HabiProt,,,d92e92e0-8d20-4756-a60b-3746f408c14c,CC_BY_NC_4_0,COORDINATE_ROUNDED;CONTINENT_DERIVED_FROM_COORDINATES,Habitats,IV
5284870429,"Phengaris arion (Linnaeus, 1758)",Maculinea arion,Large Blue,Animalia,Arthropoda,Insecta,Lepidoptera,Lycaenidae,Maculinea,SPECIES,4535168,1922311,NT,Near Threatened,2007-11-30,2007,11,30,43.217637,20.815317,7071,0,,Leposaviq / Leposavić,Mitrovicë / Kosovska Mitrovica,HUMAN_OBSERVATION,,,"Jakšić, P. [ed.] (2008) PBA in Serbia",,HabiProt,,,d92e92e0-8d20-4756-a60b-3746f408c14c,CC_BY_NC_4_0,COORDINATE_ROUNDED;CONTINENT_DERIVED_FROM_COORDINATES,Habitats,IV
5284870390,"Polyommatus eros (Ochsenheimer, 1808)",Polyommatus eros,Eros Blue,Animalia,Arthropoda,Insecta,Lepidoptera,Lycaenidae,Polyommatus,SPECIES,5140244,5140244,NE,Not Evaluated,2002-11-30,2002,11,30,42.31594,20.453929,7071,0,,Gjakova / Đakovica,Gjakovë / Đakovica,HUMAN_OBSERVATION,,,"Jakšić, P. (2003) Crvena knjiga d leptira Srbije",,HabiProt,,,d92e92e0-8d20-4756-a60b-3746f408c14c,CC_BY_NC_4_0,COORDINATE_ROUNDED;CONTINENT_DERIVED_FROM_COORDINATES,Habitats,II; IV
5284870384,"Phengaris arion (Linnaeus, 1758)",Maculinea arion,Large Blue,Animalia,Arthropoda,Insecta,Lepidoptera,Lycaenidae,Maculinea,SPECIES,4535168,1922311,NT,Near Threatened,2002-11-30,2002,11,30,42.58468,20.207852,7071,0,,Deçan / Dečani,Gjakovë / Đakovica,HUMAN_OBSERVATION,,,"Jakšić, P. (2003) Crvena knjiga d leptira Srbije",,HabiProt,,,d92e92e0-8d20-4756-a60b-3746f408c14c,CC_BY_NC_4_0,COORDINATE_ROUNDED;CONTINENT_DERIVED_FROM_COORDINATES,Habitats,IV
5284870355,"Polyommatus eros (Ochsenheimer, 1808)",Polyommatus eros,Eros Blue,Animalia,Arthropoda,Insecta,Lepidoptera,Lycaenidae,Polyommatus,SPECIES,5140244,5140244,NE,Not Evaluated,1994-11-30,1994,11,30,42.226394,20.575878,7071,1714,,Prizreni / Prizren,Prizren,HUMAN_OBSERVATION,,,"Jakšić, P., Živić, N. (1995) Kosovo Metohija. GPMB",,HabiProt,,,d92e92e0-8d20-4756-a60b-3746f408c14c,CC_BY_NC_4_0,COORDINATE_ROUNDED;CONTINENT_DERIVED_FROM_COORDINATES,Habitats,II; IV
5284869812,"Parnassius mnemosyne (Linnaeus, 1758)",Parnassius mnemosyne,Clouded Apollo,Animalia,Arthropoda,Insecta,Lepidoptera,Papilionidae,Parnassius,SPECIES,1938520,1938520,LC,Least Concern,2002-11-30,2002,11,30,42.227162,21.06059,7071,0,,Shtërpcë / Štrpce,Ferizaj / Uroševac,HUMAN_OBSERVATION,,,"Jakšić, P. (2003) Crvena knjiga d leptira Srbije",,HabiProt,,,d92e92e0-8d20-4756-a60b-3746f408c14c,CC_BY_NC_4_0,COORDINATE_ROUNDED;CONTINENT_DERIVED_FROM_COORDINATES,Habitats,IV
5284869810,"Polyommatus eros (Ochsenheimer, 1808)",Polyommatus eros,Eros Blue,Animalia,Arthropoda,Insecta,Lepidoptera,Lycaenidae,Polyommatus,SPECIES,5140244,5140244,NE,Not Evaluated,2002-11-30,2002,11,30,42.227162,21.06059,7071,0,,Shtërpcë / Štrpce,Ferizaj / Uroševac,HUMAN_OBSERVATION,,,"Jakšić, P. (2003) Crvena knjiga d leptira Srbije",,HabiProt,,,d92e92e0-8d20-4756-a60b-3746f408c14c,CC_BY_NC_4_0,COORDINATE_ROUNDED;CONTINENT_DERIVED_FROM_COORDINATES,Habitats,II; IV
5284869802,"Lycaena dispar (Haworth, 1803)",Lycaena dispar,Large Copper,Animalia,Arthropoda,Insecta,Lepidoptera,Lycaenidae,Lycaena,SPECIES,1929270,1929270,NT,Near Threatened,2002-11-30,2002,11,30,42.226778,21.302946,7071,0,,Kaçanik / Kačanik,Ferizaj / Uroševac,HUMAN_OBSERVATION,,,"Jakšić, P. (2003) Crvena knjiga d leptira Srbije",,HabiProt,,,d92e92e0-8d20-4756-a60b-3746f408c14c,CC_BY_NC_4_0,COORDINATE_ROUNDED;CONTINENT_DERIVED_FROM_COORDINATES,Habitats,II; IV
5284869799,"Zerynthia polyxena (Denis & Schiffermüller) , 1775",Zerynthia polyxena,Osterluzeifalter,Animalia,Arthropoda,Insecta,Lepidoptera,Papilionidae,Zerynthia,SPECIES,5141262,5141262,NE,Not Evaluated,2002-11-30,2002,11,30,42.13697,20.818489,7071,0,,Prizreni / Prizren,Prizren,HUMAN_OBSERVATION,,,"Jakšić, P. (2003) Crvena knjiga d leptira Srbije",,HabiProt,,,d92e92e0-8d20-4756-a60b-3746f408c14c,CC_BY_NC_4_0,COORDINATE_ROUNDED;CONTINENT_DERIVED_FROM_COORDINATES,Habitats,IV
5284869564,"Parnassius mnemosyne (Linnaeus, 1758)",Parnassius mnemosyne,Clouded Apollo,Animalia,Arthropoda,Insecta,Lepidoptera,Papilionidae,Parnassius,SPECIES,1938520,1938520,LC,Least Concern,1987-11-30,1987,11,30,42.227162,21.06059,7071,0,,Shtërpcë / Štrpce,Ferizaj / Uroševac,HUMAN_OBSERVATION,,,"Jakšić, P. (1988) Karte dnevnih leptira YU",,HabiProt,,,d92e92e0-8d20-4756-a60b-3746f408c14c,CC_BY_NC_4_0,COORDINATE_ROUNDED;CONTINENT_DERIVED_FROM_COORDINATES,Habitats,IV
5284869562,"Zerynthia polyxena (Denis & Schiffermüller) , 1775",Zerynthia polyxena,Osterluzeifalter,Animalia,Arthropoda,Insecta,Lepidoptera,Papilionidae,Zerynthia,SPECIES,5141262,5141262,NE,Not Evaluated,1987-11-30,1987,11,30,42.586625,21.426555,7071,0,,Novobërda / Novo Brdo,Prishtinë / Priština,HUMAN_OBSERVATION,,,"Jakšić, P. (1988) Karte dnevnih leptira YU",,HabiProt,,,d92e92e0-8d20-4756-a60b-3746f408c14c,CC_BY_NC_4_0,COORDINATE_ROUNDED;CONTINENT_DERIVED_FROM_COORDINATES,Habitats,IV
5284869559,"Parnassius apollo (Linnaeus, 1758)",Parnassius apollo,Apollo,Animalia,Arthropoda,Insecta,Lepidoptera,Papilionidae,Parnassius,SPECIES,1938810,1938810,LC,Least Concern,1987-11-30,1987,11,30,42.227162,21.06059,7071,0,,Shtërpcë / Štrpce,Ferizaj / Uroševac,HUMAN_OBSERVATION,,,"Jakšić, P. (1988) Karte dnevnih leptira YU",,HabiProt,,,d92e92e0-8d20-4756-a60b-3746f408c14c,CC_BY_NC_4_0,COORDINATE_ROUNDED;CONTINENT_DERIVED_FROM_COORDINATES,Habitats,IV
5284866350,"Parnassius mnemosyne (Linnaeus, 1758)",Parnassius mnemosyne,Clouded Apollo,Animalia,Arthropoda,Insecta,Lepidoptera,Papilionidae,Parnassius,SPECIES,1938520,1938520,LC,Least Concern,2002-11-30,2002,11,30,42.226778,21.302946,7071,0,,Kaçanik / Kačanik,Ferizaj / Uroševac,HUMAN_OBSERVATION,,,"Jakšić, P. (2003) Crvena knjiga d leptira Srbije",,HabiProt,,,d92e92e0-8d20-4756-a60b-3746f408c14c,CC_BY_NC_4_0,COORDINATE_ROUNDED;CONTINENT_DERIVED_FROM_COORDINATES,Habitats,IV
5284866337,"Parnassius apollo (Linnaeus, 1758)",Parnassius apollo,Apollo,Animalia,Arthropoda,Insecta,Lepidoptera,Papilionidae,Parnassius,SPECIES,1938810,1938810,LC,Least Concern,2002-11-30,2002,11,30,42.583773,20.085997,7071,0,,Deçan / Dečani,Gjakovë / Đakovica,HUMAN_OBSERVATION,,,"Jakšić, P. (2003) Crvena knjiga d leptira Srbije",,HabiProt,,,d92e92e0-8d20-4756-a60b-3746f408c14c,CC_BY_NC_4_0,COORDINATE_ROUNDED;CONTINENT_DERIVED_FROM_COORDINATES,Habitats,IV
5284864717,"Phengaris arion (Linnaeus, 1758)",Maculinea arion,Large Blue,Animalia,Arthropoda,Insecta,Lepidoptera,Lycaenidae,Maculinea,SPECIES,4535168,1922311,NT,Near Threatened,2007-11-30,2007,11,30,42.227162,20.93941,7071,0,,Shtërpcë / Štrpce,Ferizaj / Uroševac,HUMAN_OBSERVATION,,,"Jakšić, P. [ed.] (2008) PBA in Serbia",,HabiProt,,,d92e92e0-8d20-4756-a60b-3746f408c14c,CC_BY_NC_4_0,COORDINATE_ROUNDED;CONTINENT_DERIVED_FROM_COORDINATES,Habitats,IV
5284864682,"Parnassius mnemosyne (Linnaeus, 1758)",Parnassius mnemosyne,Clouded Apollo,Animalia,Arthropoda,Insecta,Lepidoptera,Papilionidae,Parnassius,SPECIES,1938520,1938520,LC,Least Concern,2002-11-30,2002,11,30,42.316839,21.303378,7071,0,,Viti / Vitina,Gjilan / Gnjilane,HUMAN_OBSERVATION,,,"Jakšić, P. (2003) Crvena knjiga d leptira Srbije",,HabiProt,,,d92e92e0-8d20-4756-a60b-3746f408c14c,CC_BY_NC_4_0,COORDINATE_ROUNDED;CONTINENT_DERIVED_FROM_COORDINATES,Habitats,IV
5284864674,"Phengaris arion (Linnaeus, 1758)",Maculinea arion,Large Blue,Animalia,Arthropoda,Insecta,Lepidoptera,Lycaenidae,Maculinea,SPECIES,4535168,1922311,NT,Near Threatened,2002-11-30,2002,11,30,42.227034,21.181768,7071,0,,Kaçanik / Kačanik,Ferizaj / Uroševac,HUMAN_OBSERVATION,,,"Jakšić, P. (2003) Crvena knjiga d leptira Srbije",,HabiProt,,,d92e92e0-8d20-4756-a60b-3746f408c14c,CC_BY_NC_4_0,COORDINATE_ROUNDED;CONTINENT_DERIVED_FROM_COORDINATES,Habitats,IV
5284864669,"Parnassius apollo (Linnaeus, 1758)",Parnassius apollo,Apollo,Animalia,Arthropoda,Insecta,Lepidoptera,Papilionidae,Parnassius,SPECIES,1938810,1938810,LC,Least Concern,2002-11-30,2002,11,30,42.494631,20.20899,7071,0,,Deçan / Dečani,Gjakovë / Đakovica,HUMAN_OBSERVATION,,,"Jakšić, P. (2003) Crvena knjiga d leptira Srbije",,HabiProt,,,d92e92e0-8d20-4756-a60b-3746f408c14c,CC_BY_NC_4_0,COORDINATE_ROUNDED;CONTINENT_DERIVED_FROM_COORDINATES,Habitats,IV
5284864622,"Fabriciana niobe (Linnaeus, 1761)",Fabriciana niobe,Niobe Fritillary,Animalia,Arthropoda,Insecta,Lepidoptera,Nymphalidae,Fabriciana,SPECIES,8078362,8078362,NE,Not Evaluated,1994-11-30,1994,11,30,42.673818,20.084679,7071,1179,,Pejë / Peć,Pejë / Peć,HUMAN_OBSERVATION,,,"Jakšić, P., Živić, N. (1995) Kosovo Metohija. GPMB",,HabiProt,,,d92e92e0-8d20-4756-a60b-3746f408c14c,CC_BY_NC_4_0,COORDINATE_ROUNDED;CONTINENT_DERIVED_FROM_COORDINATES,Habitats,IV
5284864544,"Apatura ilia (Denis & Schiffermüller) , 1775",Apatura ilia,Kleiner Schillerfalter,Animalia,Arthropoda,Insecta,Lepidoptera,Nymphalidae,Apatura,SPECIES,8138711,8138711,NE,Not Evaluated,1987-11-30,1987,11,30,42.947489,20.816126,7071,0,,Zveçan / Zvečan,Mitrovicë / Kosovska Mitrovica,HUMAN_OBSERVATION,,,"Jakšić, P. (1988) Karte dnevnih leptira YU",,HabiProt,,,d92e92e0-8d20-4756-a60b-3746f408c14c,CC_BY_NC_4_0,COORDINATE_ROUNDED;CONTINENT_DERIVED_FROM_COORDINATES,Habitats,IV
5284864490,"Aricia anteros (Freyer, 1838)",Polyommatus eros,Eros Blue,Animalia,Arthropoda,Insecta,Lepidoptera,Lycaenidae,Polyommatus,SPECIES,9195563,5140244,NE,Not Evaluated,1987-11-30,1987,11,30,42.226394,20.575878,7071,0,,Prizreni / Prizren,Prizren,HUMAN_OBSERVATION,,,"Jakšić, P. (1988) Karte dnevnih leptira YU",,HabiProt,,,d92e92e0-8d20-4756-a60b-3746f408c14c,CC_BY_NC_4_0,COORDINATE_ROUNDED;CONTINENT_DERIVED_FROM_COORDINATES,Habitats,II; IV
5284860774,"Phengaris arion (Linnaeus, 1758)",Maculinea arion,Large Blue,Animalia,Arthropoda,Insecta,Lepidoptera,Lycaenidae,Maculinea,SPECIES,4535168,1922311,NT,Near Threatened,2007-11-30,2007,11,30,42.317224,20.939324,7071,0,,Suharekë / Suva Reka,Prizren,HUMAN_OBSERVATION,,,"Jakšić, P. [ed.] (2008) PBA in Serbia",,HabiProt,,,d92e92e0-8d20-4756-a60b-3746f408c14c,CC_BY_NC_4_0,COORDINATE_ROUNDED;CONTINENT_DERIVED_FROM_COORDINATES,Habitats,IV
5284860738,"Parnassius mnemosyne (Linnaeus, 1758)",Parnassius mnemosyne,Clouded Apollo,Animalia,Arthropoda,Insecta,Lepidoptera,Papilionidae,Parnassius,SPECIES,1938520,1938520,LC,Least Concern,2002-11-30,2002,11,30,42.406898,21.303811,7071,0,,Viti / Vitina,Gjilan / Gnjilane,HUMAN_OBSERVATION,,,"Jakšić, P. (2003) Crvena knjiga d leptira Srbije",,HabiProt,,,d92e92e0-8d20-4756-a60b-3746f408c14c,CC_BY_NC_4_0,COORDINATE_ROUNDED;CONTINENT_DERIVED_FROM_COORDINATES,Habitats,IV
5284860725,"Parnassius apollo (Linnaeus, 1758)",Parnassius apollo,Apollo,Animalia,Arthropoda,Insecta,Lepidoptera,Papilionidae,Parnassius,SPECIES,1938810,1938810,LC,Least Concern,2002-11-30,2002,11,30,42.58468,20.207852,7071,0,,Deçan / Dečani,Gjakovë / Đakovica,HUMAN_OBSERVATION,,,"Jakšić, P. (2003) Crvena knjiga d leptira Srbije",,HabiProt,,,d92e92e0-8d20-4756-a60b-3746f408c14c,CC_BY_NC_4_0,COORDINATE_ROUNDED;CONTINENT_DERIVED_FROM_COORDINATES,Habitats,IV
5284860687,"Zerynthia polyxena (Denis & Schiffermüller) , 1775",Zerynthia polyxena,Osterluzeifalter,Animalia,Arthropoda,Insecta,Lepidoptera,Papilionidae,Zerynthia,SPECIES,5141262,5141262,NE,Not Evaluated,1994-11-30,1994,11,30,42.677329,21.183075,7071,605,,Prishtinë / Priština,Prishtinë / Priština,HUMAN_OBSERVATION,,,"Jakšić, P., Živić, N. (1995) Kosovo Metohija. GPMB",,HabiProt,,,d92e92e0-8d20-4756-a60b-3746f408c14c,CC_BY_NC_4_0,COORDINATE_ROUNDED;CONTINENT_DERIVED_FROM_COORDINATES,Habitats,IV
5284860682,"Parnassius mnemosyne (Linnaeus, 1758)",Parnassius mnemosyne,Clouded Apollo,Animalia,Arthropoda,Insecta,Lepidoptera,Papilionidae,Parnassius,SPECIES,1938520,1938520,LC,Least Concern,1994-11-30,1994,11,30,42.136715,21.302516,7071,387,,Kaçanik / Kačanik,Ferizaj / Uroševac,HUMAN_OBSERVATION,,,"Jakšić, P., Živić, N. (1995) Kosovo Metohija. GPMB",,HabiProt,,,d92e92e0-8d20-4756-a60b-3746f408c14c,CC_BY_NC_4_0,COORDINATE_ROUNDED;CONTINENT_DERIVED_FROM_COORDINATES,Habitats,IV
5284860681,"Pseudophilotes bavius (Ivirsmann, 1832)",Pseudophilotes bavius,Bavius Blue,Animalia,Arthropoda,Insecta,Lepidoptera,Lycaenidae,Pseudophilotes,SPECIES,4535092,4535092,NE,Not Evaluated,1994-11-30,1994,11,30,42.227034,20.818232,7071,943,,Prizreni / Prizren,Prizren,HUMAN_OBSERVATION,,,"Jakšić, P., Živić, N. (1995) Kosovo Metohija. GPMB",,HabiProt,,,d92e92e0-8d20-4756-a60b-3746f408c14c,CC_BY_NC_4_0,COORDINATE_ROUNDED;CONTINENT_DERIVED_FROM_COORDINATES,Habitats,II; IV
5284860602,"Apatura ilia (Denis & Schiffermüller) , 1775",Apatura ilia,Kleiner Schillerfalter,Animalia,Arthropoda,Insecta,Lepidoptera,Nymphalidae,Apatura,SPECIES,8138711,8138711,NE,Not Evaluated,1987-11-30,1987,11,30,43.03754,20.815858,7071,0,,Leposaviq / Leposavić,Mitrovicë / Kosovska Mitrovica,HUMAN_OBSERVATION,,,"Jakšić, P. (1988) Karte dnevnih leptira YU",,HabiProt,,,d92e92e0-8d20-4756-a60b-3746f408c14c,CC_BY_NC_4_0,COORDINATE_ROUNDED;CONTINENT_DERIVED_FROM_COORDINATES,Habitats,IV
5284860548,"Aricia anteros (Freyer, 1838)",Polyommatus eros,Eros Blue,Animalia,Arthropoda,Insecta,Lepidoptera,Lycaenidae,Polyommatus,SPECIES,9195563,5140244,NE,Not Evaluated,1987-11-30,1987,11,30,41.866519,20.698761,7071,0,,Dragash / Dragaš,Prizren,HUMAN_OBSERVATION,,,"Jakšić, P. (1988) Karte dnevnih leptira YU",,HabiProt,,,d92e92e0-8d20-4756-a60b-3746f408c14c,CC_BY_NC_4_0,COORDINATE_ROUNDED;CONTINENT_DERIVED_FROM_COORDINATES,Habitats,II; IV
5284857471,"Zerynthia polyxena (Denis & Schiffermüller) , 1775",Zerynthia polyxena,Osterluzeifalter,Animalia,Arthropoda,Insecta,Lepidoptera,Papilionidae,Zerynthia,SPECIES,5141262,5141262,NE,Not Evaluated,2007-11-30,2007,11,30,42.316453,20.575274,7071,0,,Gjakova / Đakovica,Gjakovë / Đakovica,HUMAN_OBSERVATION,,,"Jakšić, P. [ed.] (2008) PBA in Serbia",,HabiProt,,,d92e92e0-8d20-4756-a60b-3746f408c14c,CC_BY_NC_4_0,COORDINATE_ROUNDED;CONTINENT_DERIVED_FROM_COORDINATES,Habitats,IV
5284857465,"Parnassius mnemosyne (Linnaeus, 1758)",Parnassius mnemosyne,Clouded Apollo,Animalia,Arthropoda,Insecta,Lepidoptera,Papilionidae,Parnassius,SPECIES,1938520,1938520,LC,Least Concern,2007-11-30,2007,11,30,42.317224,20.939324,7071,0,,Suharekë / Suva Reka,Prizren,HUMAN_OBSERVATION,,,"Jakšić, P. [ed.] (2008) PBA in Serbia",,HabiProt,,,d92e92e0-8d20-4756-a60b-3746f408c14c,CC_BY_NC_4_0,COORDINATE_ROUNDED;CONTINENT_DERIVED_FROM_COORDINATES,Habitats,IV
5284857464,"Parnassius apollo (Linnaeus, 1758)",Parnassius apollo,Apollo,Animalia,Arthropoda,Insecta,Lepidoptera,Papilionidae,Parnassius,SPECIES,1938810,1938810,LC,Least Concern,2007-11-30,2007,11,30,42.227162,20.93941,7071,0,,Shtërpcë / Štrpce,Ferizaj / Uroševac,HUMAN_OBSERVATION,,,"Jakšić, P. [ed.] (2008) PBA in Serbia",,HabiProt,,,d92e92e0-8d20-4756-a60b-3746f408c14c,CC_BY_NC_4_0,COORDINATE_ROUNDED;CONTINENT_DERIVED_FROM_COORDINATES,Habitats,IV
5284857463,"Parnassius apollo (Linnaeus, 1758)",Parnassius apollo,Apollo,Animalia,Arthropoda,Insecta,Lepidoptera,Papilionidae,Parnassius,SPECIES,1938810,1938810,LC,Least Concern,2007-11-30,2007,11,30,42.58468,20.207852,7071,0,,Deçan / Dečani,Gjakovë / Đakovica,HUMAN_OBSERVATION,,,"Jakšić, P. [ed.] (2008) PBA in Serbia",,HabiProt,,,d92e92e0-8d20-4756-a60b-3746f408c14c,CC_BY_NC_4_0,COORDINATE_ROUNDED;CONTINENT_DERIVED_FROM_COORDINATES,Habitats,IV
5284857460,"Phengaris arion (Linnaeus, 1758)",Maculinea arion,Large Blue,Animalia,Arthropoda,Insecta,Lepidoptera,Lycaenidae,Maculinea,SPECIES,4535168,1922311,NT,Near Threatened,2007-11-30,2007,11,30,42.856783,20.57159,7071,0,,Istog / Istok,Pejë / Peć,HUMAN_OBSERVATION,,,"Jakšić, P. [ed.] (2008) PBA in Serbia",,HabiProt,,,d92e92e0-8d20-4756-a60b-3746f408c14c,CC_BY_NC_4_0,COORDINATE_ROUNDED;CONTINENT_DERIVED_FROM_COORDINATES,Habitats,IV
5284857451,"Aricia anteros (Freyer, 1838)",Polyommatus eros,Eros Blue,Animalia,Arthropoda,Insecta,Lepidoptera,Lycaenidae,Polyommatus,SPECIES,9195563,5140244,NE,Not Evaluated,1998-11-30,1998,11,30,42.677329,21.183075,7071,0,,Prishtinë / Priština,Prishtinë / Priština,HUMAN_OBSERVATION,,,"Jakšić, P. [ed.] (2008) PBA in Serbia",,HabiProt,,,d92e92e0-8d20-4756-a60b-3746f408c14c,CC_BY_NC_4_0,COORDINATE_ROUNDED;CONTINENT_DERIVED_FROM_COORDINATES,Habitats,II; IV
5284857418,"Polyommatus eros (Ochsenheimer, 1808)",Polyommatus eros,Eros Blue,Animalia,Arthropoda,Insecta,Lepidoptera,Lycaenidae,Polyommatus,SPECIES,5140244,5140244,NE,Not Evaluated,2002-11-30,2002,11,30,43.217637,20.815317,7071,0,,Leposaviq / Leposavić,Mitrovicë / Kosovska Mitrovica,HUMAN_OBSERVATION,,,"Jakšić, P. (2003) Crvena knjiga d leptira Srbije",,HabiProt,,,d92e92e0-8d20-4756-a60b-3746f408c14c,CC_BY_NC_4_0,COORDINATE_ROUNDED;CONTINENT_DERIVED_FROM_COORDINATES,Habitats,II; IV
5284857372,"Apatura ilia (Denis & Schiffermüller) , 1775",Apatura ilia,Kleiner Schillerfalter,Animalia,Arthropoda,Insecta,Lepidoptera,Nymphalidae,Apatura,SPECIES,8138711,8138711,NE,Not Evaluated,1994-11-30,1994,11,30,42.677329,21.183075,7071,605,,Prishtinë / Priština,Prishtinë / Priština,HUMAN_OBSERVATION,,,"Jakšić, P., Živić, N. (1995) Kosovo Metohija. GPMB",,HabiProt,,,d92e92e0-8d20-4756-a60b-3746f408c14c,CC_BY_NC_4_0,COORDINATE_ROUNDED;CONTINENT_DERIVED_FROM_COORDINATES,Habitats,IV
5284856078,"Zerynthia polyxena (Denis & Schiffermüller) , 1775",Zerynthia polyxena,Osterluzeifalter,Animalia,Arthropoda,Insecta,Lepidoptera,Papilionidae,Zerynthia,SPECIES,5141262,5141262,NE,Not Evaluated,2007-11-30,2007,11,30,43.127589,20.815588,7071,0,,Leposaviq / Leposavić,Mitrovicë / Kosovska Mitrovica,HUMAN_OBSERVATION,,,"Jakšić, P. [ed.] (2008) PBA in Serbia",,HabiProt,,,d92e92e0-8d20-4756-a60b-3746f408c14c,CC_BY_NC_4_0,COORDINATE_ROUNDED;CONTINENT_DERIVED_FROM_COORDINATES,Habitats,IV
5284856065,"Lycaena dispar (Haworth, 1803)",Lycaena dispar,Large Copper,Animalia,Arthropoda,Insecta,Lepidoptera,Lycaenidae,Lycaena,SPECIES,1929270,1929270,NT,Near Threatened,1998-11-30,1998,11,30,42.496569,21.425943,7071,0,,Gjilani / Gnjilane,Gjilan / Gnjilane,HUMAN_OBSERVATION,,,"Jakšić, P. [ed.] (2008) PBA in Serbia",,HabiProt,,,d92e92e0-8d20-4756-a60b-3746f408c14c,CC_BY_NC_4_0,COORDINATE_ROUNDED;CONTINENT_DERIVED_FROM_COORDINATES,Habitats,II; IV
5284856028,"Parnassius mnemosyne (Linnaeus, 1758)",Parnassius mnemosyne,Clouded Apollo,Animalia,Arthropoda,Insecta,Lepidoptera,Papilionidae,Parnassius,SPECIES,1938520,1938520,LC,Least Concern,2002-11-30,2002,11,30,41.956586,20.698337,7071,0,,Dragash / Dragaš,Prizren,HUMAN_OBSERVATION,,,"Jakšić, P. (2003) Crvena knjiga d leptira Srbije",,HabiProt,,,d92e92e0-8d20-4756-a60b-3746f408c14c,CC_BY_NC_4_0,COORDINATE_ROUNDED;CONTINENT_DERIVED_FROM_COORDINATES,Habitats,IV
5284856025,"Polyommatus eros (Ochsenheimer, 1808)",Polyommatus eros,Eros Blue,Animalia,Arthropoda,Insecta,Lepidoptera,Lycaenidae,Polyommatus,SPECIES,5140244,5140244,NE,Not Evaluated,2002-11-30,2002,11,30,42.137098,20.939496,7071,0,,Prizreni / Prizren,Prizren,HUMAN_OBSERVATION,,,"Jakšić, P. (2003) Crvena knjiga d leptira Srbije",,HabiProt,,,d92e92e0-8d20-4756-a60b-3746f408c14c,CC_BY_NC_4_0,COORDINATE_ROUNDED;CONTINENT_DERIVED_FROM_COORDINATES,Habitats,II; IV
5284856018,"Lycaena dispar (Haworth, 1803)",Lycaena dispar,Large Copper,Animalia,Arthropoda,Insecta,Lepidoptera,Lycaenidae,Lycaena,SPECIES,1929270,1929270,NT,Near Threatened,2002-11-30,2002,11,30,42.405353,20.331633,7071,0,,Gjakova / Đakovica,Gjakovë / Đakovica,HUMAN_OBSERVATION,,,"Jakšić, P. (2003) Crvena knjiga d leptira Srbije",,HabiProt,,,d92e92e0-8d20-4756-a60b-3746f408c14c,CC_BY_NC_4_0,COORDINATE_ROUNDED;CONTINENT_DERIVED_FROM_COORDINATES,Habitats,II; IV
5284856015,"Zerynthia polyxena (Denis & Schiffermüller) , 1775",Zerynthia polyxena,Osterluzeifalter,Animalia,Arthropoda,Insecta,Lepidoptera,Papilionidae,Zerynthia,SPECIES,5141262,5141262,NE,Not Evaluated,2002-11-30,2002,11,30,42.136715,20.697484,7071,0,,Prizreni / Prizren,Prizren,HUMAN_OBSERVATION,,,"Jakšić, P. (2003) Crvena knjiga d leptira Srbije",,HabiProt,,,d92e92e0-8d20-4756-a60b-3746f408c14c,CC_BY_NC_4_0,COORDINATE_ROUNDED;CONTINENT_DERIVED_FROM_COORDINATES,Habitats,IV
5284855842,"Phengaris arion (Linnaeus, 1758)",Maculinea arion,Large Blue,Animalia,Arthropoda,Insecta,Lepidoptera,Lycaenidae,Maculinea,SPECIES,4535168,1922311,NT,Near Threatened,1987-11-30,1987,11,30,42.227034,21.181768,7071,0,,Kaçanik / Kačanik,Ferizaj / Uroševac,HUMAN_OBSERVATION,,,"Jakšić, P. (1988) Karte dnevnih leptira YU",,HabiProt,,,d92e92e0-8d20-4756-a60b-3746f408c14c,CC_BY_NC_4_0,COORDINATE_ROUNDED;CONTINENT_DERIVED_FROM_COORDINATES,Habitats,IV
5284855775,"Parnassius mnemosyne (Linnaeus, 1758)",Parnassius mnemosyne,Clouded Apollo,Animalia,Arthropoda,Insecta,Lepidoptera,Papilionidae,Parnassius,SPECIES,1938520,1938520,LC,Least Concern,1987-11-30,1987,11,30,42.227162,20.93941,7071,0,,Shtërpcë / Štrpce,Ferizaj / Uroševac,HUMAN_OBSERVATION,,,"Jakšić, P. (1988) Karte dnevnih leptira YU",,HabiProt,,,d92e92e0-8d20-4756-a60b-3746f408c14c,CC_BY_NC_4_0,COORDINATE_ROUNDED;CONTINENT_DERIVED_FROM_COORDINATES,Habitats,IV
5284855770,"Parnassius apollo (Linnaeus, 1758)",Parnassius apollo,Apollo,Animalia,Arthropoda,Insecta,Lepidoptera,Papilionidae,Parnassius,SPECIES,1938810,1938810,LC,Least Concern,1987-11-30,1987,11,30,42.137098,20.939496,7071,0,,Prizreni / Prizren,Prizren,HUMAN_OBSERVATION,,,"Jakšić, P. (1988) Karte dnevnih leptira YU",,HabiProt,,,d92e92e0-8d20-4756-a60b-3746f408c14c,CC_BY_NC_4_0,COORDINATE_ROUNDED;CONTINENT_DERIVED_FROM_COORDINATES,Habitats,IV
5284855190,"Lycaena dispar (Haworth, 1803)",Lycaena dispar,Large Copper,Animalia,Arthropoda,Insecta,Lepidoptera,Lycaenidae,Lycaena,SPECIES,1929270,1929270,NT,Near Threatened,1987-11-30,1987,11,30,43.127325,20.692648,7071,0,,Leposaviq / Leposavić,Mitrovicë / Kosovska Mitrovica,HUMAN_OBSERVATION,,,"Jakšić, P. (1988) Karte dnevnih leptira YU",,HabiProt,,,d92e92e0-8d20-4756-a60b-3746f408c14c,CC_BY_NC_4_0,COORDINATE_ROUNDED;CONTINENT_DERIVED_FROM_COORDINATES,Habitats,II; IV
5284855144,"Parnassius apollo (Linnaeus, 1758)",Parnassius apollo,Apollo,Animalia,Arthropoda,Insecta,Lepidoptera,Papilionidae,Parnassius,SPECIES,1938810,1938810,LC,Least Concern,1987-11-30,1987,11,30,42.046651,20.697911,7071,0,,Dragash / Dragaš,Prizren,HUMAN_OBSERVATION,,,"Jakšić, P. (1988) Karte dnevnih leptira YU",,HabiProt,,,d92e92e0-8d20-4756-a60b-3746f408c14c,CC_BY_NC_4_0,COORDINATE_ROUNDED;CONTINENT_DERIVED_FROM_COORDINATES,Habitats,IV
5284852823,"Parnassius mnemosyne (Linnaeus, 1758)",Parnassius mnemosyne,Clouded Apollo,Animalia,Arthropoda,Insecta,Lepidoptera,Papilionidae,Parnassius,SPECIES,1938520,1938520,LC,Least Concern,2002-11-30,2002,11,30,42.317096,21.182027,7071,0,,Ferizaj / Uroševac,Ferizaj / Uroševac,HUMAN_OBSERVATION,,,"Jakšić, P. (2003) Crvena knjiga d leptira Srbije",,HabiProt,,,d92e92e0-8d20-4756-a60b-3746f408c14c,CC_BY_NC_4_0,COORDINATE_ROUNDED;CONTINENT_DERIVED_FROM_COORDINATES,Habitats,IV
5284852809,"Parnassius apollo (Linnaeus, 1758)",Parnassius apollo,Apollo,Animalia,Arthropoda,Insecta,Lepidoptera,Papilionidae,Parnassius,SPECIES,1938810,1938810,LC,Least Concern,2002-11-30,2002,11,30,42.673818,20.084679,7071,0,,Pejë / Peć,Pejë / Peć,HUMAN_OBSERVATION,,,"Jakšić, P. (2003) Crvena knjiga d leptira Srbije",,HabiProt,,,d92e92e0-8d20-4756-a60b-3746f408c14c,CC_BY_NC_4_0,COORDINATE_ROUNDED;CONTINENT_DERIVED_FROM_COORDINATES,Habitats,IV
5284852804,"Pseudophilotes bavius (Ivirsmann, 1832)",Pseudophilotes bavius,Bavius Blue,Animalia,Arthropoda,Insecta,Lepidoptera,Lycaenidae,Pseudophilotes,SPECIES,4535092,4535092,NE,Not Evaluated,2002-11-30,2002,11,30,42.13697,20.818489,7071,0,,Prizreni / Prizren,Prizren,HUMAN_OBSERVATION,,,"Jakšić, P. (2003) Crvena knjiga d leptira Srbije",,HabiProt,,,d92e92e0-8d20-4756-a60b-3746f408c14c,CC_BY_NC_4_0,COORDINATE_ROUNDED;CONTINENT_DERIVED_FROM_COORDINATES,Habitats,II; IV
5284852768,"Pseudophilotes bavius (Ivirsmann, 1832)",Pseudophilotes bavius,Bavius Blue,Animalia,Arthropoda,Insecta,Lepidoptera,Lycaenidae,Pseudophilotes,SPECIES,4535092,4535092,NE,Not Evaluated,1994-11-30,1994,11,30,42.677329,21.183075,7071,605,,Prishtinë / Priština,Prishtinë / Priština,HUMAN_OBSERVATION,,,"Jakšić, P., Živić, N. (1995) Kosovo Metohija. GPMB",,HabiProt,,,d92e92e0-8d20-4756-a60b-3746f408c14c,CC_BY_NC_4_0,COORDINATE_ROUNDED;CONTINENT_DERIVED_FROM_COORDINATES,Habitats,II; IV
5284852761,"Parnassius mnemosyne (Linnaeus, 1758)",Parnassius mnemosyne,Clouded Apollo,Animalia,Arthropoda,Insecta,Lepidoptera,Papilionidae,Parnassius,SPECIES,1938520,1938520,LC,Least Concern,1994-11-30,1994,11,30,42.673818,20.084679,7071,1179,,Pejë / Peć,Pejë / Peć,HUMAN_OBSERVATION,,,"Jakšić, P., Živić, N. (1995) Kosovo Metohija. GPMB",,HabiProt,,,d92e92e0-8d20-4756-a60b-3746f408c14c,CC_BY_NC_4_0,COORDINATE_ROUNDED;CONTINENT_DERIVED_FROM_COORDINATES,Habitats,IV
5284852607,"Lycaena dispar (Haworth, 1803)",Lycaena dispar,Large Copper,Animalia,Arthropoda,Insecta,Lepidoptera,Lycaenidae,Lycaena,SPECIES,1929270,1929270,NT,Near Threatened,1987-11-30,1987,11,30,42.226778,21.302946,7071,0,,Kaçanik / Kačanik,Ferizaj / Uroševac,HUMAN_OBSERVATION,,,"Jakšić, P. (1988) Karte dnevnih leptira YU",,HabiProt,,,d92e92e0-8d20-4756-a60b-3746f408c14c,CC_BY_NC_4_0,COORDINATE_ROUNDED;CONTINENT_DERIVED_FROM_COORDINATES,Habitats,II; IV
5284852568,"Parnassius mnemosyne (Linnaeus, 1758)",Parnassius mnemosyne,Clouded Apollo,Animalia,Arthropoda,Insecta,Lepidoptera,Papilionidae,Parnassius,SPECIES,1938520,1938520,LC,Least Concern,1987-11-30,1987,11,30,42.226778,21.302946,7071,0,,Kaçanik / Kačanik,Ferizaj / Uroševac,HUMAN_OBSERVATION,,,"Jakšić, P. (1988) Karte dnevnih leptira YU",,HabiProt,,,d92e92e0-8d20-4756-a60b-3746f408c14c,CC_BY_NC_4_0,COORDINATE_ROUNDED;CONTINENT_DERIVED_FROM_COORDINATES,Habitats,IV
5284852290,"Parnassius apollo (Linnaeus, 1758)",Parnassius apollo,Apollo,Animalia,Arthropoda,Insecta,Lepidoptera,Papilionidae,Parnassius,SPECIES,1938810,1938810,LC,Least Concern,2007-11-30,2007,11,30,42.494631,20.20899,7071,0,,Deçan / Dečani,Gjakovë / Đakovica,HUMAN_OBSERVATION,,,"Jakšić, P. [ed.] (2008) PBA in Serbia",,HabiProt,,,d92e92e0-8d20-4756-a60b-3746f408c14c,CC_BY_NC_4_0,COORDINATE_ROUNDED;CONTINENT_DERIVED_FROM_COORDINATES,Habitats,IV
5284852277,"Aricia anteros (Freyer, 1838)",Polyommatus eros,Eros Blue,Animalia,Arthropoda,Insecta,Lepidoptera,Lycaenidae,Polyommatus,SPECIES,9195563,5140244,NE,Not Evaluated,1998-11-30,1998,11,30,42.856783,20.57159,7071,0,,Istog / Istok,Pejë / Peć,HUMAN_OBSERVATION,,,"Jakšić, P. [ed.] (2008) PBA in Serbia",,HabiProt,,,d92e92e0-8d20-4756-a60b-3746f408c14c,CC_BY_NC_4_0,COORDINATE_ROUNDED;CONTINENT_DERIVED_FROM_COORDINATES,Habitats,II; IV
5284852251,"Parnassius mnemosyne (Linnaeus, 1758)",Parnassius mnemosyne,Clouded Apollo,Animalia,Arthropoda,Insecta,Lepidoptera,Papilionidae,Parnassius,SPECIES,1938520,1938520,LC,Least Concern,2002-11-30,2002,11,30,42.405997,21.546852,7071,0,,Gjilani / Gnjilane,Gjilan / Gnjilane,HUMAN_OBSERVATION,,,"Jakšić, P. (2003) Crvena knjiga d leptira Srbije",,HabiProt,,,d92e92e0-8d20-4756-a60b-3746f408c14c,CC_BY_NC_4_0,COORDINATE_ROUNDED;CONTINENT_DERIVED_FROM_COORDINATES,Habitats,IV
5284852248,"Apatura ilia (Denis & Schiffermüller) , 1775",Apatura ilia,Kleiner Schillerfalter,Animalia,Arthropoda,Insecta,Lepidoptera,Nymphalidae,Apatura,SPECIES,8138711,8138711,NE,Not Evaluated,2002-11-30,2002,11,30,42.317096,21.182027,7071,0,,Ferizaj / Uroševac,Ferizaj / Uroševac,HUMAN_OBSERVATION,,,"Jakšić, P. (2003) Crvena knjiga d leptira Srbije",,HabiProt,,,d92e92e0-8d20-4756-a60b-3746f408c14c,CC_BY_NC_4_0,COORDINATE_ROUNDED;CONTINENT_DERIVED_FROM_COORDINATES,Habitats,IV
5284852042,"Lycaena dispar (Haworth, 1803)",Lycaena dispar,Large Copper,Animalia,Arthropoda,Insecta,Lepidoptera,Lycaenidae,Lycaena,SPECIES,1929270,1929270,NT,Near Threatened,1987-11-30,1987,11,30,42.58468,20.207852,7071,0,,Deçan / Dečani,Gjakovë / Đakovica,HUMAN_OBSERVATION,,,"Jakšić, P. (1988) Karte dnevnih leptira YU",,HabiProt,,,d92e92e0-8d20-4756-a60b-3746f408c14c,CC_BY_NC_4_0,COORDINATE_ROUNDED;CONTINENT_DERIVED_FROM_COORDINATES,Habitats,II; IV
5284852000,"Parnassius mnemosyne (Linnaeus, 1758)",Parnassius mnemosyne,Clouded Apollo,Animalia,Arthropoda,Insecta,Lepidoptera,Papilionidae,Parnassius,SPECIES,1938520,1938520,LC,Least Concern,1987-11-30,1987,11,30,42.226394,20.575878,7071,0,,Prizreni / Prizren,Prizren,HUMAN_OBSERVATION,,,"Jakšić, P. (1988) Karte dnevnih leptira YU",,HabiProt,,,d92e92e0-8d20-4756-a60b-3746f408c14c,CC_BY_NC_4_0,COORDINATE_ROUNDED;CONTINENT_DERIVED_FROM_COORDINATES,Habitats,IV
5284850274,"Parnassius mnemosyne (Linnaeus, 1758)",Parnassius mnemosyne,Clouded Apollo,Animalia,Arthropoda,Insecta,Lepidoptera,Papilionidae,Parnassius,SPECIES,1938520,1938520,LC,Least Concern,2007-11-30,2007,11,30,42.58468,20.207852,7071,0,,Deçan / Dečani,Gjakovë / Đakovica,HUMAN_OBSERVATION,,,"Jakšić, P. [ed.] (2008) PBA in Serbia",,HabiProt,,,d92e92e0-8d20-4756-a60b-3746f408c14c,CC_BY_NC_4_0,COORDINATE_ROUNDED;CONTINENT_DERIVED_FROM_COORDINATES,Habitats,IV
5284850238,"Erebia ottomana Herrich-Schäffer, 1847",Erebia tyndarus,Swiss Brassy Ringlet,Animalia,Arthropoda,Insecta,Lepidoptera,Nymphalidae,Erebia,SPECIES,5134917,8233062,LC,Least Concern,2002-11-30,2002,11,30,43.127589,20.815588,7071,0,,Leposaviq / Leposavić,Mitrovicë / Kosovska Mitrovica,HUMAN_OBSERVATION,,,"Jakšić, P. (2003) Crvena knjiga d leptira Srbije",,HabiProt,,,d92e92e0-8d20-4756-a60b-3746f408c14c,CC_BY_NC_4_0,COORDINATE_ROUNDED;CONTINENT_DERIVED_FROM_COORDINATES,Habitats,II; IV
5284850219,"Pseudophilotes bavius (Ivirsmann, 1832)",Pseudophilotes bavius,Bavius Blue,Animalia,Arthropoda,Insecta,Lepidoptera,Lycaenidae,Pseudophilotes,SPECIES,4535092,4535092,NE,Not Evaluated,2002-11-30,2002,11,30,42.673818,20.084679,7071,0,,Pejë / Peć,Pejë / Peć,HUMAN_OBSERVATION,,,"Jakšić, P. (2003) Crvena knjiga d leptira Srbije",,HabiProt,,,d92e92e0-8d20-4756-a60b-3746f408c14c,CC_BY_NC_4_0,COORDINATE_ROUNDED;CONTINENT_DERIVED_FROM_COORDINATES,Habitats,II; IV
5284850195,"Aricia anteros (Freyer, 1838)",Polyommatus eros,Eros Blue,Animalia,Arthropoda,Insecta,Lepidoptera,Lycaenidae,Polyommatus,SPECIES,9195563,5140244,NE,Not Evaluated,,,,,42.226394,20.575878,7071,1033,,Prizreni / Prizren,Prizren,HUMAN_OBSERVATION,,,"Jakšić, P. (2007) Dnevni leptiri Paštrika. AES 12",,HabiProt,,,d92e92e0-8d20-4756-a60b-3746f408c14c,CC_BY_NC_4_0,COORDINATE_ROUNDED;CONTINENT_DERIVED_FROM_COORDINATES,Habitats,II; IV
5284850111,"Erebia ottomana Herrich-Schäffer, 1847",Erebia tyndarus,Swiss Brassy Ringlet,Animalia,Arthropoda,Insecta,Lepidoptera,Nymphalidae,Erebia,SPECIES,5134917,8233062,LC,Least Concern,1987-11-30,1987,11,30,43.127589,20.815588,7071,0,,Leposaviq / Leposavić,Mitrovicë / Kosovska Mitrovica,HUMAN_OBSERVATION,,,"Jakšić, P. (1988) Karte dnevnih leptira YU",,HabiProt,,,d92e92e0-8d20-4756-a60b-3746f408c14c,CC_BY_NC_4_0,COORDINATE_ROUNDED;CONTINENT_DERIVED_FROM_COORDINATES,Habitats,II; IV
5284849296,"Fabriciana niobe (Linnaeus, 1761)",Fabriciana niobe,Niobe Fritillary,Animalia,Arthropoda,Insecta,Lepidoptera,Nymphalidae,Fabriciana,SPECIES,8078362,8078362,NE,Not Evaluated,1994-11-30,1994,11,30,42.136715,21.302516,7071,387,,Kaçanik / Kačanik,Ferizaj / Uroševac,HUMAN_OBSERVATION,,,"Jakšić, P., Živić, N. (1995) Kosovo Metohija. GPMB",,HabiProt,,,d92e92e0-8d20-4756-a60b-3746f408c14c,CC_BY_NC_4_0,COORDINATE_ROUNDED;CONTINENT_DERIVED_FROM_COORDINATES,Habitats,IV
5284849157,"Aricia anteros (Freyer, 1838)",Polyommatus eros,Eros Blue,Animalia,Arthropoda,Insecta,Lepidoptera,Lycaenidae,Polyommatus,SPECIES,9195563,5140244,NE,Not Evaluated,1987-11-30,1987,11,30,42.136332,20.57648,7071,0,,Prizreni / Prizren,Prizren,HUMAN_OBSERVATION,,,"Jakšić, P. (1988) Karte dnevnih leptira YU",,HabiProt,,,d92e92e0-8d20-4756-a60b-3746f408c14c,CC_BY_NC_4_0,COORDINATE_ROUNDED;CONTINENT_DERIVED_FROM_COORDINATES,Habitats,II; IV
5284847795,"Parnassius mnemosyne (Linnaeus, 1758)",Parnassius mnemosyne,Clouded Apollo,Animalia,Arthropoda,Insecta,Lepidoptera,Papilionidae,Parnassius,SPECIES,1938520,1938520,LC,Least Concern,2007-11-30,2007,11,30,42.136715,21.302516,7071,0,,Kaçanik / Kačanik,Ferizaj / Uroševac,HUMAN_OBSERVATION,,,"Jakšić, P. [ed.] (2008) PBA in Serbia",,HabiProt,,,d92e92e0-8d20-4756-a60b-3746f408c14c,CC_BY_NC_4_0,COORDINATE_ROUNDED;CONTINENT_DERIVED_FROM_COORDINATES,Habitats,IV
5284847794,"Parnassius mnemosyne (Linnaeus, 1758)",Parnassius mnemosyne,Clouded Apollo,Animalia,Arthropoda,Insecta,Lepidoptera,Papilionidae,Parnassius,SPECIES,1938520,1938520,LC,Least Concern,2007-11-30,2007,11,30,42.494631,20.20899,7071,0,,Deçan / Dečani,Gjakovë / Đakovica,HUMAN_OBSERVATION,,,"Jakšić, P. [ed.] (2008) PBA in Serbia",,HabiProt,,,d92e92e0-8d20-4756-a60b-3746f408c14c,CC_BY_NC_4_0,COORDINATE_ROUNDED;CONTINENT_DERIVED_FROM_COORDINATES,Habitats,IV
5284847758,"Erebia ottomana Herrich-Schäffer, 1847",Erebia tyndarus,Swiss Brassy Ringlet,Animalia,Arthropoda,Insecta,Lepidoptera,Nymphalidae,Erebia,SPECIES,5134917,8233062,LC,Least Concern,2002-11-30,2002,11,30,42.58468,20.207852,7071,0,,Deçan / Dečani,Gjakovë / Đakovica,HUMAN_OBSERVATION,,,"Jakšić, P. (2003) Crvena knjiga d leptira Srbije",,HabiProt,,,d92e92e0-8d20-4756-a60b-3746f408c14c,CC_BY_NC_4_0,COORDINATE_ROUNDED;CONTINENT_DERIVED_FROM_COORDINATES,Habitats,II; IV
5284847624,"Erebia ottomana Herrich-Schäffer, 1847",Erebia tyndarus,Swiss Brassy Ringlet,Animalia,Arthropoda,Insecta,Lepidoptera,Nymphalidae,Erebia,SPECIES,5134917,8233062,LC,Least Concern,1987-11-30,1987,11,30,42.58468,20.207852,7071,0,,Deçan / Dečani,Gjakovë / Đakovica,HUMAN_OBSERVATION,,,"Jakšić, P. (1988) Karte dnevnih leptira YU",,HabiProt,,,d92e92e0-8d20-4756-a60b-3746f408c14c,CC_BY_NC_4_0,COORDINATE_ROUNDED;CONTINENT_DERIVED_FROM_COORDINATES,Habitats,II; IV
5284847610,"Apatura ilia (Denis & Schiffermüller) , 1775",Apatura ilia,Kleiner Schillerfalter,Animalia,Arthropoda,Insecta,Lepidoptera,Nymphalidae,Apatura,SPECIES,8138711,8138711,NE,Not Evaluated,1987-11-30,1987,11,30,42.317096,21.182027,7071,0,,Ferizaj / Uroševac,Ferizaj / Uroševac,HUMAN_OBSERVATION,,,"Jakšić, P. (1988) Karte dnevnih leptira YU",,HabiProt,,,d92e92e0-8d20-4756-a60b-3746f408c14c,CC_BY_NC_4_0,COORDINATE_ROUNDED;CONTINENT_DERIVED_FROM_COORDINATES,Habitats,IV
5284847572,"Polyommatus eros (Ochsenheimer, 1808)",Polyommatus eros,Eros Blue,Animalia,Arthropoda,Insecta,Lepidoptera,Lycaenidae,Polyommatus,SPECIES,5140244,5140244,NE,Not Evaluated,1987-11-30,1987,11,30,42.227034,21.181768,7071,0,,Kaçanik / Kačanik,Ferizaj / Uroševac,HUMAN_OBSERVATION,,,"Jakšić, P. (1988) Karte dnevnih leptira YU",,HabiProt,,,d92e92e0-8d20-4756-a60b-3746f408c14c,CC_BY_NC_4_0,COORDINATE_ROUNDED;CONTINENT_DERIVED_FROM_COORDINATES,Habitats,II; IV
5284846613,"Parnassius mnemosyne (Linnaeus, 1758)",Parnassius mnemosyne,Clouded Apollo,Animalia,Arthropoda,Insecta,Lepidoptera,Papilionidae,Parnassius,SPECIES,1938520,1938520,LC,Least Concern,2007-11-30,2007,11,30,42.316453,20.575274,7071,0,,Gjakova / Đakovica,Gjakovë / Đakovica,HUMAN_OBSERVATION,,,"Jakšić, P. [ed.] (2008) PBA in Serbia",,HabiProt,,,d92e92e0-8d20-4756-a60b-3746f408c14c,CC_BY_NC_4_0,COORDINATE_ROUNDED;CONTINENT_DERIVED_FROM_COORDINATES,Habitats,IV
5284846611,"Parnassius apollo (Linnaeus, 1758)",Parnassius apollo,Apollo,Animalia,Arthropoda,Insecta,Lepidoptera,Papilionidae,Parnassius,SPECIES,1938810,1938810,LC,Least Concern,2007-11-30,2007,11,30,42.673818,20.084679,7071,0,,Pejë / Peć,Pejë / Peć,HUMAN_OBSERVATION,,,"Jakšić, P. [ed.] (2008) PBA in Serbia",,HabiProt,,,d92e92e0-8d20-4756-a60b-3746f408c14c,CC_BY_NC_4_0,COORDINATE_ROUNDED;CONTINENT_DERIVED_FROM_COORDINATES,Habitats,IV
5284846521,"Lycaena dispar (Haworth, 1803)",Lycaena dispar,Large Copper,Animalia,Arthropoda,Insecta,Lepidoptera,Lycaenidae,Lycaena,SPECIES,1929270,1929270,NT,Near Threatened,1994-11-30,1994,11,30,43.03754,20.815858,7071,498,,Leposaviq / Leposavić,Mitrovicë / Kosovska Mitrovica,HUMAN_OBSERVATION,,,"Jakšić, P., Živić, N. (1995) Kosovo Metohija. GPMB",,HabiProt,,,d92e92e0-8d20-4756-a60b-3746f408c14c,CC_BY_NC_4_0,COORDINATE_ROUNDED;CONTINENT_DERIVED_FROM_COORDINATES,Habitats,II; IV
5284846516,"Apatura ilia (Denis & Schiffermüller) , 1775",Apatura ilia,Kleiner Schillerfalter,Animalia,Arthropoda,Insecta,Lepidoptera,Nymphalidae,Apatura,SPECIES,8138711,8138711,NE,Not Evaluated,1994-11-30,1994,11,30,42.673818,20.084679,7071,1179,,Pejë / Peć,Pejë / Peć,HUMAN_OBSERVATION,,,"Jakšić, P., Živić, N. (1995) Kosovo Metohija. GPMB",,HabiProt,,,d92e92e0-8d20-4756-a60b-3746f408c14c,CC_BY_NC_4_0,COORDINATE_ROUNDED;CONTINENT_DERIVED_FROM_COORDINATES,Habitats,IV
5284845844,"Aricia anteros (Freyer, 1838)",Polyommatus eros,Eros Blue,Animalia,Arthropoda,Insecta,Lepidoptera,Lycaenidae,Polyommatus,SPECIES,9195563,5140244,NE,Not Evaluated,1998-11-30,1998,11,30,42.226394,20.575878,7071,0,,Prizreni / Prizren,Prizren,HUMAN_OBSERVATION,,,"Jakšić, P. [ed.] (2008) PBA in Serbia",,HabiProt,,,d92e92e0-8d20-4756-a60b-3746f408c14c,CC_BY_NC_4_0,COORDINATE_ROUNDED;CONTINENT_DERIVED_FROM_COORDINATES,Habitats,II; IV
5284845816,"Parnassius mnemosyne (Linnaeus, 1758)",Parnassius mnemosyne,Clouded Apollo,Animalia,Arthropoda,Insecta,Lepidoptera,Papilionidae,Parnassius,SPECIES,1938520,1938520,LC,Least Concern,2002-11-30,2002,11,30,42.316453,21.424726,7071,0,,Viti / Vitina,Gjilan / Gnjilane,HUMAN_OBSERVATION,,,"Jakšić, P. (2003) Crvena knjiga d leptira Srbije",,HabiProt,,,d92e92e0-8d20-4756-a60b-3746f408c14c,CC_BY_NC_4_0,COORDINATE_ROUNDED;CONTINENT_DERIVED_FROM_COORDINATES,Habitats,IV
5284845813,"Apatura ilia (Denis & Schiffermüller) , 1775",Apatura ilia,Kleiner Schillerfalter,Animalia,Arthropoda,Insecta,Lepidoptera,Nymphalidae,Apatura,SPECIES,8138711,8138711,NE,Not Evaluated,2002-11-30,2002,11,30,42.046651,20.697911,7071,0,,Dragash / Dragaš,Prizren,HUMAN_OBSERVATION,,,"Jakšić, P. (2003) Crvena knjiga d leptira Srbije",,HabiProt,,,d92e92e0-8d20-4756-a60b-3746f408c14c,CC_BY_NC_4_0,COORDINATE_ROUNDED;CONTINENT_DERIVED_FROM_COORDINATES,Habitats,IV
5284845779,"Parnassius mnemosyne (Linnaeus, 1758)",Parnassius mnemosyne,Clouded Apollo,Animalia,Arthropoda,Insecta,Lepidoptera,Papilionidae,Parnassius,SPECIES,1938520,1938520,LC,Least Concern,,,,,42.226394,20.575878,7071,1033,,Prizreni / Prizren,Prizren,HUMAN_OBSERVATION,,,"Jakšić, P. (2007) Dnevni leptiri Paštrika. AES 12",,HabiProt,,,d92e92e0-8d20-4756-a60b-3746f408c14c,CC_BY_NC_4_0,COORDINATE_ROUNDED;CONTINENT_DERIVED_FROM_COORDINATES,Habitats,IV
5284845767,"Phengaris arion (Linnaeus, 1758)",Maculinea arion,Large Blue,Animalia,Arthropoda,Insecta,Lepidoptera,Lycaenidae,Maculinea,SPECIES,4535168,1922311,NT,Near Threatened,1994-11-30,1994,11,30,42.677329,21.183075,7071,605,,Prishtinë / Priština,Prishtinë / Priština,HUMAN_OBSERVATION,,,"Jakšić, P., Živić, N. (1995) Kosovo Metohija. GPMB",,HabiProt,,,d92e92e0-8d20-4756-a60b-3746f408c14c,CC_BY_NC_4_0,COORDINATE_ROUNDED;CONTINENT_DERIVED_FROM_COORDINATES,Habitats,IV
5284845689,"Erebia neleus Freyer, 1833",Erebia tyndarus,Swiss Brassy Ringlet,Animalia,Arthropoda,Insecta,Lepidoptera,Nymphalidae,Erebia,SPECIES,5134975,8233062,LC,Least Concern,1987-11-30,1987,11,30,42.137098,20.939496,7071,0,,Prizreni / Prizren,Prizren,HUMAN_OBSERVATION,,,"Jakšić, P. (1988) Karte dnevnih leptira YU",,HabiProt,,,d92e92e0-8d20-4756-a60b-3746f408c14c,CC_BY_NC_4_0,COORDINATE_ROUNDED;CONTINENT_DERIVED_FROM_COORDINATES,Habitats,II; IV
5284845678,"Apatura ilia (Denis & Schiffermüller) , 1775",Apatura ilia,Kleiner Schillerfalter,Animalia,Arthropoda,Insecta,Lepidoptera,Nymphalidae,Apatura,SPECIES,8138711,8138711,NE,Not Evaluated,1987-11-30,1987,11,30,42.496569,21.425943,7071,0,,Gjilani / Gnjilane,Gjilan / Gnjilane,HUMAN_OBSERVATION,,,"Jakšić, P. (1988) Karte dnevnih leptira YU",,HabiProt,,,d92e92e0-8d20-4756-a60b-3746f408c14c,CC_BY_NC_4_0,COORDINATE_ROUNDED;CONTINENT_DERIVED_FROM_COORDINATES,Habitats,IV
5284845642,"Polyommatus eros (Ochsenheimer, 1808)",Polyommatus eros,Eros Blue,Animalia,Arthropoda,Insecta,Lepidoptera,Lycaenidae,Polyommatus,SPECIES,5140244,5140244,NE,Not Evaluated,1987-11-30,1987,11,30,43.217637,20.815317,7071,0,,Leposaviq / Leposavić,Mitrovicë / Kosovska Mitrovica,HUMAN_OBSERVATION,,,"Jakšić, P. (1988) Karte dnevnih leptira YU",,HabiProt,,,d92e92e0-8d20-4756-a60b-3746f408c14c,CC_BY_NC_4_0,COORDINATE_ROUNDED;CONTINENT_DERIVED_FROM_COORDINATES,Habitats,II; IV
5284845627,"Aricia anteros (Freyer, 1838)",Polyommatus eros,Eros Blue,Animalia,Arthropoda,Insecta,Lepidoptera,Lycaenidae,Polyommatus,SPECIES,9195563,5140244,NE,Not Evaluated,1987-11-30,1987,11,30,42.137098,20.939496,7071,0,,Prizreni / Prizren,Prizren,HUMAN_OBSERVATION,,,"Jakšić, P. (1988) Karte dnevnih leptira YU",,HabiProt,,,d92e92e0-8d20-4756-a60b-3746f408c14c,CC_BY_NC_4_0,COORDINATE_ROUNDED;CONTINENT_DERIVED_FROM_COORDINATES,Habitats,II; IV
5284844055,"Zerynthia polyxena (Denis & Schiffermüller) , 1775",Zerynthia polyxena,Osterluzeifalter,Animalia,Arthropoda,Insecta,Lepidoptera,Papilionidae,Zerynthia,SPECIES,5141262,5141262,NE,Not Evaluated,2007-11-30,2007,11,30,42.227162,21.06059,7071,0,,Shtërpcë / Štrpce,Ferizaj / Uroševac,HUMAN_OBSERVATION,,,"Jakšić, P. [ed.] (2008) PBA in Serbia",,HabiProt,,,d92e92e0-8d20-4756-a60b-3746f408c14c,CC_BY_NC_4_0,COORDINATE_ROUNDED;CONTINENT_DERIVED_FROM_COORDINATES,Habitats,IV
5284844054,"Zerynthia polyxena (Denis & Schiffermüller) , 1775",Zerynthia polyxena,Osterluzeifalter,Animalia,Arthropoda,Insecta,Lepidoptera,Papilionidae,Zerynthia,SPECIES,5141262,5141262,NE,Not Evaluated,2007-11-30,2007,11,30,42.947489,20.816126,7071,0,,Zveçan / Zvečan,Mitrovicë / Kosovska Mitrovica,HUMAN_OBSERVATION,,,"Jakšić, P. [ed.] (2008) PBA in Serbia",,HabiProt,,,d92e92e0-8d20-4756-a60b-3746f408c14c,CC_BY_NC_4_0,COORDINATE_ROUNDED;CONTINENT_DERIVED_FROM_COORDINATES,Habitats,IV
5284844046,"Parnassius apollo (Linnaeus, 1758)",Parnassius apollo,Apollo,Animalia,Arthropoda,Insecta,Lepidoptera,Papilionidae,Parnassius,SPECIES,1938810,1938810,LC,Least Concern,2007-11-30,2007,11,30,42.585458,20.329712,7071,0,,Pejë / Peć,Pejë / Peć,HUMAN_OBSERVATION,,,"Jakšić, P. [ed.] (2008) PBA in Serbia",,HabiProt,,,d92e92e0-8d20-4756-a60b-3746f408c14c,CC_BY_NC_4_0,COORDINATE_ROUNDED;CONTINENT_DERIVED_FROM_COORDINATES,Habitats,IV
5284844044,"Phengaris arion (Linnaeus, 1758)",Maculinea arion,Large Blue,Animalia,Arthropoda,Insecta,Lepidoptera,Lycaenidae,Maculinea,SPECIES,4535168,1922311,NT,Near Threatened,2007-11-30,2007,11,30,42.677329,21.183075,7071,0,,Prishtinë / Priština,Prishtinë / Priština,HUMAN_OBSERVATION,,,"Jakšić, P. [ed.] (2008) PBA in Serbia",,HabiProt,,,d92e92e0-8d20-4756-a60b-3746f408c14c,CC_BY_NC_4_0,COORDINATE_ROUNDED;CONTINENT_DERIVED_FROM_COORDINATES,Habitats,IV
5284844041,"Lycaena dispar (Haworth, 1803)",Lycaena dispar,Large Copper,Animalia,Arthropoda,Insecta,Lepidoptera,Lycaenidae,Lycaena,SPECIES,1929270,1929270,NT,Near Threatened,1998-11-30,1998,11,30,42.677329,21.183075,7071,0,,Prishtinë / Priština,Prishtinë / Priština,HUMAN_OBSERVATION,,,"Jakšić, P. [ed.] (2008) PBA in Serbia",,HabiProt,,,d92e92e0-8d20-4756-a60b-3746f408c14c,CC_BY_NC_4_0,COORDINATE_ROUNDED;CONTINENT_DERIVED_FROM_COORDINATES,Habitats,II; IV
5284844005,"Parnassius mnemosyne (Linnaeus, 1758)",Parnassius mnemosyne,Clouded Apollo,Animalia,Arthropoda,Insecta,Lepidoptera,Papilionidae,Parnassius,SPECIES,1938520,1938520,LC,Least Concern,2002-11-30,2002,11,30,42.226394,20.575878,7071,0,,Prizreni / Prizren,Prizren,HUMAN_OBSERVATION,,,"Jakšić, P. (2003) Crvena knjiga d leptira Srbije",,HabiProt,,,d92e92e0-8d20-4756-a60b-3746f408c14c,CC_BY_NC_4_0,COORDINATE_ROUNDED;CONTINENT_DERIVED_FROM_COORDINATES,Habitats,IV
5284844003,"Polyommatus eros (Ochsenheimer, 1808)",Polyommatus eros,Eros Blue,Animalia,Arthropoda,Insecta,Lepidoptera,Lycaenidae,Polyommatus,SPECIES,5140244,5140244,NE,Not Evaluated,2002-11-30,2002,11,30,42.226394,20.575878,7071,0,,Prizreni / Prizren,Prizren,HUMAN_OBSERVATION,,,"Jakšić, P. (2003) Crvena knjiga d leptira Srbije",,HabiProt,,,d92e92e0-8d20-4756-a60b-3746f408c14c,CC_BY_NC_4_0,COORDINATE_ROUNDED;CONTINENT_DERIVED_FROM_COORDINATES,Habitats,II; IV
5284843852,"Fabriciana niobe (Linnaeus, 1761)",Fabriciana niobe,Niobe Fritillary,Animalia,Arthropoda,Insecta,Lepidoptera,Nymphalidae,Fabriciana,SPECIES,8078362,8078362,NE,Not Evaluated,1987-11-30,1987,11,30,42.226778,21.302946,7071,0,,Kaçanik / Kačanik,Ferizaj / Uroševac,HUMAN_OBSERVATION,,,"Jakšić, P. (1988) Karte dnevnih leptira YU",,HabiProt,,,d92e92e0-8d20-4756-a60b-3746f408c14c,CC_BY_NC_4_0,COORDINATE_ROUNDED;CONTINENT_DERIVED_FROM_COORDINATES,Habitats,IV
5284843795,"Lycaena dispar (Haworth, 1803)",Lycaena dispar,Large Copper,Animalia,Arthropoda,Insecta,Lepidoptera,Lycaenidae,Lycaena,SPECIES,1929270,1929270,NT,Near Threatened,1987-11-30,1987,11,30,42.677329,21.183075,7071,0,,Prishtinë / Priština,Prishtinë / Priština,HUMAN_OBSERVATION,,,"Jakšić, P. (1988) Karte dnevnih leptira YU",,HabiProt,,,d92e92e0-8d20-4756-a60b-3746f408c14c,CC_BY_NC_4_0,COORDINATE_ROUNDED;CONTINENT_DERIVED_FROM_COORDINATES,Habitats,II; IV
5284843751,"Parnassius mnemosyne (Linnaeus, 1758)",Parnassius mnemosyne,Clouded Apollo,Animalia,Arthropoda,Insecta,Lepidoptera,Papilionidae,Parnassius,SPECIES,1938520,1938520,LC,Least Concern,1987-11-30,1987,11,30,42.137098,20.939496,7071,0,,Prizreni / Prizren,Prizren,HUMAN_OBSERVATION,,,"Jakšić, P. (1988) Karte dnevnih leptira YU",,HabiProt,,,d92e92e0-8d20-4756-a60b-3746f408c14c,CC_BY_NC_4_0,COORDINATE_ROUNDED;CONTINENT_DERIVED_FROM_COORDINATES,Habitats,IV
5284842993,"Parnassius mnemosyne (Linnaeus, 1758)",Parnassius mnemosyne,Clouded Apollo,Animalia,Arthropoda,Insecta,Lepidoptera,Papilionidae,Parnassius,SPECIES,1938520,1938520,LC,Least Concern,2007-11-30,2007,11,30,42.673818,20.084679,7071,0,,Pejë / Peć,Pejë / Peć,HUMAN_OBSERVATION,,,"Jakšić, P. [ed.] (2008) PBA in Serbia",,HabiProt,,,d92e92e0-8d20-4756-a60b-3746f408c14c,CC_BY_NC_4_0,COORDINATE_ROUNDED;CONTINENT_DERIVED_FROM_COORDINATES,Habitats,IV
5284842941,"Parnassius apollo (Linnaeus, 1758)",Parnassius apollo,Apollo,Animalia,Arthropoda,Insecta,Lepidoptera,Papilionidae,Parnassius,SPECIES,1938810,1938810,LC,Least Concern,2002-11-30,2002,11,30,42.046651,20.697911,7071,0,,Dragash / Dragaš,Prizren,HUMAN_OBSERVATION,,,"Jakšić, P. (2003) Crvena knjiga d leptira Srbije",,HabiProt,,,d92e92e0-8d20-4756-a60b-3746f408c14c,CC_BY_NC_4_0,COORDINATE_ROUNDED;CONTINENT_DERIVED_FROM_COORDINATES,Habitats,IV
5284842233,"Phengaris arion (Linnaeus, 1758)",Maculinea arion,Large Blue,Animalia,Arthropoda,Insecta,Lepidoptera,Lycaenidae,Maculinea,SPECIES,4535168,1922311,NT,Near Threatened,1987-11-30,1987,11,30,41.866519,20.698761,7071,0,,Dragash / Dragaš,Prizren,HUMAN_OBSERVATION,,,"Jakšić, P. (1988) Karte dnevnih leptira YU",,HabiProt,,,d92e92e0-8d20-4756-a60b-3746f408c14c,CC_BY_NC_4_0,COORDINATE_ROUNDED;CONTINENT_DERIVED_FROM_COORDINATES,Habitats,IV
5284842208,"Lycaena dispar (Haworth, 1803)",Lycaena dispar,Large Copper,Animalia,Arthropoda,Insecta,Lepidoptera,Lycaenidae,Lycaena,SPECIES,1929270,1929270,NT,Near Threatened,1987-11-30,1987,11,30,42.765558,20.327774,7071,0,,Istog / Istok,Pejë / Peć,HUMAN_OBSERVATION,,,"Jakšić, P. (1988) Karte dnevnih leptira YU",,HabiProt,,,d92e92e0-8d20-4756-a60b-3746f408c14c,CC_BY_NC_4_0,COORDINATE_ROUNDED;CONTINENT_DERIVED_FROM_COORDINATES,Habitats,II; IV
5284834695,"Zerynthia polyxena (Denis & Schiffermüller) , 1775",Zerynthia polyxena,Osterluzeifalter,Animalia,Arthropoda,Insecta,Lepidoptera,Papilionidae,Zerynthia,SPECIES,5141262,5141262,NE,Not Evaluated,1994-11-30,1994,11,30,43.127589,20.815588,7071,0,,Leposaviq / Leposavić,Mitrovicë / Kosovska Mitrovica,HUMAN_OBSERVATION,,,Predrag Jakšić,,HabiProt,,,d92e92e0-8d20-4756-a60b-3746f408c14c,CC_BY_NC_4_0,COORDINATE_ROUNDED;CONTINENT_DERIVED_FROM_COORDINATES,Habitats,IV
5284831748,"Apatura ilia (Denis & Schiffermüller) , 1775",Apatura ilia,Kleiner Schillerfalter,Animalia,Arthropoda,Insecta,Lepidoptera,Nymphalidae,Apatura,SPECIES,8138711,8138711,NE,Not Evaluated,2016-07-06,2016,7,6,42.586106,21.548423,7071,573,,Kamenicë / Kosovska Kamenica,Gjilan / Gnjilane,HUMAN_OBSERVATION,1,,Bogoljub Milošević,,HabiProt,,,d92e92e0-8d20-4756-a60b-3746f408c14c,CC_BY_NC_4_0,COORDINATE_ROUNDED;CONTINENT_DERIVED_FROM_COORDINATES;OCCURRENCE_STATUS_INFERRED_FROM_INDIVIDUAL_COUNT,Habitats,IV
5284826922,"Zerynthia polyxena (Denis & Schiffermüller) , 1775",Zerynthia polyxena,Osterluzeifalter,Animalia,Arthropoda,Insecta,Lepidoptera,Papilionidae,Zerynthia,SPECIES,5141262,5141262,NE,Not Evaluated,1994-11-30,1994,11,30,42.947489,20.816126,7071,0,,Zveçan / Zvečan,Mitrovicë / Kosovska Mitrovica,HUMAN_OBSERVATION,,,Predrag Jakšić,,HabiProt,,,d92e92e0-8d20-4756-a60b-3746f408c14c,CC_BY_NC_4_0,COORDINATE_ROUNDED;CONTINENT_DERIVED_FROM_COORDINATES,Habitats,IV
5284826647,"Cerambyx cerdo Linnaeus, 1758",Cerambyx cerdo,Stor Ekbock,Animalia,Arthropoda,Insecta,Coleoptera,Cerambycidae,Cerambyx,SPECIES,5820507,5820507,VU,Vulnerable,,,,,42.675509,20.328745,7071,0,,Pejë / Peć,Pejë / Peć,HUMAN_OBSERVATION,,,"Ilić, N. (2005) Strižibube Srbije",,HabiProt,,,d92e92e0-8d20-4756-a60b-3746f408c14c,CC_BY_NC_4_0,COORDINATE_ROUNDED;CONTINENT_DERIVED_FROM_COORDINATES,Habitats,II; IV
5284824195,"Morimus funereus Mulsant, 1862",Morimus funereus,Cerambice Funereo,Animalia,Arthropoda,Insecta,Coleoptera,Cerambycidae,Morimus,SPECIES,1119288,1119288,VU,Vulnerable,1954-05-13,1954,5,13,42.76621,20.449991,7071,436,,Istog / Istok,Pejë / Peć,HUMAN_OBSERVATION,,,Dragan Pavićević,Dragan Pavićević,HabiProt,,,d92e92e0-8d20-4756-a60b-3746f408c14c,CC_BY_NC_4_0,COORDINATE_ROUNDED;CONTINENT_DERIVED_FROM_COORDINATES,Habitats,II
5284815519,"Eriogaster catax (Linnaeus, 1767)",Eriogaster catax,Bosrandspinner,Animalia,Arthropoda,Insecta,Lepidoptera,Lasiocampidae,Eriogaster,SPECIES,4525268,4525268,DD,Data Deficient,2014-04-27,2014,4,27,42.586106,21.548423,7071,481,,Kamenicë / Kosovska Kamenica,Gjilan / Gnjilane,HUMAN_OBSERVATION,,,Bogoljub Milošević,,HabiProt,,,d92e92e0-8d20-4756-a60b-3746f408c14c,CC_BY_NC_4_0,COORDINATE_ROUNDED;CONTINENT_DERIVED_FROM_COORDINATES,Habitats,II; IV
5284815060,"Euphydryas aurinia (Rottemburg, 1775)",Euphydryas aurinia,Marsh Fritillary,Animalia,Arthropoda,Insecta,Lepidoptera,Nymphalidae,Euphydryas,SPECIES,4535809,4535809,NE,Not Evaluated,2016-05-29,2016,5,29,42.586106,21.548423,7071,495,,Kamenicë / Kosovska Kamenica,Gjilan / Gnjilane,HUMAN_OBSERVATION,1,,Bogoljub Milošević,Miroslav Miljević,HabiProt,,,d92e92e0-8d20-4756-a60b-3746f408c14c,CC_BY_NC_4_0,COORDINATE_ROUNDED;CONTINENT_DERIVED_FROM_COORDINATES;OCCURRENCE_STATUS_INFERRED_FROM_INDIVIDUAL_COUNT,Habitats,II
5284813505,"Morimus funereus Mulsant, 1862",Morimus funereus,Cerambice Funereo,Animalia,Arthropoda,Insecta,Coleoptera,Cerambycidae,Morimus,SPECIES,1119288,1119288,VU,Vulnerable,1954-05-12,1954,5,12,42.676159,20.450786,7071,424,,Istog / Istok,Pejë / Peć,HUMAN_OBSERVATION,,,Dragan Pavićević,Dragan Pavićević,HabiProt,,,d92e92e0-8d20-4756-a60b-3746f408c14c,CC_BY_NC_4_0,COORDINATE_ROUNDED;CONTINENT_DERIVED_FROM_COORDINATES,Habitats,II
5284793423,"Fabriciana niobe (Linnaeus, 1761)",Fabriciana niobe,Niobe Fritillary,Animalia,Arthropoda,Insecta,Lepidoptera,Nymphalidae,Fabriciana,SPECIES,8078362,8078362,NE,Not Evaluated,2009-08-02,2009,8,2,43.217637,20.815317,7071,1236,,Leposaviq / Leposavić,Mitrovicë / Kosovska Mitrovica,HUMAN_OBSERVATION,,,Filip Franeta,,HabiProt,,,d92e92e0-8d20-4756-a60b-3746f408c14c,CC_BY_NC_4_0,COORDINATE_ROUNDED;CONTINENT_DERIVED_FROM_COORDINATES,Habitats,IV
5284792758,"Eriogaster catax (Linnaeus, 1767)",Eriogaster catax,Bosrandspinner,Animalia,Arthropoda,Insecta,Lepidoptera,Lasiocampidae,Eriogaster,SPECIES,4525268,4525268,DD,Data Deficient,2012-04-29,2012,4,29,42.586106,21.548423,7071,481,,Kamenicë / Kosovska Kamenica,Gjilan / Gnjilane,HUMAN_OBSERVATION,,,Bogoljub Milošević,,HabiProt,,,d92e92e0-8d20-4756-a60b-3746f408c14c,CC_BY_NC_4_0,COORDINATE_ROUNDED;CONTINENT_DERIVED_FROM_COORDINATES,Habitats,II; IV
5284792279,"Eriogaster catax (Linnaeus, 1767)",Eriogaster catax,Bosrandspinner,Animalia,Arthropoda,Insecta,Lepidoptera,Lasiocampidae,Eriogaster,SPECIES,4525268,4525268,DD,Data Deficient,2014-05-12,2014,5,12,42.586106,21.548423,7071,481,,Kamenicë / Kosovska Kamenica,Gjilan / Gnjilane,HUMAN_OBSERVATION,,,Bogoljub Milošević,,HabiProt,,,d92e92e0-8d20-4756-a60b-3746f408c14c,CC_BY_NC_4_0,COORDINATE_ROUNDED;CONTINENT_DERIVED_FROM_COORDINATES,Habitats,II; IV
5284789620,"Fabriciana niobe (Linnaeus, 1761)",Fabriciana niobe,Niobe Fritillary,Animalia,Arthropoda,Insecta,Lepidoptera,Nymphalidae,Fabriciana,SPECIES,8078362,8078362,NE,Not Evaluated,2009-08-02,2009,8,2,43.217637,20.815317,7071,1099,,Leposaviq / Leposavić,Mitrovicë / Kosovska Mitrovica,HUMAN_OBSERVATION,,,Milan Đurić,,HabiProt,,,d92e92e0-8d20-4756-a60b-3746f408c14c,CC_BY_NC_4_0,COORDINATE_ROUNDED;CONTINENT_DERIVED_FROM_COORDINATES,Habitats,IV
5284789319,"Aricia anteros (Freyer, 1838)",Polyommatus eros,Eros Blue,Animalia,Arthropoda,Insecta,Lepidoptera,Lycaenidae,Polyommatus,SPECIES,9195563,5140244,NE,Not Evaluated,1939-08-30,1939,8,30,42.675509,20.328745,7071,482,,Pejë / Peć,Pejë / Peć,HUMAN_OBSERVATION,,,"Anđus, Lj. (2008) Dnevni leptiri u muzeju",,HabiProt,,,d92e92e0-8d20-4756-a60b-3746f408c14c,CC_BY_NC_4_0,COORDINATE_ROUNDED;CONTINENT_DERIVED_FROM_COORDINATES,Habitats,II; IV
5284786044,"Euplagia quadripunctaria (Poda, 1761)",Euplagia quadripunctaria,Jersey Tiger,Animalia,Arthropoda,Insecta,Lepidoptera,Erebidae,Euplagia,SPECIES,4532532,4532532,NE,Not Evaluated,2007-08-16,2007,8,16,42.947489,20.816126,7071,500,,Zveçan / Zvečan,Mitrovicë / Kosovska Mitrovica,HUMAN_OBSERVATION,,,Milan Đurić,,HabiProt,,,d92e92e0-8d20-4756-a60b-3746f408c14c,CC_BY_NC_4_0,COORDINATE_ROUNDED;CONTINENT_DERIVED_FROM_COORDINATES,Habitats,II
5284785712,"Rosalia alpina (Linnaeus, 1758)",Rosalia alpina,Alpbock,Animalia,Arthropoda,Insecta,Coleoptera,Cerambycidae,Rosalia,SPECIES,7569075,7569075,VU,Vulnerable,2009-08-02,2009,8,2,43.217637,20.815317,7071,1099,,Leposaviq / Leposavić,Mitrovicë / Kosovska Mitrovica,HUMAN_OBSERVATION,,,Milan Đurić,,HabiProt,,,d92e92e0-8d20-4756-a60b-3746f408c14c,CC_BY_NC_4_0,COORDINATE_ROUNDED;CONTINENT_DERIVED_FROM_COORDINATES,Habitats,II; IV
5284771421,"Apatura ilia (Denis & Schiffermüller) , 1775",Apatura ilia,Kleiner Schillerfalter,Animalia,Arthropoda,Insecta,Lepidoptera,Nymphalidae,Apatura,SPECIES,8138711,8138711,NE,Not Evaluated,2024-06-09,2024,6,9,42.586106,21.548423,7071,641,,Kamenicë / Kosovska Kamenica,Gjilan / Gnjilane,HUMAN_OBSERVATION,1,,Jules Domalain,Jules Domalain,HabiProt,,,d92e92e0-8d20-4756-a60b-3746f408c14c,CC_BY_NC_4_0,COORDINATE_ROUNDED;CONTINENT_DERIVED_FROM_COORDINATES;OCCURRENCE_STATUS_INFERRED_FROM_INDIVIDUAL_COUNT,Habitats,IV
5284769835,"Lycaena dispar (Haworth, 1803)",Lycaena dispar,Large Copper,Animalia,Arthropoda,Insecta,Lepidoptera,Lycaenidae,Lycaena,SPECIES,1929270,1929270,NT,Near Threatened,2012-07-17,2012,7,17,42.586106,21.548423,7071,481,,Kamenicë / Kosovska Kamenica,Gjilan / Gnjilane,HUMAN_OBSERVATION,,,Bogoljub Milošević,,HabiProt,,,d92e92e0-8d20-4756-a60b-3746f408c14c,CC_BY_NC_4_0,COORDINATE_ROUNDED;CONTINENT_DERIVED_FROM_COORDINATES,Habitats,II; IV
5284767026,"Lycaena dispar (Haworth, 1803)",Lycaena dispar,Large Copper,Animalia,Arthropoda,Insecta,Lepidoptera,Lycaenidae,Lycaena,SPECIES,1929270,1929270,NT,Near Threatened,2011-09-16,2011,9,16,42.586106,21.548423,7071,481,,Kamenicë / Kosovska Kamenica,Gjilan / Gnjilane,HUMAN_OBSERVATION,,,Bogoljub Milošević,,HabiProt,,,d92e92e0-8d20-4756-a60b-3746f408c14c,CC_BY_NC_4_0,COORDINATE_ROUNDED;CONTINENT_DERIVED_FROM_COORDINATES,Habitats,II; IV
5284764333,"Lycaena dispar (Haworth, 1803)",Lycaena dispar,Large Copper,Animalia,Arthropoda,Insecta,Lepidoptera,Lycaenidae,Lycaena,SPECIES,1929270,1929270,NT,Near Threatened,2007-07-04,2007,7,4,42.947489,20.816126,7071,500,,Zveçan / Zvečan,Mitrovicë / Kosovska Mitrovica,HUMAN_OBSERVATION,,,Milan Đurić,,HabiProt,,,d92e92e0-8d20-4756-a60b-3746f408c14c,CC_BY_NC_4_0,COORDINATE_ROUNDED;CONTINENT_DERIVED_FROM_COORDINATES,Habitats,II; IV
5284764101,"Lycaena dispar (Haworth, 1803)",Lycaena dispar,Large Copper,Animalia,Arthropoda,Insecta,Lepidoptera,Lycaenidae,Lycaena,SPECIES,1929270,1929270,NT,Near Threatened,2011-08-30,2011,8,30,42.586106,21.548423,7071,481,,Kamenicë / Kosovska Kamenica,Gjilan / Gnjilane,HUMAN_OBSERVATION,,,Bogoljub Milošević,,HabiProt,,,d92e92e0-8d20-4756-a60b-3746f408c14c,CC_BY_NC_4_0,COORDINATE_ROUNDED;CONTINENT_DERIVED_FROM_COORDINATES,Habitats,II; IV
5284763930,"Euphydryas aurinia (Rottemburg, 1775)",Euphydryas aurinia,Marsh Fritillary,Animalia,Arthropoda,Insecta,Lepidoptera,Nymphalidae,Euphydryas,SPECIES,4535809,4535809,NE,Not Evaluated,2003-05-28,2003,5,28,42.947489,20.816126,7071,488,,Zveçan / Zvečan,Mitrovicë / Kosovska Mitrovica,HUMAN_OBSERVATION,,,Predrag Jakšić,,HabiProt,,,d92e92e0-8d20-4756-a60b-3746f408c14c,CC_BY_NC_4_0,COORDINATE_ROUNDED;CONTINENT_DERIVED_FROM_COORDINATES,Habitats,II
5284753077,"Apatura ilia (Denis & Schiffermüller) , 1775",Apatura ilia,Kleiner Schillerfalter,Animalia,Arthropoda,Insecta,Lepidoptera,Nymphalidae,Apatura,SPECIES,8138711,8138711,NE,Not Evaluated,2024-06-05,2024,6,5,42.586106,21.548423,7071,772,,Kamenicë / Kosovska Kamenica,Gjilan / Gnjilane,HUMAN_OBSERVATION,1,,Jules Domalain,Jules Domalain,HabiProt,,,d92e92e0-8d20-4756-a60b-3746f408c14c,CC_BY_NC_4_0,COORDINATE_ROUNDED;CONTINENT_DERIVED_FROM_COORDINATES;OCCURRENCE_STATUS_INFERRED_FROM_INDIVIDUAL_COUNT,Habitats,IV
5284747751,"Lycaena dispar (Haworth, 1803)",Lycaena dispar,Large Copper,Animalia,Arthropoda,Insecta,Lepidoptera,Lycaenidae,Lycaena,SPECIES,1929270,1929270,NT,Near Threatened,2012-07-19,2012,7,19,42.586106,21.548423,7071,481,,Kamenicë / Kosovska Kamenica,Gjilan / Gnjilane,HUMAN_OBSERVATION,,,Bogoljub Milošević,,HabiProt,,,d92e92e0-8d20-4756-a60b-3746f408c14c,CC_BY_NC_4_0,COORDINATE_ROUNDED;CONTINENT_DERIVED_FROM_COORDINATES,Habitats,II; IV
5284743022,"Lycaena dispar (Haworth, 1803)",Lycaena dispar,Large Copper,Animalia,Arthropoda,Insecta,Lepidoptera,Lycaenidae,Lycaena,SPECIES,1929270,1929270,NT,Near Threatened,2007-07-04,2007,7,4,43.03754,20.815858,7071,495,,Leposaviq / Leposavić,Mitrovicë / Kosovska Mitrovica,HUMAN_OBSERVATION,,,Milan Đurić,,HabiProt,,,d92e92e0-8d20-4756-a60b-3746f408c14c,CC_BY_NC_4_0,COORDINATE_ROUNDED;CONTINENT_DERIVED_FROM_COORDINATES,Habitats,II; IV
5284742667,"Lycaena dispar (Haworth, 1803)",Lycaena dispar,Large Copper,Animalia,Arthropoda,Insecta,Lepidoptera,Lycaenidae,Lycaena,SPECIES,1929270,1929270,NT,Near Threatened,2003-05-28,2003,5,28,42.947489,20.816126,7071,450,,Zveçan / Zvečan,Mitrovicë / Kosovska Mitrovica,HUMAN_OBSERVATION,,,Predrag Jakšić,,HabiProt,,,d92e92e0-8d20-4756-a60b-3746f408c14c,CC_BY_NC_4_0,COORDINATE_ROUNDED;CONTINENT_DERIVED_FROM_COORDINATES,Habitats,II; IV
5284734585,"Euphydryas aurinia (Rottemburg, 1775)",Euphydryas aurinia,Marsh Fritillary,Animalia,Arthropoda,Insecta,Lepidoptera,Nymphalidae,Euphydryas,SPECIES,4535809,4535809,NE,Not Evaluated,2024-06-09,2024,6,9,42.586106,21.548423,7071,648,,Kamenicë / Kosovska Kamenica,Gjilan / Gnjilane,HUMAN_OBSERVATION,1,,Jules Domalain,Jules Domalain,HabiProt,,,d92e92e0-8d20-4756-a60b-3746f408c14c,CC_BY_NC_4_0,COORDINATE_ROUNDED;CONTINENT_DERIVED_FROM_COORDINATES;OCCURRENCE_STATUS_INFERRED_FROM_INDIVIDUAL_COUNT,Habitats,II
5284734582,"Zerynthia polyxena (Denis & Schiffermüller) , 1775",Zerynthia polyxena,Osterluzeifalter,Animalia,Arthropoda,Insecta,Lepidoptera,Papilionidae,Zerynthia,SPECIES,5141262,5141262,NE,Not Evaluated,2024-04-27,2024,4,27,42.586106,21.548423,7071,780,,Kamenicë / Kosovska Kamenica,Gjilan / Gnjilane,HUMAN_OBSERVATION,1,,Jules Domalain,Jules Domalain,HabiProt,,,d92e92e0-8d20-4756-a60b-3746f408c14c,CC_BY_NC_4_0,COORDINATE_ROUNDED;CONTINENT_DERIVED_FROM_COORDINATES;OCCURRENCE_STATUS_INFERRED_FROM_INDIVIDUAL_COUNT,Habitats,IV
5284725554,"Euphydryas aurinia (Rottemburg, 1775)",Euphydryas aurinia,Marsh Fritillary,Animalia,Arthropoda,Insecta,Lepidoptera,Nymphalidae,Euphydryas,SPECIES,4535809,4535809,NE,Not Evaluated,2024-05-07,2024,5,7,42.586106,21.548423,7071,824,,Kamenicë / Kosovska Kamenica,Gjilan / Gnjilane,HUMAN_OBSERVATION,1,,Jules Domalain,Jules Domalain,HabiProt,,,d92e92e0-8d20-4756-a60b-3746f408c14c,CC_BY_NC_4_0,COORDINATE_ROUNDED;CONTINENT_DERIVED_FROM_COORDINATES;OCCURRENCE_STATUS_INFERRED_FROM_INDIVIDUAL_COUNT,Habitats,II
5284719312,"Lucanus cervus (Linnaeus, 1758)",Lucanus cervus,Stag Beetle,Animalia,Arthropoda,Insecta,Coleoptera,Lucanidae,Lucanus,SPECIES,5743122,5743122,NE,Not Evaluated,2025-06-02,2025,6,2,43.127325,20.692648,7071,458,,Leposaviq / Leposavić,Mitrovicë / Kosovska Mitrovica,HUMAN_OBSERVATION,,,Rufford 1,Sanja Banjanac,HabiProt,,,d92e92e0-8d20-4756-a60b-3746f408c14c,CC_BY_NC_4_0,COORDINATE_ROUNDED;CONTINENT_DERIVED_FROM_COORDINATES,Habitats,II
5284714199,"Euphydryas aurinia (Rottemburg, 1775)",Euphydryas aurinia,Marsh Fritillary,Animalia,Arthropoda,Insecta,Lepidoptera,Nymphalidae,Euphydryas,SPECIES,4535809,4535809,NE,Not Evaluated,2024-05-19,2024,5,19,42.586106,21.548423,7071,876,,Kamenicë / Kosovska Kamenica,Gjilan / Gnjilane,HUMAN_OBSERVATION,1,,Jules Domalain,Jules Domalain,HabiProt,,,d92e92e0-8d20-4756-a60b-3746f408c14c,CC_BY_NC_4_0,COORDINATE_ROUNDED;CONTINENT_DERIVED_FROM_COORDINATES;OCCURRENCE_STATUS_INFERRED_FROM_INDIVIDUAL_COUNT,Habitats,II
5284704814,"Phengaris arion (Linnaeus, 1758)",Maculinea arion,Large Blue,Animalia,Arthropoda,Insecta,Lepidoptera,Lycaenidae,Maculinea,SPECIES,4535168,1922311,NT,Near Threatened,2024-06-09,2024,6,9,42.586106,21.548423,7071,651,,Kamenicë / Kosovska Kamenica,Gjilan / Gnjilane,HUMAN_OBSERVATION,1,,Jules Domalain,Jules Domalain,HabiProt,,,d92e92e0-8d20-4756-a60b-3746f408c14c,CC_BY_NC_4_0,COORDINATE_ROUNDED;CONTINENT_DERIVED_FROM_COORDINATES;OCCURRENCE_STATUS_INFERRED_FROM_INDIVIDUAL_COUNT,Habitats,IV
5284692464,"Polyommatus eros (Ochsenheimer, 1808)",Polyommatus eros,Eros Blue,Animalia,Arthropoda,Insecta,Lepidoptera,Lycaenidae,Polyommatus,SPECIES,5140244,5140244,NE,Not Evaluated,2024-06-17,2024,6,17,43.217637,20.815317,7071,1135,,Leposaviq / Leposavić,Mitrovicë / Kosovska Mitrovica,HUMAN_OBSERVATION,,,Miroslav Miljević,Miroslav Miljević,HabiProt,,,d92e92e0-8d20-4756-a60b-3746f408c14c,CC_BY_NC_4_0,COORDINATE_ROUNDED;CONTINENT_DERIVED_FROM_COORDINATES,Habitats,II; IV
5284690094,"Fabriciana niobe (Linnaeus, 1761)",Fabriciana niobe,Niobe Fritillary,Animalia,Arthropoda,Insecta,Lepidoptera,Nymphalidae,Fabriciana,SPECIES,8078362,8078362,NE,Not Evaluated,2024-06-28,2024,6,28,43.217372,20.692196,7071,531,,Leposaviq / Leposavić,Mitrovicë / Kosovska Mitrovica,HUMAN_OBSERVATION,,,Ivan Tot,Ivan Tot,HabiProt,,,d92e92e0-8d20-4756-a60b-3746f408c14c,CC_BY_NC_4_0,COORDINATE_ROUNDED;CONTINENT_DERIVED_FROM_COORDINATES,Habitats,IV
5284688165,"Parnassius mnemosyne (Linnaeus, 1758)",Parnassius mnemosyne,Clouded Apollo,Animalia,Arthropoda,Insecta,Lepidoptera,Papilionidae,Parnassius,SPECIES,1938520,1938520,LC,Least Concern,2024-05-07,2024,5,7,42.586106,21.548423,7071,803,,Kamenicë / Kosovska Kamenica,Gjilan / Gnjilane,HUMAN_OBSERVATION,1,,Jules Domalain,Jules Domalain,HabiProt,,,d92e92e0-8d20-4756-a60b-3746f408c14c,CC_BY_NC_4_0,COORDINATE_ROUNDED;CONTINENT_DERIVED_FROM_COORDINATES;OCCURRENCE_STATUS_INFERRED_FROM_INDIVIDUAL_COUNT,Habitats,IV
5284685235,"Phengaris arion (Linnaeus, 1758)",Maculinea arion,Large Blue,Animalia,Arthropoda,Insecta,Lepidoptera,Lycaenidae,Maculinea,SPECIES,4535168,1922311,NT,Near Threatened,2024-06-30,2024,6,30,42.586106,21.548423,7071,667,,Kamenicë / Kosovska Kamenica,Gjilan / Gnjilane,HUMAN_OBSERVATION,1,,Jules Domalain,Jules Domalain,HabiProt,,,d92e92e0-8d20-4756-a60b-3746f408c14c,CC_BY_NC_4_0,COORDINATE_ROUNDED;CONTINENT_DERIVED_FROM_COORDINATES;OCCURRENCE_STATUS_INFERRED_FROM_INDIVIDUAL_COUNT,Habitats,IV
5284645186,"Euphydryas aurinia (Rottemburg, 1775)",Euphydryas aurinia,Marsh Fritillary,Animalia,Arthropoda,Insecta,Lepidoptera,Nymphalidae,Euphydryas,SPECIES,4535809,4535809,NE,Not Evaluated,2022-05-05,2022,5,5,42.586625,21.426555,7071,941,,Novobërda / Novo Brdo,Prishtinë / Priština,HUMAN_OBSERVATION,,,Miloš Bogdanović (FB),Mihailo Vujić,HabiProt,,,d92e92e0-8d20-4756-a60b-3746f408c14c,CC_BY_NC_4_0,COORDINATE_ROUNDED;CONTINENT_DERIVED_FROM_COORDINATES,Habitats,II
5284578428,"Paracaloptenus caloptenoides (Brunner von Wattenwyl, 1861)",Paracaloptenus caloptenoides,Balkan Pincer Grasshopper,Animalia,Arthropoda,Insecta,Orthoptera,Acrididae,Paracaloptenus,SPECIES,1702607,1702607,NE,Not Evaluated,1995-08-25,1995,8,25,42.13697,20.818489,7071,734,,Prizreni / Prizren,Prizren,HUMAN_OBSERVATION,,,"Pavićević D, Karaman I. (2016) Orthoptera Šara",,HabiProt,,,d92e92e0-8d20-4756-a60b-3746f408c14c,CC_BY_NC_4_0,COORDINATE_ROUNDED;CONTINENT_DERIVED_FROM_COORDINATES,Habitats,II; IV
5284567363,"Parnassius mnemosyne (Linnaeus, 1758)",Parnassius mnemosyne,Clouded Apollo,Animalia,Arthropoda,Insecta,Lepidoptera,Papilionidae,Parnassius,SPECIES,1938520,1938520,LC,Least Concern,2007-11-30,2007,11,30,42.496569,21.425943,7071,0,,Gjilani / Gnjilane,Gjilan / Gnjilane,HUMAN_OBSERVATION,,,"Jakšić, P. [ed.] (2008) PBA in Serbia",,HabiProt,,,d92e92e0-8d20-4756-a60b-3746f408c14c,CC_BY_NC_4_0,COORDINATE_ROUNDED;CONTINENT_DERIVED_FROM_COORDINATES,Habitats,IV
5284567326,"Parnassius mnemosyne (Linnaeus, 1758)",Parnassius mnemosyne,Clouded Apollo,Animalia,Arthropoda,Insecta,Lepidoptera,Papilionidae,Parnassius,SPECIES,1938520,1938520,LC,Least Concern,2002-11-30,2002,11,30,42.58468,20.207852,7071,0,,Deçan / Dečani,Gjakovë / Đakovica,HUMAN_OBSERVATION,,,"Jakšić, P. (2003) Crvena knjiga d leptira Srbije",,HabiProt,,,d92e92e0-8d20-4756-a60b-3746f408c14c,CC_BY_NC_4_0,COORDINATE_ROUNDED;CONTINENT_DERIVED_FROM_COORDINATES,Habitats,IV
5284567324,"Polyommatus eros (Ochsenheimer, 1808)",Polyommatus eros,Eros Blue,Animalia,Arthropoda,Insecta,Lepidoptera,Lycaenidae,Polyommatus,SPECIES,5140244,5140244,NE,Not Evaluated,2002-11-30,2002,11,30,43.127589,20.815588,7071,0,,Leposaviq / Leposavić,Mitrovicë / Kosovska Mitrovica,HUMAN_OBSERVATION,,,"Jakšić, P. (2003) Crvena knjiga d leptira Srbije",,HabiProt,,,d92e92e0-8d20-4756-a60b-3746f408c14c,CC_BY_NC_4_0,COORDINATE_ROUNDED;CONTINENT_DERIVED_FROM_COORDINATES,Habitats,II; IV
5284567317,"Phengaris arion (Linnaeus, 1758)",Maculinea arion,Large Blue,Animalia,Arthropoda,Insecta,Lepidoptera,Lycaenidae,Maculinea,SPECIES,4535168,1922311,NT,Near Threatened,2002-11-30,2002,11,30,42.583773,20.085997,7071,0,,Deçan / Dečani,Gjakovë / Đakovica,HUMAN_OBSERVATION,,,"Jakšić, P. (2003) Crvena knjiga d leptira Srbije",,HabiProt,,,d92e92e0-8d20-4756-a60b-3746f408c14c,CC_BY_NC_4_0,COORDINATE_ROUNDED;CONTINENT_DERIVED_FROM_COORDINATES,Habitats,IV
5284567314,"Lycaena dispar (Haworth, 1803)",Lycaena dispar,Large Copper,Animalia,Arthropoda,Insecta,Lepidoptera,Lycaenidae,Lycaena,SPECIES,1929270,1929270,NT,Near Threatened,2002-11-30,2002,11,30,42.677329,21.183075,7071,0,,Prishtinë / Priština,Prishtinë / Priština,HUMAN_OBSERVATION,,,"Jakšić, P. (2003) Crvena knjiga d leptira Srbije",,HabiProt,,,d92e92e0-8d20-4756-a60b-3746f408c14c,CC_BY_NC_4_0,COORDINATE_ROUNDED;CONTINENT_DERIVED_FROM_COORDINATES,Habitats,II; IV
5284567309,"Zerynthia polyxena (Denis & Schiffermüller) , 1775",Zerynthia polyxena,Osterluzeifalter,Animalia,Arthropoda,Insecta,Lepidoptera,Papilionidae,Zerynthia,SPECIES,5141262,5141262,NE,Not Evaluated,2002-11-30,2002,11,30,42.586625,21.426555,7071,0,,Novobërda / Novo Brdo,Prishtinë / Priština,HUMAN_OBSERVATION,,,"Jakšić, P. (2003) Crvena knjiga d leptira Srbije",,HabiProt,,,d92e92e0-8d20-4756-a60b-3746f408c14c,CC_BY_NC_4_0,COORDINATE_ROUNDED;CONTINENT_DERIVED_FROM_COORDINATES,Habitats,IV
5284567302,"Aricia anteros (Freyer, 1838)",Polyommatus eros,Eros Blue,Animalia,Arthropoda,Insecta,Lepidoptera,Lycaenidae,Polyommatus,SPECIES,9195563,5140244,NE,Not Evaluated,2002-11-30,2002,11,30,42.316453,20.575274,7071,0,,Gjakova / Đakovica,Gjakovë / Đakovica,HUMAN_OBSERVATION,,,"Jakšić, P. (2003) Crvena knjiga d leptira Srbije",,HabiProt,,,d92e92e0-8d20-4756-a60b-3746f408c14c,CC_BY_NC_4_0,COORDINATE_ROUNDED;CONTINENT_DERIVED_FROM_COORDINATES,Habitats,II; IV
5284565794,"Lycaena dispar (Haworth, 1803)",Lycaena dispar,Large Copper,Animalia,Arthropoda,Insecta,Lepidoptera,Lycaenidae,Lycaena,SPECIES,1929270,1929270,NT,Near Threatened,1998-11-30,1998,11,30,42.765558,20.327774,7071,0,,Istog / Istok,Pejë / Peć,HUMAN_OBSERVATION,,,"Jakšić, P. [ed.] (2008) PBA in Serbia",,HabiProt,,,d92e92e0-8d20-4756-a60b-3746f408c14c,CC_BY_NC_4_0,COORDINATE_ROUNDED;CONTINENT_DERIVED_FROM_COORDINATES,Habitats,II; IV
5284565755,"Euphydryas aurinia (Rottemburg, 1775)",Euphydryas aurinia,Marsh Fritillary,Animalia,Arthropoda,Insecta,Lepidoptera,Nymphalidae,Euphydryas,SPECIES,4535809,4535809,NE,Not Evaluated,2002-11-30,2002,11,30,43.127325,20.692648,7071,0,,Leposaviq / Leposavić,Mitrovicë / Kosovska Mitrovica,HUMAN_OBSERVATION,,,"Jakšić, P. (2003) Crvena knjiga d leptira Srbije",,HabiProt,,,d92e92e0-8d20-4756-a60b-3746f408c14c,CC_BY_NC_4_0,COORDINATE_ROUNDED;CONTINENT_DERIVED_FROM_COORDINATES,Habitats,II
5284565747,"Lycaena dispar (Haworth, 1803)",Lycaena dispar,Large Copper,Animalia,Arthropoda,Insecta,Lepidoptera,Lycaenidae,Lycaena,SPECIES,1929270,1929270,NT,Near Threatened,2002-11-30,2002,11,30,43.127325,20.692648,7071,0,,Leposaviq / Leposavić,Mitrovicë / Kosovska Mitrovica,HUMAN_OBSERVATION,,,"Jakšić, P. (2003) Crvena knjiga d leptira Srbije",,HabiProt,,,d92e92e0-8d20-4756-a60b-3746f408c14c,CC_BY_NC_4_0,COORDINATE_ROUNDED;CONTINENT_DERIVED_FROM_COORDINATES,Habitats,II; IV
5284565743,"Zerynthia polyxena (Denis & Schiffermüller) , 1775",Zerynthia polyxena,Osterluzeifalter,Animalia,Arthropoda,Insecta,Lepidoptera,Papilionidae,Zerynthia,SPECIES,5141262,5141262,NE,Not Evaluated,2002-11-30,2002,11,30,42.587273,21.182811,7071,0,,Prishtinë / Priština,Prishtinë / Priština,HUMAN_OBSERVATION,,,"Jakšić, P. (2003) Crvena knjiga d leptira Srbije",,HabiProt,,,d92e92e0-8d20-4756-a60b-3746f408c14c,CC_BY_NC_4_0,COORDINATE_ROUNDED;CONTINENT_DERIVED_FROM_COORDINATES,Habitats,IV
5284565735,"Aricia anteros (Freyer, 1838)",Polyommatus eros,Eros Blue,Animalia,Arthropoda,Insecta,Lepidoptera,Lycaenidae,Polyommatus,SPECIES,9195563,5140244,NE,Not Evaluated,2002-11-30,2002,11,30,42.136332,20.57648,7071,0,,Prizreni / Prizren,Prizren,HUMAN_OBSERVATION,,,"Jakšić, P. (2003) Crvena knjiga d leptira Srbije",,HabiProt,,,d92e92e0-8d20-4756-a60b-3746f408c14c,CC_BY_NC_4_0,COORDINATE_ROUNDED;CONTINENT_DERIVED_FROM_COORDINATES,Habitats,II; IV
5284565715,"Polyommatus eros (Ochsenheimer, 1808)",Polyommatus eros,Eros Blue,Animalia,Arthropoda,Insecta,Lepidoptera,Lycaenidae,Polyommatus,SPECIES,5140244,5140244,NE,Not Evaluated,1996-07-02,1996,7,2,42.226394,20.575878,7071,1033,,Prizreni / Prizren,Prizren,HUMAN_OBSERVATION,,,"Jakšić, P. (2007) Dnevni leptiri Paštrika. AES 12",,HabiProt,,,d92e92e0-8d20-4756-a60b-3746f408c14c,CC_BY_NC_4_0,COORDINATE_ROUNDED;CONTINENT_DERIVED_FROM_COORDINATES,Habitats,II; IV
5284565698,"Phengaris arion (Linnaeus, 1758)",Maculinea arion,Large Blue,Animalia,Arthropoda,Insecta,Lepidoptera,Lycaenidae,Maculinea,SPECIES,4535168,1922311,NT,Near Threatened,1994-11-30,1994,11,30,42.673818,20.084679,7071,1179,,Pejë / Peć,Pejë / Peć,HUMAN_OBSERVATION,,,"Jakšić, P., Živić, N. (1995) Kosovo Metohija. GPMB",,HabiProt,,,d92e92e0-8d20-4756-a60b-3746f408c14c,CC_BY_NC_4_0,COORDINATE_ROUNDED;CONTINENT_DERIVED_FROM_COORDINATES,Habitats,IV
5284565633,"Erebia ottomana Herrich-Schäffer, 1847",Erebia tyndarus,Swiss Brassy Ringlet,Animalia,Arthropoda,Insecta,Lepidoptera,Nymphalidae,Erebia,SPECIES,5134917,8233062,LC,Least Concern,1987-11-30,1987,11,30,42.046651,20.697911,7071,0,,Dragash / Dragaš,Prizren,HUMAN_OBSERVATION,,,"Jakšić, P. (1988) Karte dnevnih leptira YU",,HabiProt,,,d92e92e0-8d20-4756-a60b-3746f408c14c,CC_BY_NC_4_0,COORDINATE_ROUNDED;CONTINENT_DERIVED_FROM_COORDINATES,Habitats,II; IV
5284565490,"Parnassius apollo (Linnaeus, 1758)",Parnassius apollo,Apollo,Animalia,Arthropoda,Insecta,Lepidoptera,Papilionidae,Parnassius,SPECIES,1938810,1938810,LC,Least Concern,1987-11-30,1987,11,30,42.494631,20.20899,7071,0,,Deçan / Dečani,Gjakovë / Đakovica,HUMAN_OBSERVATION,,,"Jakšić, P. (1988) Karte dnevnih leptira YU",,HabiProt,,,d92e92e0-8d20-4756-a60b-3746f408c14c,CC_BY_NC_4_0,COORDINATE_ROUNDED;CONTINENT_DERIVED_FROM_COORDINATES,Habitats,IV
5284563720,"Paracaloptenus caloptenoides (Brunner von Wattenwyl, 1861)",Paracaloptenus caloptenoides,Balkan Pincer Grasshopper,Animalia,Arthropoda,Insecta,Orthoptera,Acrididae,Paracaloptenus,SPECIES,1702607,1702607,NE,Not Evaluated,1995-08-25,1995,8,25,42.13697,20.818489,7071,708,,Prizreni / Prizren,Prizren,HUMAN_OBSERVATION,,,"Pavićević D, Karaman I. (2016) Orthoptera Šara",,HabiProt,,,d92e92e0-8d20-4756-a60b-3746f408c14c,CC_BY_NC_4_0,COORDINATE_ROUNDED;CONTINENT_DERIVED_FROM_COORDINATES,Habitats,II; IV
5284562462,"Pseudophilotes bavius (Ivirsmann, 1832)",Pseudophilotes bavius,Bavius Blue,Animalia,Arthropoda,Insecta,Lepidoptera,Lycaenidae,Pseudophilotes,SPECIES,4535092,4535092,NE,Not Evaluated,2007-11-30,2007,11,30,42.677329,21.183075,7071,0,,Prishtinë / Priština,Prishtinë / Priština,HUMAN_OBSERVATION,,,"Jakšić, P. [ed.] (2008) PBA in Serbia",,HabiProt,,,d92e92e0-8d20-4756-a60b-3746f408c14c,CC_BY_NC_4_0,COORDINATE_ROUNDED;CONTINENT_DERIVED_FROM_COORDINATES,Habitats,II; IV
5284562457,"Lycaena dispar (Haworth, 1803)",Lycaena dispar,Large Copper,Animalia,Arthropoda,Insecta,Lepidoptera,Lycaenidae,Lycaena,SPECIES,1929270,1929270,NT,Near Threatened,1998-11-30,1998,11,30,42.227162,21.06059,7071,0,,Shtërpcë / Štrpce,Ferizaj / Uroševac,HUMAN_OBSERVATION,,,"Jakšić, P. [ed.] (2008) PBA in Serbia",,HabiProt,,,d92e92e0-8d20-4756-a60b-3746f408c14c,CC_BY_NC_4_0,COORDINATE_ROUNDED;CONTINENT_DERIVED_FROM_COORDINATES,Habitats,II; IV
5284562426,"Parnassius mnemosyne (Linnaeus, 1758)",Parnassius mnemosyne,Clouded Apollo,Animalia,Arthropoda,Insecta,Lepidoptera,Papilionidae,Parnassius,SPECIES,1938520,1938520,LC,Least Concern,2002-11-30,2002,11,30,42.587273,21.182811,7071,0,,Prishtinë / Priština,Prishtinë / Priština,HUMAN_OBSERVATION,,,"Jakšić, P. (2003) Crvena knjiga d leptira Srbije",,HabiProt,,,d92e92e0-8d20-4756-a60b-3746f408c14c,CC_BY_NC_4_0,COORDINATE_ROUNDED;CONTINENT_DERIVED_FROM_COORDINATES,Habitats,IV
5284562410,"Parnassius apollo (Linnaeus, 1758)",Parnassius apollo,Apollo,Animalia,Arthropoda,Insecta,Lepidoptera,Papilionidae,Parnassius,SPECIES,1938810,1938810,LC,Least Concern,2002-11-30,2002,11,30,42.405353,20.331633,7071,0,,Gjakova / Đakovica,Gjakovë / Đakovica,HUMAN_OBSERVATION,,,"Jakšić, P. (2003) Crvena knjiga d leptira Srbije",,HabiProt,,,d92e92e0-8d20-4756-a60b-3746f408c14c,CC_BY_NC_4_0,COORDINATE_ROUNDED;CONTINENT_DERIVED_FROM_COORDINATES,Habitats,IV
5284562346,"Lycaena dispar (Haworth, 1803)",Lycaena dispar,Large Copper,Animalia,Arthropoda,Insecta,Lepidoptera,Lycaenidae,Lycaena,SPECIES,1929270,1929270,NT,Near Threatened,1939-08-30,1939,8,30,42.58468,20.207852,7071,648,,Deçan / Dečani,Gjakovë / Đakovica,HUMAN_OBSERVATION,,,"Anđus, Lj. (2008) Dnevni leptiri u muzeju",,HabiProt,,,d92e92e0-8d20-4756-a60b-3746f408c14c,CC_BY_NC_4_0,COORDINATE_ROUNDED;CONTINENT_DERIVED_FROM_COORDINATES,Habitats,II; IV
5284561535,"Zerynthia polyxena (Denis & Schiffermüller) , 1775",Zerynthia polyxena,Osterluzeifalter,Animalia,Arthropoda,Insecta,Lepidoptera,Papilionidae,Zerynthia,SPECIES,5141262,5141262,NE,Not Evaluated,2007-11-30,2007,11,30,42.496569,21.425943,7071,0,,Gjilani / Gnjilane,Gjilan / Gnjilane,HUMAN_OBSERVATION,,,"Jakšić, P. [ed.] (2008) PBA in Serbia",,HabiProt,,,d92e92e0-8d20-4756-a60b-3746f408c14c,CC_BY_NC_4_0,COORDINATE_ROUNDED;CONTINENT_DERIVED_FROM_COORDINATES,Habitats,IV
5284561531,"Pseudophilotes bavius (Ivirsmann, 1832)",Pseudophilotes bavius,Bavius Blue,Animalia,Arthropoda,Insecta,Lepidoptera,Lycaenidae,Pseudophilotes,SPECIES,4535092,4535092,NE,Not Evaluated,2007-11-30,2007,11,30,42.227162,21.06059,7071,0,,Shtërpcë / Štrpce,Ferizaj / Uroševac,HUMAN_OBSERVATION,,,"Jakšić, P. [ed.] (2008) PBA in Serbia",,HabiProt,,,d92e92e0-8d20-4756-a60b-3746f408c14c,CC_BY_NC_4_0,COORDINATE_ROUNDED;CONTINENT_DERIVED_FROM_COORDINATES,Habitats,II; IV
5284561482,"Apatura ilia (Denis & Schiffermüller) , 1775",Apatura ilia,Kleiner Schillerfalter,Animalia,Arthropoda,Insecta,Lepidoptera,Nymphalidae,Apatura,SPECIES,8138711,8138711,NE,Not Evaluated,2002-11-30,2002,11,30,43.03754,20.815858,7071,0,,Leposaviq / Leposavić,Mitrovicë / Kosovska Mitrovica,HUMAN_OBSERVATION,,,"Jakšić, P. (2003) Crvena knjiga d leptira Srbije",,HabiProt,,,d92e92e0-8d20-4756-a60b-3746f408c14c,CC_BY_NC_4_0,COORDINATE_ROUNDED;CONTINENT_DERIVED_FROM_COORDINATES,Habitats,IV
5284561477,"Phengaris arion (Linnaeus, 1758)",Maculinea arion,Large Blue,Animalia,Arthropoda,Insecta,Lepidoptera,Lycaenidae,Maculinea,SPECIES,4535168,1922311,NT,Near Threatened,2002-11-30,2002,11,30,42.13697,20.818489,7071,0,,Prizreni / Prizren,Prizren,HUMAN_OBSERVATION,,,"Jakšić, P. (2003) Crvena knjiga d leptira Srbije",,HabiProt,,,d92e92e0-8d20-4756-a60b-3746f408c14c,CC_BY_NC_4_0,COORDINATE_ROUNDED;CONTINENT_DERIVED_FROM_COORDINATES,Habitats,IV
5284561471,"Zerynthia polyxena (Denis & Schiffermüller) , 1775",Zerynthia polyxena,Osterluzeifalter,Animalia,Arthropoda,Insecta,Lepidoptera,Papilionidae,Zerynthia,SPECIES,5141262,5141262,NE,Not Evaluated,2002-11-30,2002,11,30,42.227034,21.181768,7071,0,,Kaçanik / Kačanik,Ferizaj / Uroševac,HUMAN_OBSERVATION,,,"Jakšić, P. (2003) Crvena knjiga d leptira Srbije",,HabiProt,,,d92e92e0-8d20-4756-a60b-3746f408c14c,CC_BY_NC_4_0,COORDINATE_ROUNDED;CONTINENT_DERIVED_FROM_COORDINATES,Habitats,IV
5284561434,"Apatura ilia (Denis & Schiffermüller) , 1775",Apatura ilia,Kleiner Schillerfalter,Animalia,Arthropoda,Insecta,Lepidoptera,Nymphalidae,Apatura,SPECIES,8138711,8138711,NE,Not Evaluated,1994-11-30,1994,11,30,43.03754,20.815858,7071,498,,Leposaviq / Leposavić,Mitrovicë / Kosovska Mitrovica,HUMAN_OBSERVATION,,,"Jakšić, P., Živić, N. (1995) Kosovo Metohija. GPMB",,HabiProt,,,d92e92e0-8d20-4756-a60b-3746f408c14c,CC_BY_NC_4_0,COORDINATE_ROUNDED;CONTINENT_DERIVED_FROM_COORDINATES,Habitats,IV
5284559059,"Lycaena dispar (Haworth, 1803)",Lycaena dispar,Large Copper,Animalia,Arthropoda,Insecta,Lepidoptera,Lycaenidae,Lycaena,SPECIES,1929270,1929270,NT,Near Threatened,1998-11-30,1998,11,30,42.407156,21.182287,7071,0,,Ferizaj / Uroševac,Ferizaj / Uroševac,HUMAN_OBSERVATION,,,"Jakšić, P. [ed.] (2008) PBA in Serbia",,HabiProt,,,d92e92e0-8d20-4756-a60b-3746f408c14c,CC_BY_NC_4_0,COORDINATE_ROUNDED;CONTINENT_DERIVED_FROM_COORDINATES,Habitats,II; IV
5284559027,"Parnassius mnemosyne (Linnaeus, 1758)",Parnassius mnemosyne,Clouded Apollo,Animalia,Arthropoda,Insecta,Lepidoptera,Papilionidae,Parnassius,SPECIES,1938520,1938520,LC,Least Concern,2002-11-30,2002,11,30,42.677329,21.183075,7071,0,,Prishtinë / Priština,Prishtinë / Priština,HUMAN_OBSERVATION,,,"Jakšić, P. (2003) Crvena knjiga d leptira Srbije",,HabiProt,,,d92e92e0-8d20-4756-a60b-3746f408c14c,CC_BY_NC_4_0,COORDINATE_ROUNDED;CONTINENT_DERIVED_FROM_COORDINATES,Habitats,IV
5284559012,"Parnassius apollo (Linnaeus, 1758)",Parnassius apollo,Apollo,Animalia,Arthropoda,Insecta,Lepidoptera,Papilionidae,Parnassius,SPECIES,1938810,1938810,LC,Least Concern,2002-11-30,2002,11,30,42.31594,20.453929,7071,0,,Gjakova / Đakovica,Gjakovë / Đakovica,HUMAN_OBSERVATION,,,"Jakšić, P. (2003) Crvena knjiga d leptira Srbije",,HabiProt,,,d92e92e0-8d20-4756-a60b-3746f408c14c,CC_BY_NC_4_0,COORDINATE_ROUNDED;CONTINENT_DERIVED_FROM_COORDINATES,Habitats,IV
5284558823,"Pseudophilotes bavius (Ivirsmann, 1832)",Pseudophilotes bavius,Bavius Blue,Animalia,Arthropoda,Insecta,Lepidoptera,Lycaenidae,Pseudophilotes,SPECIES,4535092,4535092,NE,Not Evaluated,1987-11-30,1987,11,30,42.13697,20.818489,7071,0,,Prizreni / Prizren,Prizren,HUMAN_OBSERVATION,,,"Jakšić, P. (1988) Karte dnevnih leptira YU",,HabiProt,,,d92e92e0-8d20-4756-a60b-3746f408c14c,CC_BY_NC_4_0,COORDINATE_ROUNDED;CONTINENT_DERIVED_FROM_COORDINATES,Habitats,II; IV
5284558766,"Zerynthia polyxena (Denis & Schiffermüller) , 1775",Zerynthia polyxena,Osterluzeifalter,Animalia,Arthropoda,Insecta,Lepidoptera,Papilionidae,Zerynthia,SPECIES,5141262,5141262,NE,Not Evaluated,1987-11-30,1987,11,30,42.677329,21.183075,7071,0,,Prishtinë / Priština,Prishtinë / Priština,HUMAN_OBSERVATION,,,"Jakšić, P. (1988) Karte dnevnih leptira YU",,HabiProt,,,d92e92e0-8d20-4756-a60b-3746f408c14c,CC_BY_NC_4_0,COORDINATE_ROUNDED;CONTINENT_DERIVED_FROM_COORDINATES,Habitats,IV
5284556584,"Parnassius mnemosyne (Linnaeus, 1758)",Parnassius mnemosyne,Clouded Apollo,Animalia,Arthropoda,Insecta,Lepidoptera,Papilionidae,Parnassius,SPECIES,1938520,1938520,LC,Least Concern,2002-11-30,2002,11,30,42.226394,21.424122,7071,0,,Viti / Vitina,Gjilan / Gnjilane,HUMAN_OBSERVATION,,,"Jakšić, P. (2003) Crvena knjiga d leptira Srbije",,HabiProt,,,d92e92e0-8d20-4756-a60b-3746f408c14c,CC_BY_NC_4_0,COORDINATE_ROUNDED;CONTINENT_DERIVED_FROM_COORDINATES,Habitats,IV
5284556531,"Parnassius mnemosyne (Linnaeus, 1758)",Parnassius mnemosyne,Clouded Apollo,Animalia,Arthropoda,Insecta,Lepidoptera,Papilionidae,Parnassius,SPECIES,1938520,1938520,LC,Least Concern,1994-11-30,1994,11,30,42.677329,21.183075,7071,605,,Prishtinë / Priština,Prishtinë / Priština,HUMAN_OBSERVATION,,,"Jakšić, P., Živić, N. (1995) Kosovo Metohija. GPMB",,HabiProt,,,d92e92e0-8d20-4756-a60b-3746f408c14c,CC_BY_NC_4_0,COORDINATE_ROUNDED;CONTINENT_DERIVED_FROM_COORDINATES,Habitats,IV
5284556443,"Apatura ilia (Denis & Schiffermüller) , 1775",Apatura ilia,Kleiner Schillerfalter,Animalia,Arthropoda,Insecta,Lepidoptera,Nymphalidae,Apatura,SPECIES,8138711,8138711,NE,Not Evaluated,1987-11-30,1987,11,30,42.677329,21.183075,7071,0,,Prishtinë / Priština,Prishtinë / Priština,HUMAN_OBSERVATION,,,"Jakšić, P. (1988) Karte dnevnih leptira YU",,HabiProt,,,d92e92e0-8d20-4756-a60b-3746f408c14c,CC_BY_NC_4_0,COORDINATE_ROUNDED;CONTINENT_DERIVED_FROM_COORDINATES,Habitats,IV
5284556408,"Polyommatus eros (Ochsenheimer, 1808)",Polyommatus eros,Eros Blue,Animalia,Arthropoda,Insecta,Lepidoptera,Lycaenidae,Polyommatus,SPECIES,5140244,5140244,NE,Not Evaluated,1987-11-30,1987,11,30,43.127589,20.815588,7071,0,,Leposaviq / Leposavić,Mitrovicë / Kosovska Mitrovica,HUMAN_OBSERVATION,,,"Jakšić, P. (1988) Karte dnevnih leptira YU",,HabiProt,,,d92e92e0-8d20-4756-a60b-3746f408c14c,CC_BY_NC_4_0,COORDINATE_ROUNDED;CONTINENT_DERIVED_FROM_COORDINATES,Habitats,II; IV
5284554305,"Lycaena dispar (Haworth, 1803)",Lycaena dispar,Large Copper,Animalia,Arthropoda,Insecta,Lepidoptera,Lycaenidae,Lycaena,SPECIES,1929270,1929270,NT,Near Threatened,1998-11-30,1998,11,30,42.585458,20.329712,7071,0,,Pejë / Peć,Pejë / Peć,HUMAN_OBSERVATION,,,"Jakšić, P. [ed.] (2008) PBA in Serbia",,HabiProt,,,d92e92e0-8d20-4756-a60b-3746f408c14c,CC_BY_NC_4_0,COORDINATE_ROUNDED;CONTINENT_DERIVED_FROM_COORDINATES,Habitats,II; IV
5284553640,"Polyommatus eros (Ochsenheimer, 1808)",Polyommatus eros,Eros Blue,Animalia,Arthropoda,Insecta,Lepidoptera,Lycaenidae,Polyommatus,SPECIES,5140244,5140244,NE,Not Evaluated,2007-11-30,2007,11,30,43.217637,20.815317,7071,0,,Leposaviq / Leposavić,Mitrovicë / Kosovska Mitrovica,HUMAN_OBSERVATION,,,"Jakšić, P. [ed.] (2008) PBA in Serbia",,HabiProt,,,d92e92e0-8d20-4756-a60b-3746f408c14c,CC_BY_NC_4_0,COORDINATE_ROUNDED;CONTINENT_DERIVED_FROM_COORDINATES,Habitats,II; IV
5284553639,"Parnassius mnemosyne (Linnaeus, 1758)",Parnassius mnemosyne,Clouded Apollo,Animalia,Arthropoda,Insecta,Lepidoptera,Papilionidae,Parnassius,SPECIES,1938520,1938520,LC,Least Concern,2007-11-30,2007,11,30,42.587014,20.695316,7071,0,,Klinë / Klina,Pejë / Peć,HUMAN_OBSERVATION,,,"Jakšić, P. [ed.] (2008) PBA in Serbia",,HabiProt,,,d92e92e0-8d20-4756-a60b-3746f408c14c,CC_BY_NC_4_0,COORDINATE_ROUNDED;CONTINENT_DERIVED_FROM_COORDINATES,Habitats,IV
5284553635,"Lycaena dispar (Haworth, 1803)",Lycaena dispar,Large Copper,Animalia,Arthropoda,Insecta,Lepidoptera,Lycaenidae,Lycaena,SPECIES,1929270,1929270,NT,Near Threatened,1998-11-30,1998,11,30,42.495406,20.330675,7071,0,,Deçan / Dečani,Gjakovë / Đakovica,HUMAN_OBSERVATION,,,"Jakšić, P. [ed.] (2008) PBA in Serbia",,HabiProt,,,d92e92e0-8d20-4756-a60b-3746f408c14c,CC_BY_NC_4_0,COORDINATE_ROUNDED;CONTINENT_DERIVED_FROM_COORDINATES,Habitats,II; IV
5284553600,"Erebia ottomana Herrich-Schäffer, 1847",Erebia tyndarus,Swiss Brassy Ringlet,Animalia,Arthropoda,Insecta,Lepidoptera,Nymphalidae,Erebia,SPECIES,5134917,8233062,LC,Least Concern,2002-11-30,2002,11,30,41.956586,20.698337,7071,0,,Dragash / Dragaš,Prizren,HUMAN_OBSERVATION,,,"Jakšić, P. (2003) Crvena knjiga d leptira Srbije",,HabiProt,,,d92e92e0-8d20-4756-a60b-3746f408c14c,CC_BY_NC_4_0,COORDINATE_ROUNDED;CONTINENT_DERIVED_FROM_COORDINATES,Habitats,II; IV
5284553589,"Lycaena dispar (Haworth, 1803)",Lycaena dispar,Large Copper,Animalia,Arthropoda,Insecta,Lepidoptera,Lycaenidae,Lycaena,SPECIES,1929270,1929270,NT,Near Threatened,2002-11-30,2002,11,30,42.58468,20.207852,7071,0,,Deçan / Dečani,Gjakovë / Đakovica,HUMAN_OBSERVATION,,,"Jakšić, P. (2003) Crvena knjiga d leptira Srbije",,HabiProt,,,d92e92e0-8d20-4756-a60b-3746f408c14c,CC_BY_NC_4_0,COORDINATE_ROUNDED;CONTINENT_DERIVED_FROM_COORDINATES,Habitats,II; IV
5284553578,"Aricia anteros (Freyer, 1838)",Polyommatus eros,Eros Blue,Animalia,Arthropoda,Insecta,Lepidoptera,Lycaenidae,Polyommatus,SPECIES,9195563,5140244,NE,Not Evaluated,2002-11-30,2002,11,30,42.227162,21.06059,7071,0,,Shtërpcë / Štrpce,Ferizaj / Uroševac,HUMAN_OBSERVATION,,,"Jakšić, P. (2003) Crvena knjiga d leptira Srbije",,HabiProt,,,d92e92e0-8d20-4756-a60b-3746f408c14c,CC_BY_NC_4_0,COORDINATE_ROUNDED;CONTINENT_DERIVED_FROM_COORDINATES,Habitats,II; IV
5284553577,"Aricia anteros (Freyer, 1838)",Polyommatus eros,Eros Blue,Animalia,Arthropoda,Insecta,Lepidoptera,Lycaenidae,Polyommatus,SPECIES,9195563,5140244,NE,Not Evaluated,2002-11-30,2002,11,30,42.31594,20.453929,7071,0,,Gjakova / Đakovica,Gjakovë / Đakovica,HUMAN_OBSERVATION,,,"Jakšić, P. (2003) Crvena knjiga d leptira Srbije",,HabiProt,,,d92e92e0-8d20-4756-a60b-3746f408c14c,CC_BY_NC_4_0,COORDINATE_ROUNDED;CONTINENT_DERIVED_FROM_COORDINATES,Habitats,II; IV
5284553554,"Parnassius mnemosyne (Linnaeus, 1758)",Parnassius mnemosyne,Clouded Apollo,Animalia,Arthropoda,Insecta,Lepidoptera,Papilionidae,Parnassius,SPECIES,1938520,1938520,LC,Least Concern,1994-11-30,1994,11,30,42.226394,20.575878,7071,1714,,Prizreni / Prizren,Prizren,HUMAN_OBSERVATION,,,"Jakšić, P., Živić, N. (1995) Kosovo Metohija. GPMB",,HabiProt,,,d92e92e0-8d20-4756-a60b-3746f408c14c,CC_BY_NC_4_0,COORDINATE_ROUNDED;CONTINENT_DERIVED_FROM_COORDINATES,Habitats,IV
5284553547,"Parnassius apollo (Linnaeus, 1758)",Parnassius apollo,Apollo,Animalia,Arthropoda,Insecta,Lepidoptera,Papilionidae,Parnassius,SPECIES,1938810,1938810,LC,Least Concern,1994-11-30,1994,11,30,42.58468,20.207852,7071,1732,,Deçan / Dečani,Gjakovë / Đakovica,HUMAN_OBSERVATION,,,"Jakšić, P., Živić, N. (1995) Kosovo Metohija. GPMB",,HabiProt,,,d92e92e0-8d20-4756-a60b-3746f408c14c,CC_BY_NC_4_0,COORDINATE_ROUNDED;CONTINENT_DERIVED_FROM_COORDINATES,Habitats,IV
5284553340,"Parnassius mnemosyne (Linnaeus, 1758)",Parnassius mnemosyne,Clouded Apollo,Animalia,Arthropoda,Insecta,Lepidoptera,Papilionidae,Parnassius,SPECIES,1938520,1938520,LC,Least Concern,1987-11-30,1987,11,30,42.677329,21.183075,7071,0,,Prishtinë / Priština,Prishtinë / Priština,HUMAN_OBSERVATION,,,"Jakšić, P. (1988) Karte dnevnih leptira YU",,HabiProt,,,d92e92e0-8d20-4756-a60b-3746f408c14c,CC_BY_NC_4_0,COORDINATE_ROUNDED;CONTINENT_DERIVED_FROM_COORDINATES,Habitats,IV
5284553337,"Zerynthia polyxena (Denis & Schiffermüller) , 1775",Zerynthia polyxena,Osterluzeifalter,Animalia,Arthropoda,Insecta,Lepidoptera,Papilionidae,Zerynthia,SPECIES,5141262,5141262,NE,Not Evaluated,1987-11-30,1987,11,30,42.13697,20.818489,7071,0,,Prizreni / Prizren,Prizren,HUMAN_OBSERVATION,,,"Jakšić, P. (1988) Karte dnevnih leptira YU",,HabiProt,,,d92e92e0-8d20-4756-a60b-3746f408c14c,CC_BY_NC_4_0,COORDINATE_ROUNDED;CONTINENT_DERIVED_FROM_COORDINATES,Habitats,IV
5284553331,"Parnassius apollo (Linnaeus, 1758)",Parnassius apollo,Apollo,Animalia,Arthropoda,Insecta,Lepidoptera,Papilionidae,Parnassius,SPECIES,1938810,1938810,LC,Least Concern,1987-11-30,1987,11,30,42.673818,20.084679,7071,0,,Pejë / Peć,Pejë / Peć,HUMAN_OBSERVATION,,,"Jakšić, P. (1988) Karte dnevnih leptira YU",,HabiProt,,,d92e92e0-8d20-4756-a60b-3746f408c14c,CC_BY_NC_4_0,COORDINATE_ROUNDED;CONTINENT_DERIVED_FROM_COORDINATES,Habitats,IV
5284551787,"Erebia ottomana Herrich-Schäffer, 1847",Erebia tyndarus,Swiss Brassy Ringlet,Animalia,Arthropoda,Insecta,Lepidoptera,Nymphalidae,Erebia,SPECIES,5134917,8233062,LC,Least Concern,2002-11-30,2002,11,30,43.217637,20.815317,7071,0,,Leposaviq / Leposavić,Mitrovicë / Kosovska Mitrovica,HUMAN_OBSERVATION,,,"Jakšić, P. (2003) Crvena knjiga d leptira Srbije",,HabiProt,,,d92e92e0-8d20-4756-a60b-3746f408c14c,CC_BY_NC_4_0,COORDINATE_ROUNDED;CONTINENT_DERIVED_FROM_COORDINATES,Habitats,II; IV
5284551768,"Pseudophilotes bavius (Ivirsmann, 1832)",Pseudophilotes bavius,Bavius Blue,Animalia,Arthropoda,Insecta,Lepidoptera,Lycaenidae,Pseudophilotes,SPECIES,4535092,4535092,NE,Not Evaluated,2002-11-30,2002,11,30,42.677329,21.183075,7071,0,,Prishtinë / Priština,Prishtinë / Priština,HUMAN_OBSERVATION,,,"Jakšić, P. (2003) Crvena knjiga d leptira Srbije",,HabiProt,,,d92e92e0-8d20-4756-a60b-3746f408c14c,CC_BY_NC_4_0,COORDINATE_ROUNDED;CONTINENT_DERIVED_FROM_COORDINATES,Habitats,II; IV
5284551744,"Euphydryas aurinia (Rottemburg, 1775)",Euphydryas aurinia,Marsh Fritillary,Animalia,Arthropoda,Insecta,Lepidoptera,Nymphalidae,Euphydryas,SPECIES,4535809,4535809,NE,Not Evaluated,,,,,42.226394,20.575878,7071,1033,,Prizreni / Prizren,Prizren,HUMAN_OBSERVATION,,,"Jakšić, P. (2007) Dnevni leptiri Paštrika. AES 12",,HabiProt,,,d92e92e0-8d20-4756-a60b-3746f408c14c,CC_BY_NC_4_0,COORDINATE_ROUNDED;CONTINENT_DERIVED_FROM_COORDINATES,Habitats,II
5284551734,"Erebia ottomana Herrich-Schäffer, 1847",Erebia tyndarus,Swiss Brassy Ringlet,Animalia,Arthropoda,Insecta,Lepidoptera,Nymphalidae,Erebia,SPECIES,5134917,8233062,LC,Least Concern,1994-11-30,1994,11,30,42.58468,20.207852,7071,1732,,Deçan / Dečani,Gjakovë / Đakovica,HUMAN_OBSERVATION,,,"Jakšić, P., Živić, N. (1995) Kosovo Metohija. GPMB",,HabiProt,,,d92e92e0-8d20-4756-a60b-3746f408c14c,CC_BY_NC_4_0,COORDINATE_ROUNDED;CONTINENT_DERIVED_FROM_COORDINATES,Habitats,II; IV
5284551726,"Erebia neleus Freyer, 1833",Erebia tyndarus,Swiss Brassy Ringlet,Animalia,Arthropoda,Insecta,Lepidoptera,Nymphalidae,Erebia,SPECIES,5134975,8233062,LC,Least Concern,1994-11-30,1994,11,30,42.673818,20.084679,7071,1179,,Pejë / Peć,Pejë / Peć,HUMAN_OBSERVATION,,,"Jakšić, P., Živić, N. (1995) Kosovo Metohija. GPMB",,HabiProt,,,d92e92e0-8d20-4756-a60b-3746f408c14c,CC_BY_NC_4_0,COORDINATE_ROUNDED;CONTINENT_DERIVED_FROM_COORDINATES,Habitats,II; IV
5284551707,"Phengaris arion (Linnaeus, 1758)",Maculinea arion,Large Blue,Animalia,Arthropoda,Insecta,Lepidoptera,Lycaenidae,Maculinea,SPECIES,4535168,1922311,NT,Near Threatened,1939-08-12,1939,8,12,42.673818,20.084679,7071,1118,,Pejë / Peć,Pejë / Peć,HUMAN_OBSERVATION,,,"Anđus, Lj. (2008) Dnevni leptiri u muzeju",,HabiProt,,,d92e92e0-8d20-4756-a60b-3746f408c14c,CC_BY_NC_4_0,COORDINATE_ROUNDED;CONTINENT_DERIVED_FROM_COORDINATES,Habitats,IV
5284551656,"Erebia ottomana Herrich-Schäffer, 1847",Erebia tyndarus,Swiss Brassy Ringlet,Animalia,Arthropoda,Insecta,Lepidoptera,Nymphalidae,Erebia,SPECIES,5134917,8233062,LC,Least Concern,1987-11-30,1987,11,30,43.217637,20.815317,7071,0,,Leposaviq / Leposavić,Mitrovicë / Kosovska Mitrovica,HUMAN_OBSERVATION,,,"Jakšić, P. (1988) Karte dnevnih leptira YU",,HabiProt,,,d92e92e0-8d20-4756-a60b-3746f408c14c,CC_BY_NC_4_0,COORDINATE_ROUNDED;CONTINENT_DERIVED_FROM_COORDINATES,Habitats,II; IV
5284551584,"Aricia anteros (Freyer, 1838)",Polyommatus eros,Eros Blue,Animalia,Arthropoda,Insecta,Lepidoptera,Lycaenidae,Polyommatus,SPECIES,9195563,5140244,NE,Not Evaluated,1987-11-30,1987,11,30,42.31594,20.453929,7071,0,,Gjakova / Đakovica,Gjakovë / Đakovica,HUMAN_OBSERVATION,,,"Jakšić, P. (1988) Karte dnevnih leptira YU",,HabiProt,,,d92e92e0-8d20-4756-a60b-3746f408c14c,CC_BY_NC_4_0,COORDINATE_ROUNDED;CONTINENT_DERIVED_FROM_COORDINATES,Habitats,II; IV
5284551565,"Lycaena dispar (Haworth, 1803)",Lycaena dispar,Large Copper,Animalia,Arthropoda,Insecta,Lepidoptera,Lycaenidae,Lycaena,SPECIES,1929270,1929270,NT,Near Threatened,1987-11-30,1987,11,30,42.405353,20.331633,7071,0,,Gjakova / Đakovica,Gjakovë / Đakovica,HUMAN_OBSERVATION,,,"Jakšić, P. (1988) Karte dnevnih leptira YU",,HabiProt,,,d92e92e0-8d20-4756-a60b-3746f408c14c,CC_BY_NC_4_0,COORDINATE_ROUNDED;CONTINENT_DERIVED_FROM_COORDINATES,Habitats,II; IV
5284551526,"Parnassius mnemosyne (Linnaeus, 1758)",Parnassius mnemosyne,Clouded Apollo,Animalia,Arthropoda,Insecta,Lepidoptera,Papilionidae,Parnassius,SPECIES,1938520,1938520,LC,Least Concern,1987-11-30,1987,11,30,42.227034,21.181768,7071,0,,Kaçanik / Kačanik,Ferizaj / Uroševac,HUMAN_OBSERVATION,,,"Jakšić, P. (1988) Karte dnevnih leptira YU",,HabiProt,,,d92e92e0-8d20-4756-a60b-3746f408c14c,CC_BY_NC_4_0,COORDINATE_ROUNDED;CONTINENT_DERIVED_FROM_COORDINATES,Habitats,IV
5284551126,"Parnassius mnemosyne (Linnaeus, 1758)",Parnassius mnemosyne,Clouded Apollo,Animalia,Arthropoda,Insecta,Lepidoptera,Papilionidae,Parnassius,SPECIES,1938520,1938520,LC,Least Concern,2007-11-30,2007,11,30,42.585458,20.329712,7071,0,,Pejë / Peć,Pejë / Peć,HUMAN_OBSERVATION,,,"Jakšić, P. [ed.] (2008) PBA in Serbia",,HabiProt,,,d92e92e0-8d20-4756-a60b-3746f408c14c,CC_BY_NC_4_0,COORDINATE_ROUNDED;CONTINENT_DERIVED_FROM_COORDINATES,Habitats,IV
5284551048,"Fabriciana niobe (Linnaeus, 1761)",Fabriciana niobe,Niobe Fritillary,Animalia,Arthropoda,Insecta,Lepidoptera,Nymphalidae,Fabriciana,SPECIES,8078362,8078362,NE,Not Evaluated,1996-07-02,1996,7,2,42.226394,20.575878,7071,1033,,Prizreni / Prizren,Prizren,HUMAN_OBSERVATION,,,"Jakšić, P. (2007) Dnevni leptiri Paštrika. AES 12",,HabiProt,,,d92e92e0-8d20-4756-a60b-3746f408c14c,CC_BY_NC_4_0,COORDINATE_ROUNDED;CONTINENT_DERIVED_FROM_COORDINATES,Habitats,IV
5284550958,"Erebia neleus Freyer, 1833",Erebia tyndarus,Swiss Brassy Ringlet,Animalia,Arthropoda,Insecta,Lepidoptera,Nymphalidae,Erebia,SPECIES,5134975,8233062,LC,Least Concern,1987-11-30,1987,11,30,41.956586,20.698337,7071,0,,Dragash / Dragaš,Prizren,HUMAN_OBSERVATION,,,"Jakšić, P. (1988) Karte dnevnih leptira YU",,HabiProt,,,d92e92e0-8d20-4756-a60b-3746f408c14c,CC_BY_NC_4_0,COORDINATE_ROUNDED;CONTINENT_DERIVED_FROM_COORDINATES,Habitats,II; IV
5284550831,"Zerynthia polyxena (Denis & Schiffermüller) , 1775",Zerynthia polyxena,Osterluzeifalter,Animalia,Arthropoda,Insecta,Lepidoptera,Papilionidae,Zerynthia,SPECIES,5141262,5141262,NE,Not Evaluated,1987-11-30,1987,11,30,42.226778,20.697054,7071,0,,Prizreni / Prizren,Prizren,HUMAN_OBSERVATION,,,"Jakšić, P. (1988) Karte dnevnih leptira YU",,HabiProt,,,d92e92e0-8d20-4756-a60b-3746f408c14c,CC_BY_NC_4_0,COORDINATE_ROUNDED;CONTINENT_DERIVED_FROM_COORDINATES,Habitats,IV
5284550827,"Parnassius apollo (Linnaeus, 1758)",Parnassius apollo,Apollo,Animalia,Arthropoda,Insecta,Lepidoptera,Papilionidae,Parnassius,SPECIES,1938810,1938810,LC,Least Concern,1987-11-30,1987,11,30,43.217637,20.815317,7071,0,,Leposaviq / Leposavić,Mitrovicë / Kosovska Mitrovica,HUMAN_OBSERVATION,,,"Jakšić, P. (1988) Karte dnevnih leptira YU",,HabiProt,,,d92e92e0-8d20-4756-a60b-3746f408c14c,CC_BY_NC_4_0,COORDINATE_ROUNDED;CONTINENT_DERIVED_FROM_COORDINATES,Habitats,IV
5284550063,"Parnassius mnemosyne (Linnaeus, 1758)",Parnassius mnemosyne,Clouded Apollo,Animalia,Arthropoda,Insecta,Lepidoptera,Papilionidae,Parnassius,SPECIES,1938520,1938520,LC,Least Concern,2007-11-30,2007,11,30,42.677329,21.183075,7071,0,,Prishtinë / Priština,Prishtinë / Priština,HUMAN_OBSERVATION,,,"Jakšić, P. [ed.] (2008) PBA in Serbia",,HabiProt,,,d92e92e0-8d20-4756-a60b-3746f408c14c,CC_BY_NC_4_0,COORDINATE_ROUNDED;CONTINENT_DERIVED_FROM_COORDINATES,Habitats,IV
5284550059,"Lycaena dispar (Haworth, 1803)",Lycaena dispar,Large Copper,Animalia,Arthropoda,Insecta,Lepidoptera,Lycaenidae,Lycaena,SPECIES,1929270,1929270,NT,Near Threatened,1998-11-30,1998,11,30,42.76621,20.449991,7071,0,,Istog / Istok,Pejë / Peć,HUMAN_OBSERVATION,,,"Jakšić, P. [ed.] (2008) PBA in Serbia",,HabiProt,,,d92e92e0-8d20-4756-a60b-3746f408c14c,CC_BY_NC_4_0,COORDINATE_ROUNDED;CONTINENT_DERIVED_FROM_COORDINATES,Habitats,II; IV
5284550025,"Erebia ottomana Herrich-Schäffer, 1847",Erebia tyndarus,Swiss Brassy Ringlet,Animalia,Arthropoda,Insecta,Lepidoptera,Nymphalidae,Erebia,SPECIES,5134917,8233062,LC,Least Concern,2002-11-30,2002,11,30,42.137098,20.939496,7071,0,,Prizreni / Prizren,Prizren,HUMAN_OBSERVATION,,,"Jakšić, P. (2003) Crvena knjiga d leptira Srbije",,HabiProt,,,d92e92e0-8d20-4756-a60b-3746f408c14c,CC_BY_NC_4_0,COORDINATE_ROUNDED;CONTINENT_DERIVED_FROM_COORDINATES,Habitats,II; IV
5284550024,"Parnassius mnemosyne (Linnaeus, 1758)",Parnassius mnemosyne,Clouded Apollo,Animalia,Arthropoda,Insecta,Lepidoptera,Papilionidae,Parnassius,SPECIES,1938520,1938520,LC,Least Concern,2002-11-30,2002,11,30,42.673818,20.084679,7071,0,,Pejë / Peć,Pejë / Peć,HUMAN_OBSERVATION,,,"Jakšić, P. (2003) Crvena knjiga d leptira Srbije",,HabiProt,,,d92e92e0-8d20-4756-a60b-3746f408c14c,CC_BY_NC_4_0,COORDINATE_ROUNDED;CONTINENT_DERIVED_FROM_COORDINATES,Habitats,IV
5284550017,"Euphydryas aurinia (Rottemburg, 1775)",Euphydryas aurinia,Marsh Fritillary,Animalia,Arthropoda,Insecta,Lepidoptera,Nymphalidae,Euphydryas,SPECIES,4535809,4535809,NE,Not Evaluated,2002-11-30,2002,11,30,43.03754,20.815858,7071,0,,Leposaviq / Leposavić,Mitrovicë / Kosovska Mitrovica,HUMAN_OBSERVATION,,,"Jakšić, P. (2003) Crvena knjiga d leptira Srbije",,HabiProt,,,d92e92e0-8d20-4756-a60b-3746f408c14c,CC_BY_NC_4_0,COORDINATE_ROUNDED;CONTINENT_DERIVED_FROM_COORDINATES,Habitats,II
5284550011,"Lycaena dispar (Haworth, 1803)",Lycaena dispar,Large Copper,Animalia,Arthropoda,Insecta,Lepidoptera,Lycaenidae,Lycaena,SPECIES,1929270,1929270,NT,Near Threatened,2002-11-30,2002,11,30,43.03754,20.815858,7071,0,,Leposaviq / Leposavić,Mitrovicë / Kosovska Mitrovica,HUMAN_OBSERVATION,,,"Jakšić, P. (2003) Crvena knjiga d leptira Srbije",,HabiProt,,,d92e92e0-8d20-4756-a60b-3746f408c14c,CC_BY_NC_4_0,COORDINATE_ROUNDED;CONTINENT_DERIVED_FROM_COORDINATES,Habitats,II; IV
5284550007,"Parnassius apollo (Linnaeus, 1758)",Parnassius apollo,Apollo,Animalia,Arthropoda,Insecta,Lepidoptera,Papilionidae,Parnassius,SPECIES,1938810,1938810,LC,Least Concern,2002-11-30,2002,11,30,43.217372,20.692196,7071,0,,Leposaviq / Leposavić,Mitrovicë / Kosovska Mitrovica,HUMAN_OBSERVATION,,,"Jakšić, P. (2003) Crvena knjiga d leptira Srbije",,HabiProt,,,d92e92e0-8d20-4756-a60b-3746f408c14c,CC_BY_NC_4_0,COORDINATE_ROUNDED;CONTINENT_DERIVED_FROM_COORDINATES,Habitats,IV
5284550006,"Zerynthia polyxena (Denis & Schiffermüller) , 1775",Zerynthia polyxena,Osterluzeifalter,Animalia,Arthropoda,Insecta,Lepidoptera,Papilionidae,Zerynthia,SPECIES,5141262,5141262,NE,Not Evaluated,2002-11-30,2002,11,30,42.677329,21.183075,7071,0,,Prishtinë / Priština,Prishtinë / Priština,HUMAN_OBSERVATION,,,"Jakšić, P. (2003) Crvena knjiga d leptira Srbije",,HabiProt,,,d92e92e0-8d20-4756-a60b-3746f408c14c,CC_BY_NC_4_0,COORDINATE_ROUNDED;CONTINENT_DERIVED_FROM_COORDINATES,Habitats,IV
5284549999,"Aricia anteros (Freyer, 1838)",Polyommatus eros,Eros Blue,Animalia,Arthropoda,Insecta,Lepidoptera,Lycaenidae,Polyommatus,SPECIES,9195563,5140244,NE,Not Evaluated,2002-11-30,2002,11,30,42.226394,20.575878,7071,0,,Prizreni / Prizren,Prizren,HUMAN_OBSERVATION,,,"Jakšić, P. (2003) Crvena knjiga d leptira Srbije",,HabiProt,,,d92e92e0-8d20-4756-a60b-3746f408c14c,CC_BY_NC_4_0,COORDINATE_ROUNDED;CONTINENT_DERIVED_FROM_COORDINATES,Habitats,II; IV
5284549980,"Polyommatus eros (Ochsenheimer, 1808)",Polyommatus eros,Eros Blue,Animalia,Arthropoda,Insecta,Lepidoptera,Lycaenidae,Polyommatus,SPECIES,5140244,5140244,NE,Not Evaluated,,,,,42.226394,20.575878,7071,1033,,Prizreni / Prizren,Prizren,HUMAN_OBSERVATION,,,"Jakšić, P. (2007) Dnevni leptiri Paštrika. AES 12",,HabiProt,,,d92e92e0-8d20-4756-a60b-3746f408c14c,CC_BY_NC_4_0,COORDINATE_ROUNDED;CONTINENT_DERIVED_FROM_COORDINATES,Habitats,II; IV
5284549937,"Parnassius apollo (Linnaeus, 1758)",Parnassius apollo,Apollo,Animalia,Arthropoda,Insecta,Lepidoptera,Papilionidae,Parnassius,SPECIES,1938810,1938810,LC,Least Concern,1939-08-04,1939,8,4,42.673818,20.084679,7071,1118,,Pejë / Peć,Pejë / Peć,HUMAN_OBSERVATION,,,"Anđus, Lj. (2008) Dnevni leptiri u muzeju",,HabiProt,,,d92e92e0-8d20-4756-a60b-3746f408c14c,CC_BY_NC_4_0,COORDINATE_ROUNDED;CONTINENT_DERIVED_FROM_COORDINATES,Habitats,IV
5284549758,"Parnassius apollo (Linnaeus, 1758)",Parnassius apollo,Apollo,Animalia,Arthropoda,Insecta,Lepidoptera,Papilionidae,Parnassius,SPECIES,1938810,1938810,LC,Least Concern,1987-11-30,1987,11,30,42.58468,20.207852,7071,0,,Deçan / Dečani,Gjakovë / Đakovica,HUMAN_OBSERVATION,,,"Jakšić, P. (1988) Karte dnevnih leptira YU",,HabiProt,,,d92e92e0-8d20-4756-a60b-3746f408c14c,CC_BY_NC_4_0,COORDINATE_ROUNDED;CONTINENT_DERIVED_FROM_COORDINATES,Habitats,IV
5284548506,"Zerynthia polyxena (Denis & Schiffermüller) , 1775",Zerynthia polyxena,Osterluzeifalter,Animalia,Arthropoda,Insecta,Lepidoptera,Papilionidae,Zerynthia,SPECIES,5141262,5141262,NE,Not Evaluated,2018-04-29,2018,4,29,42.585458,21.670288,7071,443,,Kamenicë / Kosovska Kamenica,Gjilan / Gnjilane,HUMAN_OBSERVATION,10,,Bogoljub Milošević,Miroslav Miljević,HabiProt,,,d92e92e0-8d20-4756-a60b-3746f408c14c,CC_BY_NC_4_0,COORDINATE_ROUNDED;CONTINENT_DERIVED_FROM_COORDINATES;OCCURRENCE_STATUS_INFERRED_FROM_INDIVIDUAL_COUNT,Habitats,IV
5284546919,"Parnassius mnemosyne (Linnaeus, 1758)",Parnassius mnemosyne,Clouded Apollo,Animalia,Arthropoda,Insecta,Lepidoptera,Papilionidae,Parnassius,SPECIES,1938520,1938520,LC,Least Concern,2007-11-30,2007,11,30,42.495406,20.330675,7071,0,,Deçan / Dečani,Gjakovë / Đakovica,HUMAN_OBSERVATION,,,"Jakšić, P. [ed.] (2008) PBA in Serbia",,HabiProt,,,d92e92e0-8d20-4756-a60b-3746f408c14c,CC_BY_NC_4_0,COORDINATE_ROUNDED;CONTINENT_DERIVED_FROM_COORDINATES,Habitats,IV
5284546912,"Euphydryas aurinia (Rottemburg, 1775)",Euphydryas aurinia,Marsh Fritillary,Animalia,Arthropoda,Insecta,Lepidoptera,Nymphalidae,Euphydryas,SPECIES,4535809,4535809,NE,Not Evaluated,1998-11-30,1998,11,30,42.226394,20.575878,7071,0,,Prizreni / Prizren,Prizren,HUMAN_OBSERVATION,,,"Jakšić, P. [ed.] (2008) PBA in Serbia",,HabiProt,,,d92e92e0-8d20-4756-a60b-3746f408c14c,CC_BY_NC_4_0,COORDINATE_ROUNDED;CONTINENT_DERIVED_FROM_COORDINATES,Habitats,II
5284546857,"Aricia anteros (Freyer, 1838)",Polyommatus eros,Eros Blue,Animalia,Arthropoda,Insecta,Lepidoptera,Lycaenidae,Polyommatus,SPECIES,9195563,5140244,NE,Not Evaluated,2002-11-30,2002,11,30,41.956586,20.698337,7071,0,,Dragash / Dragaš,Prizren,HUMAN_OBSERVATION,,,"Jakšić, P. (2003) Crvena knjiga d leptira Srbije",,HabiProt,,,d92e92e0-8d20-4756-a60b-3746f408c14c,CC_BY_NC_4_0,COORDINATE_ROUNDED;CONTINENT_DERIVED_FROM_COORDINATES,Habitats,II; IV
5284546805,"Aricia anteros (Freyer, 1838)",Polyommatus eros,Eros Blue,Animalia,Arthropoda,Insecta,Lepidoptera,Lycaenidae,Polyommatus,SPECIES,9195563,5140244,NE,Not Evaluated,1939-08-13,1939,8,13,42.673818,20.084679,7071,1118,,Pejë / Peć,Pejë / Peć,HUMAN_OBSERVATION,,,"Anđus, Lj. (2008) Dnevni leptiri u muzeju",,HabiProt,,,d92e92e0-8d20-4756-a60b-3746f408c14c,CC_BY_NC_4_0,COORDINATE_ROUNDED;CONTINENT_DERIVED_FROM_COORDINATES,Habitats,II; IV
5284546748,"Erebia neleus Freyer, 1833",Erebia tyndarus,Swiss Brassy Ringlet,Animalia,Arthropoda,Insecta,Lepidoptera,Nymphalidae,Erebia,SPECIES,5134975,8233062,LC,Least Concern,1987-11-30,1987,11,30,41.866519,20.698761,7071,0,,Dragash / Dragaš,Prizren,HUMAN_OBSERVATION,,,"Jakšić, P. (1988) Karte dnevnih leptira YU",,HabiProt,,,d92e92e0-8d20-4756-a60b-3746f408c14c,CC_BY_NC_4_0,COORDINATE_ROUNDED;CONTINENT_DERIVED_FROM_COORDINATES,Habitats,II; IV
5284546622,"Zerynthia polyxena (Denis & Schiffermüller) , 1775",Zerynthia polyxena,Osterluzeifalter,Animalia,Arthropoda,Insecta,Lepidoptera,Papilionidae,Zerynthia,SPECIES,5141262,5141262,NE,Not Evaluated,1987-11-30,1987,11,30,42.136715,20.697484,7071,0,,Prizreni / Prizren,Prizren,HUMAN_OBSERVATION,,,"Jakšić, P. (1988) Karte dnevnih leptira YU",,HabiProt,,,d92e92e0-8d20-4756-a60b-3746f408c14c,CC_BY_NC_4_0,COORDINATE_ROUNDED;CONTINENT_DERIVED_FROM_COORDINATES,Habitats,IV
5284546195,"Erebia ottomana Herrich-Schäffer, 1847",Erebia tyndarus,Swiss Brassy Ringlet,Animalia,Arthropoda,Insecta,Lepidoptera,Nymphalidae,Erebia,SPECIES,5134917,8233062,LC,Least Concern,1987-11-30,1987,11,30,42.137098,20.939496,7071,0,,Prizreni / Prizren,Prizren,HUMAN_OBSERVATION,,,"Jakšić, P. (1988) Karte dnevnih leptira YU",,HabiProt,,,d92e92e0-8d20-4756-a60b-3746f408c14c,CC_BY_NC_4_0,COORDINATE_ROUNDED;CONTINENT_DERIVED_FROM_COORDINATES,Habitats,II; IV
5284546179,"Euphydryas aurinia (Rottemburg, 1775)",Euphydryas aurinia,Marsh Fritillary,Animalia,Arthropoda,Insecta,Lepidoptera,Nymphalidae,Euphydryas,SPECIES,4535809,4535809,NE,Not Evaluated,1987-11-30,1987,11,30,43.127325,20.692648,7071,0,,Leposaviq / Leposavić,Mitrovicë / Kosovska Mitrovica,HUMAN_OBSERVATION,,,"Jakšić, P. (1988) Karte dnevnih leptira YU",,HabiProt,,,d92e92e0-8d20-4756-a60b-3746f408c14c,CC_BY_NC_4_0,COORDINATE_ROUNDED;CONTINENT_DERIVED_FROM_COORDINATES,Habitats,II
5284546053,"Parnassius apollo (Linnaeus, 1758)",Parnassius apollo,Apollo,Animalia,Arthropoda,Insecta,Lepidoptera,Papilionidae,Parnassius,SPECIES,1938810,1938810,LC,Least Concern,1987-11-30,1987,11,30,41.866519,20.698761,7071,0,,Dragash / Dragaš,Prizren,HUMAN_OBSERVATION,,,"Jakšić, P. (1988) Karte dnevnih leptira YU",,HabiProt,,,d92e92e0-8d20-4756-a60b-3746f408c14c,CC_BY_NC_4_0,COORDINATE_ROUNDED;CONTINENT_DERIVED_FROM_COORDINATES,Habitats,IV
5284543421,"Zerynthia polyxena (Denis & Schiffermüller) , 1775",Zerynthia polyxena,Osterluzeifalter,Animalia,Arthropoda,Insecta,Lepidoptera,Papilionidae,Zerynthia,SPECIES,5141262,5141262,NE,Not Evaluated,2007-11-30,2007,11,30,42.137098,20.939496,7071,0,,Prizreni / Prizren,Prizren,HUMAN_OBSERVATION,,,"Jakšić, P. [ed.] (2008) PBA in Serbia",,HabiProt,,,d92e92e0-8d20-4756-a60b-3746f408c14c,CC_BY_NC_4_0,COORDINATE_ROUNDED;CONTINENT_DERIVED_FROM_COORDINATES,Habitats,IV
5284543412,"Parnassius apollo (Linnaeus, 1758)",Parnassius apollo,Apollo,Animalia,Arthropoda,Insecta,Lepidoptera,Papilionidae,Parnassius,SPECIES,1938810,1938810,LC,Least Concern,2007-11-30,2007,11,30,42.495406,20.330675,7071,0,,Deçan / Dečani,Gjakovë / Đakovica,HUMAN_OBSERVATION,,,"Jakšić, P. [ed.] (2008) PBA in Serbia",,HabiProt,,,d92e92e0-8d20-4756-a60b-3746f408c14c,CC_BY_NC_4_0,COORDINATE_ROUNDED;CONTINENT_DERIVED_FROM_COORDINATES,Habitats,IV
5284543408,"Lycaena dispar (Haworth, 1803)",Lycaena dispar,Large Copper,Animalia,Arthropoda,Insecta,Lepidoptera,Lycaenidae,Lycaena,SPECIES,1929270,1929270,NT,Near Threatened,1998-11-30,1998,11,30,42.857568,20.938798,7071,0,,Vushtrri / Vucitrn,Mitrovicë / Kosovska Mitrovica,HUMAN_OBSERVATION,,,"Jakšić, P. [ed.] (2008) PBA in Serbia",,HabiProt,,,d92e92e0-8d20-4756-a60b-3746f408c14c,CC_BY_NC_4_0,COORDINATE_ROUNDED;CONTINENT_DERIVED_FROM_COORDINATES,Habitats,II; IV
5284543370,"Polyommatus eros (Ochsenheimer, 1808)",Polyommatus eros,Eros Blue,Animalia,Arthropoda,Insecta,Lepidoptera,Lycaenidae,Polyommatus,SPECIES,5140244,5140244,NE,Not Evaluated,2002-11-30,2002,11,30,42.136332,20.57648,7071,0,,Prizreni / Prizren,Prizren,HUMAN_OBSERVATION,,,"Jakšić, P. (2003) Crvena knjiga d leptira Srbije",,HabiProt,,,d92e92e0-8d20-4756-a60b-3746f408c14c,CC_BY_NC_4_0,COORDINATE_ROUNDED;CONTINENT_DERIVED_FROM_COORDINATES,Habitats,II; IV
5284543329,"Lycaena dispar (Haworth, 1803)",Lycaena dispar,Large Copper,Animalia,Arthropoda,Insecta,Lepidoptera,Lycaenidae,Lycaena,SPECIES,1929270,1929270,NT,Near Threatened,1994-11-30,1994,11,30,42.58468,20.207852,7071,1732,,Deçan / Dečani,Gjakovë / Đakovica,HUMAN_OBSERVATION,,,"Jakšić, P., Živić, N. (1995) Kosovo Metohija. GPMB",,HabiProt,,,d92e92e0-8d20-4756-a60b-3746f408c14c,CC_BY_NC_4_0,COORDINATE_ROUNDED;CONTINENT_DERIVED_FROM_COORDINATES,Habitats,II; IV
5284542369,"Zerynthia polyxena (Denis & Schiffermüller) , 1775",Zerynthia polyxena,Osterluzeifalter,Animalia,Arthropoda,Insecta,Lepidoptera,Papilionidae,Zerynthia,SPECIES,5141262,5141262,NE,Not Evaluated,2007-11-30,2007,11,30,42.676679,21.427171,7071,0,,Kamenicë / Kosovska Kamenica,Gjilan / Gnjilane,HUMAN_OBSERVATION,,,"Jakšić, P. [ed.] (2008) PBA in Serbia",,HabiProt,,,d92e92e0-8d20-4756-a60b-3746f408c14c,CC_BY_NC_4_0,COORDINATE_ROUNDED;CONTINENT_DERIVED_FROM_COORDINATES,Habitats,IV
5284542320,"Parnassius mnemosyne (Linnaeus, 1758)",Parnassius mnemosyne,Clouded Apollo,Animalia,Arthropoda,Insecta,Lepidoptera,Papilionidae,Parnassius,SPECIES,1938520,1938520,LC,Least Concern,2002-11-30,2002,11,30,42.227034,21.181768,7071,0,,Kaçanik / Kačanik,Ferizaj / Uroševac,HUMAN_OBSERVATION,,,"Jakšić, P. (2003) Crvena knjiga d leptira Srbije",,HabiProt,,,d92e92e0-8d20-4756-a60b-3746f408c14c,CC_BY_NC_4_0,COORDINATE_ROUNDED;CONTINENT_DERIVED_FROM_COORDINATES,Habitats,IV
5284542316,"Apatura ilia (Denis & Schiffermüller) , 1775",Apatura ilia,Kleiner Schillerfalter,Animalia,Arthropoda,Insecta,Lepidoptera,Nymphalidae,Apatura,SPECIES,8138711,8138711,NE,Not Evaluated,2002-11-30,2002,11,30,42.677329,21.183075,7071,0,,Prishtinë / Priština,Prishtinë / Priština,HUMAN_OBSERVATION,,,"Jakšić, P. (2003) Crvena knjiga d leptira Srbije",,HabiProt,,,d92e92e0-8d20-4756-a60b-3746f408c14c,CC_BY_NC_4_0,COORDINATE_ROUNDED;CONTINENT_DERIVED_FROM_COORDINATES,Habitats,IV
5284542307,"Parnassius apollo (Linnaeus, 1758)",Parnassius apollo,Apollo,Animalia,Arthropoda,Insecta,Lepidoptera,Papilionidae,Parnassius,SPECIES,1938810,1938810,LC,Least Concern,2002-11-30,2002,11,30,42.137098,20.939496,7071,0,,Prizreni / Prizren,Prizren,HUMAN_OBSERVATION,,,"Jakšić, P. (2003) Crvena knjiga d leptira Srbije",,HabiProt,,,d92e92e0-8d20-4756-a60b-3746f408c14c,CC_BY_NC_4_0,COORDINATE_ROUNDED;CONTINENT_DERIVED_FROM_COORDINATES,Habitats,IV
5284541712,"Pseudophilotes bavius (Ivirsmann, 1832)",Pseudophilotes bavius,Bavius Blue,Animalia,Arthropoda,Insecta,Lepidoptera,Lycaenidae,Pseudophilotes,SPECIES,4535092,4535092,NE,Not Evaluated,2002-11-30,2002,11,30,42.046651,20.697911,7071,0,,Dragash / Dragaš,Prizren,HUMAN_OBSERVATION,,,"Jakšić, P. (2003) Crvena knjiga d leptira Srbije",,HabiProt,,,d92e92e0-8d20-4756-a60b-3746f408c14c,CC_BY_NC_4_0,COORDINATE_ROUNDED;CONTINENT_DERIVED_FROM_COORDINATES,Habitats,II; IV
5284541671,"Erebia ottomana Herrich-Schäffer, 1847",Erebia tyndarus,Swiss Brassy Ringlet,Animalia,Arthropoda,Insecta,Lepidoptera,Nymphalidae,Erebia,SPECIES,5134917,8233062,LC,Least Concern,1994-11-30,1994,11,30,42.673818,20.084679,7071,1179,,Pejë / Peć,Pejë / Peć,HUMAN_OBSERVATION,,,"Jakšić, P., Živić, N. (1995) Kosovo Metohija. GPMB",,HabiProt,,,d92e92e0-8d20-4756-a60b-3746f408c14c,CC_BY_NC_4_0,COORDINATE_ROUNDED;CONTINENT_DERIVED_FROM_COORDINATES,Habitats,II; IV
5284541516,"Lycaena dispar (Haworth, 1803)",Lycaena dispar,Large Copper,Animalia,Arthropoda,Insecta,Lepidoptera,Lycaenidae,Lycaena,SPECIES,1929270,1929270,NT,Near Threatened,1987-11-30,1987,11,30,42.13697,20.818489,7071,0,,Prizreni / Prizren,Prizren,HUMAN_OBSERVATION,,,"Jakšić, P. (1988) Karte dnevnih leptira YU",,HabiProt,,,d92e92e0-8d20-4756-a60b-3746f408c14c,CC_BY_NC_4_0,COORDINATE_ROUNDED;CONTINENT_DERIVED_FROM_COORDINATES,Habitats,II; IV
5284541475,"Parnassius mnemosyne (Linnaeus, 1758)",Parnassius mnemosyne,Clouded Apollo,Animalia,Arthropoda,Insecta,Lepidoptera,Papilionidae,Parnassius,SPECIES,1938520,1938520,LC,Least Concern,1987-11-30,1987,11,30,42.136715,21.302516,7071,0,,Kaçanik / Kačanik,Ferizaj / Uroševac,HUMAN_OBSERVATION,,,"Jakšić, P. (1988) Karte dnevnih leptira YU",,HabiProt,,,d92e92e0-8d20-4756-a60b-3746f408c14c,CC_BY_NC_4_0,COORDINATE_ROUNDED;CONTINENT_DERIVED_FROM_COORDINATES,Habitats,IV
5284541202,"Parnassius mnemosyne (Linnaeus, 1758)",Parnassius mnemosyne,Clouded Apollo,Animalia,Arthropoda,Insecta,Lepidoptera,Papilionidae,Parnassius,SPECIES,1938520,1938520,LC,Least Concern,2007-11-30,2007,11,30,42.765558,20.327774,7071,0,,Istog / Istok,Pejë / Peć,HUMAN_OBSERVATION,,,"Jakšić, P. [ed.] (2008) PBA in Serbia",,HabiProt,,,d92e92e0-8d20-4756-a60b-3746f408c14c,CC_BY_NC_4_0,COORDINATE_ROUNDED;CONTINENT_DERIVED_FROM_COORDINATES,Habitats,IV
5284541197,"Lycaena dispar (Haworth, 1803)",Lycaena dispar,Large Copper,Animalia,Arthropoda,Insecta,Lepidoptera,Lycaenidae,Lycaena,SPECIES,1929270,1929270,NT,Near Threatened,1998-11-30,1998,11,30,42.494631,20.20899,7071,0,,Deçan / Dečani,Gjakovë / Đakovica,HUMAN_OBSERVATION,,,"Jakšić, P. [ed.] (2008) PBA in Serbia",,HabiProt,,,d92e92e0-8d20-4756-a60b-3746f408c14c,CC_BY_NC_4_0,COORDINATE_ROUNDED;CONTINENT_DERIVED_FROM_COORDINATES,Habitats,II; IV
5284541139,"Aricia anteros (Freyer, 1838)",Polyommatus eros,Eros Blue,Animalia,Arthropoda,Insecta,Lepidoptera,Lycaenidae,Polyommatus,SPECIES,9195563,5140244,NE,Not Evaluated,2002-11-30,2002,11,30,42.137098,20.939496,7071,0,,Prizreni / Prizren,Prizren,HUMAN_OBSERVATION,,,"Jakšić, P. (2003) Crvena knjiga d leptira Srbije",,HabiProt,,,d92e92e0-8d20-4756-a60b-3746f408c14c,CC_BY_NC_4_0,COORDINATE_ROUNDED;CONTINENT_DERIVED_FROM_COORDINATES,Habitats,II; IV
5284541100,"Zerynthia polyxena (Denis & Schiffermüller) , 1775",Zerynthia polyxena,Osterluzeifalter,Animalia,Arthropoda,Insecta,Lepidoptera,Papilionidae,Zerynthia,SPECIES,5141262,5141262,NE,Not Evaluated,1994-11-30,1994,11,30,42.227034,20.818232,7071,943,,Prizreni / Prizren,Prizren,HUMAN_OBSERVATION,,,"Jakšić, P., Živić, N. (1995) Kosovo Metohija. GPMB",,HabiProt,,,d92e92e0-8d20-4756-a60b-3746f408c14c,CC_BY_NC_4_0,COORDINATE_ROUNDED;CONTINENT_DERIVED_FROM_COORDINATES,Habitats,IV
5284541099,"Pseudophilotes bavius (Ivirsmann, 1832)",Pseudophilotes bavius,Bavius Blue,Animalia,Arthropoda,Insecta,Lepidoptera,Lycaenidae,Pseudophilotes,SPECIES,4535092,4535092,NE,Not Evaluated,1994-11-30,1994,11,30,42.673818,20.084679,7071,1179,,Pejë / Peć,Pejë / Peć,HUMAN_OBSERVATION,,,"Jakšić, P., Živić, N. (1995) Kosovo Metohija. GPMB",,HabiProt,,,d92e92e0-8d20-4756-a60b-3746f408c14c,CC_BY_NC_4_0,COORDINATE_ROUNDED;CONTINENT_DERIVED_FROM_COORDINATES,Habitats,II; IV
5284539408,"Morimus funereus Mulsant, 1862",Morimus funereus,Cerambice Funereo,Animalia,Arthropoda,Insecta,Coleoptera,Cerambycidae,Morimus,SPECIES,1119288,1119288,VU,Vulnerable,,,,,42.675509,20.328745,7071,0,,Pejë / Peć,Pejë / Peć,HUMAN_OBSERVATION,,,"Ilić, N. (2005) Strižibube Srbije",,HabiProt,,,d92e92e0-8d20-4756-a60b-3746f408c14c,CC_BY_NC_4_0,COORDINATE_ROUNDED;CONTINENT_DERIVED_FROM_COORDINATES,Habitats,II
5284539232,"Parnassius mnemosyne (Linnaeus, 1758)",Parnassius mnemosyne,Clouded Apollo,Animalia,Arthropoda,Insecta,Lepidoptera,Papilionidae,Parnassius,SPECIES,1938520,1938520,LC,Least Concern,1987-11-30,1987,11,30,42.673818,20.084679,7071,0,,Pejë / Peć,Pejë / Peć,HUMAN_OBSERVATION,,,"Jakšić, P. (1988) Karte dnevnih leptira YU",,HabiProt,,,d92e92e0-8d20-4756-a60b-3746f408c14c,CC_BY_NC_4_0,COORDINATE_ROUNDED;CONTINENT_DERIVED_FROM_COORDINATES,Habitats,IV
5284537543,"Zerynthia polyxena (Denis & Schiffermüller) , 1775",Zerynthia polyxena,Osterluzeifalter,Animalia,Arthropoda,Insecta,Lepidoptera,Papilionidae,Zerynthia,SPECIES,5141262,5141262,NE,Not Evaluated,2007-11-30,2007,11,30,42.585458,20.329712,7071,0,,Pejë / Peć,Pejë / Peć,HUMAN_OBSERVATION,,,"Jakšić, P. [ed.] (2008) PBA in Serbia",,HabiProt,,,d92e92e0-8d20-4756-a60b-3746f408c14c,CC_BY_NC_4_0,COORDINATE_ROUNDED;CONTINENT_DERIVED_FROM_COORDINATES,Habitats,IV
5284537539,"Polyommatus eros (Ochsenheimer, 1808)",Polyommatus eros,Eros Blue,Animalia,Arthropoda,Insecta,Lepidoptera,Lycaenidae,Polyommatus,SPECIES,5140244,5140244,NE,Not Evaluated,2007-11-30,2007,11,30,42.137098,20.939496,7071,0,,Prizreni / Prizren,Prizren,HUMAN_OBSERVATION,,,"Jakšić, P. [ed.] (2008) PBA in Serbia",,HabiProt,,,d92e92e0-8d20-4756-a60b-3746f408c14c,CC_BY_NC_4_0,COORDINATE_ROUNDED;CONTINENT_DERIVED_FROM_COORDINATES,Habitats,II; IV
5284537498,"Euphydryas aurinia (Rottemburg, 1775)",Euphydryas aurinia,Marsh Fritillary,Animalia,Arthropoda,Insecta,Lepidoptera,Nymphalidae,Euphydryas,SPECIES,4535809,4535809,NE,Not Evaluated,2002-11-30,2002,11,30,42.226394,20.575878,7071,0,,Prizreni / Prizren,Prizren,HUMAN_OBSERVATION,,,"Jakšić, P. (2003) Crvena knjiga d leptira Srbije",,HabiProt,,,d92e92e0-8d20-4756-a60b-3746f408c14c,CC_BY_NC_4_0,COORDINATE_ROUNDED;CONTINENT_DERIVED_FROM_COORDINATES,Habitats,II
5284537417,"Parnassius apollo (Linnaeus, 1758)",Parnassius apollo,Apollo,Animalia,Arthropoda,Insecta,Lepidoptera,Papilionidae,Parnassius,SPECIES,1938810,1938810,LC,Least Concern,1939-08-06,1939,8,6,42.583773,20.085997,7071,0,,Deçan / Dečani,Gjakovë / Đakovica,HUMAN_OBSERVATION,,,"Anđus, Lj. (2008) Dnevni leptiri u muzeju",,HabiProt,,,d92e92e0-8d20-4756-a60b-3746f408c14c,CC_BY_NC_4_0,COORDINATE_ROUNDED;CONTINENT_DERIVED_FROM_COORDINATES,Habitats,IV
5284537316,"Polyommatus eros (Ochsenheimer, 1808)",Polyommatus eros,Eros Blue,Animalia,Arthropoda,Insecta,Lepidoptera,Lycaenidae,Polyommatus,SPECIES,5140244,5140244,NE,Not Evaluated,1987-11-30,1987,11,30,42.136332,20.57648,7071,0,,Prizreni / Prizren,Prizren,HUMAN_OBSERVATION,,,"Jakšić, P. (1988) Karte dnevnih leptira YU",,HabiProt,,,d92e92e0-8d20-4756-a60b-3746f408c14c,CC_BY_NC_4_0,COORDINATE_ROUNDED;CONTINENT_DERIVED_FROM_COORDINATES,Habitats,II; IV
5284536248,"Lycaena dispar (Haworth, 1803)",Lycaena dispar,Large Copper,Animalia,Arthropoda,Insecta,Lepidoptera,Lycaenidae,Lycaena,SPECIES,1929270,1929270,NT,Near Threatened,1998-11-30,1998,11,30,42.676679,21.427171,7071,0,,Kamenicë / Kosovska Kamenica,Gjilan / Gnjilane,HUMAN_OBSERVATION,,,"Jakšić, P. [ed.] (2008) PBA in Serbia",,HabiProt,,,d92e92e0-8d20-4756-a60b-3746f408c14c,CC_BY_NC_4_0,COORDINATE_ROUNDED;CONTINENT_DERIVED_FROM_COORDINATES,Habitats,II; IV
5284536214,"Parnassius mnemosyne (Linnaeus, 1758)",Parnassius mnemosyne,Clouded Apollo,Animalia,Arthropoda,Insecta,Lepidoptera,Papilionidae,Parnassius,SPECIES,1938520,1938520,LC,Least Concern,2002-11-30,2002,11,30,42.407285,20.939237,7071,0,,Shtime / Štimlje,Ferizaj / Uroševac,HUMAN_OBSERVATION,,,"Jakšić, P. (2003) Crvena knjiga d leptira Srbije",,HabiProt,,,d92e92e0-8d20-4756-a60b-3746f408c14c,CC_BY_NC_4_0,COORDINATE_ROUNDED;CONTINENT_DERIVED_FROM_COORDINATES,Habitats,IV
5284536207,"Phengaris arion (Linnaeus, 1758)",Maculinea arion,Large Blue,Animalia,Arthropoda,Insecta,Lepidoptera,Lycaenidae,Maculinea,SPECIES,4535168,1922311,NT,Near Threatened,2002-11-30,2002,11,30,42.677329,21.183075,7071,0,,Prishtinë / Priština,Prishtinë / Priština,HUMAN_OBSERVATION,,,"Jakšić, P. (2003) Crvena knjiga d leptira Srbije",,HabiProt,,,d92e92e0-8d20-4756-a60b-3746f408c14c,CC_BY_NC_4_0,COORDINATE_ROUNDED;CONTINENT_DERIVED_FROM_COORDINATES,Habitats,IV
5284536205,"Lycaena dispar (Haworth, 1803)",Lycaena dispar,Large Copper,Animalia,Arthropoda,Insecta,Lepidoptera,Lycaenidae,Lycaena,SPECIES,1929270,1929270,NT,Near Threatened,2002-11-30,2002,11,30,42.13697,20.818489,7071,0,,Prizreni / Prizren,Prizren,HUMAN_OBSERVATION,,,"Jakšić, P. (2003) Crvena knjiga d leptira Srbije",,HabiProt,,,d92e92e0-8d20-4756-a60b-3746f408c14c,CC_BY_NC_4_0,COORDINATE_ROUNDED;CONTINENT_DERIVED_FROM_COORDINATES,Habitats,II; IV
5284536202,"Zerynthia polyxena (Denis & Schiffermüller) , 1775",Zerynthia polyxena,Osterluzeifalter,Animalia,Arthropoda,Insecta,Lepidoptera,Papilionidae,Zerynthia,SPECIES,5141262,5141262,NE,Not Evaluated,2002-11-30,2002,11,30,42.226778,20.697054,7071,0,,Prizreni / Prizren,Prizren,HUMAN_OBSERVATION,,,"Jakšić, P. (2003) Crvena knjiga d leptira Srbije",,HabiProt,,,d92e92e0-8d20-4756-a60b-3746f408c14c,CC_BY_NC_4_0,COORDINATE_ROUNDED;CONTINENT_DERIVED_FROM_COORDINATES,Habitats,IV
5284536116,"Apatura ilia (Denis & Schiffermüller) , 1775",Apatura ilia,Kleiner Schillerfalter,Animalia,Arthropoda,Insecta,Lepidoptera,Nymphalidae,Apatura,SPECIES,8138711,8138711,NE,Not Evaluated,1984-11-30,1984,11,30,42.407156,21.182287,7071,0,,Ferizaj / Uroševac,Ferizaj / Uroševac,HUMAN_OBSERVATION,,,"Azemi, R. (1985) Lepidoptera",,HabiProt,,,d92e92e0-8d20-4756-a60b-3746f408c14c,CC_BY_NC_4_0,COORDINATE_ROUNDED;CONTINENT_DERIVED_FROM_COORDINATES,Habitats,IV
5284535074,"Zerynthia polyxena (Denis & Schiffermüller) , 1775",Zerynthia polyxena,Osterluzeifalter,Animalia,Arthropoda,Insecta,Lepidoptera,Papilionidae,Zerynthia,SPECIES,5141262,5141262,NE,Not Evaluated,2007-11-30,2007,11,30,42.677329,21.183075,7071,0,,Prishtinë / Priština,Prishtinë / Priština,HUMAN_OBSERVATION,,,"Jakšić, P. [ed.] (2008) PBA in Serbia",,HabiProt,,,d92e92e0-8d20-4756-a60b-3746f408c14c,CC_BY_NC_4_0,COORDINATE_ROUNDED;CONTINENT_DERIVED_FROM_COORDINATES,Habitats,IV
5284535069,"Pseudophilotes bavius (Ivirsmann, 1832)",Pseudophilotes bavius,Bavius Blue,Animalia,Arthropoda,Insecta,Lepidoptera,Lycaenidae,Pseudophilotes,SPECIES,4535092,4535092,NE,Not Evaluated,2007-11-30,2007,11,30,42.137098,20.939496,7071,0,,Prizreni / Prizren,Prizren,HUMAN_OBSERVATION,,,"Jakšić, P. [ed.] (2008) PBA in Serbia",,HabiProt,,,d92e92e0-8d20-4756-a60b-3746f408c14c,CC_BY_NC_4_0,COORDINATE_ROUNDED;CONTINENT_DERIVED_FROM_COORDINATES,Habitats,II; IV
5284535061,"Euphydryas aurinia (Rottemburg, 1775)",Euphydryas aurinia,Marsh Fritillary,Animalia,Arthropoda,Insecta,Lepidoptera,Nymphalidae,Euphydryas,SPECIES,4535809,4535809,NE,Not Evaluated,2007-11-30,2007,11,30,43.217637,20.815317,7071,0,,Leposaviq / Leposavić,Mitrovicë / Kosovska Mitrovica,HUMAN_OBSERVATION,,,"Jakšić, P. [ed.] (2008) PBA in Serbia",,HabiProt,,,d92e92e0-8d20-4756-a60b-3746f408c14c,CC_BY_NC_4_0,COORDINATE_ROUNDED;CONTINENT_DERIVED_FROM_COORDINATES,Habitats,II
5284535027,"Parnassius mnemosyne (Linnaeus, 1758)",Parnassius mnemosyne,Clouded Apollo,Animalia,Arthropoda,Insecta,Lepidoptera,Papilionidae,Parnassius,SPECIES,1938520,1938520,LC,Least Concern,2002-11-30,2002,11,30,42.317224,21.060676,7071,0,,Ferizaj / Uroševac,Ferizaj / Uroševac,HUMAN_OBSERVATION,,,"Jakšić, P. (2003) Crvena knjiga d leptira Srbije",,HabiProt,,,d92e92e0-8d20-4756-a60b-3746f408c14c,CC_BY_NC_4_0,COORDINATE_ROUNDED;CONTINENT_DERIVED_FROM_COORDINATES,Habitats,IV
5284535025,"Polyommatus eros (Ochsenheimer, 1808)",Polyommatus eros,Eros Blue,Animalia,Arthropoda,Insecta,Lepidoptera,Lycaenidae,Polyommatus,SPECIES,5140244,5140244,NE,Not Evaluated,2002-11-30,2002,11,30,42.227034,21.181768,7071,0,,Kaçanik / Kačanik,Ferizaj / Uroševac,HUMAN_OBSERVATION,,,"Jakšić, P. (2003) Crvena knjiga d leptira Srbije",,HabiProt,,,d92e92e0-8d20-4756-a60b-3746f408c14c,CC_BY_NC_4_0,COORDINATE_ROUNDED;CONTINENT_DERIVED_FROM_COORDINATES,Habitats,II; IV
5284535024,"Apatura ilia (Denis & Schiffermüller) , 1775",Apatura ilia,Kleiner Schillerfalter,Animalia,Arthropoda,Insecta,Lepidoptera,Nymphalidae,Apatura,SPECIES,8138711,8138711,NE,Not Evaluated,2002-11-30,2002,11,30,42.947489,20.816126,7071,0,,Zveçan / Zvečan,Mitrovicë / Kosovska Mitrovica,HUMAN_OBSERVATION,,,"Jakšić, P. (2003) Crvena knjiga d leptira Srbije",,HabiProt,,,d92e92e0-8d20-4756-a60b-3746f408c14c,CC_BY_NC_4_0,COORDINATE_ROUNDED;CONTINENT_DERIVED_FROM_COORDINATES,Habitats,IV
5284535019,"Phengaris arion (Linnaeus, 1758)",Maculinea arion,Large Blue,Animalia,Arthropoda,Insecta,Lepidoptera,Lycaenidae,Maculinea,SPECIES,4535168,1922311,NT,Near Threatened,2002-11-30,2002,11,30,41.956586,20.698337,7071,0,,Dragash / Dragaš,Prizren,HUMAN_OBSERVATION,,,"Jakšić, P. (2003) Crvena knjiga d leptira Srbije",,HabiProt,,,d92e92e0-8d20-4756-a60b-3746f408c14c,CC_BY_NC_4_0,COORDINATE_ROUNDED;CONTINENT_DERIVED_FROM_COORDINATES,Habitats,IV
5284534992,"Euphydryas aurinia (Rottemburg, 1775)",Euphydryas aurinia,Marsh Fritillary,Animalia,Arthropoda,Insecta,Lepidoptera,Nymphalidae,Euphydryas,SPECIES,4535809,4535809,NE,Not Evaluated,1996-07-02,1996,7,2,42.226394,20.575878,7071,1033,,Prizreni / Prizren,Prizren,HUMAN_OBSERVATION,,,"Jakšić, P. (2007) Dnevni leptiri Paštrika. AES 12",,HabiProt,,,d92e92e0-8d20-4756-a60b-3746f408c14c,CC_BY_NC_4_0,COORDINATE_ROUNDED;CONTINENT_DERIVED_FROM_COORDINATES,Habitats,II
5284534979,"Euphydryas aurinia (Rottemburg, 1775)",Euphydryas aurinia,Marsh Fritillary,Animalia,Arthropoda,Insecta,Lepidoptera,Nymphalidae,Euphydryas,SPECIES,4535809,4535809,NE,Not Evaluated,1994-11-30,1994,11,30,43.03754,20.815858,7071,498,,Leposaviq / Leposavić,Mitrovicë / Kosovska Mitrovica,HUMAN_OBSERVATION,,,"Jakšić, P., Živić, N. (1995) Kosovo Metohija. GPMB",,HabiProt,,,d92e92e0-8d20-4756-a60b-3746f408c14c,CC_BY_NC_4_0,COORDINATE_ROUNDED;CONTINENT_DERIVED_FROM_COORDINATES,Habitats,II
5284534284,"Apatura ilia (Denis & Schiffermüller) , 1775",Apatura ilia,Kleiner Schillerfalter,Animalia,Arthropoda,Insecta,Lepidoptera,Nymphalidae,Apatura,SPECIES,8138711,8138711,NE,Not Evaluated,1987-11-30,1987,11,30,42.046651,20.697911,7071,0,,Dragash / Dragaš,Prizren,HUMAN_OBSERVATION,,,"Jakšić, P. (1988) Karte dnevnih leptira YU",,HabiProt,,,d92e92e0-8d20-4756-a60b-3746f408c14c,CC_BY_NC_4_0,COORDINATE_ROUNDED;CONTINENT_DERIVED_FROM_COORDINATES,Habitats,IV
5284534239,"Polyommatus eros (Ochsenheimer, 1808)",Polyommatus eros,Eros Blue,Animalia,Arthropoda,Insecta,Lepidoptera,Lycaenidae,Polyommatus,SPECIES,5140244,5140244,NE,Not Evaluated,1987-11-30,1987,11,30,42.137098,20.939496,7071,0,,Prizreni / Prizren,Prizren,HUMAN_OBSERVATION,,,"Jakšić, P. (1988) Karte dnevnih leptira YU",,HabiProt,,,d92e92e0-8d20-4756-a60b-3746f408c14c,CC_BY_NC_4_0,COORDINATE_ROUNDED;CONTINENT_DERIVED_FROM_COORDINATES,Habitats,II; IV
5284534220,"Pseudophilotes bavius (Ivirsmann, 1832)",Pseudophilotes bavius,Bavius Blue,Animalia,Arthropoda,Insecta,Lepidoptera,Lycaenidae,Pseudophilotes,SPECIES,4535092,4535092,NE,Not Evaluated,1987-11-30,1987,11,30,42.677329,21.183075,7071,0,,Prishtinë / Priština,Prishtinë / Priština,HUMAN_OBSERVATION,,,"Jakšić, P. (1988) Karte dnevnih leptira YU",,HabiProt,,,d92e92e0-8d20-4756-a60b-3746f408c14c,CC_BY_NC_4_0,COORDINATE_ROUNDED;CONTINENT_DERIVED_FROM_COORDINATES,Habitats,II; IV
5284534160,"Zerynthia polyxena (Denis & Schiffermüller) , 1775",Zerynthia polyxena,Osterluzeifalter,Animalia,Arthropoda,Insecta,Lepidoptera,Papilionidae,Zerynthia,SPECIES,5141262,5141262,NE,Not Evaluated,1987-11-30,1987,11,30,42.587273,21.182811,7071,0,,Prishtinë / Priština,Prishtinë / Priština,HUMAN_OBSERVATION,,,"Jakšić, P. (1988) Karte dnevnih leptira YU",,HabiProt,,,d92e92e0-8d20-4756-a60b-3746f408c14c,CC_BY_NC_4_0,COORDINATE_ROUNDED;CONTINENT_DERIVED_FROM_COORDINATES,Habitats,IV
5284532866,"Zerynthia polyxena (Denis & Schiffermüller) , 1775",Zerynthia polyxena,Osterluzeifalter,Animalia,Arthropoda,Insecta,Lepidoptera,Papilionidae,Zerynthia,SPECIES,5141262,5141262,NE,Not Evaluated,2007-11-30,2007,11,30,42.407156,21.182287,7071,0,,Ferizaj / Uroševac,Ferizaj / Uroševac,HUMAN_OBSERVATION,,,"Jakšić, P. [ed.] (2008) PBA in Serbia",,HabiProt,,,d92e92e0-8d20-4756-a60b-3746f408c14c,CC_BY_NC_4_0,COORDINATE_ROUNDED;CONTINENT_DERIVED_FROM_COORDINATES,Habitats,IV
5284532862,"Parnassius mnemosyne (Linnaeus, 1758)",Parnassius mnemosyne,Clouded Apollo,Animalia,Arthropoda,Insecta,Lepidoptera,Papilionidae,Parnassius,SPECIES,1938520,1938520,LC,Least Concern,2007-11-30,2007,11,30,42.407156,21.182287,7071,0,,Ferizaj / Uroševac,Ferizaj / Uroševac,HUMAN_OBSERVATION,,,"Jakšić, P. [ed.] (2008) PBA in Serbia",,HabiProt,,,d92e92e0-8d20-4756-a60b-3746f408c14c,CC_BY_NC_4_0,COORDINATE_ROUNDED;CONTINENT_DERIVED_FROM_COORDINATES,Habitats,IV
5284532855,"Euphydryas aurinia (Rottemburg, 1775)",Euphydryas aurinia,Marsh Fritillary,Animalia,Arthropoda,Insecta,Lepidoptera,Nymphalidae,Euphydryas,SPECIES,4535809,4535809,NE,Not Evaluated,1998-11-30,1998,11,30,42.947489,20.816126,7071,0,,Zveçan / Zvečan,Mitrovicë / Kosovska Mitrovica,HUMAN_OBSERVATION,,,"Jakšić, P. [ed.] (2008) PBA in Serbia",,HabiProt,,,d92e92e0-8d20-4756-a60b-3746f408c14c,CC_BY_NC_4_0,COORDINATE_ROUNDED;CONTINENT_DERIVED_FROM_COORDINATES,Habitats,II
5284532810,"Parnassius apollo (Linnaeus, 1758)",Parnassius apollo,Apollo,Animalia,Arthropoda,Insecta,Lepidoptera,Papilionidae,Parnassius,SPECIES,1938810,1938810,LC,Least Concern,2002-11-30,2002,11,30,41.956586,20.698337,7071,0,,Dragash / Dragaš,Prizren,HUMAN_OBSERVATION,,,"Jakšić, P. (2003) Crvena knjiga d leptira Srbije",,HabiProt,,,d92e92e0-8d20-4756-a60b-3746f408c14c,CC_BY_NC_4_0,COORDINATE_ROUNDED;CONTINENT_DERIVED_FROM_COORDINATES,Habitats,IV
5284532784,"Erebia ottomana Herrich-Schäffer, 1847",Erebia tyndarus,Swiss Brassy Ringlet,Animalia,Arthropoda,Insecta,Lepidoptera,Nymphalidae,Erebia,SPECIES,5134917,8233062,LC,Least Concern,1997-11-30,1997,11,30,42.226394,20.575878,7071,1033,,Prizreni / Prizren,Prizren,HUMAN_OBSERVATION,,,"Jakšić, P. (2007) Dnevni leptiri Paštrika. AES 12",,HabiProt,,,d92e92e0-8d20-4756-a60b-3746f408c14c,CC_BY_NC_4_0,COORDINATE_ROUNDED;CONTINENT_DERIVED_FROM_COORDINATES,Habitats,II; IV
5284532768,"Aricia anteros (Freyer, 1838)",Polyommatus eros,Eros Blue,Animalia,Arthropoda,Insecta,Lepidoptera,Lycaenidae,Polyommatus,SPECIES,9195563,5140244,NE,Not Evaluated,1994-11-30,1994,11,30,42.677329,21.183075,7071,605,,Prishtinë / Priština,Prishtinë / Priština,HUMAN_OBSERVATION,,,"Jakšić, P., Živić, N. (1995) Kosovo Metohija. GPMB",,HabiProt,,,d92e92e0-8d20-4756-a60b-3746f408c14c,CC_BY_NC_4_0,COORDINATE_ROUNDED;CONTINENT_DERIVED_FROM_COORDINATES,Habitats,II; IV
5284532684,"Apatura ilia (Denis & Schiffermüller) , 1775",Apatura ilia,Kleiner Schillerfalter,Animalia,Arthropoda,Insecta,Lepidoptera,Nymphalidae,Apatura,SPECIES,8138711,8138711,NE,Not Evaluated,1987-11-30,1987,11,30,42.317224,21.060676,7071,0,,Ferizaj / Uroševac,Ferizaj / Uroševac,HUMAN_OBSERVATION,,,"Jakšić, P. (1988) Karte dnevnih leptira YU",,HabiProt,,,d92e92e0-8d20-4756-a60b-3746f408c14c,CC_BY_NC_4_0,COORDINATE_ROUNDED;CONTINENT_DERIVED_FROM_COORDINATES,Habitats,IV
5284532643,"Polyommatus eros (Ochsenheimer, 1808)",Polyommatus eros,Eros Blue,Animalia,Arthropoda,Insecta,Lepidoptera,Lycaenidae,Polyommatus,SPECIES,5140244,5140244,NE,Not Evaluated,1987-11-30,1987,11,30,42.227162,21.06059,7071,0,,Shtërpcë / Štrpce,Ferizaj / Uroševac,HUMAN_OBSERVATION,,,"Jakšić, P. (1988) Karte dnevnih leptira YU",,HabiProt,,,d92e92e0-8d20-4756-a60b-3746f408c14c,CC_BY_NC_4_0,COORDINATE_ROUNDED;CONTINENT_DERIVED_FROM_COORDINATES,Habitats,II; IV
5284530271,"Erebia ottomana Herrich-Schäffer, 1847",Erebia tyndarus,Swiss Brassy Ringlet,Animalia,Arthropoda,Insecta,Lepidoptera,Nymphalidae,Erebia,SPECIES,5134917,8233062,LC,Least Concern,2002-11-30,2002,11,30,42.046651,20.697911,7071,0,,Dragash / Dragaš,Prizren,HUMAN_OBSERVATION,,,"Jakšić, P. (2003) Crvena knjiga d leptira Srbije",,HabiProt,,,d92e92e0-8d20-4756-a60b-3746f408c14c,CC_BY_NC_4_0,COORDINATE_ROUNDED;CONTINENT_DERIVED_FROM_COORDINATES,Habitats,II; IV
5284530258,"Lycaena dispar (Haworth, 1803)",Lycaena dispar,Large Copper,Animalia,Arthropoda,Insecta,Lepidoptera,Lycaenidae,Lycaena,SPECIES,1929270,1929270,NT,Near Threatened,2002-11-30,2002,11,30,42.765558,20.327774,7071,0,,Istog / Istok,Pejë / Peć,HUMAN_OBSERVATION,,,"Jakšić, P. (2003) Crvena knjiga d leptira Srbije",,HabiProt,,,d92e92e0-8d20-4756-a60b-3746f408c14c,CC_BY_NC_4_0,COORDINATE_ROUNDED;CONTINENT_DERIVED_FROM_COORDINATES,Habitats,II; IV
5284530254,"Zerynthia polyxena (Denis & Schiffermüller) , 1775",Zerynthia polyxena,Osterluzeifalter,Animalia,Arthropoda,Insecta,Lepidoptera,Papilionidae,Zerynthia,SPECIES,5141262,5141262,NE,Not Evaluated,2002-11-30,2002,11,30,42.947489,20.816126,7071,0,,Zveçan / Zvečan,Mitrovicë / Kosovska Mitrovica,HUMAN_OBSERVATION,,,"Jakšić, P. (2003) Crvena knjiga d leptira Srbije",,HabiProt,,,d92e92e0-8d20-4756-a60b-3746f408c14c,CC_BY_NC_4_0,COORDINATE_ROUNDED;CONTINENT_DERIVED_FROM_COORDINATES,Habitats,IV
5284530224,"Euphydryas aurinia (Rottemburg, 1775)",Euphydryas aurinia,Marsh Fritillary,Animalia,Arthropoda,Insecta,Lepidoptera,Nymphalidae,Euphydryas,SPECIES,4535809,4535809,NE,Not Evaluated,1994-11-30,1994,11,30,42.226394,20.575878,7071,1714,,Prizreni / Prizren,Prizren,HUMAN_OBSERVATION,,,"Jakšić, P., Živić, N. (1995) Kosovo Metohija. GPMB",,HabiProt,,,d92e92e0-8d20-4756-a60b-3746f408c14c,CC_BY_NC_4_0,COORDINATE_ROUNDED;CONTINENT_DERIVED_FROM_COORDINATES,Habitats,II
5284530141,"Erebia ottomana Herrich-Schäffer, 1847",Erebia tyndarus,Swiss Brassy Ringlet,Animalia,Arthropoda,Insecta,Lepidoptera,Nymphalidae,Erebia,SPECIES,5134917,8233062,LC,Least Concern,1987-11-30,1987,11,30,41.866519,20.698761,7071,0,,Dragash / Dragaš,Prizren,HUMAN_OBSERVATION,,,"Jakšić, P. (1988) Karte dnevnih leptira YU",,HabiProt,,,d92e92e0-8d20-4756-a60b-3746f408c14c,CC_BY_NC_4_0,COORDINATE_ROUNDED;CONTINENT_DERIVED_FROM_COORDINATES,Habitats,II; IV
5284530112,"Fabriciana niobe (Linnaeus, 1761)",Fabriciana niobe,Niobe Fritillary,Animalia,Arthropoda,Insecta,Lepidoptera,Nymphalidae,Fabriciana,SPECIES,8078362,8078362,NE,Not Evaluated,1987-11-30,1987,11,30,41.866519,20.698761,7071,0,,Dragash / Dragaš,Prizren,HUMAN_OBSERVATION,,,"Jakšić, P. (1988) Karte dnevnih leptira YU",,HabiProt,,,d92e92e0-8d20-4756-a60b-3746f408c14c,CC_BY_NC_4_0,COORDINATE_ROUNDED;CONTINENT_DERIVED_FROM_COORDINATES,Habitats,IV
5284530075,"Phengaris arion (Linnaeus, 1758)",Maculinea arion,Large Blue,Animalia,Arthropoda,Insecta,Lepidoptera,Lycaenidae,Maculinea,SPECIES,4535168,1922311,NT,Near Threatened,1987-11-30,1987,11,30,42.677329,21.183075,7071,0,,Prishtinë / Priština,Prishtinë / Priština,HUMAN_OBSERVATION,,,"Jakšić, P. (1988) Karte dnevnih leptira YU",,HabiProt,,,d92e92e0-8d20-4756-a60b-3746f408c14c,CC_BY_NC_4_0,COORDINATE_ROUNDED;CONTINENT_DERIVED_FROM_COORDINATES,Habitats,IV
5284530004,"Parnassius apollo (Linnaeus, 1758)",Parnassius apollo,Apollo,Animalia,Arthropoda,Insecta,Lepidoptera,Papilionidae,Parnassius,SPECIES,1938810,1938810,LC,Least Concern,1987-11-30,1987,11,30,42.583773,20.085997,7071,0,,Deçan / Dečani,Gjakovë / Đakovica,HUMAN_OBSERVATION,,,"Jakšić, P. (1988) Karte dnevnih leptira YU",,HabiProt,,,d92e92e0-8d20-4756-a60b-3746f408c14c,CC_BY_NC_4_0,COORDINATE_ROUNDED;CONTINENT_DERIVED_FROM_COORDINATES,Habitats,IV
5284528891,"Zerynthia polyxena (Denis & Schiffermüller) , 1775",Zerynthia polyxena,Osterluzeifalter,Animalia,Arthropoda,Insecta,Lepidoptera,Papilionidae,Zerynthia,SPECIES,5141262,5141262,NE,Not Evaluated,2007-11-30,2007,11,30,42.76621,20.449991,7071,0,,Istog / Istok,Pejë / Peć,HUMAN_OBSERVATION,,,"Jakšić, P. [ed.] (2008) PBA in Serbia",,HabiProt,,,d92e92e0-8d20-4756-a60b-3746f408c14c,CC_BY_NC_4_0,COORDINATE_ROUNDED;CONTINENT_DERIVED_FROM_COORDINATES,Habitats,IV
5284528887,"Polyommatus eros (Ochsenheimer, 1808)",Polyommatus eros,Eros Blue,Animalia,Arthropoda,Insecta,Lepidoptera,Lycaenidae,Polyommatus,SPECIES,5140244,5140244,NE,Not Evaluated,2007-11-30,2007,11,30,42.227162,21.06059,7071,0,,Shtërpcë / Štrpce,Ferizaj / Uroševac,HUMAN_OBSERVATION,,,"Jakšić, P. [ed.] (2008) PBA in Serbia",,HabiProt,,,d92e92e0-8d20-4756-a60b-3746f408c14c,CC_BY_NC_4_0,COORDINATE_ROUNDED;CONTINENT_DERIVED_FROM_COORDINATES,Habitats,II; IV
5284528844,"Euphydryas aurinia (Rottemburg, 1775)",Euphydryas aurinia,Marsh Fritillary,Animalia,Arthropoda,Insecta,Lepidoptera,Nymphalidae,Euphydryas,SPECIES,4535809,4535809,NE,Not Evaluated,2002-11-30,2002,11,30,42.13697,20.818489,7071,0,,Prizreni / Prizren,Prizren,HUMAN_OBSERVATION,,,"Jakšić, P. (2003) Crvena knjiga d leptira Srbije",,HabiProt,,,d92e92e0-8d20-4756-a60b-3746f408c14c,CC_BY_NC_4_0,COORDINATE_ROUNDED;CONTINENT_DERIVED_FROM_COORDINATES,Habitats,II
5284528707,"Euphydryas aurinia (Rottemburg, 1775)",Euphydryas aurinia,Marsh Fritillary,Animalia,Arthropoda,Insecta,Lepidoptera,Nymphalidae,Euphydryas,SPECIES,4535809,4535809,NE,Not Evaluated,1987-11-30,1987,11,30,42.31594,20.453929,7071,0,,Gjakova / Đakovica,Gjakovë / Đakovica,HUMAN_OBSERVATION,,,"Jakšić, P. (1988) Karte dnevnih leptira YU",,HabiProt,,,d92e92e0-8d20-4756-a60b-3746f408c14c,CC_BY_NC_4_0,COORDINATE_ROUNDED;CONTINENT_DERIVED_FROM_COORDINATES,Habitats,II
5284528687,"Fabriciana niobe (Linnaeus, 1761)",Fabriciana niobe,Niobe Fritillary,Animalia,Arthropoda,Insecta,Lepidoptera,Nymphalidae,Fabriciana,SPECIES,8078362,8078362,NE,Not Evaluated,1987-11-30,1987,11,30,42.136715,21.302516,7071,0,,Kaçanik / Kačanik,Ferizaj / Uroševac,HUMAN_OBSERVATION,,,"Jakšić, P. (1988) Karte dnevnih leptira YU",,HabiProt,,,d92e92e0-8d20-4756-a60b-3746f408c14c,CC_BY_NC_4_0,COORDINATE_ROUNDED;CONTINENT_DERIVED_FROM_COORDINATES,Habitats,IV
5284528663,"Polyommatus eros (Ochsenheimer, 1808)",Polyommatus eros,Eros Blue,Animalia,Arthropoda,Insecta,Lepidoptera,Lycaenidae,Polyommatus,SPECIES,5140244,5140244,NE,Not Evaluated,1987-11-30,1987,11,30,42.226394,20.575878,7071,0,,Prizreni / Prizren,Prizren,HUMAN_OBSERVATION,,,"Jakšić, P. (1988) Karte dnevnih leptira YU",,HabiProt,,,d92e92e0-8d20-4756-a60b-3746f408c14c,CC_BY_NC_4_0,COORDINATE_ROUNDED;CONTINENT_DERIVED_FROM_COORDINATES,Habitats,II; IV
5284525708,"Parnassius mnemosyne (Linnaeus, 1758)",Parnassius mnemosyne,Clouded Apollo,Animalia,Arthropoda,Insecta,Lepidoptera,Papilionidae,Parnassius,SPECIES,1938520,1938520,LC,Least Concern,2007-11-30,2007,11,30,42.674728,20.206709,7071,0,,Pejë / Peć,Pejë / Peć,HUMAN_OBSERVATION,,,"Jakšić, P. [ed.] (2008) PBA in Serbia",,HabiProt,,,d92e92e0-8d20-4756-a60b-3746f408c14c,CC_BY_NC_4_0,COORDINATE_ROUNDED;CONTINENT_DERIVED_FROM_COORDINATES,Habitats,IV
5284525665,"Apatura ilia (Denis & Schiffermüller) , 1775",Apatura ilia,Kleiner Schillerfalter,Animalia,Arthropoda,Insecta,Lepidoptera,Nymphalidae,Apatura,SPECIES,8138711,8138711,NE,Not Evaluated,2002-11-30,2002,11,30,42.496569,21.425943,7071,0,,Gjilani / Gnjilane,Gjilan / Gnjilane,HUMAN_OBSERVATION,,,"Jakšić, P. (2003) Crvena knjiga d leptira Srbije",,HabiProt,,,d92e92e0-8d20-4756-a60b-3746f408c14c,CC_BY_NC_4_0,COORDINATE_ROUNDED;CONTINENT_DERIVED_FROM_COORDINATES,Habitats,IV
5284525662,"Phengaris arion (Linnaeus, 1758)",Maculinea arion,Large Blue,Animalia,Arthropoda,Insecta,Lepidoptera,Lycaenidae,Maculinea,SPECIES,4535168,1922311,NT,Near Threatened,2002-11-30,2002,11,30,42.227162,21.06059,7071,0,,Shtërpcë / Štrpce,Ferizaj / Uroševac,HUMAN_OBSERVATION,,,"Jakšić, P. (2003) Crvena knjiga d leptira Srbije",,HabiProt,,,d92e92e0-8d20-4756-a60b-3746f408c14c,CC_BY_NC_4_0,COORDINATE_ROUNDED;CONTINENT_DERIVED_FROM_COORDINATES,Habitats,IV
5284525657,"Parnassius apollo (Linnaeus, 1758)",Parnassius apollo,Apollo,Animalia,Arthropoda,Insecta,Lepidoptera,Papilionidae,Parnassius,SPECIES,1938810,1938810,LC,Least Concern,2002-11-30,2002,11,30,42.227162,21.06059,7071,0,,Shtërpcë / Štrpce,Ferizaj / Uroševac,HUMAN_OBSERVATION,,,"Jakšić, P. (2003) Crvena knjiga d leptira Srbije",,HabiProt,,,d92e92e0-8d20-4756-a60b-3746f408c14c,CC_BY_NC_4_0,COORDINATE_ROUNDED;CONTINENT_DERIVED_FROM_COORDINATES,Habitats,IV
5284525485,"Phengaris arion (Linnaeus, 1758)",Maculinea arion,Large Blue,Animalia,Arthropoda,Insecta,Lepidoptera,Lycaenidae,Maculinea,SPECIES,4535168,1922311,NT,Near Threatened,1987-11-30,1987,11,30,42.58468,20.207852,7071,0,,Deçan / Dečani,Gjakovë / Đakovica,HUMAN_OBSERVATION,,,"Jakšić, P. (1988) Karte dnevnih leptira YU",,HabiProt,,,d92e92e0-8d20-4756-a60b-3746f408c14c,CC_BY_NC_4_0,COORDINATE_ROUNDED;CONTINENT_DERIVED_FROM_COORDINATES,Habitats,IV
5284525423,"Parnassius mnemosyne (Linnaeus, 1758)",Parnassius mnemosyne,Clouded Apollo,Animalia,Arthropoda,Insecta,Lepidoptera,Papilionidae,Parnassius,SPECIES,1938520,1938520,LC,Least Concern,1987-11-30,1987,11,30,42.674728,20.206709,7071,0,,Pejë / Peć,Pejë / Peć,HUMAN_OBSERVATION,,,"Jakšić, P. (1988) Karte dnevnih leptira YU",,HabiProt,,,d92e92e0-8d20-4756-a60b-3746f408c14c,CC_BY_NC_4_0,COORDINATE_ROUNDED;CONTINENT_DERIVED_FROM_COORDINATES,Habitats,IV
5284525415,"Parnassius apollo (Linnaeus, 1758)",Parnassius apollo,Apollo,Animalia,Arthropoda,Insecta,Lepidoptera,Papilionidae,Parnassius,SPECIES,1938810,1938810,LC,Least Concern,1987-11-30,1987,11,30,43.217372,20.692196,7071,0,,Leposaviq / Leposavić,Mitrovicë / Kosovska Mitrovica,HUMAN_OBSERVATION,,,"Jakšić, P. (1988) Karte dnevnih leptira YU",,HabiProt,,,d92e92e0-8d20-4756-a60b-3746f408c14c,CC_BY_NC_4_0,COORDINATE_ROUNDED;CONTINENT_DERIVED_FROM_COORDINATES,Habitats,IV
5284525207,"Pseudophilotes bavius (Ivirsmann, 1832)",Pseudophilotes bavius,Bavius Blue,Animalia,Arthropoda,Insecta,Lepidoptera,Lycaenidae,Pseudophilotes,SPECIES,4535092,4535092,NE,Not Evaluated,2007-11-30,2007,11,30,42.673818,20.084679,7071,0,,Pejë / Peć,Pejë / Peć,HUMAN_OBSERVATION,,,"Jakšić, P. [ed.] (2008) PBA in Serbia",,HabiProt,,,d92e92e0-8d20-4756-a60b-3746f408c14c,CC_BY_NC_4_0,COORDINATE_ROUNDED;CONTINENT_DERIVED_FROM_COORDINATES,Habitats,II; IV
5284525202,"Lycaena dispar (Haworth, 1803)",Lycaena dispar,Large Copper,Animalia,Arthropoda,Insecta,Lepidoptera,Lycaenidae,Lycaena,SPECIES,1929270,1929270,NT,Near Threatened,1998-11-30,1998,11,30,42.316453,20.575274,7071,0,,Gjakova / Đakovica,Gjakovë / Đakovica,HUMAN_OBSERVATION,,,"Jakšić, P. [ed.] (2008) PBA in Serbia",,HabiProt,,,d92e92e0-8d20-4756-a60b-3746f408c14c,CC_BY_NC_4_0,COORDINATE_ROUNDED;CONTINENT_DERIVED_FROM_COORDINATES,Habitats,II; IV
5284525122,"Erebia ottomana Herrich-Schäffer, 1847",Erebia tyndarus,Swiss Brassy Ringlet,Animalia,Arthropoda,Insecta,Lepidoptera,Nymphalidae,Erebia,SPECIES,5134917,8233062,LC,Least Concern,1994-11-30,1994,11,30,42.226394,20.575878,7071,1714,,Prizreni / Prizren,Prizren,HUMAN_OBSERVATION,,,"Jakšić, P., Živić, N. (1995) Kosovo Metohija. GPMB",,HabiProt,,,d92e92e0-8d20-4756-a60b-3746f408c14c,CC_BY_NC_4_0,COORDINATE_ROUNDED;CONTINENT_DERIVED_FROM_COORDINATES,Habitats,II; IV
5284525116,"Parnassius apollo (Linnaeus, 1758)",Parnassius apollo,Apollo,Animalia,Arthropoda,Insecta,Lepidoptera,Papilionidae,Parnassius,SPECIES,1938810,1938810,LC,Least Concern,1994-11-30,1994,11,30,42.674728,20.206709,7071,1221,,Pejë / Peć,Pejë / Peć,HUMAN_OBSERVATION,,,"Jakšić, P., Živić, N. (1995) Kosovo Metohija. GPMB",,HabiProt,,,d92e92e0-8d20-4756-a60b-3746f408c14c,CC_BY_NC_4_0,COORDINATE_ROUNDED;CONTINENT_DERIVED_FROM_COORDINATES,Habitats,IV
5284525093,"Fabriciana niobe (Linnaeus, 1761)",Fabriciana niobe,Niobe Fritillary,Animalia,Arthropoda,Insecta,Lepidoptera,Nymphalidae,Fabriciana,SPECIES,8078362,8078362,NE,Not Evaluated,1939-08-07,1939,8,7,42.583773,20.085997,7071,0,,Deçan / Dečani,Gjakovë / Đakovica,HUMAN_OBSERVATION,,,"Anđus, Lj. (2008) Dnevni leptiri u muzeju",,HabiProt,,,d92e92e0-8d20-4756-a60b-3746f408c14c,CC_BY_NC_4_0,COORDINATE_ROUNDED;CONTINENT_DERIVED_FROM_COORDINATES,Habitats,IV
5284525022,"Apatura ilia (Denis & Schiffermüller) , 1775",Apatura ilia,Kleiner Schillerfalter,Animalia,Arthropoda,Insecta,Lepidoptera,Nymphalidae,Apatura,SPECIES,8138711,8138711,NE,Not Evaluated,1987-11-30,1987,11,30,41.866519,20.698761,7071,0,,Dragash / Dragaš,Prizren,HUMAN_OBSERVATION,,,"Jakšić, P. (1988) Karte dnevnih leptira YU",,HabiProt,,,d92e92e0-8d20-4756-a60b-3746f408c14c,CC_BY_NC_4_0,COORDINATE_ROUNDED;CONTINENT_DERIVED_FROM_COORDINATES,Habitats,IV
5284525020,"Euphydryas aurinia (Rottemburg, 1775)",Euphydryas aurinia,Marsh Fritillary,Animalia,Arthropoda,Insecta,Lepidoptera,Nymphalidae,Euphydryas,SPECIES,4535809,4535809,NE,Not Evaluated,1987-11-30,1987,11,30,42.226394,20.575878,7071,0,,Prizreni / Prizren,Prizren,HUMAN_OBSERVATION,,,"Jakšić, P. (1988) Karte dnevnih leptira YU",,HabiProt,,,d92e92e0-8d20-4756-a60b-3746f408c14c,CC_BY_NC_4_0,COORDINATE_ROUNDED;CONTINENT_DERIVED_FROM_COORDINATES,Habitats,II
5284524980,"Polyommatus eros (Ochsenheimer, 1808)",Polyommatus eros,Eros Blue,Animalia,Arthropoda,Insecta,Lepidoptera,Lycaenidae,Polyommatus,SPECIES,5140244,5140244,NE,Not Evaluated,1987-11-30,1987,11,30,41.866519,20.698761,7071,0,,Dragash / Dragaš,Prizren,HUMAN_OBSERVATION,,,"Jakšić, P. (1988) Karte dnevnih leptira YU",,HabiProt,,,d92e92e0-8d20-4756-a60b-3746f408c14c,CC_BY_NC_4_0,COORDINATE_ROUNDED;CONTINENT_DERIVED_FROM_COORDINATES,Habitats,II; IV
5284524960,"Pseudophilotes bavius (Ivirsmann, 1832)",Pseudophilotes bavius,Bavius Blue,Animalia,Arthropoda,Insecta,Lepidoptera,Lycaenidae,Pseudophilotes,SPECIES,4535092,4535092,NE,Not Evaluated,1987-11-30,1987,11,30,42.673818,20.084679,7071,0,,Pejë / Peć,Pejë / Peć,HUMAN_OBSERVATION,,,"Jakšić, P. (1988) Karte dnevnih leptira YU",,HabiProt,,,d92e92e0-8d20-4756-a60b-3746f408c14c,CC_BY_NC_4_0,COORDINATE_ROUNDED;CONTINENT_DERIVED_FROM_COORDINATES,Habitats,II; IV
5284523519,"Apatura ilia (Denis & Schiffermüller) , 1775",Apatura ilia,Kleiner Schillerfalter,Animalia,Arthropoda,Insecta,Lepidoptera,Nymphalidae,Apatura,SPECIES,8138711,8138711,NE,Not Evaluated,2016-07-03,2016,7,3,42.674728,20.206709,7071,653,,Pejë / Peć,Pejë / Peć,HUMAN_OBSERVATION,,,Radislav Mirić,Radislav Mirić,HabiProt,,,d92e92e0-8d20-4756-a60b-3746f408c14c,CC_BY_NC_4_0,COORDINATE_ROUNDED;CONTINENT_DERIVED_FROM_COORDINATES,Habitats,IV
5284523000,"Polyommatus eros (Ochsenheimer, 1808)",Polyommatus eros,Eros Blue,Animalia,Arthropoda,Insecta,Lepidoptera,Lycaenidae,Polyommatus,SPECIES,5140244,5140244,NE,Not Evaluated,2007-11-30,2007,11,30,42.226394,20.575878,7071,0,,Prizreni / Prizren,Prizren,HUMAN_OBSERVATION,,,"Jakšić, P. [ed.] (2008) PBA in Serbia",,HabiProt,,,d92e92e0-8d20-4756-a60b-3746f408c14c,CC_BY_NC_4_0,COORDINATE_ROUNDED;CONTINENT_DERIVED_FROM_COORDINATES,Habitats,II; IV
5284522999,"Parnassius mnemosyne (Linnaeus, 1758)",Parnassius mnemosyne,Clouded Apollo,Animalia,Arthropoda,Insecta,Lepidoptera,Papilionidae,Parnassius,SPECIES,1938520,1938520,LC,Least Concern,2007-11-30,2007,11,30,42.676679,21.427171,7071,0,,Kamenicë / Kosovska Kamenica,Gjilan / Gnjilane,HUMAN_OBSERVATION,,,"Jakšić, P. [ed.] (2008) PBA in Serbia",,HabiProt,,,d92e92e0-8d20-4756-a60b-3746f408c14c,CC_BY_NC_4_0,COORDINATE_ROUNDED;CONTINENT_DERIVED_FROM_COORDINATES,Habitats,IV
5284522962,"Parnassius mnemosyne (Linnaeus, 1758)",Parnassius mnemosyne,Clouded Apollo,Animalia,Arthropoda,Insecta,Lepidoptera,Papilionidae,Parnassius,SPECIES,1938520,1938520,LC,Least Concern,2002-11-30,2002,11,30,42.674728,20.206709,7071,0,,Pejë / Peć,Pejë / Peć,HUMAN_OBSERVATION,,,"Jakšić, P. (2003) Crvena knjiga d leptira Srbije",,HabiProt,,,d92e92e0-8d20-4756-a60b-3746f408c14c,CC_BY_NC_4_0,COORDINATE_ROUNDED;CONTINENT_DERIVED_FROM_COORDINATES,Habitats,IV
5284522956,"Euphydryas aurinia (Rottemburg, 1775)",Euphydryas aurinia,Marsh Fritillary,Animalia,Arthropoda,Insecta,Lepidoptera,Nymphalidae,Euphydryas,SPECIES,4535809,4535809,NE,Not Evaluated,2002-11-30,2002,11,30,42.31594,20.453929,7071,0,,Gjakova / Đakovica,Gjakovë / Đakovica,HUMAN_OBSERVATION,,,"Jakšić, P. (2003) Crvena knjiga d leptira Srbije",,HabiProt,,,d92e92e0-8d20-4756-a60b-3746f408c14c,CC_BY_NC_4_0,COORDINATE_ROUNDED;CONTINENT_DERIVED_FROM_COORDINATES,Habitats,II
5284522945,"Parnassius apollo (Linnaeus, 1758)",Parnassius apollo,Apollo,Animalia,Arthropoda,Insecta,Lepidoptera,Papilionidae,Parnassius,SPECIES,1938810,1938810,LC,Least Concern,2002-11-30,2002,11,30,43.217637,20.815317,7071,0,,Leposaviq / Leposavić,Mitrovicë / Kosovska Mitrovica,HUMAN_OBSERVATION,,,"Jakšić, P. (2003) Crvena knjiga d leptira Srbije",,HabiProt,,,d92e92e0-8d20-4756-a60b-3746f408c14c,CC_BY_NC_4_0,COORDINATE_ROUNDED;CONTINENT_DERIVED_FROM_COORDINATES,Habitats,IV
5284522817,"Euphydryas aurinia (Rottemburg, 1775)",Euphydryas aurinia,Marsh Fritillary,Animalia,Arthropoda,Insecta,Lepidoptera,Nymphalidae,Euphydryas,SPECIES,4535809,4535809,NE,Not Evaluated,1987-11-30,1987,11,30,43.03754,20.815858,7071,0,,Leposaviq / Leposavić,Mitrovicë / Kosovska Mitrovica,HUMAN_OBSERVATION,,,"Jakšić, P. (1988) Karte dnevnih leptira YU",,HabiProt,,,d92e92e0-8d20-4756-a60b-3746f408c14c,CC_BY_NC_4_0,COORDINATE_ROUNDED;CONTINENT_DERIVED_FROM_COORDINATES,Habitats,II
5284522797,"Fabriciana niobe (Linnaeus, 1761)",Fabriciana niobe,Niobe Fritillary,Animalia,Arthropoda,Insecta,Lepidoptera,Nymphalidae,Fabriciana,SPECIES,8078362,8078362,NE,Not Evaluated,1987-11-30,1987,11,30,42.227162,21.06059,7071,0,,Shtërpcë / Štrpce,Ferizaj / Uroševac,HUMAN_OBSERVATION,,,"Jakšić, P. (1988) Karte dnevnih leptira YU",,HabiProt,,,d92e92e0-8d20-4756-a60b-3746f408c14c,CC_BY_NC_4_0,COORDINATE_ROUNDED;CONTINENT_DERIVED_FROM_COORDINATES,Habitats,IV
5284522692,"Parnassius apollo (Linnaeus, 1758)",Parnassius apollo,Apollo,Animalia,Arthropoda,Insecta,Lepidoptera,Papilionidae,Parnassius,SPECIES,1938810,1938810,LC,Least Concern,1987-11-30,1987,11,30,41.956586,20.698337,7071,0,,Dragash / Dragaš,Prizren,HUMAN_OBSERVATION,,,"Jakšić, P. (1988) Karte dnevnih leptira YU",,HabiProt,,,d92e92e0-8d20-4756-a60b-3746f408c14c,CC_BY_NC_4_0,COORDINATE_ROUNDED;CONTINENT_DERIVED_FROM_COORDINATES,Habitats,IV
5284520192,"Phengaris arion (Linnaeus, 1758)",Maculinea arion,Large Blue,Animalia,Arthropoda,Insecta,Lepidoptera,Lycaenidae,Maculinea,SPECIES,4535168,1922311,NT,Near Threatened,1987-11-30,1987,11,30,42.227162,21.06059,7071,0,,Shtërpcë / Štrpce,Ferizaj / Uroševac,HUMAN_OBSERVATION,,,"Jakšić, P. (1988) Karte dnevnih leptira YU",,HabiProt,,,d92e92e0-8d20-4756-a60b-3746f408c14c,CC_BY_NC_4_0,COORDINATE_ROUNDED;CONTINENT_DERIVED_FROM_COORDINATES,Habitats,IV
5284520166,"Lycaena dispar (Haworth, 1803)",Lycaena dispar,Large Copper,Animalia,Arthropoda,Insecta,Lepidoptera,Lycaenidae,Lycaena,SPECIES,1929270,1929270,NT,Near Threatened,1987-11-30,1987,11,30,43.03754,20.815858,7071,0,,Leposaviq / Leposavić,Mitrovicë / Kosovska Mitrovica,HUMAN_OBSERVATION,,,"Jakšić, P. (1988) Karte dnevnih leptira YU",,HabiProt,,,d92e92e0-8d20-4756-a60b-3746f408c14c,CC_BY_NC_4_0,COORDINATE_ROUNDED;CONTINENT_DERIVED_FROM_COORDINATES,Habitats,II; IV
5284520127,"Parnassius mnemosyne (Linnaeus, 1758)",Parnassius mnemosyne,Clouded Apollo,Animalia,Arthropoda,Insecta,Lepidoptera,Papilionidae,Parnassius,SPECIES,1938520,1938520,LC,Least Concern,1987-11-30,1987,11,30,42.13697,20.818489,7071,0,,Prizreni / Prizren,Prizren,HUMAN_OBSERVATION,,,"Jakšić, P. (1988) Karte dnevnih leptira YU",,HabiProt,,,d92e92e0-8d20-4756-a60b-3746f408c14c,CC_BY_NC_4_0,COORDINATE_ROUNDED;CONTINENT_DERIVED_FROM_COORDINATES,Habitats,IV
5284519259,"Erebia ottomana Herrich-Schäffer, 1847",Erebia tyndarus,Swiss Brassy Ringlet,Animalia,Arthropoda,Insecta,Lepidoptera,Nymphalidae,Erebia,SPECIES,5134917,8233062,LC,Least Concern,,,,,42.583773,20.085997,7071,0,,Deçan / Dečani,Gjakovë / Đakovica,HUMAN_OBSERVATION,,,"Anđus, Lj. (2008) Dnevni leptiri u muzeju",,HabiProt,,,d92e92e0-8d20-4756-a60b-3746f408c14c,CC_BY_NC_4_0,COORDINATE_ROUNDED;CONTINENT_DERIVED_FROM_COORDINATES,Habitats,II; IV
5284519065,"Parnassius mnemosyne (Linnaeus, 1758)",Parnassius mnemosyne,Clouded Apollo,Animalia,Arthropoda,Insecta,Lepidoptera,Papilionidae,Parnassius,SPECIES,1938520,1938520,LC,Least Concern,1987-11-30,1987,11,30,42.58468,20.207852,7071,0,,Deçan / Dečani,Gjakovë / Đakovica,HUMAN_OBSERVATION,,,"Jakšić, P. (1988) Karte dnevnih leptira YU",,HabiProt,,,d92e92e0-8d20-4756-a60b-3746f408c14c,CC_BY_NC_4_0,COORDINATE_ROUNDED;CONTINENT_DERIVED_FROM_COORDINATES,Habitats,IV
5284508503,"Cerambyx cerdo Linnaeus, 1758",Cerambyx cerdo,Stor Ekbock,Animalia,Arthropoda,Insecta,Coleoptera,Cerambycidae,Cerambyx,SPECIES,5820507,5820507,VU,Vulnerable,,,,,42.677329,21.183075,7071,0,,Prishtinë / Priština,Prishtinë / Priština,HUMAN_OBSERVATION,,,"Ilić, N. (2005) Strižibube Srbije",,HabiProt,,,d92e92e0-8d20-4756-a60b-3746f408c14c,CC_BY_NC_4_0,COORDINATE_ROUNDED;CONTINENT_DERIVED_FROM_COORDINATES,Habitats,II; IV
5284508270,"Rosalia alpina (Linnaeus, 1758)",Rosalia alpina,Alpbock,Animalia,Arthropoda,Insecta,Coleoptera,Cerambycidae,Rosalia,SPECIES,7569075,7569075,VU,Vulnerable,,,,,42.227162,21.06059,7071,0,,Shtërpcë / Štrpce,Ferizaj / Uroševac,HUMAN_OBSERVATION,,,"Ilić, N. (2005) Strižibube Srbije",,HabiProt,,,d92e92e0-8d20-4756-a60b-3746f408c14c,CC_BY_NC_4_0,COORDINATE_ROUNDED;CONTINENT_DERIVED_FROM_COORDINATES,Habitats,II; IV
5284490420,"Zerynthia polyxena (Denis & Schiffermüller) , 1775",Zerynthia polyxena,Osterluzeifalter,Animalia,Arthropoda,Insecta,Lepidoptera,Papilionidae,Zerynthia,SPECIES,5141262,5141262,NE,Not Evaluated,2016-04-24,2016,4,24,42.586106,21.548423,7071,524,,Kamenicë / Kosovska Kamenica,Gjilan / Gnjilane,HUMAN_OBSERVATION,1,,Bogoljub Milošević,Miroslav Miljević,HabiProt,,,d92e92e0-8d20-4756-a60b-3746f408c14c,CC_BY_NC_4_0,COORDINATE_ROUNDED;CONTINENT_DERIVED_FROM_COORDINATES;OCCURRENCE_STATUS_INFERRED_FROM_INDIVIDUAL_COUNT,Habitats,IV
5284485452,"Parnassius apollo (Linnaeus, 1758)",Parnassius apollo,Apollo,Animalia,Arthropoda,Insecta,Lepidoptera,Papilionidae,Parnassius,SPECIES,1938810,1938810,LC,Least Concern,2014-07-28,2014,7,28,42.856783,20.57159,7071,1708,,Istog / Istok,Pejë / Peć,HUMAN_OBSERVATION,1,,Miroslav Lazarević,Miroslav Miljević,HabiProt,,,d92e92e0-8d20-4756-a60b-3746f408c14c,CC_BY_NC_4_0,COORDINATE_ROUNDED;CONTINENT_DERIVED_FROM_COORDINATES;OCCURRENCE_STATUS_INFERRED_FROM_INDIVIDUAL_COUNT,Habitats,IV
5284480301,"Euphydryas aurinia (Rottemburg, 1775)",Euphydryas aurinia,Marsh Fritillary,Animalia,Arthropoda,Insecta,Lepidoptera,Nymphalidae,Euphydryas,SPECIES,4535809,4535809,NE,Not Evaluated,2014-06-03,2014,6,3,42.586106,21.548423,7071,490,,Kamenicë / Kosovska Kamenica,Gjilan / Gnjilane,HUMAN_OBSERVATION,1,,Bogoljub Milošević,Miroslav Miljević,HabiProt,,,d92e92e0-8d20-4756-a60b-3746f408c14c,CC_BY_NC_4_0,COORDINATE_ROUNDED;CONTINENT_DERIVED_FROM_COORDINATES;OCCURRENCE_STATUS_INFERRED_FROM_INDIVIDUAL_COUNT,Habitats,II
5284462043,"Euplagia quadripunctaria (Poda, 1761)",Euplagia quadripunctaria,Jersey Tiger,Animalia,Arthropoda,Insecta,Lepidoptera,Erebidae,Euplagia,SPECIES,4532532,4532532,NE,Not Evaluated,2009-08-02,2009,8,2,43.217637,20.815317,7071,1236,,Leposaviq / Leposavić,Mitrovicë / Kosovska Mitrovica,HUMAN_OBSERVATION,,,Milan Đurić,,HabiProt,,,d92e92e0-8d20-4756-a60b-3746f408c14c,CC_BY_NC_4_0,COORDINATE_ROUNDED;CONTINENT_DERIVED_FROM_COORDINATES,Habitats,II
5284461210,"Euplagia quadripunctaria (Poda, 1761)",Euplagia quadripunctaria,Jersey Tiger,Animalia,Arthropoda,Insecta,Lepidoptera,Erebidae,Euplagia,SPECIES,4532532,4532532,NE,Not Evaluated,2013-08-16,2013,8,16,42.227162,21.06059,7071,842,,Shtërpcë / Štrpce,Ferizaj / Uroševac,HUMAN_OBSERVATION,,,Ognjen Lazić (FB),,HabiProt,,,d92e92e0-8d20-4756-a60b-3746f408c14c,CC_BY_NC_4_0,COORDINATE_ROUNDED;CONTINENT_DERIVED_FROM_COORDINATES,Habitats,II
5284457049,"Erebia ottomana Herrich-Schäffer, 1847",Erebia tyndarus,Swiss Brassy Ringlet,Animalia,Arthropoda,Insecta,Lepidoptera,Nymphalidae,Erebia,SPECIES,5134917,8233062,LC,Least Concern,2014-08-10,2014,8,10,41.866519,20.698761,7071,2075,,Dragash / Dragaš,Prizren,HUMAN_OBSERVATION,50,,Đorđe Radevski,,HabiProt,,,d92e92e0-8d20-4756-a60b-3746f408c14c,CC_BY_NC_4_0,COORDINATE_ROUNDED;CONTINENT_DERIVED_FROM_COORDINATES;OCCURRENCE_STATUS_INFERRED_FROM_INDIVIDUAL_COUNT,Habitats,II; IV
5284455859,"Euplagia quadripunctaria (Poda, 1761)",Euplagia quadripunctaria,Jersey Tiger,Animalia,Arthropoda,Insecta,Lepidoptera,Erebidae,Euplagia,SPECIES,4532532,4532532,NE,Not Evaluated,2014-08-10,2014,8,10,42.586106,21.548423,7071,481,,Kamenicë / Kosovska Kamenica,Gjilan / Gnjilane,HUMAN_OBSERVATION,,,Bogoljub Milošević,,HabiProt,,,d92e92e0-8d20-4756-a60b-3746f408c14c,CC_BY_NC_4_0,COORDINATE_ROUNDED;CONTINENT_DERIVED_FROM_COORDINATES,Habitats,II
5284442342,"Lycaena dispar (Haworth, 1803)",Lycaena dispar,Large Copper,Animalia,Arthropoda,Insecta,Lepidoptera,Lycaenidae,Lycaena,SPECIES,1929270,1929270,NT,Near Threatened,2011-07-22,2011,7,22,42.586106,21.548423,7071,481,,Kamenicë / Kosovska Kamenica,Gjilan / Gnjilane,HUMAN_OBSERVATION,,,Bogoljub Milošević,,HabiProt,,,d92e92e0-8d20-4756-a60b-3746f408c14c,CC_BY_NC_4_0,COORDINATE_ROUNDED;CONTINENT_DERIVED_FROM_COORDINATES,Habitats,II; IV
5284424222,"Apatura ilia (Denis & Schiffermüller) , 1775",Apatura ilia,Kleiner Schillerfalter,Animalia,Arthropoda,Insecta,Lepidoptera,Nymphalidae,Apatura,SPECIES,8138711,8138711,NE,Not Evaluated,2012-07-02,2012,7,2,42.586106,21.548423,7071,481,,Kamenicë / Kosovska Kamenica,Gjilan / Gnjilane,HUMAN_OBSERVATION,,,Bogoljub Milošević,,HabiProt,,,d92e92e0-8d20-4756-a60b-3746f408c14c,CC_BY_NC_4_0,COORDINATE_ROUNDED;CONTINENT_DERIVED_FROM_COORDINATES,Habitats,IV
5284423100,"Lycaena dispar (Haworth, 1803)",Lycaena dispar,Large Copper,Animalia,Arthropoda,Insecta,Lepidoptera,Lycaenidae,Lycaena,SPECIES,1929270,1929270,NT,Near Threatened,2007-08-16,2007,8,16,42.947489,20.816126,7071,620,,Zveçan / Zvečan,Mitrovicë / Kosovska Mitrovica,HUMAN_OBSERVATION,,,Milan Đurić,,HabiProt,,,d92e92e0-8d20-4756-a60b-3746f408c14c,CC_BY_NC_4_0,COORDINATE_ROUNDED;CONTINENT_DERIVED_FROM_COORDINATES,Habitats,II; IV
5284414758,"Erebia ottomana Herrich-Schäffer, 1847",Erebia tyndarus,Swiss Brassy Ringlet,Animalia,Arthropoda,Insecta,Lepidoptera,Nymphalidae,Erebia,SPECIES,5134917,8233062,LC,Least Concern,2003-07-18,2003,7,18,43.217637,20.815317,7071,1650,,Leposaviq / Leposavić,Mitrovicë / Kosovska Mitrovica,HUMAN_OBSERVATION,,,Predrag Jakšić,,HabiProt,,,d92e92e0-8d20-4756-a60b-3746f408c14c,CC_BY_NC_4_0,COORDINATE_ROUNDED;CONTINENT_DERIVED_FROM_COORDINATES,Habitats,II; IV
5284414749,"Lycaena dispar (Haworth, 1803)",Lycaena dispar,Large Copper,Animalia,Arthropoda,Insecta,Lepidoptera,Lycaenidae,Lycaena,SPECIES,1929270,1929270,NT,Near Threatened,2011-06-20,2011,6,20,42.586106,21.548423,7071,481,,Kamenicë / Kosovska Kamenica,Gjilan / Gnjilane,HUMAN_OBSERVATION,,,Bogoljub Milošević,,HabiProt,,,d92e92e0-8d20-4756-a60b-3746f408c14c,CC_BY_NC_4_0,COORDINATE_ROUNDED;CONTINENT_DERIVED_FROM_COORDINATES,Habitats,II; IV
5284413291,"Apatura ilia (Denis & Schiffermüller) , 1775",Apatura ilia,Kleiner Schillerfalter,Animalia,Arthropoda,Insecta,Lepidoptera,Nymphalidae,Apatura,SPECIES,8138711,8138711,NE,Not Evaluated,2013-08-19,2013,8,19,42.586106,21.548423,7071,481,,Kamenicë / Kosovska Kamenica,Gjilan / Gnjilane,HUMAN_OBSERVATION,,,Bogoljub Milošević,,HabiProt,,,d92e92e0-8d20-4756-a60b-3746f408c14c,CC_BY_NC_4_0,COORDINATE_ROUNDED;CONTINENT_DERIVED_FROM_COORDINATES,Habitats,IV
5284410163,"Lycaena dispar (Haworth, 1803)",Lycaena dispar,Large Copper,Animalia,Arthropoda,Insecta,Lepidoptera,Lycaenidae,Lycaena,SPECIES,1929270,1929270,NT,Near Threatened,2007-08-16,2007,8,16,42.947489,20.816126,7071,500,,Zveçan / Zvečan,Mitrovicë / Kosovska Mitrovica,HUMAN_OBSERVATION,,,Milan Đurić,,HabiProt,,,d92e92e0-8d20-4756-a60b-3746f408c14c,CC_BY_NC_4_0,COORDINATE_ROUNDED;CONTINENT_DERIVED_FROM_COORDINATES,Habitats,II; IV
5284409964,"Euphydryas aurinia (Rottemburg, 1775)",Euphydryas aurinia,Marsh Fritillary,Animalia,Arthropoda,Insecta,Lepidoptera,Nymphalidae,Euphydryas,SPECIES,4535809,4535809,NE,Not Evaluated,2012-05-22,2012,5,22,42.586106,21.548423,7071,481,,Kamenicë / Kosovska Kamenica,Gjilan / Gnjilane,HUMAN_OBSERVATION,,,Bogoljub Milošević,,HabiProt,,,d92e92e0-8d20-4756-a60b-3746f408c14c,CC_BY_NC_4_0,COORDINATE_ROUNDED;CONTINENT_DERIVED_FROM_COORDINATES,Habitats,II
5284409349,"Zerynthia polyxena (Denis & Schiffermüller) , 1775",Zerynthia polyxena,Osterluzeifalter,Animalia,Arthropoda,Insecta,Lepidoptera,Papilionidae,Zerynthia,SPECIES,5141262,5141262,NE,Not Evaluated,2014-05-20,2014,5,20,42.586106,21.548423,7071,481,,Kamenicë / Kosovska Kamenica,Gjilan / Gnjilane,HUMAN_OBSERVATION,,,Bogoljub Milošević,,HabiProt,,,d92e92e0-8d20-4756-a60b-3746f408c14c,CC_BY_NC_4_0,COORDINATE_ROUNDED;CONTINENT_DERIVED_FROM_COORDINATES,Habitats,IV
5284408972,"Lycaena dispar (Haworth, 1803)",Lycaena dispar,Large Copper,Animalia,Arthropoda,Insecta,Lepidoptera,Lycaenidae,Lycaena,SPECIES,1929270,1929270,NT,Near Threatened,2012-07-20,2012,7,20,42.586106,21.548423,7071,481,,Kamenicë / Kosovska Kamenica,Gjilan / Gnjilane,HUMAN_OBSERVATION,,,Bogoljub Milošević,,HabiProt,,,d92e92e0-8d20-4756-a60b-3746f408c14c,CC_BY_NC_4_0,COORDINATE_ROUNDED;CONTINENT_DERIVED_FROM_COORDINATES,Habitats,II; IV
5284403689,"Euphydryas aurinia (Rottemburg, 1775)",Euphydryas aurinia,Marsh Fritillary,Animalia,Arthropoda,Insecta,Lepidoptera,Nymphalidae,Euphydryas,SPECIES,4535809,4535809,NE,Not Evaluated,2011-05-29,2011,5,29,42.586106,21.548423,7071,481,,Kamenicë / Kosovska Kamenica,Gjilan / Gnjilane,HUMAN_OBSERVATION,,,Bogoljub Milošević,,HabiProt,,,d92e92e0-8d20-4756-a60b-3746f408c14c,CC_BY_NC_4_0,COORDINATE_ROUNDED;CONTINENT_DERIVED_FROM_COORDINATES,Habitats,II
5284403093,"Lycaena dispar (Haworth, 1803)",Lycaena dispar,Large Copper,Animalia,Arthropoda,Insecta,Lepidoptera,Lycaenidae,Lycaena,SPECIES,1929270,1929270,NT,Near Threatened,2003-08-10,2003,8,10,42.13697,20.818489,7071,600,,Prizreni / Prizren,Prizren,HUMAN_OBSERVATION,,,Predrag Jakšić,,HabiProt,,,d92e92e0-8d20-4756-a60b-3746f408c14c,CC_BY_NC_4_0,COORDINATE_ROUNDED;CONTINENT_DERIVED_FROM_COORDINATES,Habitats,II; IV
5284400485,"Lycaena dispar (Haworth, 1803)",Lycaena dispar,Large Copper,Animalia,Arthropoda,Insecta,Lepidoptera,Lycaenidae,Lycaena,SPECIES,1929270,1929270,NT,Near Threatened,2012-08-09,2012,8,9,42.586106,21.548423,7071,481,,Kamenicë / Kosovska Kamenica,Gjilan / Gnjilane,HUMAN_OBSERVATION,,,Bogoljub Milošević,,HabiProt,,,d92e92e0-8d20-4756-a60b-3746f408c14c,CC_BY_NC_4_0,COORDINATE_ROUNDED;CONTINENT_DERIVED_FROM_COORDINATES,Habitats,II; IV
5282895664,"Euplagia quadripunctaria (Poda, 1761)",Euplagia quadripunctaria,Jersey Tiger,Animalia,Arthropoda,Insecta,Lepidoptera,Erebidae,Euplagia,SPECIES,4532532,4532532,NE,Not Evaluated,2025-08-05,2025,8,5,42.738403,20.306608,,,Istok,Istog / Istok,Pejë / Peć,HUMAN_OBSERVATION,1,,User 139529,,,,,8a863029-f435-446a-821e-275f4f641165,CC_BY_NC_4_0,,Habitats,II
5282412860,"Vipera ammodytes (Linnaeus, 1758)",Vipera ammodytes,Nose-Horned Viper,Animalia,Chordata,Squamata,,Viperidae,Vipera,SPECIES,2444308,2444308,LC,Least Concern,2025-07-27T13:12,2025,7,27,42.087031,20.61662,189,,,Prizreni / Prizren,Prizren,HUMAN_OBSERVATION,,,Almedina Murati,Almedina Murati,iNaturalist,Observations,303293274,50c9509d-22c7-4a22-a47d-8c48425ef4a7,CC_BY_NC_4_0,COORDINATE_ROUNDED;COUNTRY_DERIVED_FROM_COORDINATES;CONTINENT_DERIVED_FROM_COORDINATES;TAXON_ID_NOT_FOUND,Habitats,IV
5282354390,"Salamandra atra Laurenti, 1768",Salamandra atra,Alpine Salamander,Animalia,Chordata,Amphibia,Caudata,Salamandridae,Salamandra,SPECIES,2431781,2431781,LC,Least Concern,2025-07-29T14:23:21,2025,7,29,42.556935,20.076959,2492,,,Deçan / Dečani,Gjakovë / Đakovica,HUMAN_OBSERVATION,,,eliskabendova,eliskabendova,iNaturalist,Observations,304000631,50c9509d-22c7-4a22-a47d-8c48425ef4a7,CC_BY_NC_4_0,COORDINATE_ROUNDED;COUNTRY_DERIVED_FROM_COORDINATES;CONTINENT_DERIVED_FROM_COORDINATES;TAXON_ID_NOT_FOUND,Habitats,II; IV
5237625112,"Podarcis muralis (Laurenti, 1768)",Podarcis muralis,Common Wall Lizard,Animalia,Chordata,Squamata,,Lacertidae,Podarcis,SPECIES,2469188,2469188,LC,Least Concern,2025-07-25T11:14:47,2025,7,25,42.464461,20.77835,,,,Malishevë / Mališevo,Prizren,HUMAN_OBSERVATION,,,ES,ES,iNaturalist,Observations,300913626,50c9509d-22c7-4a22-a47d-8c48425ef4a7,CC_BY_4_0,COORDINATE_ROUNDED;COUNTRY_DERIVED_FROM_COORDINATES;CONTINENT_DERIVED_FROM_COORDINATES;TAXON_ID_NOT_FOUND,Habitats,IV
5234344119,"Parnassius apollo (Linnaeus, 1758)",Parnassius apollo,Apollo,Animalia,Arthropoda,Insecta,Lepidoptera,Papilionidae,Parnassius,SPECIES,1938810,1938810,LC,Least Concern,2025-07-20,2025,7,20,42.671378,20.086392,,,Plav,Pejë / Peć,Pejë / Peć,HUMAN_OBSERVATION,1,,User 1149243,,,,,8a863029-f435-446a-821e-275f4f641165,CC_BY_NC_4_0,,Habitats,IV
5230535963,"Parnassius apollo (Linnaeus, 1758)",Parnassius apollo,Apollo,Animalia,Arthropoda,Insecta,Lepidoptera,Papilionidae,Parnassius,SPECIES,1938810,1938810,LC,Least Concern,2025-07-20T10:31:50,2025,7,20,42.674748,20.0876,1041,,,Pejë / Peć,Pejë / Peć,HUMAN_OBSERVATION,,,seansmith84,seansmith84,iNaturalist,Observations,299529787,50c9509d-22c7-4a22-a47d-8c48425ef4a7,CC_BY_NC_4_0,COORDINATE_ROUNDED;COUNTRY_DERIVED_FROM_COORDINATES;CONTINENT_DERIVED_FROM_COORDINATES;TAXON_ID_NOT_FOUND,Habitats,IV
5219414416,"Vipera ammodytes (Linnaeus, 1758)",Vipera ammodytes,Nose-Horned Viper,Animalia,Chordata,Squamata,,Viperidae,Vipera,SPECIES,2444308,2444308,LC,Least Concern,2025-06-18,2025,6,18,42.25248,21.257677,3,,Kacanik,Kaçanik / Kačanik,Ferizaj / Uroševac,HUMAN_OBSERVATION,1,,User 147315,,,,,8a863029-f435-446a-821e-275f4f641165,CC_BY_NC_4_0,,Habitats,IV
5218885333,"Vipera ammodytes (Linnaeus, 1758)",Vipera ammodytes,Nose-Horned Viper,Animalia,Chordata,Squamata,,Viperidae,Vipera,SPECIES,2444308,2444308,LC,Least Concern,2025-06-18,2025,6,18,42.25248,21.257677,3,,Kacanik,Kaçanik / Kačanik,Ferizaj / Uroševac,HUMAN_OBSERVATION,1,,User 741140,,,,,8a863029-f435-446a-821e-275f4f641165,CC_BY_NC_4_0,,Habitats,IV
5206592399,"Lucanus cervus (Linnaeus, 1758)",Lucanus cervus,Stag Beetle,Animalia,Arthropoda,Insecta,Coleoptera,Lucanidae,Lucanus,SPECIES,5743122,5743122,NE,Not Evaluated,2025-06-22T13:57:19,2025,6,22,42.671153,21.21668,4,,,Prishtinë / Priština,Prishtinë / Priština,HUMAN_OBSERVATION,,,L D2,,iNaturalist,Observations,291751545,50c9509d-22c7-4a22-a47d-8c48425ef4a7,CC_BY_NC_4_0,COORDINATE_ROUNDED;COUNTRY_DERIVED_FROM_COORDINATES;CONTINENT_DERIVED_FROM_COORDINATES;TAXON_ID_NOT_FOUND,Habitats,II
5206525438,Anacamptis pyramidalis (L.) Rich.,Anacamptis pyramidalis,Orchis Pyramidal,Plantae,Tracheophyta,Liliopsida,Asparagales,Orchidaceae,Anacamptis,SPECIES,2808330,2808330,NE,Not Evaluated,2025-06-22T13:27:11,2025,6,22,42.672778,21.201388,4,,,Prishtinë / Priština,Prishtinë / Priština,HUMAN_OBSERVATION,,,L D2,L D2,iNaturalist,Observations,291753962,50c9509d-22c7-4a22-a47d-8c48425ef4a7,CC_BY_NC_4_0,COORDINATE_ROUNDED;COUNTRY_DERIVED_FROM_COORDINATES;CONTINENT_DERIVED_FROM_COORDINATES;TAXON_ID_NOT_FOUND,Habitats,II
5198696944,"Lucanus cervus (Linnaeus, 1758)",Lucanus cervus,Stag Beetle,Animalia,Arthropoda,Insecta,Coleoptera,Lucanidae,Lucanus,SPECIES,5743122,5743122,NE,Not Evaluated,2025-06-02T11:09:34,2025,6,2,42.626209,21.104246,2890,,,Fushë Kosovë / Kosovo Polje,Prishtinë / Priština,HUMAN_OBSERVATION,,,jonkat,f-rouvroix,iNaturalist,Observations,289017827,50c9509d-22c7-4a22-a47d-8c48425ef4a7,CC_BY_NC_4_0,COORDINATE_ROUNDED;COUNTRY_DERIVED_FROM_COORDINATES;CONTINENT_DERIVED_FROM_COORDINATES;TAXON_ID_NOT_FOUND,Habitats,II
5198569921,"Lacerta viridis (Laurenti, 1768)",Lacerta viridis,Smaragdeidechse,Animalia,Chordata,Squamata,,Lacertidae,Lacerta,SPECIES,6159273,6159273,LC,Least Concern,2025-06-05T15:13:09,2025,6,5,42.62373,21.113194,3943,,,Prishtinë / Priština,Prishtinë / Priština,HUMAN_OBSERVATION,,,jonkat,jonkat,iNaturalist,Observations,289017444,50c9509d-22c7-4a22-a47d-8c48425ef4a7,CC_BY_NC_4_0,COORDINATE_ROUNDED;COUNTRY_DERIVED_FROM_COORDINATES;CONTINENT_DERIVED_FROM_COORDINATES;TAXON_ID_NOT_FOUND,Habitats,IV
5168380887,"Mediodactylus kotschyi (Steindachner, 1870)",Mediodactylus kotschyi,Geco Di Kotschy,Animalia,Chordata,Squamata,,Gekkonidae,Mediodactylus,SPECIES,2447858,2447858,LC,Least Concern,2025-05-20T18:07:38,2025,5,20,42.208799,20.745647,,,,Prizreni / Prizren,Prizren,HUMAN_OBSERVATION,,,stephan93sn,Barnabás Bancsik,iNaturalist,Observations,282773451,50c9509d-22c7-4a22-a47d-8c48425ef4a7,CC_BY_NC_4_0,COORDINATE_ROUNDED;COUNTRY_DERIVED_FROM_COORDINATES;CONTINENT_DERIVED_FROM_COORDINATES;TAXON_ID_NOT_FOUND,Habitats,IV
5167156330,"Lacerta viridis (Laurenti, 1768)",Lacerta viridis,Smaragdeidechse,Animalia,Chordata,Squamata,,Lacertidae,Lacerta,SPECIES,6159273,6159273,LC,Least Concern,2025-05-20T16:12:47,2025,5,20,42.209804,20.744816,,,,Prizreni / Prizren,Prizren,HUMAN_OBSERVATION,,,stephan93sn,stephan93sn,iNaturalist,Observations,282773840,50c9509d-22c7-4a22-a47d-8c48425ef4a7,CC_BY_NC_4_0,COORDINATE_ROUNDED;COUNTRY_DERIVED_FROM_COORDINATES;CONTINENT_DERIVED_FROM_COORDINATES;TAXON_ID_NOT_FOUND,Habitats,IV
5140123397,"Vipera ammodytes (Linnaeus, 1758)",Vipera ammodytes,Nose-Horned Viper,Animalia,Chordata,Squamata,,Viperidae,Vipera,SPECIES,2444308,2444308,LC,Least Concern,2025-04-23T22:20:29,2025,4,23,42.871001,20.805188,92,,,Mitrovica / Kosovska Mitrovica,Mitrovicë / Kosovska Mitrovica,HUMAN_OBSERVATION,,,R.Perçuku,R.Perçuku,iNaturalist,Observations,272524291,50c9509d-22c7-4a22-a47d-8c48425ef4a7,CC_BY_NC_4_0,COORDINATE_ROUNDED;COUNTRY_DERIVED_FROM_COORDINATES;CONTINENT_DERIVED_FROM_COORDINATES;TAXON_ID_NOT_FOUND,Habitats,IV
5139995114,"Podarcis muralis (Laurenti, 1768)",Podarcis muralis,Common Wall Lizard,Animalia,Chordata,Squamata,,Lacertidae,Podarcis,SPECIES,2469188,2469188,LC,Least Concern,2025-04-21T11:50:35,2025,4,21,42.784181,21.262022,135,,,Prishtinë / Priština,Prishtinë / Priština,HUMAN_OBSERVATION,,,possibly-a-crow,lacertidae,iNaturalist,Observations,271935065,50c9509d-22c7-4a22-a47d-8c48425ef4a7,CC_BY_NC_4_0,COORDINATE_ROUNDED;COUNTRY_DERIVED_FROM_COORDINATES;CONTINENT_DERIVED_FROM_COORDINATES;TAXON_ID_NOT_FOUND,Habitats,IV
5133659772,Dactylorhiza cordigera subsp. bosniaca (Beck) Soó,Dactylorhiza majalis,Orchide a Foglie Larghe,Plantae,Tracheophyta,Liliopsida,Asparagales,Orchidaceae,Dactylorhiza,SUBSPECIES,2810990,2810155,NE,Not Evaluated,2007-06-11T12:09,2007,6,11,42.183563,21.048327,4,,,Shtërpcë / Štrpce,Ferizaj / Uroševac,HUMAN_OBSERVATION,,,Edmundas Greimas,hristovskis,iNaturalist,Observations,254411449,50c9509d-22c7-4a22-a47d-8c48425ef4a7,CC_BY_4_0,COORDINATE_ROUNDED;COUNTRY_DERIVED_FROM_COORDINATES;CONTINENT_DERIVED_FROM_COORDINATES;TAXON_ID_NOT_FOUND,Habitats,II
5108778483,"Bombina variegata (Linnaeus, 1758)",Bombina variegata,Yellow-Bellied Toad,Animalia,Chordata,Amphibia,Anura,Bombinatoridae,Bombina,SPECIES,2423435,2423435,LC,Least Concern,2024-07-06,2024,7,6,42.524192,20.582663,5,,Klina,Klinë / Klina,Pejë / Peć,HUMAN_OBSERVATION,1,,User 276833,,,,,8a863029-f435-446a-821e-275f4f641165,CC_BY_NC_4_0,,Habitats,II; IV
5108517009,"Castor fiber Linnaeus, 1758",Castor fiber,Bever,Animalia,Chordata,Mammalia,Rodentia,Castoridae,Castor,SPECIES,4409131,4409131,LC,Least Concern,2025-01-18,2025,1,18,42.659393,21.013222,9380,,,Obiliq / Obilić,Prishtinë / Priština,HUMAN_OBSERVATION,,,Marsel Mersinaj,Marsel Mersinaj,iNaturalist,Observations,267960249,50c9509d-22c7-4a22-a47d-8c48425ef4a7,CC_BY_NC_4_0,COORDINATE_ROUNDED;COUNTRY_DERIVED_FROM_COORDINATES;CONTINENT_DERIVED_FROM_COORDINATES;TAXON_ID_NOT_FOUND,Habitats,II; IV; V
5104472444,"Rupicapra rupicapra balcanica Bolkay, 1925",Rupicapra rupicapra,Chamois,Animalia,Chordata,Mammalia,Artiodactyla,Bovidae,Rupicapra,SUBSPECIES,5706429,5220170,LC,Least Concern,2025-03-16T08:18,2025,3,16,42.117395,20.70145,22878,,,Prizreni / Prizren,Prizren,HUMAN_OBSERVATION,,,Liridon Shala,Dragonfyre,iNaturalist,Observations,266005978,50c9509d-22c7-4a22-a47d-8c48425ef4a7,CC_BY_NC_4_0,COORDINATE_ROUNDED;COUNTRY_DERIVED_FROM_COORDINATES;CONTINENT_DERIVED_FROM_COORDINATES;TAXON_ID_NOT_FOUND,Habitats,V
5087919917,"Vipera ammodytes (Linnaeus, 1758)",Vipera ammodytes,Nose-Horned Viper,Animalia,Chordata,Squamata,,Viperidae,Vipera,SPECIES,2444308,2444308,LC,Least Concern,2025-03-15T14:15:58,2025,3,15,42.66142,21.210953,4,,,Prishtinë / Priština,Prishtinë / Priština,HUMAN_OBSERVATION,,,arianh,arianh,iNaturalist,Observations,265400330,50c9509d-22c7-4a22-a47d-8c48425ef4a7,CC_BY_NC_4_0,COORDINATE_ROUNDED;COUNTRY_DERIVED_FROM_COORDINATES;CONTINENT_DERIVED_FROM_COORDINATES;TAXON_ID_NOT_FOUND,Habitats,IV
5084751050,"Ursus arctos Linnaeus, 1758",Ursus arctos,Brown Bear,Animalia,Chordata,Mammalia,Carnivora,Ursidae,Ursus,SPECIES,2433433,2433433,LC,Least Concern,2024-07-27,2024,7,27,42.69845,20.16627,19,,,Pejë / Peć,Pejë / Peć,HUMAN_OBSERVATION,,,"Muhaxhiri, Jeton",,,MammalNet-Europe | IMammalia App,,3ccfe992-043a-4fff-951d-1e6e158854da,CC_BY_4_0,COORDINATE_ROUNDED;COUNTRY_DERIVED_FROM_COORDINATES;CONTINENT_DERIVED_FROM_COORDINATES;TAXON_ID_NOT_FOUND,Habitats,II; IV
5084748773,"Lutra lutra (Linnaeus, 1758)",Lutra lutra,European Otter,Animalia,Chordata,Mammalia,Carnivora,Mustelidae,Lutra,SPECIES,2433753,2433753,NT,Near Threatened,2023-08-19,2023,8,19,42.38947,20.30221,50,,,Gjakova / Đakovica,Gjakovë / Đakovica,HUMAN_OBSERVATION,1,,"Muhaxhiri, Jeton",,,MammalNet-Europe | IMammalia App,,3ccfe992-043a-4fff-951d-1e6e158854da,CC_BY_4_0,COORDINATE_ROUNDED;COUNTRY_DERIVED_FROM_COORDINATES;CONTINENT_DERIVED_FROM_COORDINATES;TAXON_ID_NOT_FOUND,Habitats,II; IV
5028551443,"Lacerta viridis (Laurenti, 1768)",Lacerta viridis,Smaragdeidechse,Animalia,Chordata,Squamata,,Lacertidae,Lacerta,SPECIES,6159273,6159273,LC,Least Concern,2014-05-11T00:00,2014,5,11,42.679153,21.193314,250,,Germia,Prishtinë / Priština,Prishtinë / Priština,HUMAN_OBSERVATION,,,2119813591,,NABU|naturgucker,NABU|naturgucker,1643007544,6ac3f774-d9fb-4796-b3e9-92bf6c81c084,CC_BY_4_0,COORDINATE_ROUNDED;GEODETIC_DATUM_ASSUMED_WGS84;COUNTRY_DERIVED_FROM_COORDINATES;CONTINENT_DERIVED_FROM_COORDINATES,Habitats,IV
5028327039,"Podarcis muralis (Laurenti, 1768)",Podarcis muralis,Common Wall Lizard,Animalia,Chordata,Squamata,,Lacertidae,Podarcis,SPECIES,2469188,2469188,LC,Least Concern,2015-08-08T00:00,2015,8,8,42.679153,21.193314,250,,Germia,Prishtinë / Priština,Prishtinë / Priština,HUMAN_OBSERVATION,,,2119813591,,NABU|naturgucker,NABU|naturgucker,-794369694,6ac3f774-d9fb-4796-b3e9-92bf6c81c084,CC_BY_4_0,COORDINATE_ROUNDED;GEODETIC_DATUM_ASSUMED_WGS84;COUNTRY_DERIVED_FROM_COORDINATES;CONTINENT_DERIVED_FROM_COORDINATES,Habitats,IV
5028030953,"Testudo hermanni Gmelin, 1789",Testudo hermanni,Hermann's Tortoise,Animalia,Chordata,Testudines,,Testudinidae,Testudo,SPECIES,2441454,2441454,VU,Vulnerable,2013-05-08T00:00,2013,5,8,42.51273,20.98011,250,,Blinaja,Lipjan / Lipljan,Prishtinë / Priština,HUMAN_OBSERVATION,,,2119813591,,NABU|naturgucker,NABU|naturgucker,-919727411,6ac3f774-d9fb-4796-b3e9-92bf6c81c084,CC_BY_4_0,COORDINATE_ROUNDED;GEODETIC_DATUM_ASSUMED_WGS84;COUNTRY_DERIVED_FROM_COORDINATES;CONTINENT_DERIVED_FROM_COORDINATES,Habitats,II; IV
5027540790,"Euphydryas aurinia (Rottemburg, 1775)",Euphydryas aurinia,Marsh Fritillary,Animalia,Arthropoda,Insecta,Lepidoptera,Nymphalidae,Euphydryas,SPECIES,4535809,4535809,NE,Not Evaluated,2014-05-11T00:00,2014,5,11,42.679153,21.193314,250,,Germia,Prishtinë / Priština,Prishtinë / Priština,HUMAN_OBSERVATION,,,2119813591,,NABU|naturgucker,NABU|naturgucker,-914865694,6ac3f774-d9fb-4796-b3e9-92bf6c81c084,CC_BY_4_0,COORDINATE_ROUNDED;GEODETIC_DATUM_ASSUMED_WGS84;COUNTRY_DERIVED_FROM_COORDINATES;CONTINENT_DERIVED_FROM_COORDINATES,Habitats,II
5027137431,"Parnassius apollo (Linnaeus, 1758)",Parnassius apollo,Apollo,Animalia,Arthropoda,Insecta,Lepidoptera,Papilionidae,Parnassius,SPECIES,1938810,1938810,LC,Least Concern,2024-07-24T00:00,2024,7,24,42.525379,20.588379,250,,Mirusha Wasserfälle und Canion - Ujevarat e Murushes,Klinë / Klina,Pejë / Peć,HUMAN_OBSERVATION,,,-1000575608,,NABU|naturgucker,NABU|naturgucker,-264448150,6ac3f774-d9fb-4796-b3e9-92bf6c81c084,CC_BY_4_0,COORDINATE_ROUNDED;GEODETIC_DATUM_ASSUMED_WGS84;COUNTRY_DERIVED_FROM_COORDINATES;CONTINENT_DERIVED_FROM_COORDINATES,Habitats,IV
5027129558,"Rhinolophus hipposideros (Bechstein, 1800)",Rhinolophus hipposideros,Lesser Horseshoe Bat,Animalia,Chordata,Mammalia,Chiroptera,Rhinolophidae,Rhinolophus,SPECIES,2432614,2432614,LC,Least Concern,2013-04-22T00:00,2013,4,22,42.479755,21.207132,250,,Tropfsteinhöhle von Gadime und Umgebung,Lipjan / Lipljan,Prishtinë / Priština,HUMAN_OBSERVATION,,,539637721,,NABU|naturgucker,NABU|naturgucker,-381949793,6ac3f774-d9fb-4796-b3e9-92bf6c81c084,CC_BY_4_0,COORDINATE_ROUNDED;GEODETIC_DATUM_ASSUMED_WGS84;COUNTRY_DERIVED_FROM_COORDINATES;CONTINENT_DERIVED_FROM_COORDINATES,Habitats,II
5025911338,"Rhinolophus hipposideros (Bechstein, 1800)",Rhinolophus hipposideros,Lesser Horseshoe Bat,Animalia,Chordata,Mammalia,Chiroptera,Rhinolophidae,Rhinolophus,SPECIES,2432614,2432614,LC,Least Concern,2013-04-25T00:00,2013,4,25,42.402355,20.651337,250,,Rahovec und Umgebung,Rahovec / Orahovac,Gjakovë / Đakovica,HUMAN_OBSERVATION,,,539637721,,NABU|naturgucker,NABU|naturgucker,260065882,6ac3f774-d9fb-4796-b3e9-92bf6c81c084,CC_BY_4_0,COORDINATE_ROUNDED;GEODETIC_DATUM_ASSUMED_WGS84;COUNTRY_DERIVED_FROM_COORDINATES;CONTINENT_DERIVED_FROM_COORDINATES,Habitats,II
5024997078,"Ursus arctos Linnaeus, 1758",Ursus arctos,Brown Bear,Animalia,Chordata,Mammalia,Carnivora,Ursidae,Ursus,SPECIES,2433433,2433433,LC,Least Concern,2015-09-15T00:00,2015,9,15,42.812279,20.45826,250,,Istog Naturpark,Istog / Istok,Pejë / Peć,HUMAN_OBSERVATION,,,2119813591,,NABU|naturgucker,NABU|naturgucker,131609275,6ac3f774-d9fb-4796-b3e9-92bf6c81c084,CC_BY_4_0,COORDINATE_ROUNDED;GEODETIC_DATUM_ASSUMED_WGS84;COUNTRY_DERIVED_FROM_COORDINATES;CONTINENT_DERIVED_FROM_COORDINATES,Habitats,II; IV
5024604668,"Testudo hermanni Gmelin, 1789",Testudo hermanni,Hermann's Tortoise,Animalia,Chordata,Testudines,,Testudinidae,Testudo,SPECIES,2441454,2441454,VU,Vulnerable,2014-05-11T00:00,2014,5,11,42.679153,21.193314,250,,Germia,Prishtinë / Priština,Prishtinë / Priština,HUMAN_OBSERVATION,,,2119813591,,NABU|naturgucker,NABU|naturgucker,-1943838324,6ac3f774-d9fb-4796-b3e9-92bf6c81c084,CC_BY_4_0,COORDINATE_ROUNDED;GEODETIC_DATUM_ASSUMED_WGS84;COUNTRY_DERIVED_FROM_COORDINATES;CONTINENT_DERIVED_FROM_COORDINATES,Habitats,II; IV
5024483936,"Euphydryas aurinia (Rottemburg, 1775)",Euphydryas aurinia,Marsh Fritillary,Animalia,Arthropoda,Insecta,Lepidoptera,Nymphalidae,Euphydryas,SPECIES,4535809,4535809,NE,Not Evaluated,2015-05-31T00:00,2015,5,31,42.679153,21.193314,250,,Germia,Prishtinë / Priština,Prishtinë / Priština,HUMAN_OBSERVATION,,,2119813591,,NABU|naturgucker,NABU|naturgucker,-1671457265,6ac3f774-d9fb-4796-b3e9-92bf6c81c084,CC_BY_4_0,COORDINATE_ROUNDED;GEODETIC_DATUM_ASSUMED_WGS84;COUNTRY_DERIVED_FROM_COORDINATES;CONTINENT_DERIVED_FROM_COORDINATES,Habitats,II
5023403435,"Bombina variegata (Linnaeus, 1758)",Bombina variegata,Yellow-Bellied Toad,Animalia,Chordata,Amphibia,Anura,Bombinatoridae,Bombina,SPECIES,2423435,2423435,LC,Least Concern,2015-08-06T00:00,2015,8,6,42.487797,20.223083,250,,Junik Nationalpark,Deçan / Dečani,Gjakovë / Đakovica,HUMAN_OBSERVATION,,,2119813591,,NABU|naturgucker,NABU|naturgucker,2082907672,6ac3f774-d9fb-4796-b3e9-92bf6c81c084,CC_BY_4_0,COORDINATE_ROUNDED;GEODETIC_DATUM_ASSUMED_WGS84;CONTINENT_DERIVED_FROM_COORDINATES,Habitats,II; IV
5022474094,"Testudo hermanni Gmelin, 1789",Testudo hermanni,Hermann's Tortoise,Animalia,Chordata,Testudines,,Testudinidae,Testudo,SPECIES,2441454,2441454,VU,Vulnerable,2013-05-04T00:00,2013,5,4,42.679153,21.193314,250,,Germia,Prishtinë / Priština,Prishtinë / Priština,HUMAN_OBSERVATION,,,2119813591,,NABU|naturgucker,NABU|naturgucker,2125044367,6ac3f774-d9fb-4796-b3e9-92bf6c81c084,CC_BY_4_0,COORDINATE_ROUNDED;GEODETIC_DATUM_ASSUMED_WGS84;COUNTRY_DERIVED_FROM_COORDINATES;CONTINENT_DERIVED_FROM_COORDINATES,Habitats,II; IV
5021473362,"Testudo hermanni Gmelin, 1789",Testudo hermanni,Hermann's Tortoise,Animalia,Chordata,Testudines,,Testudinidae,Testudo,SPECIES,2441454,2441454,VU,Vulnerable,2013-05-05T00:00,2013,5,5,42.679153,21.193314,250,,Germia,Prishtinë / Priština,Prishtinë / Priština,HUMAN_OBSERVATION,,,2119813591,,NABU|naturgucker,NABU|naturgucker,-985383033,6ac3f774-d9fb-4796-b3e9-92bf6c81c084,CC_BY_4_0,COORDINATE_ROUNDED;GEODETIC_DATUM_ASSUMED_WGS84;COUNTRY_DERIVED_FROM_COORDINATES;CONTINENT_DERIVED_FROM_COORDINATES,Habitats,II; IV
5021206054,"Podarcis tauricus (Pallas, 1814)",Podarcis tauricus,Taurische Eidechse,Animalia,Chordata,Squamata,,Lacertidae,Podarcis,SPECIES,2469065,2469065,LC,Least Concern,2013-04-27T00:00,2013,4,27,42.559467,21.680832,250,,Wiesen und Wälder rund um Rogocica,Kamenicë / Kosovska Kamenica,Gjilan / Gnjilane,HUMAN_OBSERVATION,,,539637721,,NABU|naturgucker,NABU|naturgucker,-885689605,6ac3f774-d9fb-4796-b3e9-92bf6c81c084,CC_BY_4_0,COORDINATE_ROUNDED;GEODETIC_DATUM_ASSUMED_WGS84;COUNTRY_DERIVED_FROM_COORDINATES;CONTINENT_DERIVED_FROM_COORDINATES,Habitats,IV
5020963527,"Testudo hermanni Gmelin, 1789",Testudo hermanni,Hermann's Tortoise,Animalia,Chordata,Testudines,,Testudinidae,Testudo,SPECIES,2441454,2441454,VU,Vulnerable,2013-05-06T00:00,2013,5,6,42.679153,21.193314,250,,Germia,Prishtinë / Priština,Prishtinë / Priština,HUMAN_OBSERVATION,,,2119813591,,NABU|naturgucker,NABU|naturgucker,-836671718,6ac3f774-d9fb-4796-b3e9-92bf6c81c084,CC_BY_4_0,COORDINATE_ROUNDED;GEODETIC_DATUM_ASSUMED_WGS84;COUNTRY_DERIVED_FROM_COORDINATES;CONTINENT_DERIVED_FROM_COORDINATES,Habitats,II; IV
5020912612,"Natrix tessellata (Laurenti, 1768)",Natrix tessellata,Dice Snake,Animalia,Chordata,Squamata,,Colubridae,Natrix,SPECIES,6161327,6161327,LC,Least Concern,2013-04-23T00:00,2013,4,23,42.525379,20.588379,250,,Mirusha Wasserfälle und Canion - Ujevarat e Murushes,Klinë / Klina,Pejë / Peć,HUMAN_OBSERVATION,,,539637721,,NABU|naturgucker,NABU|naturgucker,-941852845,6ac3f774-d9fb-4796-b3e9-92bf6c81c084,CC_BY_4_0,COORDINATE_ROUNDED;GEODETIC_DATUM_ASSUMED_WGS84;COUNTRY_DERIVED_FROM_COORDINATES;CONTINENT_DERIVED_FROM_COORDINATES,Habitats,IV
5020268389,"Canis lupus Linnaeus, 1758",Canis lupus,Wolf,Animalia,Chordata,Mammalia,Carnivora,Canidae,Canis,SPECIES,5219173,5219173,LC,Least Concern,2014-05-16T00:00,2014,5,16,42.511589,21.409607,250,,Gjilani,Gjilani / Gnjilane,Gjilan / Gnjilane,HUMAN_OBSERVATION,,,2119813591,,NABU|naturgucker,NABU|naturgucker,227199393,6ac3f774-d9fb-4796-b3e9-92bf6c81c084,CC_BY_4_0,COORDINATE_ROUNDED;GEODETIC_DATUM_ASSUMED_WGS84;COUNTRY_DERIVED_FROM_COORDINATES;CONTINENT_DERIVED_FROM_COORDINATES,Habitats,II; IV; V
5018740767,Anthyllis vulneraria L.,Anthyllis vulneraria,Kidney Vetch,Plantae,Tracheophyta,Magnoliopsida,Fabales,Fabaceae,Anthyllis,SPECIES,5352367,5352367,NE,Not Evaluated,2015-05-27T00:00,2015,5,27,42.679153,21.193314,250,,Germia,Prishtinë / Priština,Prishtinë / Priština,HUMAN_OBSERVATION,,,2119813591,,NABU|naturgucker,NABU|naturgucker,-191056009,6ac3f774-d9fb-4796-b3e9-92bf6c81c084,CC_BY_4_0,COORDINATE_ROUNDED;GEODETIC_DATUM_ASSUMED_WGS84;COUNTRY_DERIVED_FROM_COORDINATES;CONTINENT_DERIVED_FROM_COORDINATES,Habitats,V
5018570901,Anthyllis vulneraria L.,Anthyllis vulneraria,Kidney Vetch,Plantae,Tracheophyta,Magnoliopsida,Fabales,Fabaceae,Anthyllis,SPECIES,5352367,5352367,NE,Not Evaluated,2014-05-15T00:00,2014,5,15,42.468487,20.748796,250,,Malishewa Naturpark,Malishevë / Mališevo,Prizren,HUMAN_OBSERVATION,,,2119813591,,NABU|naturgucker,NABU|naturgucker,-607114594,6ac3f774-d9fb-4796-b3e9-92bf6c81c084,CC_BY_4_0,COORDINATE_ROUNDED;GEODETIC_DATUM_ASSUMED_WGS84;COUNTRY_DERIVED_FROM_COORDINATES;CONTINENT_DERIVED_FROM_COORDINATES,Habitats,V
5017457374,Orchis mascula (L.) L.,Orchis mascula,Early-Purple Orchid,Plantae,Tracheophyta,Liliopsida,Asparagales,Orchidaceae,Orchis,SPECIES,2849427,2849427,NE,Not Evaluated,2013-04-23T00:00,2013,4,23,42.525379,20.588379,250,,Mirusha Wasserfälle und Canion - Ujevarat e Murushes,Klinë / Klina,Pejë / Peć,HUMAN_OBSERVATION,,,539637721,,NABU|naturgucker,NABU|naturgucker,1541448182,6ac3f774-d9fb-4796-b3e9-92bf6c81c084,CC_BY_4_0,COORDINATE_ROUNDED;GEODETIC_DATUM_ASSUMED_WGS84;COUNTRY_DERIVED_FROM_COORDINATES;CONTINENT_DERIVED_FROM_COORDINATES,Habitats,IV
5017285368,"Mustela putorius Linnaeus, 1758",Mustela putorius,European Polecat,Animalia,Chordata,Mammalia,Carnivora,Mustelidae,Mustela,SPECIES,5218911,5218911,LC,Least Concern,2015-03-24T00:00,2015,3,24,42.842922,20.729795,250,,Dubocak,Mitrovica / Kosovska Mitrovica,Mitrovicë / Kosovska Mitrovica,HUMAN_OBSERVATION,,,2119813591,,NABU|naturgucker,NABU|naturgucker,-2063801946,6ac3f774-d9fb-4796-b3e9-92bf6c81c084,CC_BY_4_0,COORDINATE_ROUNDED;GEODETIC_DATUM_ASSUMED_WGS84;COUNTRY_DERIVED_FROM_COORDINATES;CONTINENT_DERIVED_FROM_COORDINATES,Habitats,V
5017180713,"Lacerta viridis viridis (Laurenti, 1768)",Lacerta viridis,Smaragdeidechse,Animalia,Chordata,Squamata,,Lacertidae,Lacerta,SUBSPECIES,7190778,6159273,LC,Least Concern,2013-04-27T00:00,2013,4,27,42.559467,21.680832,250,,Wiesen und Wälder rund um Rogocica,Kamenicë / Kosovska Kamenica,Gjilan / Gnjilane,HUMAN_OBSERVATION,,,539637721,,NABU|naturgucker,NABU|naturgucker,-1190688608,6ac3f774-d9fb-4796-b3e9-92bf6c81c084,CC_BY_4_0,COORDINATE_ROUNDED;GEODETIC_DATUM_ASSUMED_WGS84;COUNTRY_DERIVED_FROM_COORDINATES;CONTINENT_DERIVED_FROM_COORDINATES,Habitats,IV
5016635048,"Podarcis muralis (Laurenti, 1768)",Podarcis muralis,Common Wall Lizard,Animalia,Chordata,Squamata,,Lacertidae,Podarcis,SPECIES,2469188,2469188,LC,Least Concern,2015-05-30T00:00,2015,5,30,42.679153,21.193314,250,,Germia,Prishtinë / Priština,Prishtinë / Priština,HUMAN_OBSERVATION,,,2119813591,,NABU|naturgucker,NABU|naturgucker,1811811378,6ac3f774-d9fb-4796-b3e9-92bf6c81c084,CC_BY_4_0,COORDINATE_ROUNDED;GEODETIC_DATUM_ASSUMED_WGS84;COUNTRY_DERIVED_FROM_COORDINATES;CONTINENT_DERIVED_FROM_COORDINATES,Habitats,IV
5015765102,Dactylorhiza majalis (Rchb.) P.F.Hunt & Summerh.,Dactylorhiza majalis,Orchide a Foglie Larghe,Plantae,Tracheophyta,Liliopsida,Asparagales,Orchidaceae,Dactylorhiza,SPECIES,2810155,2810155,NE,Not Evaluated,2014-05-14T00:00,2014,5,14,42.679153,21.193314,250,,Germia,Prishtinë / Priština,Prishtinë / Priština,HUMAN_OBSERVATION,,,2119813591,,NABU|naturgucker,NABU|naturgucker,1092951764,6ac3f774-d9fb-4796-b3e9-92bf6c81c084,CC_BY_4_0,COORDINATE_ROUNDED;GEODETIC_DATUM_ASSUMED_WGS84;COUNTRY_DERIVED_FROM_COORDINATES;CONTINENT_DERIVED_FROM_COORDINATES,Habitats,II
5015311863,Anacamptis pyramidalis (L.) Rich.,Anacamptis pyramidalis,Orchis Pyramidal,Plantae,Tracheophyta,Liliopsida,Asparagales,Orchidaceae,Anacamptis,SPECIES,2808330,2808330,NE,Not Evaluated,2015-05-27T00:00,2015,5,27,42.679153,21.193314,250,,Germia,Prishtinë / Priština,Prishtinë / Priština,HUMAN_OBSERVATION,,,2119813591,,NABU|naturgucker,NABU|naturgucker,1493798142,6ac3f774-d9fb-4796-b3e9-92bf6c81c084,CC_BY_4_0,COORDINATE_ROUNDED;GEODETIC_DATUM_ASSUMED_WGS84;COUNTRY_DERIVED_FROM_COORDINATES;CONTINENT_DERIVED_FROM_COORDINATES,Habitats,II
5015226528,"Lacerta viridis viridis (Laurenti, 1768)",Lacerta viridis,Smaragdeidechse,Animalia,Chordata,Squamata,,Lacertidae,Lacerta,SUBSPECIES,7190778,6159273,LC,Least Concern,2013-04-23T00:00,2013,4,23,42.525379,20.588379,250,,Mirusha Wasserfälle und Canion - Ujevarat e Murushes,Klinë / Klina,Pejë / Peć,HUMAN_OBSERVATION,,,539637721,,NABU|naturgucker,NABU|naturgucker,1917412407,6ac3f774-d9fb-4796-b3e9-92bf6c81c084,CC_BY_4_0,COORDINATE_ROUNDED;GEODETIC_DATUM_ASSUMED_WGS84;COUNTRY_DERIVED_FROM_COORDINATES;CONTINENT_DERIVED_FROM_COORDINATES,Habitats,IV
5014993127,"Lacerta viridis viridis (Laurenti, 1768)",Lacerta viridis,Smaragdeidechse,Animalia,Chordata,Squamata,,Lacertidae,Lacerta,SUBSPECIES,7190778,6159273,LC,Least Concern,2013-04-23T00:00,2013,4,23,42.675999,21.20739,250,,Parku i Germise,Prishtinë / Priština,Prishtinë / Priština,HUMAN_OBSERVATION,,,539637721,,NABU|naturgucker,NABU|naturgucker,-1914674733,6ac3f774-d9fb-4796-b3e9-92bf6c81c084,CC_BY_4_0,COORDINATE_ROUNDED;GEODETIC_DATUM_ASSUMED_WGS84;COUNTRY_DERIVED_FROM_COORDINATES;CONTINENT_DERIVED_FROM_COORDINATES,Habitats,IV
5014563381,"Euphydryas aurinia (Rottemburg, 1775)",Euphydryas aurinia,Marsh Fritillary,Animalia,Arthropoda,Insecta,Lepidoptera,Nymphalidae,Euphydryas,SPECIES,4535809,4535809,NE,Not Evaluated,2013-04-23T00:00,2013,4,23,42.675999,21.20739,250,,Parku i Germise,Prishtinë / Priština,Prishtinë / Priština,HUMAN_OBSERVATION,,,539637721,,NABU|naturgucker,NABU|naturgucker,1096963342,6ac3f774-d9fb-4796-b3e9-92bf6c81c084,CC_BY_4_0,COORDINATE_ROUNDED;GEODETIC_DATUM_ASSUMED_WGS84;COUNTRY_DERIVED_FROM_COORDINATES;CONTINENT_DERIVED_FROM_COORDINATES,Habitats,II
5014502813,"Canis lupus Linnaeus, 1758",Canis lupus,Wolf,Animalia,Chordata,Mammalia,Carnivora,Canidae,Canis,SPECIES,5219173,5219173,LC,Least Concern,2014-05-17T00:00,2014,5,17,42.511589,21.409607,250,,Gjilani,Gjilani / Gnjilane,Gjilan / Gnjilane,HUMAN_OBSERVATION,,,2119813591,,NABU|naturgucker,NABU|naturgucker,1057934061,6ac3f774-d9fb-4796-b3e9-92bf6c81c084,CC_BY_4_0,COORDINATE_ROUNDED;GEODETIC_DATUM_ASSUMED_WGS84;COUNTRY_DERIVED_FROM_COORDINATES;CONTINENT_DERIVED_FROM_COORDINATES,Habitats,II; IV; V
5013733585,"Pelophylax esculentus (Linnaeus, 1758)",Pelophylax lessonae,Pool Frog,Animalia,Chordata,Amphibia,Anura,Ranidae,Pelophylax,SPECIES,5784980,2426654,LC,Least Concern,2015-05-26T00:00,2015,5,26,42.580135,21.049118,250,,Henc,Fushë Kosovë / Kosovo Polje,Prishtinë / Priština,HUMAN_OBSERVATION,,,2119813591,,NABU|naturgucker,NABU|naturgucker,-202006575,6ac3f774-d9fb-4796-b3e9-92bf6c81c084,CC_BY_4_0,COORDINATE_ROUNDED;GEODETIC_DATUM_ASSUMED_WGS84;COUNTRY_DERIVED_FROM_COORDINATES;CONTINENT_DERIVED_FROM_COORDINATES,Habitats,IV; V
5013415078,"Testudo hermanni Gmelin, 1789",Testudo hermanni,Hermann's Tortoise,Animalia,Chordata,Testudines,,Testudinidae,Testudo,SPECIES,2441454,2441454,VU,Vulnerable,2015-08-02T00:00,2015,8,2,42.679153,21.193314,250,,Germia,Prishtinë / Priština,Prishtinë / Priština,HUMAN_OBSERVATION,,,2119813591,,NABU|naturgucker,NABU|naturgucker,-678390240,6ac3f774-d9fb-4796-b3e9-92bf6c81c084,CC_BY_4_0,COORDINATE_ROUNDED;GEODETIC_DATUM_ASSUMED_WGS84;COUNTRY_DERIVED_FROM_COORDINATES;CONTINENT_DERIVED_FROM_COORDINATES,Habitats,II; IV
5013249628,"Martes martes (Linnaeus, 1758)",Martes martes,European Pine Marten,Animalia,Chordata,Mammalia,Carnivora,Mustelidae,Martes,SPECIES,5218878,5218878,LC,Least Concern,2014-05-16T00:00,2014,5,16,42.511589,21.409607,250,,Gjilani,Gjilani / Gnjilane,Gjilan / Gnjilane,HUMAN_OBSERVATION,,,2119813591,,NABU|naturgucker,NABU|naturgucker,-1665603096,6ac3f774-d9fb-4796-b3e9-92bf6c81c084,CC_BY_4_0,COORDINATE_ROUNDED;GEODETIC_DATUM_ASSUMED_WGS84;COUNTRY_DERIVED_FROM_COORDINATES;CONTINENT_DERIVED_FROM_COORDINATES,Habitats,V
5013094361,"Podarcis tauricus (Pallas, 1814)",Podarcis tauricus,Taurische Eidechse,Animalia,Chordata,Squamata,,Lacertidae,Podarcis,SPECIES,2469065,2469065,LC,Least Concern,2013-04-23T00:00,2013,4,23,42.525379,20.588379,250,,Mirusha Wasserfälle und Canion - Ujevarat e Murushes,Klinë / Klina,Pejë / Peć,HUMAN_OBSERVATION,,,539637721,,NABU|naturgucker,NABU|naturgucker,1579800614,6ac3f774-d9fb-4796-b3e9-92bf6c81c084,CC_BY_4_0,COORDINATE_ROUNDED;GEODETIC_DATUM_ASSUMED_WGS84;COUNTRY_DERIVED_FROM_COORDINATES;CONTINENT_DERIVED_FROM_COORDINATES,Habitats,IV
5012957752,"Podarcis muralis (Laurenti, 1768)",Podarcis muralis,Common Wall Lizard,Animalia,Chordata,Squamata,,Lacertidae,Podarcis,SPECIES,2469188,2469188,LC,Least Concern,2013-04-21T00:00,2013,4,21,42.600483,21.190481,250,,Gracanice Stadtrand (bei Hotel Gracanica),Prishtinë / Priština,Prishtinë / Priština,HUMAN_OBSERVATION,,,539637721,,NABU|naturgucker,NABU|naturgucker,768088024,6ac3f774-d9fb-4796-b3e9-92bf6c81c084,CC_BY_4_0,COORDINATE_ROUNDED;GEODETIC_DATUM_ASSUMED_WGS84;COUNTRY_DERIVED_FROM_COORDINATES;CONTINENT_DERIVED_FROM_COORDINATES,Habitats,IV
5012456932,"Podarcis tauricus (Pallas, 1814)",Podarcis tauricus,Taurische Eidechse,Animalia,Chordata,Squamata,,Lacertidae,Podarcis,SPECIES,2469065,2469065,LC,Least Concern,2013-04-25T00:00,2013,4,25,42.211609,20.751286,250,,Prizren und Umgebung,Prizreni / Prizren,Prizren,HUMAN_OBSERVATION,,,539637721,,NABU|naturgucker,NABU|naturgucker,-572670145,6ac3f774-d9fb-4796-b3e9-92bf6c81c084,CC_BY_4_0,COORDINATE_ROUNDED;GEODETIC_DATUM_ASSUMED_WGS84;COUNTRY_DERIVED_FROM_COORDINATES;CONTINENT_DERIVED_FROM_COORDINATES,Habitats,IV
5008376096,"Euplagia quadripunctaria (Poda, 1761)",Euplagia quadripunctaria,Jersey Tiger,Animalia,Arthropoda,Insecta,Lepidoptera,Erebidae,Euplagia,SPECIES,4532532,4532532,NE,Not Evaluated,2007-08-17T19:30,2007,8,17,42.689498,21.194012,600,,,Prishtinë / Priština,Prishtinë / Priština,HUMAN_OBSERVATION,,,Edmundas Greimas,Edmundas Greimas,iNaturalist,Observations,256198741,50c9509d-22c7-4a22-a47d-8c48425ef4a7,CC_BY_4_0,COORDINATE_ROUNDED;COUNTRY_DERIVED_FROM_COORDINATES;CONTINENT_DERIVED_FROM_COORDINATES;TAXON_ID_NOT_FOUND,Habitats,II
5007902810,Anacamptis pyramidalis (L.) Rich.,Anacamptis pyramidalis,Orchis Pyramidal,Plantae,Tracheophyta,Liliopsida,Asparagales,Orchidaceae,Anacamptis,SPECIES,2808330,2808330,NE,Not Evaluated,2024-06-04T12:50,2024,6,4,42.573016,20.97372,,,,Fushë Kosovë / Kosovo Polje,Prishtinë / Priština,HUMAN_OBSERVATION,,,Adam Kantor,Adam Kantor,iNaturalist,Observations,257632414,50c9509d-22c7-4a22-a47d-8c48425ef4a7,CC_BY_NC_4_0,COORDINATE_ROUNDED;COUNTRY_DERIVED_FROM_COORDINATES;CONTINENT_DERIVED_FROM_COORDINATES;TAXON_ID_NOT_FOUND,Habitats,II
5007478162,"Zamenis longissimus (Laurenti, 1768)",Zamenis longissimus,Aesculapian Snake,Animalia,Chordata,Squamata,,Colubridae,Zamenis,SPECIES,2458538,2458538,LC,Least Concern,2007-08-30T19:33,2007,8,30,42.674967,21.198273,50,,,Prishtinë / Priština,Prishtinë / Priština,HUMAN_OBSERVATION,,,Edmundas Greimas,Edmundas Greimas,iNaturalist,Observations,256384652,50c9509d-22c7-4a22-a47d-8c48425ef4a7,CC_BY_4_0,COORDINATE_ROUNDED;COUNTRY_DERIVED_FROM_COORDINATES;CONTINENT_DERIVED_FROM_COORDINATES;TAXON_ID_NOT_FOUND,Habitats,IV
5006964700,"Pelophylax ridibundus (Pallas, 1771)",Pelophylax ridibundus,Marsh Frog,Animalia,Chordata,Amphibia,Anura,Ranidae,Pelophylax,SPECIES,2426661,2426661,LC,Least Concern,2007-07-08T12:10,2007,7,8,42.520218,20.977405,2,,,Lipjan / Lipljan,Prishtinë / Priština,HUMAN_OBSERVATION,,,Edmundas Greimas,Edmundas Greimas,iNaturalist,Observations,256195734,50c9509d-22c7-4a22-a47d-8c48425ef4a7,CC_BY_4_0,COORDINATE_ROUNDED;COUNTRY_DERIVED_FROM_COORDINATES;CONTINENT_DERIVED_FROM_COORDINATES;TAXON_ID_NOT_FOUND,Habitats,V
5005267572,"Ursus arctos Linnaeus, 1758",Ursus arctos,Brown Bear,Animalia,Chordata,Mammalia,Carnivora,Ursidae,Ursus,SPECIES,2433433,2433433,LC,Least Concern,2024-06-02,2024,6,2,42.25,20.96,,,Štimlje,Shtërpcë / Štrpce,Ferizaj / Uroševac,HUMAN_OBSERVATION,2,,User 834695,,,,,8a863029-f435-446a-821e-275f4f641165,CC_BY_NC_4_0,,Habitats,II; IV
4995593871,"Vipera ammodytes (Linnaeus, 1758)",Vipera ammodytes,Nose-Horned Viper,Animalia,Chordata,Squamata,,Viperidae,Vipera,SPECIES,2444308,2444308,LC,Least Concern,2024-08-22,2024,8,22,42.698725,20.106414,35,,Pec,Pejë / Peć,Pejë / Peć,HUMAN_OBSERVATION,1,,User 170581,,,,,8a863029-f435-446a-821e-275f4f641165,CC_BY_NC_4_0,,Habitats,IV
4994121158,"Rana dalmatina Fitzinger, 1838",Rana dalmatina,Agile Frog,Animalia,Chordata,Amphibia,Anura,Ranidae,Rana,SPECIES,2426760,2426760,LC,Least Concern,2017-07-08T12:32,2017,7,8,42.46309,20.994684,500,,,Shtime / Štimlje,Ferizaj / Uroševac,HUMAN_OBSERVATION,,,thephoxinus,Szabolcs Márton,iNaturalist,Observations,66341836,50c9509d-22c7-4a22-a47d-8c48425ef4a7,CC_BY_NC_4_0,COORDINATE_ROUNDED;COUNTRY_DERIVED_FROM_COORDINATES;CONTINENT_DERIVED_FROM_COORDINATES;TAXON_ID_NOT_FOUND,Habitats,IV
4994006297,"Testudo hermanni Gmelin, 1789",Testudo hermanni,Hermann's Tortoise,Animalia,Chordata,Testudines,,Testudinidae,Testudo,SPECIES,2441454,2441454,VU,Vulnerable,2007-06-10T16:34,2007,6,10,42.76266,21.305258,27599,,,Prishtinë / Priština,Prishtinë / Priština,HUMAN_OBSERVATION,,,Edmundas Greimas,Edmundas Greimas,iNaturalist,Observations,253431380,50c9509d-22c7-4a22-a47d-8c48425ef4a7,CC_BY_4_0,COORDINATE_ROUNDED;COUNTRY_DERIVED_FROM_COORDINATES;CONTINENT_DERIVED_FROM_COORDINATES;TAXON_ID_NOT_FOUND,Habitats,II; IV
4993862867,"Pelophylax ridibundus (Pallas, 1771)",Pelophylax ridibundus,Marsh Frog,Animalia,Chordata,Amphibia,Anura,Ranidae,Pelophylax,SPECIES,2426661,2426661,LC,Least Concern,2024-08-31T14:32,2024,8,31,42.63806,21.259578,230,,,Prishtinë / Priština,Prishtinë / Priština,HUMAN_OBSERVATION,,,Alexandra Laking,Szabolcs Márton,iNaturalist,Observations,240549593,50c9509d-22c7-4a22-a47d-8c48425ef4a7,CC0_1_0,COORDINATE_ROUNDED;COUNTRY_DERIVED_FROM_COORDINATES;CONTINENT_DERIVED_FROM_COORDINATES;TAXON_ID_NOT_FOUND,Habitats,V
4987775352,Anacamptis pyramidalis (L.) Rich.,Anacamptis pyramidalis,Orchis Pyramidal,Plantae,Tracheophyta,Liliopsida,Asparagales,Orchidaceae,Anacamptis,SPECIES,2808330,2808330,NE,Not Evaluated,2007-06-10T11:38,2007,6,10,42.675059,21.198582,15,,,Prishtinë / Priština,Prishtinë / Priština,HUMAN_OBSERVATION,,,Edmundas Greimas,Edmundas Greimas,iNaturalist,Observations,253037687,50c9509d-22c7-4a22-a47d-8c48425ef4a7,CC_BY_4_0,COORDINATE_ROUNDED;COUNTRY_DERIVED_FROM_COORDINATES;CONTINENT_DERIVED_FROM_COORDINATES;TAXON_ID_NOT_FOUND,Habitats,II
4987518181,Anacamptis pyramidalis (L.) Rich.,Anacamptis pyramidalis,Orchis Pyramidal,Plantae,Tracheophyta,Liliopsida,Asparagales,Orchidaceae,Anacamptis,SPECIES,2808330,2808330,NE,Not Evaluated,2007-06-10T10:41,2007,6,10,42.665587,21.237228000000002,31,,,Prishtinë / Priština,Prishtinë / Priština,HUMAN_OBSERVATION,,,Edmundas Greimas,Edmundas Greimas,iNaturalist,Observations,252752768,50c9509d-22c7-4a22-a47d-8c48425ef4a7,CC_BY_4_0,COORDINATE_ROUNDED;COUNTRY_DERIVED_FROM_COORDINATES;CONTINENT_DERIVED_FROM_COORDINATES;TAXON_ID_NOT_FOUND,Habitats,II
4985401653,"Euplagia quadripunctaria (Poda, 1761)",Euplagia quadripunctaria,Jersey Tiger,Animalia,Arthropoda,Insecta,Lepidoptera,Erebidae,Euplagia,SPECIES,4532532,4532532,NE,Not Evaluated,2024-07-31,2024,7,31,42.716167,20.103272,5,,Pec,Pejë / Peć,Pejë / Peć,HUMAN_OBSERVATION,1,,User 1043496,,,,,8a863029-f435-446a-821e-275f4f641165,CC_BY_NC_4_0,,Habitats,II
4982340361,"Lucanus cervus (Linnaeus, 1758)",Lucanus cervus,Stag Beetle,Animalia,Arthropoda,Insecta,Coleoptera,Lucanidae,Lucanus,SPECIES,5743122,5743122,NE,Not Evaluated,2018-06-24T14:49,2018,6,24,42.677591,21.20885,31,,,Prishtinë / Priština,Prishtinë / Priština,HUMAN_OBSERVATION,,,laura_kgj,Edmundas Greimas,iNaturalist,Observations,251553975,50c9509d-22c7-4a22-a47d-8c48425ef4a7,CC_BY_NC_4_0,COORDINATE_ROUNDED;COUNTRY_DERIVED_FROM_COORDINATES;CONTINENT_DERIVED_FROM_COORDINATES;TAXON_ID_NOT_FOUND,Habitats,II
4982090107,"Morimus funereus Mulsant, 1862",Morimus funereus,Cerambice Funereo,Animalia,Arthropoda,Insecta,Coleoptera,Cerambycidae,Morimus,SPECIES,1119288,1119288,VU,Vulnerable,2019-06-22T14:44,2019,6,22,42.674773,21.212667,61,,,Prishtinë / Priština,Prishtinë / Priština,HUMAN_OBSERVATION,,,laura_kgj,SalineLagooner,iNaturalist,Observations,251553584,50c9509d-22c7-4a22-a47d-8c48425ef4a7,CC_BY_NC_4_0,COORDINATE_ROUNDED;COUNTRY_DERIVED_FROM_COORDINATES;CONTINENT_DERIVED_FROM_COORDINATES;TAXON_ID_NOT_FOUND,Habitats,II
4981980031,"Testudo hermanni Gmelin, 1789",Testudo hermanni,Hermann's Tortoise,Animalia,Chordata,Testudines,,Testudinidae,Testudo,SPECIES,2441454,2441454,VU,Vulnerable,2018-04-14T18:16,2018,4,14,42.721343,21.209674,27599,,,Prishtinë / Priština,Prishtinë / Priština,HUMAN_OBSERVATION,,,laura_kgj,Kseniia Marianna Prondzynska,iNaturalist,Observations,251572536,50c9509d-22c7-4a22-a47d-8c48425ef4a7,CC_BY_NC_4_0,COORDINATE_ROUNDED;COUNTRY_DERIVED_FROM_COORDINATES;CONTINENT_DERIVED_FROM_COORDINATES;TAXON_ID_NOT_FOUND,Habitats,II; IV
4980741336,Anthyllis vulneraria L.,Anthyllis vulneraria,Kidney Vetch,Plantae,Tracheophyta,Magnoliopsida,Fabales,Fabaceae,Anthyllis,SPECIES,5352367,5352367,NE,Not Evaluated,2020-05-22T11:55:29,2020,5,22,42.65529,21.143009,48,,,Prishtinë / Priština,Prishtinë / Priština,HUMAN_OBSERVATION,,,Cory,Cory,iNaturalist,Observations,49850944,50c9509d-22c7-4a22-a47d-8c48425ef4a7,CC_BY_NC_4_0,COORDINATE_ROUNDED;COUNTRY_DERIVED_FROM_COORDINATES;CONTINENT_DERIVED_FROM_COORDINATES;TAXON_ID_NOT_FOUND,Habitats,V
4979548396,"Podarcis muralis (Laurenti, 1768)",Podarcis muralis,Common Wall Lizard,Animalia,Chordata,Squamata,,Lacertidae,Podarcis,SPECIES,2469188,2469188,LC,Least Concern,2024-05,2024,5,,42.777043,21.142596,5,,Podujevë Wastewater Infrastructure – Kosovo,Prishtinë / Priština,Prishtinë / Priština,HUMAN_OBSERVATION,,,Halil Ibrahimi,,,,,f5150949-32df-475a-8365-2b34584b474b,CC_BY_4_0,CONTINENT_DERIVED_FROM_COORDINATES,Habitats,IV
4979548394,"Barbus Cuvier & Cloquet, 1816",,,Animalia,Chordata,,Cypriniformes,Cyprinidae,Barbus,GENUS,9183743,,,,2024-05,2024,5,,42.776855,21.144542,5,,Podujevë Wastewater Infrastructure – Kosovo,Prishtinë / Priština,Prishtinë / Priština,HUMAN_OBSERVATION,,,Halil Ibrahimi,,,,,f5150949-32df-475a-8365-2b34584b474b,CC_BY_4_0,CONTINENT_DERIVED_FROM_COORDINATES;TAXON_MATCH_HIGHERRANK,Habitats,V
4979548391,"Pelophylax ridibundus (Pallas, 1771)",Pelophylax ridibundus,Marsh Frog,Animalia,Chordata,Amphibia,Anura,Ranidae,Pelophylax,SPECIES,2426661,2426661,LC,Least Concern,2024-05,2024,5,,42.776855,21.144542,5,,Podujevë Wastewater Infrastructure – Kosovo,Prishtinë / Priština,Prishtinë / Priština,HUMAN_OBSERVATION,,,Halil Ibrahimi,,,,,f5150949-32df-475a-8365-2b34584b474b,CC_BY_4_0,CONTINENT_DERIVED_FROM_COORDINATES,Habitats,V
4978568230,"Hyla arborea (Linnaeus, 1758)",Hyla arborea,Common Tree Frog,Animalia,Chordata,Amphibia,Anura,Hylidae,Hyla,SPECIES,2427573,2427573,LC,Least Concern,2024-10-26T14:24:12,2024,10,26,42.585964,21.056976,911,,,Fushë Kosovë / Kosovo Polje,Prishtinë / Priština,HUMAN_OBSERVATION,,,Albert Krasniqi,Albert Krasniqi,iNaturalist,Observations,249234808,50c9509d-22c7-4a22-a47d-8c48425ef4a7,CC_BY_NC_4_0,COORDINATE_ROUNDED;COUNTRY_DERIVED_FROM_COORDINATES;CONTINENT_DERIVED_FROM_COORDINATES;TAXON_ID_NOT_FOUND,Habitats,IV
4957412865,"Rana temporaria Linnaeus, 1758",Rana temporaria,Common Frog,Animalia,Chordata,Amphibia,Anura,Ranidae,Rana,SPECIES,2426805,2426805,LC,Least Concern,2024-08-18,2024,8,18,42.581459,20.048166,3,,Plav,Deçan / Dečani,Gjakovë / Đakovica,HUMAN_OBSERVATION,1,,User 112553,,,,,8a863029-f435-446a-821e-275f4f641165,CC_BY_NC_4_0,,Habitats,V
4956365563,"Euplagia quadripunctaria (Poda, 1761)",Euplagia quadripunctaria,Jersey Tiger,Animalia,Arthropoda,Insecta,Lepidoptera,Erebidae,Euplagia,SPECIES,4532532,4532532,NE,Not Evaluated,2024-08-22,2024,8,22,42.69933,20.13291,70,,Pec,Pejë / Peć,Pejë / Peć,HUMAN_OBSERVATION,1,,User 170581,,,,,8a863029-f435-446a-821e-275f4f641165,CC_BY_NC_4_0,,Habitats,II
4952584486,Orchis mascula (L.) L.,Orchis mascula,Early-Purple Orchid,Plantae,Tracheophyta,Liliopsida,Asparagales,Orchidaceae,Orchis,SPECIES,2849427,2849427,NE,Not Evaluated,2024-06-05T11:40,2024,6,5,42.457898,20.222729,,,,Deçan / Dečani,Gjakovë / Đakovica,HUMAN_OBSERVATION,,,jrachi,jrachi,iNaturalist,Observations,221631017,50c9509d-22c7-4a22-a47d-8c48425ef4a7,CC_BY_NC_4_0,COORDINATE_ROUNDED;COUNTRY_DERIVED_FROM_COORDINATES;CONTINENT_DERIVED_FROM_COORDINATES;TAXON_ID_NOT_FOUND,Habitats,IV
4950483962,"Rana graeca Boulenger, 1891",Rana graeca,Griechischer Frosch,Animalia,Chordata,Amphibia,Anura,Ranidae,Rana,SPECIES,2426795,2426795,LC,Least Concern,2022-06-19T09:37:16,2022,6,19,42.747813,21.298488,4,,,Prishtinë / Priština,Prishtinë / Priština,HUMAN_OBSERVATION,,,Cory,dragolacerto,iNaturalist,Observations,122464648,50c9509d-22c7-4a22-a47d-8c48425ef4a7,CC_BY_NC_4_0,COORDINATE_ROUNDED;COUNTRY_DERIVED_FROM_COORDINATES;CONTINENT_DERIVED_FROM_COORDINATES;TAXON_ID_NOT_FOUND,Habitats,IV
4947508117,"Dinaromys bogdanovi (Martino, 1922)",Dinaromys bogdanovi,Balkan Snow Vole,Animalia,Chordata,Mammalia,Rodentia,Cricetidae,Dinaromys,SPECIES,2438502,2438502,VU,Vulnerable,,,,,42.673823,20.084679,7071,,,Pejë / Peć,Pejë / Peć,MATERIAL_SAMPLE,1,,Belgrade : Natural History Museum,,Belgrade : Natural History Museum,,,9d44512b-1bc3-47e9-b186-73b2aff9f38e,CC0_1_0,COORDINATE_ROUNDED;COUNTRY_INVALID;COUNTRY_DERIVED_FROM_COORDINATES;CONTINENT_DERIVED_FROM_COORDINATES;INSTITUTION_MATCH_NONE;TAXON_MATCH_FUZZY,Habitats,II; IV
4947508108,"Dinaromys bogdanovi (Martino, 1922)",Dinaromys bogdanovi,Balkan Snow Vole,Animalia,Chordata,Mammalia,Rodentia,Cricetidae,Dinaromys,SPECIES,2438502,2438502,VU,Vulnerable,,,,,42.584685,20.207853,7071,,,Deçan / Dečani,Gjakovë / Đakovica,MATERIAL_SAMPLE,1,,Belgrade : Natural History Museum,,Belgrade : Natural History Museum,,,9d44512b-1bc3-47e9-b186-73b2aff9f38e,CC0_1_0,COORDINATE_ROUNDED;COUNTRY_INVALID;COUNTRY_DERIVED_FROM_COORDINATES;CONTINENT_DERIVED_FROM_COORDINATES;INSTITUTION_MATCH_NONE;TAXON_MATCH_FUZZY,Habitats,II; IV
4947508105,"Dinaromys bogdanovi (Martino, 1922)",Dinaromys bogdanovi,Balkan Snow Vole,Animalia,Chordata,Mammalia,Rodentia,Cricetidae,Dinaromys,SPECIES,2438502,2438502,VU,Vulnerable,,,,,42.765563,20.327774,7071,,,Istog / Istok,Pejë / Peć,MATERIAL_SAMPLE,1,,Belgrade : Natural History Museum,,Belgrade : Natural History Museum,,,9d44512b-1bc3-47e9-b186-73b2aff9f38e,CC0_1_0,COORDINATE_ROUNDED;COUNTRY_INVALID;COUNTRY_DERIVED_FROM_COORDINATES;CONTINENT_DERIVED_FROM_COORDINATES;INSTITUTION_MATCH_NONE;TAXON_MATCH_FUZZY,Habitats,II; IV
4947508096,"Dinaromys bogdanovi (Martino, 1922)",Dinaromys bogdanovi,Balkan Snow Vole,Animalia,Chordata,Mammalia,Rodentia,Cricetidae,Dinaromys,SPECIES,2438502,2438502,VU,Vulnerable,,,,,42.136337,20.57648,7071,,,Prizreni / Prizren,Prizren,MATERIAL_SAMPLE,1,,Belgrade : Natural History Museum,,Belgrade : Natural History Museum,,,9d44512b-1bc3-47e9-b186-73b2aff9f38e,CC0_1_0,COORDINATE_ROUNDED;COUNTRY_INVALID;COUNTRY_DERIVED_FROM_COORDINATES;CONTINENT_DERIVED_FROM_COORDINATES;INSTITUTION_MATCH_NONE;TAXON_MATCH_FUZZY,Habitats,II; IV
4947508081,"Dinaromys bogdanovi (Martino, 1922)",Dinaromys bogdanovi,Balkan Snow Vole,Animalia,Chordata,Mammalia,Rodentia,Cricetidae,Dinaromys,SPECIES,2438502,2438502,VU,Vulnerable,,,,,42.137103,20.939496,7071,,,Prizreni / Prizren,Prizren,MATERIAL_SAMPLE,1,,Belgrade : Natural History Museum,,Belgrade : Natural History Museum,,,9d44512b-1bc3-47e9-b186-73b2aff9f38e,CC0_1_0,COORDINATE_ROUNDED;COUNTRY_INVALID;COUNTRY_DERIVED_FROM_COORDINATES;CONTINENT_DERIVED_FROM_COORDINATES;INSTITUTION_MATCH_NONE;TAXON_MATCH_FUZZY,Habitats,II; IV
4947508078,"Dinaromys bogdanovi (Martino, 1922)",Dinaromys bogdanovi,Balkan Snow Vole,Animalia,Chordata,Mammalia,Rodentia,Cricetidae,Dinaromys,SPECIES,2438502,2438502,VU,Vulnerable,,,,,42.227141,20.909051,7071,,,Shtërpcë / Štrpce,Ferizaj / Uroševac,MATERIAL_SAMPLE,1,,Belgrade : Natural History Museum,,Belgrade : Natural History Museum,,,9d44512b-1bc3-47e9-b186-73b2aff9f38e,CC0_1_0,COORDINATE_ROUNDED;COUNTRY_INVALID;COUNTRY_DERIVED_FROM_COORDINATES;CONTINENT_DERIVED_FROM_COORDINATES;INSTITUTION_MATCH_NONE;TAXON_MATCH_FUZZY,Habitats,II; IV
4946673716,"Canis familiaris Linnaeus, 1758",Canis lupus,Wolf,Animalia,Chordata,Mammalia,Carnivora,Canidae,Canis,SPECIES,5219200,5219173,LC,Least Concern,2024-09-10T10:25:28,2024,9,10,42.665813,21.165268,,,,Prishtinë / Priština,Prishtinë / Priština,HUMAN_OBSERVATION,,,Mauricio,Mauricio,iNaturalist,Observations,241344181,50c9509d-22c7-4a22-a47d-8c48425ef4a7,CC_BY_NC_4_0,COORDINATE_ROUNDED;COUNTRY_DERIVED_FROM_COORDINATES;CONTINENT_DERIVED_FROM_COORDINATES;TAXON_ID_NOT_FOUND,Habitats,II; IV; V
4946503911,"Rana graeca Boulenger, 1891",Rana graeca,Griechischer Frosch,Animalia,Chordata,Amphibia,Anura,Ranidae,Rana,SPECIES,2426795,2426795,LC,Least Concern,2023-10-19T15:10,2023,10,19,41.903185,20.64285,4,,,Dragash / Dragaš,Prizren,HUMAN_OBSERVATION,,,Szabolcs Márton,Szabolcs Márton,iNaturalist,Observations,214652835,50c9509d-22c7-4a22-a47d-8c48425ef4a7,CC_BY_NC_4_0,COORDINATE_ROUNDED;COUNTRY_DERIVED_FROM_COORDINATES;CONTINENT_DERIVED_FROM_COORDINATES;TAXON_ID_NOT_FOUND,Habitats,IV
4945842262,"Podarcis muralis (Laurenti, 1768)",Podarcis muralis,Common Wall Lizard,Animalia,Chordata,Squamata,,Lacertidae,Podarcis,SPECIES,2469188,2469188,LC,Least Concern,2024-08-31T13:43,2024,8,31,42.63806,21.259578,230,,,Prishtinë / Priština,Prishtinë / Priština,HUMAN_OBSERVATION,,,Alexandra Laking,Alexandra Laking,iNaturalist,Observations,240549568,50c9509d-22c7-4a22-a47d-8c48425ef4a7,CC0_1_0,COORDINATE_ROUNDED;COUNTRY_DERIVED_FROM_COORDINATES;CONTINENT_DERIVED_FROM_COORDINATES;TAXON_ID_NOT_FOUND,Habitats,IV
4945698133,"Rana graeca Boulenger, 1891",Rana graeca,Griechischer Frosch,Animalia,Chordata,Amphibia,Anura,Ranidae,Rana,SPECIES,2426795,2426795,LC,Least Concern,2023-08-31T10:04:36,2023,8,31,42.62212,21.358942,9,,,Prishtinë / Priština,Prishtinë / Priština,HUMAN_OBSERVATION,,,Jasper White,Szabolcs Márton,iNaturalist,Observations,181038411,50c9509d-22c7-4a22-a47d-8c48425ef4a7,CC_BY_NC_4_0,COORDINATE_ROUNDED;COUNTRY_DERIVED_FROM_COORDINATES;CONTINENT_DERIVED_FROM_COORDINATES;TAXON_ID_NOT_FOUND,Habitats,IV
4945488590,"Podarcis muralis (Laurenti, 1768)",Podarcis muralis,Common Wall Lizard,Animalia,Chordata,Squamata,,Lacertidae,Podarcis,SPECIES,2469188,2469188,LC,Least Concern,2022-08-26T14:25:18,2022,8,26,42.677675,21.205575,,,,Prishtinë / Priština,Prishtinë / Priština,HUMAN_OBSERVATION,,,Nart Barileva,Szabolcs Márton,iNaturalist,Observations,132782291,50c9509d-22c7-4a22-a47d-8c48425ef4a7,CC0_1_0,COUNTRY_DERIVED_FROM_COORDINATES;CONTINENT_DERIVED_FROM_COORDINATES;TAXON_ID_NOT_FOUND,Habitats,IV
4937081560,"Lacerta viridis (Laurenti, 1768)",Lacerta viridis,Smaragdeidechse,Animalia,Chordata,Squamata,,Lacertidae,Lacerta,SPECIES,6159273,6159273,LC,Least Concern,2022-05-24T15:55:16,2022,5,24,42.825322,20.962928,65,,,Vushtrri / Vucitrn,Mitrovicë / Kosovska Mitrovica,HUMAN_OBSERVATION,,,jora_rozi,nvolgyi,iNaturalist,Observations,133072067,50c9509d-22c7-4a22-a47d-8c48425ef4a7,CC_BY_NC_4_0,COORDINATE_ROUNDED;COUNTRY_DERIVED_FROM_COORDINATES;CONTINENT_DERIVED_FROM_COORDINATES;TAXON_ID_NOT_FOUND,Habitats,IV
4936966970,"Pelophylax ridibundus (Pallas, 1771)",Pelophylax ridibundus,Marsh Frog,Animalia,Chordata,Amphibia,Anura,Ranidae,Pelophylax,SPECIES,2426661,2426661,LC,Least Concern,2012-06-12T12:48,2012,6,12,42.358693,20.425648,50,,,Gjakova / Đakovica,Gjakovë / Đakovica,HUMAN_OBSERVATION,,,F. Bemmerlein-Lux,Szabolcs Márton,iNaturalist,Observations,195466529,50c9509d-22c7-4a22-a47d-8c48425ef4a7,CC_BY_4_0,COORDINATE_ROUNDED;COUNTRY_DERIVED_FROM_COORDINATES;CONTINENT_DERIVED_FROM_COORDINATES;TAXON_ID_NOT_FOUND,Habitats,V
4936952453,"Podarcis muralis (Laurenti, 1768)",Podarcis muralis,Common Wall Lizard,Animalia,Chordata,Squamata,,Lacertidae,Podarcis,SPECIES,2469188,2469188,LC,Least Concern,2018-06-01T13:07,2018,6,1,42.548495,20.27112,200,,,Deçan / Dečani,Gjakovë / Đakovica,HUMAN_OBSERVATION,,,thephoxinus,Szabolcs Márton,iNaturalist,Observations,80370854,50c9509d-22c7-4a22-a47d-8c48425ef4a7,CC_BY_NC_4_0,COORDINATE_ROUNDED;COUNTRY_DERIVED_FROM_COORDINATES;CONTINENT_DERIVED_FROM_COORDINATES;TAXON_ID_NOT_FOUND,Habitats,IV
4936722015,"Zamenis longissimus (Laurenti, 1768)",Zamenis longissimus,Aesculapian Snake,Animalia,Chordata,Squamata,,Colubridae,Zamenis,SPECIES,2458538,2458538,LC,Least Concern,2024-08-21T16:38,2024,8,21,42.185276,20.731401,136,,,Prizreni / Prizren,Prizren,HUMAN_OBSERVATION,,,Grayson Walker,Grayson Walker,iNaturalist,Observations,237606376,50c9509d-22c7-4a22-a47d-8c48425ef4a7,CC_BY_NC_4_0,COORDINATE_ROUNDED;COUNTRY_DERIVED_FROM_COORDINATES;CONTINENT_DERIVED_FROM_COORDINATES;TAXON_ID_NOT_FOUND,Habitats,IV
4936654252,"Vipera ammodytes (Linnaeus, 1758)",Vipera ammodytes,Nose-Horned Viper,Animalia,Chordata,Squamata,,Viperidae,Vipera,SPECIES,2444308,2444308,LC,Least Concern,2024-08-22T16:45:53,2024,8,22,42.667179,21.220055,21,,,Prishtinë / Priština,Prishtinë / Priština,HUMAN_OBSERVATION,,,R.Perçuku,R.Perçuku,iNaturalist,Observations,237327838,50c9509d-22c7-4a22-a47d-8c48425ef4a7,CC_BY_NC_4_0,COORDINATE_ROUNDED;COUNTRY_DERIVED_FROM_COORDINATES;CONTINENT_DERIVED_FROM_COORDINATES;TAXON_ID_NOT_FOUND,Habitats,IV
4934049881,"Rana graeca Boulenger, 1891",Rana graeca,Griechischer Frosch,Animalia,Chordata,Amphibia,Anura,Ranidae,Rana,SPECIES,2426795,2426795,LC,Least Concern,2016-07-15,2016,7,15,42.4,20.24,1000,,Gjacova,Gjakova / Đakovica,Gjakovë / Đakovica,HUMAN_OBSERVATION,2,,User 49877,,,,,8a863029-f435-446a-821e-275f4f641165,CC_BY_NC_4_0,,Habitats,IV
4932018537,"Parnassius apollo (Linnaeus, 1758)",Parnassius apollo,Apollo,Animalia,Arthropoda,Insecta,Lepidoptera,Papilionidae,Parnassius,SPECIES,1938810,1938810,LC,Least Concern,2024-07-23,2024,7,23,42.668525,20.090225,22,,Pec,Pejë / Peć,Pejë / Peć,HUMAN_OBSERVATION,1,,User 147976,,,,,8a863029-f435-446a-821e-275f4f641165,CC_BY_NC_4_0,,Habitats,IV
4931363518,"Euplagia quadripunctaria (Poda, 1761)",Euplagia quadripunctaria,Jersey Tiger,Animalia,Arthropoda,Insecta,Lepidoptera,Erebidae,Euplagia,SPECIES,4532532,4532532,NE,Not Evaluated,2024-07-06,2024,7,6,42.524278,20.579872,34,,Klina,Klinë / Klina,Pejë / Peć,HUMAN_OBSERVATION,1,,User 276833,,,,,8a863029-f435-446a-821e-275f4f641165,CC_BY_NC_4_0,,Habitats,II
4921770343,"Canis familiaris Linnaeus, 1758",Canis lupus,Wolf,Animalia,Chordata,Mammalia,Carnivora,Canidae,Canis,SPECIES,5219200,5219173,LC,Least Concern,2024-07-24T22:47:54,2024,7,24,42.212343,20.745545,3,,,Prizreni / Prizren,Prizren,HUMAN_OBSERVATION,,,Leo Fillingham,Leo Fillingham,iNaturalist,Observations,233331668,50c9509d-22c7-4a22-a47d-8c48425ef4a7,CC_BY_NC_4_0,COUNTRY_DERIVED_FROM_COORDINATES;CONTINENT_DERIVED_FROM_COORDINATES;TAXON_ID_NOT_FOUND,Habitats,II; IV; V
4921759689,"Canis familiaris Linnaeus, 1758",Canis lupus,Wolf,Animalia,Chordata,Mammalia,Carnivora,Canidae,Canis,SPECIES,5219200,5219173,LC,Least Concern,2024-07-28T11:51:45,2024,7,28,42.142378,21.302243,7,,,Kaçanik / Kačanik,Ferizaj / Uroševac,HUMAN_OBSERVATION,,,Leo Fillingham,Leo Fillingham,iNaturalist,Observations,232367398,50c9509d-22c7-4a22-a47d-8c48425ef4a7,CC_BY_NC_4_0,COUNTRY_DERIVED_FROM_COORDINATES;CONTINENT_DERIVED_FROM_COORDINATES;TAXON_ID_NOT_FOUND,Habitats,II; IV; V
4919691204,"Canis familiaris Linnaeus, 1758",Canis lupus,Wolf,Animalia,Chordata,Mammalia,Carnivora,Canidae,Canis,SPECIES,5219200,5219173,LC,Least Concern,2024-07-26T18:26:50,2024,7,26,42.661081,21.164113,37,,,Prishtinë / Priština,Prishtinë / Priština,HUMAN_OBSERVATION,,,Leo Fillingham,Leo Fillingham,iNaturalist,Observations,231985760,50c9509d-22c7-4a22-a47d-8c48425ef4a7,CC_BY_NC_4_0,COORDINATE_ROUNDED;COUNTRY_DERIVED_FROM_COORDINATES;CONTINENT_DERIVED_FROM_COORDINATES;TAXON_ID_NOT_FOUND,Habitats,II; IV; V
4919568908,"Canis familiaris Linnaeus, 1758",Canis lupus,Wolf,Animalia,Chordata,Mammalia,Carnivora,Canidae,Canis,SPECIES,5219200,5219173,LC,Least Concern,2024-07-28T06:54:04,2024,7,28,42.65473,21.154703,,,,Prishtinë / Priština,Prishtinë / Priština,HUMAN_OBSERVATION,,,Leo Fillingham,Leo Fillingham,iNaturalist,Observations,232366137,50c9509d-22c7-4a22-a47d-8c48425ef4a7,CC_BY_NC_4_0,COORDINATE_ROUNDED;COUNTRY_DERIVED_FROM_COORDINATES;CONTINENT_DERIVED_FROM_COORDINATES;TAXON_ID_NOT_FOUND,Habitats,II; IV; V
4919428111,"Canis familiaris Linnaeus, 1758",Canis lupus,Wolf,Animalia,Chordata,Mammalia,Carnivora,Canidae,Canis,SPECIES,5219200,5219173,LC,Least Concern,2024-07-25T19:22,2024,7,25,42.209269,20.741415,,,,Prizreni / Prizren,Prizren,HUMAN_OBSERVATION,,,Leo Fillingham,Leo Fillingham,iNaturalist,Observations,231811783,50c9509d-22c7-4a22-a47d-8c48425ef4a7,CC_BY_NC_4_0,COORDINATE_ROUNDED;COUNTRY_DERIVED_FROM_COORDINATES;CONTINENT_DERIVED_FROM_COORDINATES;TAXON_ID_NOT_FOUND,Habitats,II; IV; V
4919380407,"Parnassius apollo (Linnaeus, 1758)",Parnassius apollo,Apollo,Animalia,Arthropoda,Insecta,Lepidoptera,Papilionidae,Parnassius,SPECIES,1938810,1938810,LC,Least Concern,2024-07-28,2024,7,28,42.195127,20.903218,1256,,,Shtërpcë / Štrpce,Ferizaj / Uroševac,HUMAN_OBSERVATION,,,seansmith84,seansmith84,iNaturalist,Observations,232650647,50c9509d-22c7-4a22-a47d-8c48425ef4a7,CC_BY_NC_4_0,COORDINATE_ROUNDED;COUNTRY_DERIVED_FROM_COORDINATES;CONTINENT_DERIVED_FROM_COORDINATES;TAXON_ID_NOT_FOUND,Habitats,IV
4919376860,"Canis familiaris Linnaeus, 1758",Canis lupus,Wolf,Animalia,Chordata,Mammalia,Carnivora,Canidae,Canis,SPECIES,5219200,5219173,LC,Least Concern,2024-07-26T20:59:09,2024,7,26,42.657196,21.160595,,,,Prishtinë / Priština,Prishtinë / Priština,HUMAN_OBSERVATION,,,Leo Fillingham,Leo Fillingham,iNaturalist,Observations,232069627,50c9509d-22c7-4a22-a47d-8c48425ef4a7,CC_BY_NC_4_0,COORDINATE_ROUNDED;COUNTRY_DERIVED_FROM_COORDINATES;CONTINENT_DERIVED_FROM_COORDINATES;TAXON_ID_NOT_FOUND,Habitats,II; IV; V
4919358517,"Canis familiaris Linnaeus, 1758",Canis lupus,Wolf,Animalia,Chordata,Mammalia,Carnivora,Canidae,Canis,SPECIES,5219200,5219173,LC,Least Concern,2024-07-28T07:06:29,2024,7,28,42.650294,21.147208,,,,Prishtinë / Priština,Prishtinë / Priština,HUMAN_OBSERVATION,,,Leo Fillingham,Leo Fillingham,iNaturalist,Observations,232205173,50c9509d-22c7-4a22-a47d-8c48425ef4a7,CC_BY_NC_4_0,COORDINATE_ROUNDED;COUNTRY_DERIVED_FROM_COORDINATES;CONTINENT_DERIVED_FROM_COORDINATES;TAXON_ID_NOT_FOUND,Habitats,II; IV; V
4919334256,"Canis familiaris Linnaeus, 1758",Canis lupus,Wolf,Animalia,Chordata,Mammalia,Carnivora,Canidae,Canis,SPECIES,5219200,5219173,LC,Least Concern,2024-07-26T13:35:21,2024,7,26,42.652275,21.148785,,,,Prishtinë / Priština,Prishtinë / Priština,HUMAN_OBSERVATION,,,Leo Fillingham,Leo Fillingham,iNaturalist,Observations,231811133,50c9509d-22c7-4a22-a47d-8c48425ef4a7,CC_BY_NC_4_0,COORDINATE_ROUNDED;COUNTRY_DERIVED_FROM_COORDINATES;CONTINENT_DERIVED_FROM_COORDINATES;TAXON_ID_NOT_FOUND,Habitats,II; IV; V
4919295857,"Canis familiaris Linnaeus, 1758",Canis lupus,Wolf,Animalia,Chordata,Mammalia,Carnivora,Canidae,Canis,SPECIES,5219200,5219173,LC,Least Concern,2024-07-27T21:26:27,2024,7,27,42.665528,21.160522,,,,Prishtinë / Priština,Prishtinë / Priština,HUMAN_OBSERVATION,,,Leo Fillingham,Leo Fillingham,iNaturalist,Observations,232366229,50c9509d-22c7-4a22-a47d-8c48425ef4a7,CC_BY_NC_4_0,COORDINATE_ROUNDED;COUNTRY_DERIVED_FROM_COORDINATES;CONTINENT_DERIVED_FROM_COORDINATES;TAXON_ID_NOT_FOUND,Habitats,II; IV; V
4919143484,"Canis familiaris Linnaeus, 1758",Canis lupus,Wolf,Animalia,Chordata,Mammalia,Carnivora,Canidae,Canis,SPECIES,5219200,5219173,LC,Least Concern,2024-07-26T17:50:33,2024,7,26,42.659016,21.160733,,,,Prishtinë / Priština,Prishtinë / Priština,HUMAN_OBSERVATION,,,Leo Fillingham,Leo Fillingham,iNaturalist,Observations,231985771,50c9509d-22c7-4a22-a47d-8c48425ef4a7,CC_BY_NC_4_0,COORDINATE_ROUNDED;COUNTRY_DERIVED_FROM_COORDINATES;CONTINENT_DERIVED_FROM_COORDINATES;TAXON_ID_NOT_FOUND,Habitats,II; IV; V
4903843585,Anacamptis pyramidalis (L.) Rich.,Anacamptis pyramidalis,Orchis Pyramidal,Plantae,Tracheophyta,Liliopsida,Asparagales,Orchidaceae,Anacamptis,SPECIES,2808330,2808330,NE,Not Evaluated,2021-05-12T02:40:56,2021,5,12,42.628562,21.253496,1098,,,Prishtinë / Priština,Prishtinë / Priština,HUMAN_OBSERVATION,,,Sarah and Chad Smiley,Sarah and Chad Smiley,iNaturalist,Observations,225444367,50c9509d-22c7-4a22-a47d-8c48425ef4a7,CC_BY_NC_4_0,COORDINATE_ROUNDED;COUNTRY_DERIVED_FROM_COORDINATES;CONTINENT_DERIVED_FROM_COORDINATES;TAXON_ID_NOT_FOUND,Habitats,II
4903738703,"Testudo hermanni boettgeri Mojsisovics, 1889",Testudo hermanni,Hermann's Tortoise,Animalia,Chordata,Testudines,,Testudinidae,Testudo,SUBSPECIES,6156781,2441454,VU,Vulnerable,2023-09-08T20:35:31,2023,9,8,42.713099,21.322498,27599,,,Prishtinë / Priština,Prishtinë / Priština,HUMAN_OBSERVATION,,,Sarah and Chad Smiley,Carole Bloom,iNaturalist,Observations,225451302,50c9509d-22c7-4a22-a47d-8c48425ef4a7,CC_BY_NC_4_0,COORDINATE_ROUNDED;COUNTRY_DERIVED_FROM_COORDINATES;CONTINENT_DERIVED_FROM_COORDINATES;TAXON_ID_NOT_FOUND,Habitats,II; IV
4901851456,"Rana graeca Boulenger, 1891",Rana graeca,Griechischer Frosch,Animalia,Chordata,Amphibia,Anura,Ranidae,Rana,SPECIES,2426795,2426795,LC,Least Concern,2018-08-26T13:13,2018,8,26,42.738258,21.31707,122,,,Prishtinë / Priština,Prishtinë / Priština,HUMAN_OBSERVATION,,,Albert Krasniqi,egzon,iNaturalist,Observations,15927451,50c9509d-22c7-4a22-a47d-8c48425ef4a7,CC_BY_NC_4_0,COORDINATE_ROUNDED;COUNTRY_DERIVED_FROM_COORDINATES;CONTINENT_DERIVED_FROM_COORDINATES;TAXON_ID_NOT_FOUND,Habitats,IV
4901808631,"Rana graeca Boulenger, 1891",Rana graeca,Griechischer Frosch,Animalia,Chordata,Amphibia,Anura,Ranidae,Rana,SPECIES,2426795,2426795,LC,Least Concern,2023-08-31T10:24:16,2023,8,31,42.62225,21.358708,4,,,Prishtinë / Priština,Prishtinë / Priština,HUMAN_OBSERVATION,,,Jasper White,Rák Gergő,iNaturalist,Observations,181038394,50c9509d-22c7-4a22-a47d-8c48425ef4a7,CC_BY_NC_4_0,COORDINATE_ROUNDED;COUNTRY_DERIVED_FROM_COORDINATES;CONTINENT_DERIVED_FROM_COORDINATES;TAXON_ID_NOT_FOUND,Habitats,IV
4901291997,"Rana graeca Boulenger, 1891",Rana graeca,Griechischer Frosch,Animalia,Chordata,Amphibia,Anura,Ranidae,Rana,SPECIES,2426795,2426795,LC,Least Concern,2022-08-08T15:58:20,2022,8,8,42.661019,20.269221,,,,Pejë / Peć,Pejë / Peć,HUMAN_OBSERVATION,,,Octávio Mateus,Szabolcs Márton,iNaturalist,Observations,130885798,50c9509d-22c7-4a22-a47d-8c48425ef4a7,CC_BY_NC_4_0,COUNTRY_DERIVED_FROM_COORDINATES;CONTINENT_DERIVED_FROM_COORDINATES;TAXON_ID_NOT_FOUND,Habitats,IV
4900844442,"Podarcis muralis (Laurenti, 1768)",Podarcis muralis,Common Wall Lizard,Animalia,Chordata,Squamata,,Lacertidae,Podarcis,SPECIES,2469188,2469188,LC,Least Concern,2021-02-21T12:01,2021,2,21,42.69569,20.076069,122,,,Pejë / Peć,Pejë / Peć,HUMAN_OBSERVATION,,,Arian,Siegfried Troidl,iNaturalist,Observations,69993666,50c9509d-22c7-4a22-a47d-8c48425ef4a7,CC_BY_NC_4_0,COORDINATE_ROUNDED;COUNTRY_DERIVED_FROM_COORDINATES;CONTINENT_DERIVED_FROM_COORDINATES;TAXON_ID_NOT_FOUND,Habitats,IV
4892236775,"Vipera ammodytes (Linnaeus, 1758)",Vipera ammodytes,Nose-Horned Viper,Animalia,Chordata,Squamata,,Viperidae,Vipera,SPECIES,2444308,2444308,LC,Least Concern,2024-06-04T11:11,2024,6,4,42.76071,20.575902,194,,,Istog / Istok,Pejë / Peć,HUMAN_OBSERVATION,,,tiwi,tiwi,iNaturalist,Observations,222031325,50c9509d-22c7-4a22-a47d-8c48425ef4a7,CC_BY_NC_4_0,COUNTRY_DERIVED_FROM_COORDINATES;CONTINENT_DERIVED_FROM_COORDINATES;TAXON_ID_NOT_FOUND,Habitats,IV
4892028007,"Testudo hermanni Gmelin, 1789",Testudo hermanni,Hermann's Tortoise,Animalia,Chordata,Testudines,,Testudinidae,Testudo,SPECIES,2441454,2441454,VU,Vulnerable,2024-06-05T10:14,2024,6,5,42.217897,21.324505,27661,,,Kaçanik / Kačanik,Ferizaj / Uroševac,HUMAN_OBSERVATION,,,tiwi,tiwi,iNaturalist,Observations,221798002,50c9509d-22c7-4a22-a47d-8c48425ef4a7,CC_BY_NC_4_0,COORDINATE_ROUNDED;COUNTRY_DERIVED_FROM_COORDINATES;CONTINENT_DERIVED_FROM_COORDINATES;TAXON_ID_NOT_FOUND,Habitats,II; IV
4891814158,"Rana temporaria Linnaeus, 1758",Rana temporaria,Common Frog,Animalia,Chordata,Amphibia,Anura,Ranidae,Rana,SPECIES,2426805,2426805,LC,Least Concern,2024-05-20T10:58,2024,5,20,42.149444,20.961667,,,,Prizreni / Prizren,Prizren,HUMAN_OBSERVATION,,,Bastien Alegot,Alexey Katz,iNaturalist,Observations,221055387,50c9509d-22c7-4a22-a47d-8c48425ef4a7,CC0_1_0,COORDINATE_ROUNDED;COUNTRY_DERIVED_FROM_COORDINATES;CONTINENT_DERIVED_FROM_COORDINATES;TAXON_ID_NOT_FOUND,Habitats,V
4889949775,"Ablepharus kitaibelii Bibron & Bory St-Vincent, 1833",Ablepharus kitaibelii,Snake-Eyed Skink,Animalia,Chordata,Squamata,,Scincidae,Ablepharus,SPECIES,8120403,8120403,LC,Least Concern,2024-05-07,2024,5,7,42.544731,21.509798,3,,Kosovska Kamenica,Kamenicë / Kosovska Kamenica,Gjilan / Gnjilane,HUMAN_OBSERVATION,1,,User 834695,,,,,8a863029-f435-446a-821e-275f4f641165,CC_BY_NC_4_0,,Habitats,IV
4882126297,"Ablepharus kitaibelii Bibron & Bory St-Vincent, 1833",Ablepharus kitaibelii,Snake-Eyed Skink,Animalia,Chordata,Squamata,,Scincidae,Ablepharus,SPECIES,8120403,8120403,LC,Least Concern,2024-04-20,2024,4,20,42.551426,21.509146,4,,Kosovska Kamenica,Kamenicë / Kosovska Kamenica,Gjilan / Gnjilane,HUMAN_OBSERVATION,1,,User 834695,,,,,8a863029-f435-446a-821e-275f4f641165,CC_BY_NC_4_0,,Habitats,IV
4878304456,"Rupicapra rupicapra balcanica Bolkay, 1925",Rupicapra rupicapra,Chamois,Animalia,Chordata,Mammalia,Artiodactyla,Bovidae,Rupicapra,SUBSPECIES,5706429,5220170,LC,Least Concern,2022-06-14,2022,6,14,42.68569,20.05385,30,,,Pejë / Peć,Pejë / Peć,MACHINE_OBSERVATION,,,Stefan Ralević,,Wildlife Montenegro,,RTR2TTw5amNzM1R1SHFYU2R6Slo,d8a37dba-3d99-4634-ab4f-7b8d010c1a6a,CC0_1_0,COUNTRY_DERIVED_FROM_COORDINATES;CONTINENT_DERIVED_FROM_COORDINATES,Habitats,V
4878304441,"Ursus arctos Linnaeus, 1758",Ursus arctos,Brown Bear,Animalia,Chordata,Mammalia,Carnivora,Ursidae,Ursus,SPECIES,2433433,2433433,LC,Least Concern,2022-12-29,2022,12,29,42.68569,20.05385,30,,,Pejë / Peć,Pejë / Peć,MACHINE_OBSERVATION,,,Stefan Ralević,,Wildlife Montenegro,,LWM1Q0QhVHJlRmVzb3MtKldSXUM,d8a37dba-3d99-4634-ab4f-7b8d010c1a6a,CC0_1_0,COUNTRY_DERIVED_FROM_COORDINATES;CONTINENT_DERIVED_FROM_COORDINATES,Habitats,II; IV
4878304440,"Martes martes (Linnaeus, 1758)",Martes martes,European Pine Marten,Animalia,Chordata,Mammalia,Carnivora,Mustelidae,Martes,SPECIES,5218878,5218878,LC,Least Concern,2022-12-14,2022,12,14,42.68569,20.05385,30,,,Pejë / Peć,Pejë / Peć,MACHINE_OBSERVATION,,,Stefan Ralević,,Wildlife Montenegro,,RTcpaUNiOVlhbFg6YmRucDg0NXk,d8a37dba-3d99-4634-ab4f-7b8d010c1a6a,CC0_1_0,COUNTRY_DERIVED_FROM_COORDINATES;CONTINENT_DERIVED_FROM_COORDINATES,Habitats,V
4878304439,"Felis silvestris Schreber, 1777",Felis silvestris,Wildcat,Animalia,Chordata,Mammalia,Carnivora,Felidae,Felis,SPECIES,7964291,7964291,LC,Least Concern,2022-10-19,2022,10,19,42.68569,20.05385,30,,,Pejë / Peć,Pejë / Peć,MACHINE_OBSERVATION,,,Stefan Ralević,,Wildlife Montenegro,,UiV5a0tMNShIVCs7WCpEaEgjRj4,d8a37dba-3d99-4634-ab4f-7b8d010c1a6a,CC0_1_0,COUNTRY_DERIVED_FROM_COORDINATES;CONTINENT_DERIVED_FROM_COORDINATES,Habitats,IV
4875247410,Dactylorhiza cordigera (Fr.) Soó,Dactylorhiza majalis,Orchide a Foglie Larghe,Plantae,Tracheophyta,Liliopsida,Asparagales,Orchidaceae,Dactylorhiza,SPECIES,2810926,2810155,NE,Not Evaluated,2024-05-31T13:37:15,2024,5,31,42.168492,20.955497,4,,,Prizreni / Prizren,Prizren,HUMAN_OBSERVATION,,,Natural Locasian,L D2,iNaturalist,Observations,219519071,50c9509d-22c7-4a22-a47d-8c48425ef4a7,CC_BY_NC_4_0,COORDINATE_ROUNDED;COUNTRY_DERIVED_FROM_COORDINATES;CONTINENT_DERIVED_FROM_COORDINATES;TAXON_ID_NOT_FOUND,Habitats,II
4863365329,"Ursus arctos Linnaeus, 1758",Ursus arctos,Brown Bear,Animalia,Chordata,Mammalia,Carnivora,Ursidae,Ursus,SPECIES,2433433,2433433,LC,Least Concern,2023-10-18T14:26,2023,10,18,42.202488,21.007901,31,,,Shtërpcë / Štrpce,Ferizaj / Uroševac,HUMAN_OBSERVATION,,,Szabolcs Márton,Szabolcs Márton,iNaturalist,Observations,214652822,50c9509d-22c7-4a22-a47d-8c48425ef4a7,CC_BY_NC_4_0,COORDINATE_ROUNDED;COUNTRY_DERIVED_FROM_COORDINATES;CONTINENT_DERIVED_FROM_COORDINATES;TAXON_ID_NOT_FOUND,Habitats,II; IV
4852817990,"Pelophylax ridibundus (Pallas, 1771)",Pelophylax ridibundus,Marsh Frog,Animalia,Chordata,Amphibia,Anura,Ranidae,Pelophylax,SPECIES,2426661,2426661,LC,Least Concern,2019-09-03T10:59:51,2019,9,3,42.167202,20.56937,,,,Prizreni / Prizren,Prizren,HUMAN_OBSERVATION,,,Liridon Shala,Aleksandar Simovic,iNaturalist,Observations,32093417,50c9509d-22c7-4a22-a47d-8c48425ef4a7,CC_BY_NC_4_0,COORDINATE_ROUNDED;COUNTRY_DERIVED_FROM_COORDINATES;CONTINENT_DERIVED_FROM_COORDINATES;TAXON_ID_NOT_FOUND,Habitats,V
4846785956,"Podarcis muralis (Laurenti, 1768)",Podarcis muralis,Common Wall Lizard,Animalia,Chordata,Squamata,,Lacertidae,Podarcis,SPECIES,2469188,2469188,LC,Least Concern,2012-06-16T10:55,2012,6,16,42.354667,20.428833,50,,,Gjakova / Đakovica,Gjakovë / Đakovica,HUMAN_OBSERVATION,,,F. Bemmerlein-Lux,dragolacerto,iNaturalist,Observations,175721254,50c9509d-22c7-4a22-a47d-8c48425ef4a7,CC_BY_4_0,COORDINATE_ROUNDED;COUNTRY_DERIVED_FROM_COORDINATES;CONTINENT_DERIVED_FROM_COORDINATES;TAXON_ID_NOT_FOUND,Habitats,IV
4606727503,Galanthus nivalis L.,Galanthus nivalis,Snowdrop,Plantae,Tracheophyta,Liliopsida,Asparagales,Amaryllidaceae,Galanthus,SPECIES,2855356,2855356,NT,Near Threatened,2024-03-27T11:44:51,2024,3,27,42.581537,20.153804,4,,,Deçan / Dečani,Gjakovë / Đakovica,HUMAN_OBSERVATION,,,Thomas Ellmauer,Thomas Ellmauer,iNaturalist,Observations,204133285,50c9509d-22c7-4a22-a47d-8c48425ef4a7,CC0_1_0,COORDINATE_ROUNDED;COUNTRY_DERIVED_FROM_COORDINATES;CONTINENT_DERIVED_FROM_COORDINATES;TAXON_ID_NOT_FOUND,Habitats,V
4516732409,"Podarcis muralis (Laurenti, 1768)",Podarcis muralis,Common Wall Lizard,Animalia,Chordata,Squamata,,Lacertidae,Podarcis,SPECIES,2469188,2469188,LC,Least Concern,2023-10-08T13:49:33,2023,10,8,42.278803,21.153636,215,,,Kaçanik / Kačanik,Ferizaj / Uroševac,HUMAN_OBSERVATION,,,annahd,annahd,iNaturalist,Observations,186750814,50c9509d-22c7-4a22-a47d-8c48425ef4a7,CC_BY_NC_4_0,COORDINATE_ROUNDED;COUNTRY_DERIVED_FROM_COORDINATES;CONTINENT_DERIVED_FROM_COORDINATES;TAXON_ID_NOT_FOUND,Habitats,IV
4510081495,"Podarcis muralis (Laurenti, 1768)",Podarcis muralis,Common Wall Lizard,Animalia,Chordata,Squamata,,Lacertidae,Podarcis,SPECIES,2469188,2469188,LC,Least Concern,2012-06-01T07:48,2012,6,1,42.151475,20.883945,50,,,Prizreni / Prizren,Prizren,HUMAN_OBSERVATION,,,F. Bemmerlein-Lux,F. Bemmerlein-Lux,iNaturalist,Observations,195452995,50c9509d-22c7-4a22-a47d-8c48425ef4a7,CC_BY_4_0,COORDINATE_ROUNDED;COUNTRY_DERIVED_FROM_COORDINATES;CONTINENT_DERIVED_FROM_COORDINATES;TAXON_ID_NOT_FOUND,Habitats,IV
4507973065,"Testudo hermanni Gmelin, 1789",Testudo hermanni,Hermann's Tortoise,Animalia,Chordata,Testudines,,Testudinidae,Testudo,SPECIES,2441454,2441454,VU,Vulnerable,2012-06-16T12:29,2012,6,16,42.257776,20.48353,27661,,,Prizreni / Prizren,Prizren,HUMAN_OBSERVATION,,,F. Bemmerlein-Lux,F. Bemmerlein-Lux,iNaturalist,Observations,195466523,50c9509d-22c7-4a22-a47d-8c48425ef4a7,CC_BY_4_0,COORDINATE_ROUNDED;COUNTRY_DERIVED_FROM_COORDINATES;CONTINENT_DERIVED_FROM_COORDINATES;TAXON_ID_NOT_FOUND,Habitats,II; IV
4461288885,"Lacerta agilis Linnaeus, 1758",Lacerta agilis,Sand Lizard,Animalia,Chordata,Squamata,,Lacertidae,Lacerta,SPECIES,6159223,6159223,LC,Least Concern,2023-07-14,2023,7,14,42.613509,20.093623,,,Decani,Deçan / Dečani,Gjakovë / Đakovica,HUMAN_OBSERVATION,1,,User 870528,,,,,8a863029-f435-446a-821e-275f4f641165,CC_BY_NC_4_0,,Habitats,IV
4451688995,BOLD:AAJ9249,Astacus astacus,Noble Crayfish,Animalia,Arthropoda,Malacostraca,Decapoda,Astacidae,Astacus,UNRANKED,10002316,2226998,VU,Vulnerable,2014-06-01,2014,6,1,42.942,20.648,,,"Gazivode Lake, Kosovska Mitrovica",Zubin Potoku / Zubin Potok,Mitrovicë / Kosovska Mitrovica,MATERIAL_SAMPLE,,,Simona Kovacevic Duretanovic,Simona Kovacevic Duretanovic,"University of Zagreb, Faculty of Science, Dept of Biology, Div of Zoology",,JGRZ03,040c5662-da76-4782-a48e-cdea1892d14c,CC_BY_4_0,GEODETIC_DATUM_ASSUMED_WGS84;COORDINATE_PRECISION_INVALID;CONTINENT_DERIVED_FROM_COORDINATES;INSTITUTION_MATCH_NONE;TAXON_ID_NOT_FOUND;TAXON_CONCEPT_ID_NOT_FOUND,Habitats,V
4451602347,BOLD:AAJ9249,Astacus astacus,Noble Crayfish,Animalia,Arthropoda,Malacostraca,Decapoda,Astacidae,Astacus,UNRANKED,10002316,2226998,VU,Vulnerable,2009-06-01,2009,6,1,42.37,21.148,,,Unnamed stream Ferizaj (Urosevac),Ferizaj / Uroševac,Ferizaj / Uroševac,MATERIAL_SAMPLE,,,Ivana Maguire,Ivana Maguire,"University of Zagreb, Faculty of Science, Dept of Biology, Div of Zoology",,AA59_FARIZEJ,040c5662-da76-4782-a48e-cdea1892d14c,CC_BY_4_0,GEODETIC_DATUM_ASSUMED_WGS84;COORDINATE_PRECISION_INVALID;CONTINENT_DERIVED_FROM_COORDINATES;INSTITUTION_MATCH_NONE;TAXON_CONCEPT_ID_NOT_FOUND;TAXON_ID_NOT_FOUND,Habitats,V
4451581125,BOLD:AAJ9249,Astacus astacus,Noble Crayfish,Animalia,Arthropoda,Malacostraca,Decapoda,Astacidae,Astacus,UNRANKED,10002316,2226998,VU,Vulnerable,2014-06-01,2014,6,1,42.942,20.648,,,"Gazivode Lake, Kosovska Mitrovica",Zubin Potoku / Zubin Potok,Mitrovicë / Kosovska Mitrovica,MATERIAL_SAMPLE,,,Simona Kovacevic Duretanovic,Simona Kovacevic Duretanovic,"University of Zagreb, Faculty of Science, Dept of Biology, Div of Zoology",,JGRZ11,040c5662-da76-4782-a48e-cdea1892d14c,CC_BY_4_0,GEODETIC_DATUM_ASSUMED_WGS84;COORDINATE_PRECISION_INVALID;CONTINENT_DERIVED_FROM_COORDINATES;INSTITUTION_MATCH_NONE;TAXON_ID_NOT_FOUND;TAXON_CONCEPT_ID_NOT_FOUND,Habitats,V
4451504045,BOLD:AAJ9249,Astacus astacus,Noble Crayfish,Animalia,Arthropoda,Malacostraca,Decapoda,Astacidae,Astacus,UNRANKED,10002316,2226998,VU,Vulnerable,2014-06-01,2014,6,1,42.942,20.648,,,"Gazivode Lake, Kosovska Mitrovica",Zubin Potoku / Zubin Potok,Mitrovicë / Kosovska Mitrovica,MATERIAL_SAMPLE,,,Simona Kovacevic Duretanovic,Simona Kovacevic Duretanovic,"University of Zagreb, Faculty of Science, Dept of Biology, Div of Zoology",,JGRZ06,040c5662-da76-4782-a48e-cdea1892d14c,CC_BY_4_0,GEODETIC_DATUM_ASSUMED_WGS84;COORDINATE_PRECISION_INVALID;CONTINENT_DERIVED_FROM_COORDINATES;INSTITUTION_MATCH_NONE;TAXON_CONCEPT_ID_NOT_FOUND;TAXON_ID_NOT_FOUND,Habitats,V
4446936980,BOLD:AAJ9249,Astacus astacus,Noble Crayfish,Animalia,Arthropoda,Malacostraca,Decapoda,Astacidae,Astacus,UNRANKED,10002316,2226998,VU,Vulnerable,2014-06-01,2014,6,1,42.942,20.648,,,"Gazivode Lake, Kosovska Mitrovica",Zubin Potoku / Zubin Potok,Mitrovicë / Kosovska Mitrovica,MATERIAL_SAMPLE,,,Simona Kovacevic Duretanovic,Simona Kovacevic Duretanovic,"University of Zagreb, Faculty of Science, Dept of Biology, Div of Zoology",,JGRZ02,040c5662-da76-4782-a48e-cdea1892d14c,CC_BY_4_0,GEODETIC_DATUM_ASSUMED_WGS84;COORDINATE_PRECISION_INVALID;CONTINENT_DERIVED_FROM_COORDINATES;INSTITUTION_MATCH_NONE;TAXON_ID_NOT_FOUND;TAXON_CONCEPT_ID_NOT_FOUND,Habitats,V
4446922944,BOLD:AAJ9249,Astacus astacus,Noble Crayfish,Animalia,Arthropoda,Malacostraca,Decapoda,Astacidae,Astacus,UNRANKED,10002316,2226998,VU,Vulnerable,2014-06-01,2014,6,1,42.942,20.648,,,"Gazivode Lake, Kosovska Mitrovica",Zubin Potoku / Zubin Potok,Mitrovicë / Kosovska Mitrovica,MATERIAL_SAMPLE,,,Simona Kovacevic Duretanovic,Simona Kovacevic Duretanovic,"University of Zagreb, Faculty of Science, Dept of Biology, Div of Zoology",,JGRZ09,040c5662-da76-4782-a48e-cdea1892d14c,CC_BY_4_0,GEODETIC_DATUM_ASSUMED_WGS84;COORDINATE_PRECISION_INVALID;CONTINENT_DERIVED_FROM_COORDINATES;INSTITUTION_MATCH_NONE;TAXON_CONCEPT_ID_NOT_FOUND;TAXON_ID_NOT_FOUND,Habitats,V
4446903026,BOLD:AAJ9249,Astacus astacus,Noble Crayfish,Animalia,Arthropoda,Malacostraca,Decapoda,Astacidae,Astacus,UNRANKED,10002316,2226998,VU,Vulnerable,2014-06-01,2014,6,1,42.942,20.648,,,"Gazivode Lake, Kosovska Mitrovica",Zubin Potoku / Zubin Potok,Mitrovicë / Kosovska Mitrovica,MATERIAL_SAMPLE,,,Simona Kovacevic Duretanovic,Simona Kovacevic Duretanovic,"University of Zagreb, Faculty of Science, Dept of Biology, Div of Zoology",,JGRZ05,040c5662-da76-4782-a48e-cdea1892d14c,CC_BY_4_0,GEODETIC_DATUM_ASSUMED_WGS84;COORDINATE_PRECISION_INVALID;CONTINENT_DERIVED_FROM_COORDINATES;INSTITUTION_MATCH_NONE;TAXON_ID_NOT_FOUND;TAXON_CONCEPT_ID_NOT_FOUND,Habitats,V
4446886522,BOLD:AAJ9249,Astacus astacus,Noble Crayfish,Animalia,Arthropoda,Malacostraca,Decapoda,Astacidae,Astacus,UNRANKED,10002316,2226998,VU,Vulnerable,2014-06-01,2014,6,1,42.942,20.648,,,"Gazivode Lake, Kosovska Mitrovica",Zubin Potoku / Zubin Potok,Mitrovicë / Kosovska Mitrovica,MATERIAL_SAMPLE,,,Simona Kovacevic Duretanovic,Simona Kovacevic Duretanovic,"University of Zagreb, Faculty of Science, Dept of Biology, Div of Zoology",,JGRZ10,040c5662-da76-4782-a48e-cdea1892d14c,CC_BY_4_0,GEODETIC_DATUM_ASSUMED_WGS84;COORDINATE_PRECISION_INVALID;CONTINENT_DERIVED_FROM_COORDINATES;INSTITUTION_MATCH_NONE;TAXON_ID_NOT_FOUND;TAXON_CONCEPT_ID_NOT_FOUND,Habitats,V
4446863020,BOLD:AAJ9249,Astacus astacus,Noble Crayfish,Animalia,Arthropoda,Malacostraca,Decapoda,Astacidae,Astacus,UNRANKED,10002316,2226998,VU,Vulnerable,2014-06-01,2014,6,1,42.942,20.648,,,"Gazivode Lake, Kosovska Mitrovica",Zubin Potoku / Zubin Potok,Mitrovicë / Kosovska Mitrovica,MATERIAL_SAMPLE,,,Simona Kovacevic Duretanovic,Simona Kovacevic Duretanovic,"University of Zagreb, Faculty of Science, Dept of Biology, Div of Zoology",,JGRZ12,040c5662-da76-4782-a48e-cdea1892d14c,CC_BY_4_0,GEODETIC_DATUM_ASSUMED_WGS84;COORDINATE_PRECISION_INVALID;CONTINENT_DERIVED_FROM_COORDINATES;INSTITUTION_MATCH_NONE;TAXON_ID_NOT_FOUND;TAXON_CONCEPT_ID_NOT_FOUND,Habitats,V
4446850963,BOLD:AAJ9249,Astacus astacus,Noble Crayfish,Animalia,Arthropoda,Malacostraca,Decapoda,Astacidae,Astacus,UNRANKED,10002316,2226998,VU,Vulnerable,2014-06-01,2014,6,1,42.942,20.648,,,"Gazivode Lake, Kosovska Mitrovica",Zubin Potoku / Zubin Potok,Mitrovicë / Kosovska Mitrovica,MATERIAL_SAMPLE,,,Simona Kovacevic Duretanovic,Simona Kovacevic Duretanovic,"University of Zagreb, Faculty of Science, Dept of Biology, Div of Zoology",,JGRZ04,040c5662-da76-4782-a48e-cdea1892d14c,CC_BY_4_0,GEODETIC_DATUM_ASSUMED_WGS84;COORDINATE_PRECISION_INVALID;CONTINENT_DERIVED_FROM_COORDINATES;INSTITUTION_MATCH_NONE;TAXON_CONCEPT_ID_NOT_FOUND;TAXON_ID_NOT_FOUND,Habitats,V
4446835080,BOLD:AAJ9249,Astacus astacus,Noble Crayfish,Animalia,Arthropoda,Malacostraca,Decapoda,Astacidae,Astacus,UNRANKED,10002316,2226998,VU,Vulnerable,2014-06-01,2014,6,1,42.942,20.648,,,"Gazivode Lake, Kosovska Mitrovica",Zubin Potoku / Zubin Potok,Mitrovicë / Kosovska Mitrovica,MATERIAL_SAMPLE,,,Simona Kovacevic Duretanovic,Simona Kovacevic Duretanovic,"University of Zagreb, Faculty of Science, Dept of Biology, Div of Zoology",,JGRZ07,040c5662-da76-4782-a48e-cdea1892d14c,CC_BY_4_0,GEODETIC_DATUM_ASSUMED_WGS84;COORDINATE_PRECISION_INVALID;CONTINENT_DERIVED_FROM_COORDINATES;INSTITUTION_MATCH_NONE;TAXON_CONCEPT_ID_NOT_FOUND;TAXON_ID_NOT_FOUND,Habitats,V
4446829512,BOLD:AAJ9249,Astacus astacus,Noble Crayfish,Animalia,Arthropoda,Malacostraca,Decapoda,Astacidae,Astacus,UNRANKED,10002316,2226998,VU,Vulnerable,2014-06-01,2014,6,1,42.942,20.648,,,"Gazivode Lake, Kosovska Mitrovica",Zubin Potoku / Zubin Potok,Mitrovicë / Kosovska Mitrovica,MATERIAL_SAMPLE,,,Simona Kovacevic Duretanovic,Simona Kovacevic Duretanovic,"University of Zagreb, Faculty of Science, Dept of Biology, Div of Zoology",,JGRZ08,040c5662-da76-4782-a48e-cdea1892d14c,CC_BY_4_0,GEODETIC_DATUM_ASSUMED_WGS84;COORDINATE_PRECISION_INVALID;CONTINENT_DERIVED_FROM_COORDINATES;INSTITUTION_MATCH_NONE;TAXON_ID_NOT_FOUND;TAXON_CONCEPT_ID_NOT_FOUND,Habitats,V
4421136733,"Podarcis muralis (Laurenti, 1768)",Podarcis muralis,Common Wall Lizard,Animalia,Chordata,Squamata,,Lacertidae,Podarcis,SPECIES,2469188,2469188,LC,Least Concern,2023-09-14T12:05:46,2023,9,14,42.20942,20.745878,3,,,Prizreni / Prizren,Prizren,HUMAN_OBSERVATION,,,siracus,dragolacerto,iNaturalist,Observations,183196524,50c9509d-22c7-4a22-a47d-8c48425ef4a7,CC_BY_NC_4_0,COORDINATE_ROUNDED;COUNTRY_DERIVED_FROM_COORDINATES;CONTINENT_DERIVED_FROM_COORDINATES;TAXON_ID_NOT_FOUND,Habitats,IV
4416772116,Gentiana lutea subsp. symphyandra (Murb.) Hayek,Gentiana lutea,Gelber Enzian,Plantae,Tracheophyta,Magnoliopsida,Gentianales,Gentianaceae,Gentiana,SUBSPECIES,7901407,3170040,NE,Not Evaluated,2023-09-19T09:19:01,2023,9,19,42.654117,20.148947,34,,,Pejë / Peć,Pejë / Peć,HUMAN_OBSERVATION,,,Chuck Wilson,Marco Guarasci,iNaturalist,Observations,184166683,50c9509d-22c7-4a22-a47d-8c48425ef4a7,CC0_1_0,COORDINATE_ROUNDED;COUNTRY_DERIVED_FROM_COORDINATES;CONTINENT_DERIVED_FROM_COORDINATES;TAXON_ID_NOT_FOUND,Habitats,V
4407358787,"Bombina variegata (Linnaeus, 1758)",Bombina variegata,Yellow-Bellied Toad,Animalia,Chordata,Amphibia,Anura,Bombinatoridae,Bombina,SPECIES,2423435,2423435,LC,Least Concern,2023-08-31T10:59:54,2023,8,31,42.622305,21.358538,4,,,Prishtinë / Priština,Prishtinë / Priština,HUMAN_OBSERVATION,,,Jasper White,Jasper White,iNaturalist,Observations,181038590,50c9509d-22c7-4a22-a47d-8c48425ef4a7,CC_BY_NC_4_0,COORDINATE_ROUNDED;COUNTRY_DERIVED_FROM_COORDINATES;CONTINENT_DERIVED_FROM_COORDINATES;TAXON_ID_NOT_FOUND,Habitats,II; IV
4405419069,"Podarcis tauricus (Pallas, 1814)",Podarcis tauricus,Taurische Eidechse,Animalia,Chordata,Squamata,,Lacertidae,Podarcis,SPECIES,2469065,2469065,LC,Least Concern,2022-09-26T13:28,2022,9,26,42.209467,20.745863,,,,Prizreni / Prizren,Prizren,HUMAN_OBSERVATION,,,Edouard Veuillet,Edouard Veuillet,iNaturalist,Observations,180263521,50c9509d-22c7-4a22-a47d-8c48425ef4a7,CC_BY_NC_4_0,COUNTRY_DERIVED_FROM_COORDINATES;CONTINENT_DERIVED_FROM_COORDINATES;TAXON_ID_NOT_FOUND,Habitats,IV
4171859888,"Lucanus cervus (Linnaeus, 1758)",Lucanus cervus,Stag Beetle,Animalia,Arthropoda,Insecta,Coleoptera,Lucanidae,Lucanus,SPECIES,5743122,5743122,NE,Not Evaluated,2012-06-16T11:12,2012,6,16,42.35739,20.427192,50,,,Gjakova / Đakovica,Gjakovë / Đakovica,HUMAN_OBSERVATION,,,F. Bemmerlein-Lux,F. Bemmerlein-Lux,iNaturalist,Observations,175721257,50c9509d-22c7-4a22-a47d-8c48425ef4a7,CC_BY_4_0,COORDINATE_ROUNDED;COUNTRY_DERIVED_FROM_COORDINATES;CONTINENT_DERIVED_FROM_COORDINATES;TAXON_ID_NOT_FOUND,Habitats,II
4171822072,"Bombina variegata (Linnaeus, 1758)",Bombina variegata,Yellow-Bellied Toad,Animalia,Chordata,Amphibia,Anura,Bombinatoridae,Bombina,SPECIES,2423435,2423435,LC,Least Concern,2011-09-10T13:09,2011,9,10,41.919714,20.735269,20,,,Dragash / Dragaš,Prizren,HUMAN_OBSERVATION,,,F. Bemmerlein-Lux,F. Bemmerlein-Lux,iNaturalist,Observations,175714804,50c9509d-22c7-4a22-a47d-8c48425ef4a7,CC_BY_4_0,COORDINATE_ROUNDED;COUNTRY_DERIVED_FROM_COORDINATES;CONTINENT_DERIVED_FROM_COORDINATES;TAXON_ID_NOT_FOUND,Habitats,II; IV
4145205884,"Morimus funereus Mulsant, 1862",Morimus funereus,Cerambice Funereo,Animalia,Arthropoda,Insecta,Coleoptera,Cerambycidae,Morimus,SPECIES,1119288,1119288,VU,Vulnerable,2007-01-01T02:41,2007,1,1,42.664523,21.156803,5705,,,Prishtinë / Priština,Prishtinë / Priština,HUMAN_OBSERVATION,,,sunshynne,sunshynne,iNaturalist,Observations,170309052,50c9509d-22c7-4a22-a47d-8c48425ef4a7,CC_BY_NC_4_0,COORDINATE_ROUNDED;COUNTRY_DERIVED_FROM_COORDINATES;CONTINENT_DERIVED_FROM_COORDINATES;TAXON_ID_NOT_FOUND,Habitats,II
4138541624,"Coronella austriaca Laurenti, 1768",Coronella austriaca,Smooth Snake,Animalia,Chordata,Squamata,,Colubridae,Coronella,SPECIES,5959617,5959617,LC,Least Concern,2023-06-24T17:22:26,2023,6,24,42.690025,20.184162,4,,,Pejë / Peć,Pejë / Peć,HUMAN_OBSERVATION,,,whsun,Alexey Katz,iNaturalist,Observations,169433597,50c9509d-22c7-4a22-a47d-8c48425ef4a7,CC_BY_NC_4_0,COORDINATE_ROUNDED;COUNTRY_DERIVED_FROM_COORDINATES;CONTINENT_DERIVED_FROM_COORDINATES;TAXON_ID_NOT_FOUND,Habitats,IV
4138219409,"Podarcis muralis (Laurenti, 1768)",Podarcis muralis,Common Wall Lizard,Animalia,Chordata,Squamata,,Lacertidae,Podarcis,SPECIES,2469188,2469188,LC,Least Concern,2020-10-15T14:11:40,2020,10,15,42.524036,20.600299,218,,,Klinë / Klina,Pejë / Peć,HUMAN_OBSERVATION,,,delie_jane,Stamatis Kalogiannis,iNaturalist,Observations,62664676,50c9509d-22c7-4a22-a47d-8c48425ef4a7,CC_BY_NC_4_0,COORDINATE_ROUNDED;COUNTRY_DERIVED_FROM_COORDINATES;CONTINENT_DERIVED_FROM_COORDINATES;TAXON_ID_NOT_FOUND,Habitats,IV
4130141218,"Podarcis muralis (Laurenti, 1768)",Podarcis muralis,Common Wall Lizard,Animalia,Chordata,Squamata,,Lacertidae,Podarcis,SPECIES,2469188,2469188,LC,Least Concern,2023-06-04T15:53,2023,6,4,42.211482,20.736351,1984,,,Prizreni / Prizren,Prizren,HUMAN_OBSERVATION,,,"Andy Goerdel - Texas Master Naturalist, Good Water Chapter","Andy Goerdel - Texas Master Naturalist, Good Water Chapter",iNaturalist,Observations,165538428,50c9509d-22c7-4a22-a47d-8c48425ef4a7,CC_BY_NC_4_0,COORDINATE_ROUNDED;COUNTRY_DERIVED_FROM_COORDINATES;CONTINENT_DERIVED_FROM_COORDINATES;TAXON_ID_NOT_FOUND,Habitats,IV
4130077452,"Podarcis muralis (Laurenti, 1768)",Podarcis muralis,Common Wall Lizard,Animalia,Chordata,Squamata,,Lacertidae,Podarcis,SPECIES,2469188,2469188,LC,Least Concern,2023-06-04T15:32,2023,6,4,42.211482,20.736351,1984,,,Prizreni / Prizren,Prizren,HUMAN_OBSERVATION,,,"Andy Goerdel - Texas Master Naturalist, Good Water Chapter","Andy Goerdel - Texas Master Naturalist, Good Water Chapter",iNaturalist,Observations,165538441,50c9509d-22c7-4a22-a47d-8c48425ef4a7,CC_BY_NC_4_0,COORDINATE_ROUNDED;COUNTRY_DERIVED_FROM_COORDINATES;CONTINENT_DERIVED_FROM_COORDINATES;TAXON_ID_NOT_FOUND,Habitats,IV
4130053755,"Podarcis muralis (Laurenti, 1768)",Podarcis muralis,Common Wall Lizard,Animalia,Chordata,Squamata,,Lacertidae,Podarcis,SPECIES,2469188,2469188,LC,Least Concern,2023-06-04T15:52,2023,6,4,42.211482,20.736351,1984,,,Prizreni / Prizren,Prizren,HUMAN_OBSERVATION,,,"Andy Goerdel - Texas Master Naturalist, Good Water Chapter",lacertidae,iNaturalist,Observations,165538432,50c9509d-22c7-4a22-a47d-8c48425ef4a7,CC_BY_NC_4_0,COORDINATE_ROUNDED;COUNTRY_DERIVED_FROM_COORDINATES;CONTINENT_DERIVED_FROM_COORDINATES;TAXON_ID_NOT_FOUND,Habitats,IV
4104034128,"Ursus arctos Linnaeus, 1758",Ursus arctos,Brown Bear,Animalia,Chordata,Mammalia,Carnivora,Ursidae,Ursus,SPECIES,2433433,2433433,LC,Least Concern,2022-09-03,2022,9,3,42.774664,20.235939,50,,,Pejë / Peć,Pejë / Peć,HUMAN_OBSERVATION,1,,"Žarić, Luka",,,MammalNet-Europe | IMammalia App,,3ccfe992-043a-4fff-951d-1e6e158854da,CC_BY_4_0,COORDINATE_ROUNDED;COUNTRY_DERIVED_FROM_COORDINATES;CONTINENT_DERIVED_FROM_COORDINATES;TAXON_ID_NOT_FOUND,Habitats,II; IV
4104033478,"Canis lupus Linnaeus, 1758",Canis lupus,Wolf,Animalia,Chordata,Mammalia,Carnivora,Canidae,Canis,SPECIES,5219173,5219173,LC,Least Concern,2011-02-21,2011,2,21,42.508046,20.986968,50,,,Lipjan / Lipljan,Prishtinë / Priština,HUMAN_OBSERVATION,,,"smith, graham",,,MammalNet-Europe | IMammalia App,,3ccfe992-043a-4fff-951d-1e6e158854da,CC_BY_4_0,COORDINATE_ROUNDED;COUNTRY_DERIVED_FROM_COORDINATES;CONTINENT_DERIVED_FROM_COORDINATES;TAXON_ID_NOT_FOUND,Habitats,II; IV; V
4075723763,"Pelophylax ridibundus (Pallas, 1771)",Pelophylax ridibundus,Marsh Frog,Animalia,Chordata,Amphibia,Anura,Ranidae,Pelophylax,SPECIES,2426661,2426661,LC,Least Concern,2022-08-20T13:25:51,2022,8,20,42.617513,21.234687,5,,,Prishtinë / Priština,Prishtinë / Priština,HUMAN_OBSERVATION,,,Liridon Hoxha,Liridon Hoxha,iNaturalist,Observations,133440371,50c9509d-22c7-4a22-a47d-8c48425ef4a7,CC_BY_NC_4_0,COORDINATE_ROUNDED;COUNTRY_DERIVED_FROM_COORDINATES;CONTINENT_DERIVED_FROM_COORDINATES;TAXON_ID_NOT_FOUND,Habitats,V
4062548371,"Podarcis muralis (Laurenti, 1768)",Podarcis muralis,Common Wall Lizard,Animalia,Chordata,Squamata,,Lacertidae,Podarcis,SPECIES,2469188,2469188,LC,Least Concern,2021-07-09T16:10:54,2021,7,9,42.211053,20.741183,27,,,Prizreni / Prizren,Prizren,HUMAN_OBSERVATION,,,dvillar7,dragolacerto,iNaturalist,Observations,86309724,50c9509d-22c7-4a22-a47d-8c48425ef4a7,CC_BY_NC_4_0,COORDINATE_ROUNDED;COUNTRY_DERIVED_FROM_COORDINATES;CONTINENT_DERIVED_FROM_COORDINATES;TAXON_ID_NOT_FOUND,Habitats,IV
4055937535,"Natrix tessellata (Laurenti, 1768)",Natrix tessellata,Dice Snake,Animalia,Chordata,Squamata,,Colubridae,Natrix,SPECIES,6161327,6161327,LC,Least Concern,2016-07-14,2016,7,14,42.4,20.23,1000,,Gjacova,Gjakova / Đakovica,Gjakovë / Đakovica,HUMAN_OBSERVATION,1,,User 49877,,,,,8a863029-f435-446a-821e-275f4f641165,CC_BY_NC_4_0,,Habitats,IV
4055929464,"Natrix tessellata (Laurenti, 1768)",Natrix tessellata,Dice Snake,Animalia,Chordata,Squamata,,Colubridae,Natrix,SPECIES,6161327,6161327,LC,Least Concern,2019-07-12,2019,7,12,42.360268,20.507475,25,,Orahovac,Rahovec / Orahovac,Gjakovë / Đakovica,HUMAN_OBSERVATION,1,,User 64800,,,,,8a863029-f435-446a-821e-275f4f641165,CC_BY_NC_4_0,,Habitats,IV
4028691801,"Ablepharus kitaibelii Bibron & Bory St-Vincent, 1833",Ablepharus kitaibelii,Snake-Eyed Skink,Animalia,Chordata,Squamata,,Scincidae,Ablepharus,SPECIES,8120403,8120403,LC,Least Concern,2022-08-26T13:46:35,2022,8,26,42.677972,21.201778,,,,Prishtinë / Priština,Prishtinë / Priština,HUMAN_OBSERVATION,,,Nart Barileva,nvolgyi,iNaturalist,Observations,132781823,50c9509d-22c7-4a22-a47d-8c48425ef4a7,CC0_1_0,COORDINATE_ROUNDED;COUNTRY_DERIVED_FROM_COORDINATES;CONTINENT_DERIVED_FROM_COORDINATES;TAXON_ID_NOT_FOUND,Habitats,IV
4011568438,"Algyroides nigropunctatus (Duméril & Bibron, 1839)",Algyroides nigropunctatus,Algiroide Magnifico,Animalia,Chordata,Squamata,,Lacertidae,Algyroides,SPECIES,2469363,2469363,LC,Least Concern,2022-04-19,2022,4,19,42.321558,20.449522,21,,,Gjakova / Đakovica,Gjakovë / Đakovica,HUMAN_OBSERVATION,,,sternenberger,dragolacerto,iNaturalist,Observations,112132701,50c9509d-22c7-4a22-a47d-8c48425ef4a7,CC_BY_NC_4_0,COORDINATE_ROUNDED;COUNTRY_DERIVED_FROM_COORDINATES;CONTINENT_DERIVED_FROM_COORDINATES;TAXON_ID_NOT_FOUND,Habitats,IV
3996043484,"Zerynthia polyxena (Denis & Schiffermüller) , 1775",Zerynthia polyxena,Osterluzeifalter,Animalia,Arthropoda,Insecta,Lepidoptera,Papilionidae,Zerynthia,SPECIES,5141262,5141262,NE,Not Evaluated,2013-05-31,2013,5,31,42.524191,20.582657,100,,Klina,Klinë / Klina,Pejë / Peć,HUMAN_OBSERVATION,1,,User 11292,,,,,8a863029-f435-446a-821e-275f4f641165,CC_BY_NC_4_0,,Habitats,IV
3995130148,"Parnassius apollo (Linnaeus, 1758)",Parnassius apollo,Apollo,Animalia,Arthropoda,Insecta,Lepidoptera,Papilionidae,Parnassius,SPECIES,1938810,1938810,LC,Least Concern,2022-08-12,2022,8,12,42.744457,20.125511,6,,Pec,Pejë / Peć,Pejë / Peć,HUMAN_OBSERVATION,1,,User 23170,,,,,8a863029-f435-446a-821e-275f4f641165,CC_BY_NC_4_0,,Habitats,IV
3985743742,"Podarcis muralis (Laurenti, 1768)",Podarcis muralis,Common Wall Lizard,Animalia,Chordata,Squamata,,Lacertidae,Podarcis,SPECIES,2469188,2469188,LC,Least Concern,2022-08-26T15:17:59,2022,8,26,42.671347,21.222883,,,,Prishtinë / Priština,Prishtinë / Priština,HUMAN_OBSERVATION,,,Nart Barileva,Nart Barileva,iNaturalist,Observations,132782760,50c9509d-22c7-4a22-a47d-8c48425ef4a7,CC0_1_0,COORDINATE_ROUNDED;COUNTRY_DERIVED_FROM_COORDINATES;CONTINENT_DERIVED_FROM_COORDINATES;TAXON_ID_NOT_FOUND,Habitats,IV
3985666540,Pinguicula hirtiflora Ten.,Pinguicula crystallina,Grassette Cristalline,Plantae,Tracheophyta,Magnoliopsida,Lamiales,Lentibulariaceae,Pinguicula,SPECIES,7297836,8058554,NE,Not Evaluated,2022-04-19T16:45:19,2022,4,19,42.404105,20.253016,22,,,Gjakova / Đakovica,Gjakovë / Đakovica,HUMAN_OBSERVATION,,,sternenberger,galinstan,iNaturalist,Observations,112134791,50c9509d-22c7-4a22-a47d-8c48425ef4a7,CC_BY_NC_4_0,COORDINATE_ROUNDED;COUNTRY_DERIVED_FROM_COORDINATES;CONTINENT_DERIVED_FROM_COORDINATES;TAXON_ID_NOT_FOUND,Habitats,II
3966634485,"Rana graeca Boulenger, 1891",Rana graeca,Griechischer Frosch,Animalia,Chordata,Amphibia,Anura,Ranidae,Rana,SPECIES,2426795,2426795,LC,Least Concern,2022-08-08T23:56:14,2022,8,8,42.755006,20.055581,,,,Pejë / Peć,Pejë / Peć,HUMAN_OBSERVATION,,,Octávio Mateus,Octávio Mateus,iNaturalist,Observations,130920636,50c9509d-22c7-4a22-a47d-8c48425ef4a7,CC_BY_NC_4_0,COUNTRY_DERIVED_FROM_COORDINATES;CONTINENT_DERIVED_FROM_COORDINATES;TAXON_ID_NOT_FOUND,Habitats,IV
3923461601,"Rana graeca Boulenger, 1891",Rana graeca,Griechischer Frosch,Animalia,Chordata,Amphibia,Anura,Ranidae,Rana,SPECIES,2426795,2426795,LC,Least Concern,2022-08-09T12:47:45,2022,8,9,42.686449,20.1771,,,,Pejë / Peć,Pejë / Peć,HUMAN_OBSERVATION,,,Octávio Mateus,Octávio Mateus,iNaturalist,Observations,130990673,50c9509d-22c7-4a22-a47d-8c48425ef4a7,CC_BY_NC_4_0,COORDINATE_ROUNDED;COUNTRY_DERIVED_FROM_COORDINATES;CONTINENT_DERIVED_FROM_COORDINATES;TAXON_ID_NOT_FOUND,Habitats,IV
3923354650,"Euplagia quadripunctaria (Poda, 1761)",Euplagia quadripunctaria,Jersey Tiger,Animalia,Arthropoda,Insecta,Lepidoptera,Erebidae,Euplagia,SPECIES,4532532,4532532,NE,Not Evaluated,2022-08-22T13:38:02,2022,8,22,42.578855,20.9986,10,,,Fushë Kosovë / Kosovo Polje,Prishtinë / Priština,HUMAN_OBSERVATION,,,Liridon Hoxha,Laurent,iNaturalist,Observations,133446976,50c9509d-22c7-4a22-a47d-8c48425ef4a7,CC_BY_NC_4_0,COUNTRY_DERIVED_FROM_COORDINATES;CONTINENT_DERIVED_FROM_COORDINATES;TAXON_ID_NOT_FOUND,Habitats,II
3915493024,"Vipera ammodytes (Linnaeus, 1758)",Vipera ammodytes,Nose-Horned Viper,Animalia,Chordata,Squamata,,Viperidae,Vipera,SPECIES,2444308,2444308,LC,Least Concern,2022-09-25T13:48,2022,9,25,42.078648,20.643313,,,,Prizreni / Prizren,Prizren,HUMAN_OBSERVATION,,,Liridon Shala,Liridon Shala,iNaturalist,Observations,136493882,50c9509d-22c7-4a22-a47d-8c48425ef4a7,CC_BY_NC_4_0,COORDINATE_ROUNDED;COUNTRY_DERIVED_FROM_COORDINATES;CONTINENT_DERIVED_FROM_COORDINATES;TAXON_ID_NOT_FOUND,Habitats,IV
3912155701,"Parnassius apollo (Linnaeus, 1758)",Parnassius apollo,Apollo,Animalia,Arthropoda,Insecta,Lepidoptera,Papilionidae,Parnassius,SPECIES,1938810,1938810,LC,Least Concern,2022-08-09T11:47:34,2022,8,9,42.739506,20.122055,,,,Pejë / Peć,Pejë / Peć,HUMAN_OBSERVATION,,,Octávio Mateus,Octávio Mateus,iNaturalist,Observations,130987708,50c9509d-22c7-4a22-a47d-8c48425ef4a7,CC_BY_NC_4_0,COORDINATE_ROUNDED;COUNTRY_DERIVED_FROM_COORDINATES;CONTINENT_DERIVED_FROM_COORDINATES;TAXON_ID_NOT_FOUND,Habitats,IV
3912057724,"Parnassius apollo (Linnaeus, 1758)",Parnassius apollo,Apollo,Animalia,Arthropoda,Insecta,Lepidoptera,Papilionidae,Parnassius,SPECIES,1938810,1938810,LC,Least Concern,2022-08-08T10:45:25,2022,8,8,42.056691,20.766114,3,,,Prizreni / Prizren,Prizren,HUMAN_OBSERVATION,,,Libor Pístecký,Libor Pístecký,iNaturalist,Observations,130373567,50c9509d-22c7-4a22-a47d-8c48425ef4a7,CC_BY_NC_4_0,COORDINATE_ROUNDED;COUNTRY_DERIVED_FROM_COORDINATES;CONTINENT_DERIVED_FROM_COORDINATES;TAXON_ID_NOT_FOUND,Habitats,IV
3905993563,Orchis mascula (L.) L.,Orchis mascula,Early-Purple Orchid,Plantae,Tracheophyta,Liliopsida,Asparagales,Orchidaceae,Orchis,SPECIES,2849427,2849427,NE,Not Evaluated,2022-06-12,2022,6,12,42.586975,20.043774,5,,Plav,Deçan / Dečani,Gjakovë / Đakovica,HUMAN_OBSERVATION,1,,User 112553,,,,,8a863029-f435-446a-821e-275f4f641165,CC_BY_NC_4_0,,Habitats,IV
3903597260,"Lacerta agilis Linnaeus, 1758",Lacerta agilis,Sand Lizard,Animalia,Chordata,Squamata,,Lacertidae,Lacerta,SPECIES,6159223,6159223,LC,Least Concern,2022-08-19T10:24:37,2022,8,19,43.012328,21.014247,5,,,Podujevë / Podujevo,Prishtinë / Priština,HUMAN_OBSERVATION,,,Liridon Hoxha,Liridon Hoxha,iNaturalist,Observations,133435356,50c9509d-22c7-4a22-a47d-8c48425ef4a7,CC_BY_NC_4_0,COORDINATE_ROUNDED;COUNTRY_DERIVED_FROM_COORDINATES;CONTINENT_DERIVED_FROM_COORDINATES;TAXON_ID_NOT_FOUND,Habitats,IV
3903573772,"Podarcis muralis (Laurenti, 1768)",Podarcis muralis,Common Wall Lizard,Animalia,Chordata,Squamata,,Lacertidae,Podarcis,SPECIES,2469188,2469188,LC,Least Concern,2022-08-20T14:43:09,2022,8,20,42.625397,21.259987,5,,,Prishtinë / Priština,Prishtinë / Priština,HUMAN_OBSERVATION,,,Liridon Hoxha,Liridon Hoxha,iNaturalist,Observations,133441147,50c9509d-22c7-4a22-a47d-8c48425ef4a7,CC_BY_NC_4_0,COORDINATE_ROUNDED;COUNTRY_DERIVED_FROM_COORDINATES;CONTINENT_DERIVED_FROM_COORDINATES;TAXON_ID_NOT_FOUND,Habitats,IV
3903463368,"Zamenis longissimus (Laurenti, 1768)",Zamenis longissimus,Aesculapian Snake,Animalia,Chordata,Squamata,,Colubridae,Zamenis,SPECIES,2458538,2458538,LC,Least Concern,2022-08-26T13:10:50,2022,8,26,42.676103,21.199517,,,,Prishtinë / Priština,Prishtinë / Priština,HUMAN_OBSERVATION,,,Nart Barileva,Christoph Posch,iNaturalist,Observations,132781488,50c9509d-22c7-4a22-a47d-8c48425ef4a7,CC0_1_0,COORDINATE_ROUNDED;COUNTRY_DERIVED_FROM_COORDINATES;CONTINENT_DERIVED_FROM_COORDINATES;TAXON_ID_NOT_FOUND,Habitats,IV
3903442427,"Coronella austriaca Laurenti, 1768",Coronella austriaca,Smooth Snake,Animalia,Chordata,Squamata,,Colubridae,Coronella,SPECIES,5959617,5959617,LC,Least Concern,2022-08-20T14:05:46,2022,8,20,42.624713,21.260788,5,,,Prishtinë / Priština,Prishtinë / Priština,HUMAN_OBSERVATION,,,Liridon Hoxha,Liridon Hoxha,iNaturalist,Observations,133441001,50c9509d-22c7-4a22-a47d-8c48425ef4a7,CC_BY_NC_4_0,COORDINATE_ROUNDED;COUNTRY_DERIVED_FROM_COORDINATES;CONTINENT_DERIVED_FROM_COORDINATES;TAXON_ID_NOT_FOUND,Habitats,IV
3903401308,"Podarcis muralis (Laurenti, 1768)",Podarcis muralis,Common Wall Lizard,Animalia,Chordata,Squamata,,Lacertidae,Podarcis,SPECIES,2469188,2469188,LC,Least Concern,2022-08-20T14:12:55,2022,8,20,42.624837,21.260712,5,,,Prishtinë / Priština,Prishtinë / Priština,HUMAN_OBSERVATION,,,Liridon Hoxha,Liridon Hoxha,iNaturalist,Observations,133441012,50c9509d-22c7-4a22-a47d-8c48425ef4a7,CC_BY_NC_4_0,COORDINATE_ROUNDED;COUNTRY_DERIVED_FROM_COORDINATES;CONTINENT_DERIVED_FROM_COORDINATES;TAXON_ID_NOT_FOUND,Habitats,IV
3903264635,"Lacerta agilis Linnaeus, 1758",Lacerta agilis,Sand Lizard,Animalia,Chordata,Squamata,,Lacertidae,Lacerta,SPECIES,6159223,6159223,LC,Least Concern,2022-08-19T12:56:18,2022,8,19,43.013656,21.011592,5,,,Podujevë / Podujevo,Prishtinë / Priština,HUMAN_OBSERVATION,,,Liridon Hoxha,Liridon Hoxha,iNaturalist,Observations,133440014,50c9509d-22c7-4a22-a47d-8c48425ef4a7,CC_BY_NC_4_0,COORDINATE_ROUNDED;COUNTRY_DERIVED_FROM_COORDINATES;CONTINENT_DERIVED_FROM_COORDINATES;TAXON_ID_NOT_FOUND,Habitats,IV
3903124377,"Lacerta viridis (Laurenti, 1768)",Lacerta viridis,Smaragdeidechse,Animalia,Chordata,Squamata,,Lacertidae,Lacerta,SPECIES,6159273,6159273,LC,Least Concern,2022-08-26T14:46:17,2022,8,26,42.677203,21.210197,,,,Prishtinë / Priština,Prishtinë / Priština,HUMAN_OBSERVATION,,,Nart Barileva,Nart Barileva,iNaturalist,Observations,132782654,50c9509d-22c7-4a22-a47d-8c48425ef4a7,CC0_1_0,COORDINATE_ROUNDED;COUNTRY_DERIVED_FROM_COORDINATES;CONTINENT_DERIVED_FROM_COORDINATES;TAXON_ID_NOT_FOUND,Habitats,IV
3903048956,"Hyla arborea (Linnaeus, 1758)",Hyla arborea,Common Tree Frog,Animalia,Chordata,Amphibia,Anura,Hylidae,Hyla,SPECIES,2427573,2427573,LC,Least Concern,2022-08-14T14:38:27,2022,8,14,42.577822,21.060061,5,,,Fushë Kosovë / Kosovo Polje,Prishtinë / Priština,HUMAN_OBSERVATION,,,Liridon Hoxha,Liridon Hoxha,iNaturalist,Observations,131376489,50c9509d-22c7-4a22-a47d-8c48425ef4a7,CC_BY_NC_4_0,COORDINATE_ROUNDED;COUNTRY_DERIVED_FROM_COORDINATES;CONTINENT_DERIVED_FROM_COORDINATES;TAXON_ID_NOT_FOUND,Habitats,IV
3902948527,"Bombina variegata (Linnaeus, 1758)",Bombina variegata,Yellow-Bellied Toad,Animalia,Chordata,Amphibia,Anura,Bombinatoridae,Bombina,SPECIES,2423435,2423435,LC,Least Concern,2022-08-09T11:46,2022,8,9,42.667291,20.218277,5418,,,Pejë / Peć,Pejë / Peć,HUMAN_OBSERVATION,,,Sarzedas,Sarzedas,iNaturalist,Observations,132815545,50c9509d-22c7-4a22-a47d-8c48425ef4a7,CC_BY_NC_4_0,COORDINATE_ROUNDED;COUNTRY_DERIVED_FROM_COORDINATES;CONTINENT_DERIVED_FROM_COORDINATES;TAXON_ID_NOT_FOUND,Habitats,II; IV
3902925891,"Podarcis tauricus (Pallas, 1814)",Podarcis tauricus,Taurische Eidechse,Animalia,Chordata,Squamata,,Lacertidae,Podarcis,SPECIES,2469065,2469065,LC,Least Concern,2022-08-22T12:28:21,2022,8,22,42.579038,20.997108,5,,,Fushë Kosovë / Kosovo Polje,Prishtinë / Priština,HUMAN_OBSERVATION,,,Liridon Hoxha,Liridon Hoxha,iNaturalist,Observations,133442607,50c9509d-22c7-4a22-a47d-8c48425ef4a7,CC_BY_NC_4_0,COORDINATE_ROUNDED;COUNTRY_DERIVED_FROM_COORDINATES;CONTINENT_DERIVED_FROM_COORDINATES;TAXON_ID_NOT_FOUND,Habitats,IV
3902616543,"Parnassius apollo (Linnaeus, 1758)",Parnassius apollo,Apollo,Animalia,Arthropoda,Insecta,Lepidoptera,Papilionidae,Parnassius,SPECIES,1938810,1938810,LC,Least Concern,2022-08-09T10:55,2022,8,9,42.682469,20.179449,1803,,,Pejë / Peć,Pejë / Peć,HUMAN_OBSERVATION,,,Sarzedas,Sarzedas,iNaturalist,Observations,132813197,50c9509d-22c7-4a22-a47d-8c48425ef4a7,CC_BY_NC_4_0,COORDINATE_ROUNDED;COUNTRY_DERIVED_FROM_COORDINATES;CONTINENT_DERIVED_FROM_COORDINATES;TAXON_ID_NOT_FOUND,Habitats,IV
3902612495,"Bombina variegata (Linnaeus, 1758)",Bombina variegata,Yellow-Bellied Toad,Animalia,Chordata,Amphibia,Anura,Bombinatoridae,Bombina,SPECIES,2423435,2423435,LC,Least Concern,2022-08-09T11:45,2022,8,9,42.672414,20.215608,5537,,,Pejë / Peć,Pejë / Peć,HUMAN_OBSERVATION,,,Sarzedas,Sarzedas,iNaturalist,Observations,132815540,50c9509d-22c7-4a22-a47d-8c48425ef4a7,CC_BY_NC_4_0,COORDINATE_ROUNDED;COUNTRY_DERIVED_FROM_COORDINATES;CONTINENT_DERIVED_FROM_COORDINATES;TAXON_ID_NOT_FOUND,Habitats,II; IV
3902524676,"Ablepharus kitaibelii Bibron & Bory St-Vincent, 1833",Ablepharus kitaibelii,Snake-Eyed Skink,Animalia,Chordata,Squamata,,Scincidae,Ablepharus,SPECIES,8120403,8120403,LC,Least Concern,2022-08-13T18:39:35,2022,8,13,42.526275,20.575312,5,,,Klinë / Klina,Pejë / Peć,HUMAN_OBSERVATION,,,Liridon Hoxha,Liridon Hoxha,iNaturalist,Observations,131376746,50c9509d-22c7-4a22-a47d-8c48425ef4a7,CC_BY_NC_4_0,COORDINATE_ROUNDED;COUNTRY_DERIVED_FROM_COORDINATES;CONTINENT_DERIVED_FROM_COORDINATES;TAXON_ID_NOT_FOUND,Habitats,IV
3902237012,"Ablepharus kitaibelii Bibron & Bory St-Vincent, 1833",Ablepharus kitaibelii,Snake-Eyed Skink,Animalia,Chordata,Squamata,,Scincidae,Ablepharus,SPECIES,8120403,8120403,LC,Least Concern,2022-08-26T13:55:18,2022,8,26,42.677814,21.201656,,,,Prishtinë / Priština,Prishtinë / Priština,HUMAN_OBSERVATION,,,Nart Barileva,Alexey Katz,iNaturalist,Observations,132781948,50c9509d-22c7-4a22-a47d-8c48425ef4a7,CC0_1_0,COORDINATE_ROUNDED;COUNTRY_DERIVED_FROM_COORDINATES;CONTINENT_DERIVED_FROM_COORDINATES;TAXON_ID_NOT_FOUND,Habitats,IV
3902231127,"Parnassius mnemosyne (Linnaeus, 1758)",Parnassius mnemosyne,Clouded Apollo,Animalia,Arthropoda,Insecta,Lepidoptera,Papilionidae,Parnassius,SPECIES,1938520,1938520,LC,Least Concern,2022-06-22T16:52,2022,6,22,42.675364,20.095554,1096,,,Pejë / Peć,Pejë / Peć,HUMAN_OBSERVATION,,,bryonystreets,akk2,iNaturalist,Observations,130259727,50c9509d-22c7-4a22-a47d-8c48425ef4a7,CC_BY_NC_4_0,COORDINATE_ROUNDED;COUNTRY_DERIVED_FROM_COORDINATES;CONTINENT_DERIVED_FROM_COORDINATES;TAXON_ID_NOT_FOUND,Habitats,IV
3892381050,"Euplagia quadripunctaria (Poda, 1761)",Euplagia quadripunctaria,Jersey Tiger,Animalia,Arthropoda,Insecta,Lepidoptera,Erebidae,Euplagia,SPECIES,4532532,4532532,NE,Not Evaluated,2022-08-14T22:15:43,2022,8,14,42.828064,20.964071,65,,,Vushtrri / Vucitrn,Mitrovicë / Kosovska Mitrovica,HUMAN_OBSERVATION,,,lisi11,lisi11,iNaturalist,Observations,130837901,50c9509d-22c7-4a22-a47d-8c48425ef4a7,CC_BY_NC_4_0,COORDINATE_ROUNDED;COUNTRY_DERIVED_FROM_COORDINATES;CONTINENT_DERIVED_FROM_COORDINATES;TAXON_ID_NOT_FOUND,Habitats,II
3892354107,"Rana temporaria Linnaeus, 1758",Rana temporaria,Common Frog,Animalia,Chordata,Amphibia,Anura,Ranidae,Rana,SPECIES,2426805,2426805,LC,Least Concern,2022-08-08T23:32:23,2022,8,8,42.756224,20.053835,,,,Pejë / Peć,Pejë / Peć,HUMAN_OBSERVATION,,,Octávio Mateus,Tom Kirschey,iNaturalist,Observations,130920289,50c9509d-22c7-4a22-a47d-8c48425ef4a7,CC_BY_NC_4_0,COORDINATE_ROUNDED;COUNTRY_DERIVED_FROM_COORDINATES;CONTINENT_DERIVED_FROM_COORDINATES;TAXON_ID_NOT_FOUND,Habitats,V
3892343201,"Bombina variegata (Linnaeus, 1758)",Bombina variegata,Yellow-Bellied Toad,Animalia,Chordata,Amphibia,Anura,Bombinatoridae,Bombina,SPECIES,2423435,2423435,LC,Least Concern,2022-08-09T12:45:37,2022,8,9,42.686519,20.177155,,,,Pejë / Peć,Pejë / Peć,HUMAN_OBSERVATION,,,Octávio Mateus,Octávio Mateus,iNaturalist,Observations,130990583,50c9509d-22c7-4a22-a47d-8c48425ef4a7,CC_BY_NC_4_0,COORDINATE_ROUNDED;COUNTRY_DERIVED_FROM_COORDINATES;CONTINENT_DERIVED_FROM_COORDINATES;TAXON_ID_NOT_FOUND,Habitats,II; IV
3892319110,"Bombina variegata (Linnaeus, 1758)",Bombina variegata,Yellow-Bellied Toad,Animalia,Chordata,Amphibia,Anura,Bombinatoridae,Bombina,SPECIES,2423435,2423435,LC,Least Concern,2022-08-08T23:21:53,2022,8,8,42.756241,20.053825,,,,Pejë / Peć,Pejë / Peć,HUMAN_OBSERVATION,,,Octávio Mateus,Octávio Mateus,iNaturalist,Observations,130920009,50c9509d-22c7-4a22-a47d-8c48425ef4a7,CC_BY_NC_4_0,COORDINATE_ROUNDED;COUNTRY_DERIVED_FROM_COORDINATES;CONTINENT_DERIVED_FROM_COORDINATES;TAXON_ID_NOT_FOUND,Habitats,II; IV
3892277051,"Euplagia quadripunctaria (Poda, 1761)",Euplagia quadripunctaria,Jersey Tiger,Animalia,Arthropoda,Insecta,Lepidoptera,Erebidae,Euplagia,SPECIES,4532532,4532532,NE,Not Evaluated,2022-08-07T15:48:22,2022,8,7,42.684887,20.054365,,,,Pejë / Peć,Pejë / Peć,HUMAN_OBSERVATION,,,Octávio Mateus,Octávio Mateus,iNaturalist,Observations,130839317,50c9509d-22c7-4a22-a47d-8c48425ef4a7,CC_BY_NC_4_0,COUNTRY_DERIVED_FROM_COORDINATES;CONTINENT_DERIVED_FROM_COORDINATES;TAXON_ID_NOT_FOUND,Habitats,II
3881841488,"Euplagia quadripunctaria (Poda, 1761)",Euplagia quadripunctaria,Jersey Tiger,Animalia,Arthropoda,Insecta,Lepidoptera,Erebidae,Euplagia,SPECIES,4532532,4532532,NE,Not Evaluated,2022-07-31T10:17:17,2022,7,31,42.666803,21.148258,4,,,Prishtinë / Priština,Prishtinë / Priština,HUMAN_OBSERVATION,,,Cory,Cory,iNaturalist,Observations,128763423,50c9509d-22c7-4a22-a47d-8c48425ef4a7,CC_BY_NC_4_0,COORDINATE_ROUNDED;COUNTRY_DERIVED_FROM_COORDINATES;CONTINENT_DERIVED_FROM_COORDINATES;TAXON_ID_NOT_FOUND,Habitats,II
3881793517,Bufotes viridis viridis,Bufotes viridis,Green Toad,Animalia,Chordata,Amphibia,Anura,Bufonidae,Bufotes,SUBSPECIES,9612974,9529916,LC,Least Concern,2022-07-22T21:42:04,2022,7,22,42.336901,20.879866,16,,,Suharekë / Suva Reka,Prizren,HUMAN_OBSERVATION,,,kevnis,Alexey Katz,iNaturalist,Observations,127403841,50c9509d-22c7-4a22-a47d-8c48425ef4a7,CC_BY_NC_4_0,COORDINATE_ROUNDED;COUNTRY_DERIVED_FROM_COORDINATES;CONTINENT_DERIVED_FROM_COORDINATES;TAXON_ID_NOT_FOUND,Habitats,IV
3873117704,"Parnassius apollo (Linnaeus, 1758)",Parnassius apollo,Apollo,Animalia,Arthropoda,Insecta,Lepidoptera,Papilionidae,Parnassius,SPECIES,1938810,1938810,LC,Least Concern,2022-07-24T08:37,2022,7,24,42.703318,20.070782,1953,,,Pejë / Peć,Pejë / Peć,HUMAN_OBSERVATION,,,Albert Krasniqi,Albert Krasniqi,iNaturalist,Observations,128042955,50c9509d-22c7-4a22-a47d-8c48425ef4a7,CC_BY_NC_4_0,COORDINATE_ROUNDED;COUNTRY_DERIVED_FROM_COORDINATES;CONTINENT_DERIVED_FROM_COORDINATES;TAXON_ID_NOT_FOUND,Habitats,IV
3858958845,"Testudo hermanni Gmelin, 1789",Testudo hermanni,Hermann's Tortoise,Animalia,Chordata,Testudines,,Testudinidae,Testudo,SPECIES,2441454,2441454,VU,Vulnerable,2022-06-15T13:02:17,2022,6,15,42.778593,21.286777,27599,,,Prishtinë / Priština,Prishtinë / Priština,HUMAN_OBSERVATION,,,Cory,Cory,iNaturalist,Observations,121869072,50c9509d-22c7-4a22-a47d-8c48425ef4a7,CC_BY_NC_4_0,COORDINATE_ROUNDED;COUNTRY_DERIVED_FROM_COORDINATES;CONTINENT_DERIVED_FROM_COORDINATES;TAXON_ID_NOT_FOUND,Habitats,II; IV
3825884119,"Lucanus cervus (Linnaeus, 1758)",Lucanus cervus,Stag Beetle,Animalia,Arthropoda,Insecta,Coleoptera,Lucanidae,Lucanus,SPECIES,5743122,5743122,NE,Not Evaluated,2022-05-28,2022,5,28,42.35,20.6,5000,,Orahovac,Rahovec / Orahovac,Gjakovë / Đakovica,HUMAN_OBSERVATION,1,,User 396014,,,,,8a863029-f435-446a-821e-275f4f641165,CC_BY_NC_4_0,,Habitats,II
3824637375,"Helix pomatia Linnaeus, 1758",Helix pomatia,Escargot,Animalia,Mollusca,Gastropoda,Stylommatophora,Helicidae,Helix,SPECIES,2294287,2294287,LC,Least Concern,2022-05-27,2022,5,27,42.917172,21.188264,,,Podujevo,Podujevë / Podujevo,Prishtinë / Priština,HUMAN_OBSERVATION,1,,User 411239,,,,,8a863029-f435-446a-821e-275f4f641165,CC_BY_NC_4_0,,Habitats,V
3824445299,"Lucanus cervus (Linnaeus, 1758)",Lucanus cervus,Stag Beetle,Animalia,Arthropoda,Insecta,Coleoptera,Lucanidae,Lucanus,SPECIES,5743122,5743122,NE,Not Evaluated,2022-05-28,2022,5,28,42.35,20.6,5000,,Orahovac,Rahovec / Orahovac,Gjakovë / Đakovica,HUMAN_OBSERVATION,1,,User 411239,,,,,8a863029-f435-446a-821e-275f4f641165,CC_BY_NC_4_0,,Habitats,II
3823605556,"Helix pomatia Linnaeus, 1758",Helix pomatia,Escargot,Animalia,Mollusca,Gastropoda,Stylommatophora,Helicidae,Helix,SPECIES,2294287,2294287,LC,Least Concern,2022-05-27,2022,5,27,42.917172,21.188264,,,Podujevo,Podujevë / Podujevo,Prishtinë / Priština,HUMAN_OBSERVATION,1,,User 411239,,,,,8a863029-f435-446a-821e-275f4f641165,CC_BY_NC_4_0,,Habitats,V
3774763520,"Dinaromys bogdanovi (Martino, 1922)",Dinaromys bogdanovi,Balkan Snow Vole,Animalia,Chordata,Mammalia,Rodentia,Cricetidae,Dinaromys,SPECIES,2438502,2438502,VU,Vulnerable,1978-07-13,1978,7,13,42.6578,20.3035,,1800,"20 km N Peć, Žlieb",Pejë / Peć,Pejë / Peć,PRESERVED_SPECIMEN,,,,,ZFMK,MAM,ZFMK-MAM-1993-0655-s,355ffa2e-36ce-44aa-9772-2f433169100c,CC_BY_4_0,CONTINENT_DERIVED_FROM_COORDINATES;INSTITUTION_MATCH_FUZZY;INSTITUTION_COLLECTION_MISMATCH,Habitats,II; IV
3774763518,"Dinaromys bogdanovi (Martino, 1922)",Dinaromys bogdanovi,Balkan Snow Vole,Animalia,Chordata,Mammalia,Rodentia,Cricetidae,Dinaromys,SPECIES,2438502,2438502,VU,Vulnerable,1978-07-13,1978,7,13,42.6578,20.3035,,1800,"20 km N Peć, Žlieb",Pejë / Peć,Pejë / Peć,PRESERVED_SPECIMEN,,,,,ZFMK,MAM,ZFMK-MAM-1993-0655-sk,355ffa2e-36ce-44aa-9772-2f433169100c,CC_BY_4_0,CONTINENT_DERIVED_FROM_COORDINATES;INSTITUTION_MATCH_FUZZY;INSTITUTION_COLLECTION_MISMATCH,Habitats,II; IV
3774682306,"Paracaloptenus caloptenoides caloptenoides (Brunner von Wattenwyl, 1861)",Paracaloptenus caloptenoides,Balkan Pincer Grasshopper,Animalia,Arthropoda,Insecta,Orthoptera,Acrididae,Paracaloptenus,SUBSPECIES,7197685,1702607,NE,Not Evaluated,1978-07-28,1978,7,28,43,21,,700,Srbija,Mitrovica / Kosovska Mitrovica,Mitrovicë / Kosovska Mitrovica,PRESERVED_SPECIMEN,,,,D. Rohwedder,ZFMK,ORT,ZFMK-ORT-2003/675,e8e1610d-ca60-413c-8a2b-6e46b9e12057,CC_BY_4_0,CONTINENT_DERIVED_FROM_COORDINATES;INSTITUTION_MATCH_FUZZY;INSTITUTION_COLLECTION_MISMATCH,Habitats,II; IV
3759788635,"Zerynthia polyxena (Denis & Schiffermüller) , 1775",Zerynthia polyxena,Osterluzeifalter,Animalia,Arthropoda,Insecta,Lepidoptera,Papilionidae,Zerynthia,SPECIES,5141262,5141262,NE,Not Evaluated,2022-04-18T10:00,2022,4,18,42.358295,20.439514,49,,,Gjakova / Đakovica,Gjakovë / Đakovica,HUMAN_OBSERVATION,,,sternenberger,sternenberger,iNaturalist,Observations,112132251,50c9509d-22c7-4a22-a47d-8c48425ef4a7,CC_BY_NC_4_0,COORDINATE_ROUNDED;COUNTRY_DERIVED_FROM_COORDINATES;CONTINENT_DERIVED_FROM_COORDINATES;TAXON_ID_NOT_FOUND,Habitats,IV
3714708080,"Parnassius apollo (Linnaeus, 1758)",Parnassius apollo,Apollo,Animalia,Arthropoda,Insecta,Lepidoptera,Papilionidae,Parnassius,SPECIES,1938810,1938810,LC,Least Concern,2012-07-18,2012,7,18,42.735334,20.047923,1000,,Pec,Pejë / Peć,Pejë / Peć,HUMAN_OBSERVATION,1,,User 67748,,,,,8a863029-f435-446a-821e-275f4f641165,CC_BY_NC_4_0,,Habitats,IV
3479008146,"Helix pomatia Linnaeus, 1758",Helix pomatia,Escargot,Animalia,Mollusca,Gastropoda,Stylommatophora,Helicidae,Helix,SPECIES,2294287,2294287,LC,Least Concern,,,,,42.5401,20.2873,,,,Deçan / Dečani,Gjakovë / Đakovica,PRESERVED_SPECIMEN,,,s.leg.,Urbański J.,AMU,NHC-ZOO,MOLCLAUS-URB-0007336,84b18cce-083a-4464-bee8-25b2083a17cd,CC_BY_4_0,GEODETIC_DATUM_ASSUMED_WGS84;CONTINENT_DERIVED_FROM_COORDINATES;RECORDED_DATE_INVALID,Habitats,V
3479006185,"Helix pomatia Linnaeus, 1758",Helix pomatia,Escargot,Animalia,Mollusca,Gastropoda,Stylommatophora,Helicidae,Helix,SPECIES,2294287,2294287,LC,Least Concern,,,,,42.5401,20.2873,,,,Deçan / Dečani,Gjakovë / Đakovica,PRESERVED_SPECIMEN,,,s.leg.,Urbański J.,AMU,NHC-ZOO,MOLCLAUS-URB-0007337,84b18cce-083a-4464-bee8-25b2083a17cd,CC_BY_4_0,GEODETIC_DATUM_ASSUMED_WGS84;CONTINENT_DERIVED_FROM_COORDINATES;RECORDED_DATE_INVALID,Habitats,V
3479004263,"Helix pomatia Linnaeus, 1758",Helix pomatia,Escargot,Animalia,Mollusca,Gastropoda,Stylommatophora,Helicidae,Helix,SPECIES,2294287,2294287,LC,Least Concern,,,,,42.5401,20.2873,,,,Deçan / Dečani,Gjakovë / Đakovica,PRESERVED_SPECIMEN,,,s.leg.,Urbański J.,AMU,NHC-ZOO,MOLCLAUS-URB-0007335,84b18cce-083a-4464-bee8-25b2083a17cd,CC_BY_4_0,GEODETIC_DATUM_ASSUMED_WGS84;CONTINENT_DERIVED_FROM_COORDINATES;RECORDED_DATE_INVALID,Habitats,V
3478956188,"Helix pomatia Linnaeus, 1758",Helix pomatia,Escargot,Animalia,Mollusca,Gastropoda,Stylommatophora,Helicidae,Helix,SPECIES,2294287,2294287,LC,Least Concern,,,,,42.5401,20.2873,,,,Deçan / Dečani,Gjakovë / Đakovica,PRESERVED_SPECIMEN,,,s.leg.,Urbański J.,AMU,NHC-ZOO,MOLCLAUS-URB-0007334,84b18cce-083a-4464-bee8-25b2083a17cd,CC_BY_4_0,GEODETIC_DATUM_ASSUMED_WGS84;CONTINENT_DERIVED_FROM_COORDINATES;RECORDED_DATE_INVALID,Habitats,V
3478953183,"Helix pomatia Linnaeus, 1758",Helix pomatia,Escargot,Animalia,Mollusca,Gastropoda,Stylommatophora,Helicidae,Helix,SPECIES,2294287,2294287,LC,Least Concern,,,,,42.5401,20.2873,,,,Deçan / Dečani,Gjakovë / Đakovica,PRESERVED_SPECIMEN,,,s.leg.,Urbański J.,AMU,NHC-ZOO,MOLCLAUS-URB-0007332,84b18cce-083a-4464-bee8-25b2083a17cd,CC_BY_4_0,GEODETIC_DATUM_ASSUMED_WGS84;CONTINENT_DERIVED_FROM_COORDINATES;RECORDED_DATE_INVALID,Habitats,V
3478952224,"Helix pomatia Linnaeus, 1758",Helix pomatia,Escargot,Animalia,Mollusca,Gastropoda,Stylommatophora,Helicidae,Helix,SPECIES,2294287,2294287,LC,Least Concern,,,,,42.5401,20.2873,,,,Deçan / Dečani,Gjakovë / Đakovica,PRESERVED_SPECIMEN,,,s.leg.,Urbański J.,AMU,NHC-ZOO,MOLCLAUS-URB-0007333,84b18cce-083a-4464-bee8-25b2083a17cd,CC_BY_4_0,GEODETIC_DATUM_ASSUMED_WGS84;CONTINENT_DERIVED_FROM_COORDINATES;RECORDED_DATE_INVALID,Habitats,V
3455179972,"Podarcis muralis (Laurenti, 1768)",Podarcis muralis,Common Wall Lizard,Animalia,Chordata,Squamata,,Lacertidae,Podarcis,SPECIES,2469188,2469188,LC,Least Concern,2021-02-21T10:39:33,2021,2,21,42.694474,20.076584,1176,,,Pejë / Peć,Pejë / Peć,HUMAN_OBSERVATION,,,Arian,Siegfried Troidl,iNaturalist,Observations,69946470,50c9509d-22c7-4a22-a47d-8c48425ef4a7,CC_BY_NC_4_0,COORDINATE_ROUNDED;COUNTRY_DERIVED_FROM_COORDINATES;CONTINENT_DERIVED_FROM_COORDINATES;TAXON_ID_NOT_FOUND,Habitats,IV
3421381975,"Phengaris arion (Linnaeus, 1758)",Maculinea arion,Large Blue,Animalia,Arthropoda,Insecta,Lepidoptera,Lycaenidae,Maculinea,SPECIES,4535168,1922311,NT,Near Threatened,1975-07-28,1975,7,28,42.659595,20.304052,,,Kosovo / Peć,Pejë / Peć,Pejë / Peć,PRESERVED_SPECIMEN,1,,Baraud Jacques,Baraud Jacques,Musée des Confluences,MHNL,MHNL.47036846,a1d9fbbf-6c9b-4af4-bd6a-86337c789bb2,CC_BY_NC_4_0,CONTINENT_DERIVED_FROM_COORDINATES;COLLECTION_MATCH_NONE;INSTITUTION_MATCH_FUZZY,Habitats,IV
3384717840,"Coronella austriaca Laurenti, 1768",Coronella austriaca,Smooth Snake,Animalia,Chordata,Squamata,,Colubridae,Coronella,SPECIES,5959617,5959617,LC,Least Concern,2021-09-14T15:16:02,2021,9,14,42.615802,21.016385,5,,,Fushë Kosovë / Kosovo Polje,Prishtinë / Priština,HUMAN_OBSERVATION,,,purgi,Tamara Szentivanyi,iNaturalist,Observations,94816500,50c9509d-22c7-4a22-a47d-8c48425ef4a7,CC_BY_NC_4_0,COORDINATE_ROUNDED;COUNTRY_DERIVED_FROM_COORDINATES;CONTINENT_DERIVED_FROM_COORDINATES;TAXON_ID_NOT_FOUND,Habitats,IV
3384678181,"Testudo hermanni Gmelin, 1789",Testudo hermanni,Hermann's Tortoise,Animalia,Chordata,Testudines,,Testudinidae,Testudo,SPECIES,2441454,2441454,VU,Vulnerable,2021-09-16T11:40:09,2021,9,16,42.194312,21.131798,27692,,,Kaçanik / Kačanik,Ferizaj / Uroševac,HUMAN_OBSERVATION,,,vratnica,vratnica,iNaturalist,Observations,95121267,50c9509d-22c7-4a22-a47d-8c48425ef4a7,CC_BY_NC_4_0,COORDINATE_ROUNDED;CONTINENT_DERIVED_FROM_COORDINATES;TAXON_ID_NOT_FOUND,Habitats,II; IV
3355601132,"Parnassius apollo (Linnaeus, 1758)",Parnassius apollo,Apollo,Animalia,Arthropoda,Insecta,Lepidoptera,Papilionidae,Parnassius,SPECIES,1938810,1938810,LC,Least Concern,2021-09-04T09:59:13,2021,9,4,42.668457,20.089586,,,,Pejë / Peć,Pejë / Peć,HUMAN_OBSERVATION,,,mjrangs,mjrangs,iNaturalist,Observations,93829824,50c9509d-22c7-4a22-a47d-8c48425ef4a7,CC_BY_NC_4_0,COORDINATE_ROUNDED;COUNTRY_DERIVED_FROM_COORDINATES;CONTINENT_DERIVED_FROM_COORDINATES;TAXON_ID_NOT_FOUND,Habitats,IV
3344101200,Bufotes viridis viridis,Bufotes viridis,Green Toad,Animalia,Chordata,Amphibia,Anura,Bufonidae,Bufotes,SUBSPECIES,9612974,9529916,LC,Least Concern,2021-08-26T12:45:52,2021,8,26,42.664421,21.148406,2689,,,Prishtinë / Priština,Prishtinë / Priština,HUMAN_OBSERVATION,,,Cory,Cory,iNaturalist,Observations,92607254,50c9509d-22c7-4a22-a47d-8c48425ef4a7,CC_BY_NC_4_0,COORDINATE_ROUNDED;COUNTRY_DERIVED_FROM_COORDINATES;CONTINENT_DERIVED_FROM_COORDINATES;TAXON_ID_NOT_FOUND,Habitats,IV
3337633105,"Zamenis longissimus (Laurenti, 1768)",Zamenis longissimus,Aesculapian Snake,Animalia,Chordata,Squamata,,Colubridae,Zamenis,SPECIES,2458538,2458538,LC,Least Concern,2021-08-19T14:58,2021,8,19,42.677411,21.208477,244,,,Prishtinë / Priština,Prishtinë / Priština,HUMAN_OBSERVATION,,,Albert Krasniqi,Albert Krasniqi,iNaturalist,Observations,91781560,50c9509d-22c7-4a22-a47d-8c48425ef4a7,CC_BY_NC_4_0,COORDINATE_ROUNDED;COUNTRY_DERIVED_FROM_COORDINATES;CONTINENT_DERIVED_FROM_COORDINATES;TAXON_ID_NOT_FOUND,Habitats,IV
3337544406,"Rana dalmatina Fitzinger, 1838",Rana dalmatina,Agile Frog,Animalia,Chordata,Amphibia,Anura,Ranidae,Rana,SPECIES,2426760,2426760,LC,Least Concern,2020-07-12T14:21,2020,7,12,42.531046,20.134623,144,,,Deçan / Dečani,Gjakovë / Đakovica,HUMAN_OBSERVATION,,,Arian,Arian,iNaturalist,Observations,53612865,50c9509d-22c7-4a22-a47d-8c48425ef4a7,CC_BY_NC_4_0,COORDINATE_ROUNDED;COUNTRY_DERIVED_FROM_COORDINATES;CONTINENT_DERIVED_FROM_COORDINATES;TAXON_ID_NOT_FOUND,Habitats,IV
3330529696,"Podarcis tauricus (Pallas, 1814)",Podarcis tauricus,Taurische Eidechse,Animalia,Chordata,Squamata,,Lacertidae,Podarcis,SPECIES,2469065,2469065,LC,Least Concern,2018-05-10T09:19,2018,5,10,42.15888,21.259388,1000,,,Kaçanik / Kačanik,Ferizaj / Uroševac,HUMAN_OBSERVATION,,,thephoxinus,thephoxinus,iNaturalist,Observations,87304776,50c9509d-22c7-4a22-a47d-8c48425ef4a7,CC_BY_NC_4_0,COORDINATE_ROUNDED;COUNTRY_DERIVED_FROM_COORDINATES;CONTINENT_DERIVED_FROM_COORDINATES;TAXON_ID_NOT_FOUND,Habitats,IV
3327765305,"Lacerta viridis (Laurenti, 1768)",Lacerta viridis,Smaragdeidechse,Animalia,Chordata,Squamata,,Lacertidae,Lacerta,SPECIES,6159273,6159273,LC,Least Concern,2018-05-03T11:55,2018,5,3,42.587579,21.57366,2639,,,Kamenicë / Kosovska Kamenica,Gjilan / Gnjilane,HUMAN_OBSERVATION,,,arianmavriqi2,Samuele Ghielmi,iNaturalist,Observations,13157675,50c9509d-22c7-4a22-a47d-8c48425ef4a7,CC_BY_NC_4_0,COORDINATE_ROUNDED;COUNTRY_DERIVED_FROM_COORDINATES;CONTINENT_DERIVED_FROM_COORDINATES;TAXON_ID_NOT_FOUND,Habitats,IV
3327761762,"Zamenis situla (Linnaeus, 1758)",Zamenis situla,European Ratsnake,Animalia,Chordata,Squamata,,Colubridae,Zamenis,SPECIES,2458374,2458374,LC,Least Concern,2018-05-10T17:37,2018,5,10,42.180306,21.225817,27692,,,Kaçanik / Kačanik,Ferizaj / Uroševac,HUMAN_OBSERVATION,,,thephoxinus,thephoxinus,iNaturalist,Observations,86367631,50c9509d-22c7-4a22-a47d-8c48425ef4a7,CC_BY_NC_4_0,COORDINATE_ROUNDED;COUNTRY_DERIVED_FROM_COORDINATES;CONTINENT_DERIVED_FROM_COORDINATES;TAXON_ID_NOT_FOUND,Habitats,II; IV
3320924404,"Podarcis muralis (Laurenti, 1768)",Podarcis muralis,Common Wall Lizard,Animalia,Chordata,Squamata,,Lacertidae,Podarcis,SPECIES,2469188,2469188,LC,Least Concern,2019-07-04T12:37,2019,7,4,42.207039,20.75395,61,,,Prizreni / Prizren,Prizren,HUMAN_OBSERVATION,,,Ali,Ali,iNaturalist,Observations,72640455,50c9509d-22c7-4a22-a47d-8c48425ef4a7,CC_BY_NC_4_0,COORDINATE_ROUNDED;COUNTRY_DERIVED_FROM_COORDINATES;CONTINENT_DERIVED_FROM_COORDINATES;TAXON_ID_NOT_FOUND,Habitats,IV
3320859470,"Podarcis muralis (Laurenti, 1768)",Podarcis muralis,Common Wall Lizard,Animalia,Chordata,Squamata,,Lacertidae,Podarcis,SPECIES,2469188,2469188,LC,Least Concern,2021-05-22T14:53:18,2021,5,22,42.616122,21.419895,5,,,Prishtinë / Priština,Prishtinë / Priština,HUMAN_OBSERVATION,,,Cory,Cory,iNaturalist,Observations,79793646,50c9509d-22c7-4a22-a47d-8c48425ef4a7,CC_BY_NC_4_0,COORDINATE_ROUNDED;COUNTRY_DERIVED_FROM_COORDINATES;CONTINENT_DERIVED_FROM_COORDINATES;TAXON_ID_NOT_FOUND,Habitats,IV
3307203470,"Lacerta trilineata Bedriaga, 1886",Lacerta trilineata,Balkan Emerald Lizard,Animalia,Chordata,Squamata,,Lacertidae,Lacerta,SPECIES,6159197,6159197,LC,Least Concern,2018-05-15T17:00,2018,5,15,42.176072,21.296374,1872,,,Kaçanik / Kačanik,Ferizaj / Uroševac,HUMAN_OBSERVATION,,,Kai,Christoph Posch,iNaturalist,Observations,80455818,50c9509d-22c7-4a22-a47d-8c48425ef4a7,CC_BY_NC_4_0,COORDINATE_ROUNDED;COUNTRY_DERIVED_FROM_COORDINATES;CONTINENT_DERIVED_FROM_COORDINATES;TAXON_ID_NOT_FOUND,Habitats,IV
3302320079,Anacamptis pyramidalis (L.) Rich.,Anacamptis pyramidalis,Orchis Pyramidal,Plantae,Tracheophyta,Liliopsida,Asparagales,Orchidaceae,Anacamptis,SPECIES,2808330,2808330,NE,Not Evaluated,2021-05-30T16:11:23,2021,5,30,42.675489,21.201952,1013,,,Prishtinë / Priština,Prishtinë / Priština,HUMAN_OBSERVATION,,,Albert Krasniqi,Albert Krasniqi,iNaturalist,Observations,81087779,50c9509d-22c7-4a22-a47d-8c48425ef4a7,CC_BY_NC_4_0,COORDINATE_ROUNDED;COUNTRY_DERIVED_FROM_COORDINATES;CONTINENT_DERIVED_FROM_COORDINATES;TAXON_ID_NOT_FOUND,Habitats,II
3301953477,"Podarcis muralis (Laurenti, 1768)",Podarcis muralis,Common Wall Lizard,Animalia,Chordata,Squamata,,Lacertidae,Podarcis,SPECIES,2469188,2469188,LC,Least Concern,2021-05-27T16:26,2021,5,27,42.328767,20.558968,2,,,Gjakova / Đakovica,Gjakovë / Đakovica,HUMAN_OBSERVATION,,,Liridon Shala,Stamatis Kalogiannis,iNaturalist,Observations,80925547,50c9509d-22c7-4a22-a47d-8c48425ef4a7,CC_BY_NC_4_0,COORDINATE_ROUNDED;COUNTRY_DERIVED_FROM_COORDINATES;CONTINENT_DERIVED_FROM_COORDINATES;TAXON_ID_NOT_FOUND,Habitats,IV
3124844421,Bufotes viridis viridis,Bufotes viridis,Green Toad,Animalia,Chordata,Amphibia,Anura,Bufonidae,Bufotes,SUBSPECIES,9612974,9529916,LC,Least Concern,2018-05-15T16:23,2018,5,15,42.175267,21.294183,1814,,,Kaçanik / Kačanik,Ferizaj / Uroševac,HUMAN_OBSERVATION,,,Kai,Kai,iNaturalist,Observations,80401481,50c9509d-22c7-4a22-a47d-8c48425ef4a7,CC_BY_NC_4_0,COORDINATE_ROUNDED;COUNTRY_DERIVED_FROM_COORDINATES;CONTINENT_DERIVED_FROM_COORDINATES;TAXON_ID_NOT_FOUND,Habitats,IV
3124753148,"Zamenis longissimus (Laurenti, 1768)",Zamenis longissimus,Aesculapian Snake,Animalia,Chordata,Squamata,,Colubridae,Zamenis,SPECIES,2458538,2458538,LC,Least Concern,2018-05-07T10:56,2018,5,7,42.508099,20.983809,1171,,,Lipjan / Lipljan,Prishtinë / Priština,HUMAN_OBSERVATION,,,Kai,Kai,iNaturalist,Observations,80402514,50c9509d-22c7-4a22-a47d-8c48425ef4a7,CC_BY_NC_4_0,COORDINATE_ROUNDED;COUNTRY_DERIVED_FROM_COORDINATES;CONTINENT_DERIVED_FROM_COORDINATES;TAXON_ID_NOT_FOUND,Habitats,IV
3124751433,"Vipera ammodytes (Linnaeus, 1758)",Vipera ammodytes,Nose-Horned Viper,Animalia,Chordata,Squamata,,Viperidae,Vipera,SPECIES,2444308,2444308,LC,Least Concern,2018-05-09T11:28,2018,5,9,42.170564,20.829182,47,,,Prizreni / Prizren,Prizren,HUMAN_OBSERVATION,,,Kai,Kai,iNaturalist,Observations,80401463,50c9509d-22c7-4a22-a47d-8c48425ef4a7,CC_BY_NC_4_0,COORDINATE_ROUNDED;COUNTRY_DERIVED_FROM_COORDINATES;CONTINENT_DERIVED_FROM_COORDINATES;TAXON_ID_NOT_FOUND,Habitats,IV
3117857289,"Morimus funereus Mulsant, 1862",Morimus funereus,Cerambice Funereo,Animalia,Arthropoda,Insecta,Coleoptera,Cerambycidae,Morimus,SPECIES,1119288,1119288,VU,Vulnerable,2021-05-16T16:38:12,2021,5,16,42.675313,21.2129,2038,,,Prishtinë / Priština,Prishtinë / Priština,HUMAN_OBSERVATION,,,Albert Krasniqi,Albert Krasniqi,iNaturalist,Observations,79202761,50c9509d-22c7-4a22-a47d-8c48425ef4a7,CC_BY_NC_4_0,COORDINATE_ROUNDED;COUNTRY_DERIVED_FROM_COORDINATES;CONTINENT_DERIVED_FROM_COORDINATES;TAXON_ID_NOT_FOUND,Habitats,II
3112422163,"Zamenis longissimus (Laurenti, 1768)",Zamenis longissimus,Aesculapian Snake,Animalia,Chordata,Squamata,,Colubridae,Zamenis,SPECIES,2458538,2458538,LC,Least Concern,2018-05-07T10:48,2018,5,7,42.507413,20.982857,500,,,Lipjan / Lipljan,Prishtinë / Priština,HUMAN_OBSERVATION,,,thephoxinus,thephoxinus,iNaturalist,Observations,77226485,50c9509d-22c7-4a22-a47d-8c48425ef4a7,CC_BY_NC_4_0,COORDINATE_ROUNDED;COUNTRY_DERIVED_FROM_COORDINATES;CONTINENT_DERIVED_FROM_COORDINATES;TAXON_ID_NOT_FOUND,Habitats,IV
3031582520,"Rhinolophus ferrumequinum (Schreber, 1774)",Rhinolophus ferrumequinum,Greater Horseshoe Bat,Animalia,Chordata,Mammalia,Chiroptera,Rhinolophidae,Rhinolophus,SPECIES,2432655,2432655,LC,Least Concern,2019-09-01T18:02:34,2019,9,1,42.321594,20.449358,,,,Gjakova / Đakovica,Gjakovë / Đakovica,HUMAN_OBSERVATION,,,Liridon Shala,Liridon Shala,iNaturalist,Observations,31955134,50c9509d-22c7-4a22-a47d-8c48425ef4a7,CC_BY_NC_4_0,COORDINATE_ROUNDED;COUNTRY_DERIVED_FROM_COORDINATES;CONTINENT_DERIVED_FROM_COORDINATES;TAXON_ID_NOT_FOUND,Habitats,II
2999145725,"Lacerta viridis (Laurenti, 1768)",Lacerta viridis,Smaragdeidechse,Animalia,Chordata,Squamata,,Lacertidae,Lacerta,SPECIES,6159273,6159273,LC,Least Concern,2019-07-31T14:19,2019,7,31,42.259118,21.04411,,,,Shtërpcë / Štrpce,Ferizaj / Uroševac,HUMAN_OBSERVATION,,,Christian Kropf,Christian Kropf,iNaturalist,Observations,66154925,50c9509d-22c7-4a22-a47d-8c48425ef4a7,CC_BY_NC_4_0,COORDINATE_ROUNDED;COUNTRY_DERIVED_FROM_COORDINATES;CONTINENT_DERIVED_FROM_COORDINATES;TAXON_ID_NOT_FOUND,Habitats,IV
2999138116,"Lacerta viridis (Laurenti, 1768)",Lacerta viridis,Smaragdeidechse,Animalia,Chordata,Squamata,,Lacertidae,Lacerta,SPECIES,6159273,6159273,LC,Least Concern,2017-05-21T17:46,2017,5,21,42.611658,21.303308,25,,,Prishtinë / Priština,Prishtinë / Priština,HUMAN_OBSERVATION,,,thephoxinus,Siegfried Troidl,iNaturalist,Observations,66345101,50c9509d-22c7-4a22-a47d-8c48425ef4a7,CC_BY_NC_4_0,COORDINATE_ROUNDED;COUNTRY_DERIVED_FROM_COORDINATES;CONTINENT_DERIVED_FROM_COORDINATES;TAXON_ID_NOT_FOUND,Habitats,IV
2999085131,"Podarcis muralis (Laurenti, 1768)",Podarcis muralis,Common Wall Lizard,Animalia,Chordata,Squamata,,Lacertidae,Podarcis,SPECIES,2469188,2469188,LC,Least Concern,2017-05-06T12:34,2017,5,6,42.528194,20.282751,700,,,Deçan / Dečani,Gjakovë / Đakovica,HUMAN_OBSERVATION,,,thephoxinus,thephoxinus,iNaturalist,Observations,66346108,50c9509d-22c7-4a22-a47d-8c48425ef4a7,CC_BY_NC_4_0,COORDINATE_ROUNDED;COUNTRY_DERIVED_FROM_COORDINATES;CONTINENT_DERIVED_FROM_COORDINATES;TAXON_ID_NOT_FOUND,Habitats,IV
2999080751,"Podarcis muralis (Laurenti, 1768)",Podarcis muralis,Common Wall Lizard,Animalia,Chordata,Squamata,,Lacertidae,Podarcis,SPECIES,2469188,2469188,LC,Least Concern,2019-07-30T12:59,2019,7,30,42.204642,20.752392,,,,Prizreni / Prizren,Prizren,HUMAN_OBSERVATION,,,Christian Kropf,Christian Kropf,iNaturalist,Observations,66154683,50c9509d-22c7-4a22-a47d-8c48425ef4a7,CC_BY_NC_4_0,COORDINATE_ROUNDED;COUNTRY_DERIVED_FROM_COORDINATES;CONTINENT_DERIVED_FROM_COORDINATES;TAXON_ID_NOT_FOUND,Habitats,IV
2999077922,"Vipera ammodytes (Linnaeus, 1758)",Vipera ammodytes,Nose-Horned Viper,Animalia,Chordata,Squamata,,Viperidae,Vipera,SPECIES,2444308,2444308,LC,Least Concern,2018-05-09T11:29,2018,5,9,42.170538,20.829087,100,,,Prizreni / Prizren,Prizren,HUMAN_OBSERVATION,,,thephoxinus,Stamatis Kalogiannis,iNaturalist,Observations,66257093,50c9509d-22c7-4a22-a47d-8c48425ef4a7,CC_BY_NC_4_0,COORDINATE_ROUNDED;COUNTRY_DERIVED_FROM_COORDINATES;CONTINENT_DERIVED_FROM_COORDINATES;TAXON_ID_NOT_FOUND,Habitats,IV
2999059939,"Bombina variegata (Linnaeus, 1758)",Bombina variegata,Yellow-Bellied Toad,Animalia,Chordata,Amphibia,Anura,Bombinatoridae,Bombina,SPECIES,2423435,2423435,LC,Least Concern,2018-05-07T11:11,2018,5,7,42.514311,20.984633,250,,,Lipjan / Lipljan,Prishtinë / Priština,HUMAN_OBSERVATION,,,thephoxinus,thephoxinus,iNaturalist,Observations,66259981,50c9509d-22c7-4a22-a47d-8c48425ef4a7,CC_BY_NC_4_0,COORDINATE_ROUNDED;COUNTRY_DERIVED_FROM_COORDINATES;CONTINENT_DERIVED_FROM_COORDINATES;TAXON_ID_NOT_FOUND,Habitats,II; IV
2999038962,"Lacerta viridis (Laurenti, 1768)",Lacerta viridis,Smaragdeidechse,Animalia,Chordata,Squamata,,Lacertidae,Lacerta,SPECIES,6159273,6159273,LC,Least Concern,2018-05-09T11:56,2018,5,9,42.170538,20.829087,100,,,Prizreni / Prizren,Prizren,HUMAN_OBSERVATION,,,thephoxinus,thephoxinus,iNaturalist,Observations,66257092,50c9509d-22c7-4a22-a47d-8c48425ef4a7,CC_BY_NC_4_0,COORDINATE_ROUNDED;COUNTRY_DERIVED_FROM_COORDINATES;CONTINENT_DERIVED_FROM_COORDINATES;TAXON_ID_NOT_FOUND,Habitats,IV
2992870115,"Testudo hermanni boettgeri Mojsisovics, 1889",Testudo hermanni,Hermann's Tortoise,Animalia,Chordata,Testudines,,Testudinidae,Testudo,SUBSPECIES,6156781,2441454,VU,Vulnerable,2019-07-29T12:57,2019,7,29,42.250255,20.486384,27661,,,Prizreni / Prizren,Prizren,HUMAN_OBSERVATION,,,Christian Kropf,Christian Kropf,iNaturalist,Observations,66049538,50c9509d-22c7-4a22-a47d-8c48425ef4a7,CC_BY_NC_4_0,COORDINATE_ROUNDED;COUNTRY_DERIVED_FROM_COORDINATES;CONTINENT_DERIVED_FROM_COORDINATES;TAXON_ID_NOT_FOUND,Habitats,II; IV
2992767091,"Lucanus cervus (Linnaeus, 1758)",Lucanus cervus,Stag Beetle,Animalia,Arthropoda,Insecta,Coleoptera,Lucanidae,Lucanus,SPECIES,5743122,5743122,NE,Not Evaluated,2019-07-29T12:49,2019,7,29,42.286712,20.52636,,,,Prizreni / Prizren,Prizren,HUMAN_OBSERVATION,,,Christian Kropf,fabian0,iNaturalist,Observations,66049484,50c9509d-22c7-4a22-a47d-8c48425ef4a7,CC_BY_NC_4_0,COORDINATE_ROUNDED;COUNTRY_DERIVED_FROM_COORDINATES;CONTINENT_DERIVED_FROM_COORDINATES;TAXON_ID_NOT_FOUND,Habitats,II
2988591876,"Testudo hermanni Gmelin, 1789",Testudo hermanni,Hermann's Tortoise,Animalia,Chordata,Testudines,,Testudinidae,Testudo,SPECIES,2441454,2441454,VU,Vulnerable,2020-11-11T16:33,2020,11,11,42.959301,20.927684,27568,,,Mitrovica / Kosovska Mitrovica,Mitrovicë / Kosovska Mitrovica,HUMAN_OBSERVATION,,,Kseniia Marianna Prondzynska,Kseniia Marianna Prondzynska,iNaturalist,Observations,64673716,50c9509d-22c7-4a22-a47d-8c48425ef4a7,CC_BY_4_0,COORDINATE_ROUNDED;COUNTRY_DERIVED_FROM_COORDINATES;CONTINENT_DERIVED_FROM_COORDINATES;TAXON_ID_NOT_FOUND,Habitats,II; IV
2984564626,"Podarcis muralis (Laurenti, 1768)",Podarcis muralis,Common Wall Lizard,Animalia,Chordata,Squamata,,Lacertidae,Podarcis,SPECIES,2469188,2469188,LC,Least Concern,2020-11-08T12:59,2020,11,8,42.670961,21.201747,197,,,Prishtinë / Priština,Prishtinë / Priština,HUMAN_OBSERVATION,,,Kseniia Marianna Prondzynska,Kseniia Marianna Prondzynska,iNaturalist,Observations,64433710,50c9509d-22c7-4a22-a47d-8c48425ef4a7,CC_BY_4_0,COORDINATE_ROUNDED;COUNTRY_DERIVED_FROM_COORDINATES;CONTINENT_DERIVED_FROM_COORDINATES;TAXON_ID_NOT_FOUND,Habitats,IV
2984548676,"Podarcis muralis (Laurenti, 1768)",Podarcis muralis,Common Wall Lizard,Animalia,Chordata,Squamata,,Lacertidae,Podarcis,SPECIES,2469188,2469188,LC,Least Concern,2020-11-08T14:08,2020,11,8,42.671558,21.201596,208,,,Prishtinë / Priština,Prishtinë / Priština,HUMAN_OBSERVATION,,,Kseniia Marianna Prondzynska,Kseniia Marianna Prondzynska,iNaturalist,Observations,64433709,50c9509d-22c7-4a22-a47d-8c48425ef4a7,CC_BY_4_0,COORDINATE_ROUNDED;COUNTRY_DERIVED_FROM_COORDINATES;CONTINENT_DERIVED_FROM_COORDINATES;TAXON_ID_NOT_FOUND,Habitats,IV
2984503936,"Lacerta viridis (Laurenti, 1768)",Lacerta viridis,Smaragdeidechse,Animalia,Chordata,Squamata,,Lacertidae,Lacerta,SPECIES,6159273,6159273,LC,Least Concern,2020-11-11T15:17,2020,11,11,42.904586,20.847655,244,,,Zveçan / Zvečan,Mitrovicë / Kosovska Mitrovica,HUMAN_OBSERVATION,,,Kseniia Marianna Prondzynska,Kseniia Marianna Prondzynska,iNaturalist,Observations,64673220,50c9509d-22c7-4a22-a47d-8c48425ef4a7,CC_BY_4_0,COORDINATE_ROUNDED;COUNTRY_DERIVED_FROM_COORDINATES;CONTINENT_DERIVED_FROM_COORDINATES;TAXON_ID_NOT_FOUND,Habitats,IV
2984502957,"Podarcis muralis (Laurenti, 1768)",Podarcis muralis,Common Wall Lizard,Animalia,Chordata,Squamata,,Lacertidae,Podarcis,SPECIES,2469188,2469188,LC,Least Concern,2020-11-11T15:55,2020,11,11,42.904586,20.847655,244,,,Zveçan / Zvečan,Mitrovicë / Kosovska Mitrovica,HUMAN_OBSERVATION,,,Kseniia Marianna Prondzynska,Kseniia Marianna Prondzynska,iNaturalist,Observations,64673079,50c9509d-22c7-4a22-a47d-8c48425ef4a7,CC_BY_4_0,COORDINATE_ROUNDED;COUNTRY_DERIVED_FROM_COORDINATES;CONTINENT_DERIVED_FROM_COORDINATES;TAXON_ID_NOT_FOUND,Habitats,IV
2984443779,"Podarcis muralis (Laurenti, 1768)",Podarcis muralis,Common Wall Lizard,Animalia,Chordata,Squamata,,Lacertidae,Podarcis,SPECIES,2469188,2469188,LC,Least Concern,2020-11-09T15:42,2020,11,9,42.37003,20.420742,70,,,Gjakova / Đakovica,Gjakovë / Đakovica,HUMAN_OBSERVATION,,,Kseniia Marianna Prondzynska,Kseniia Marianna Prondzynska,iNaturalist,Observations,64532215,50c9509d-22c7-4a22-a47d-8c48425ef4a7,CC_BY_4_0,COORDINATE_ROUNDED;COUNTRY_DERIVED_FROM_COORDINATES;CONTINENT_DERIVED_FROM_COORDINATES;TAXON_ID_NOT_FOUND,Habitats,IV
2984442920,"Lacerta viridis (Laurenti, 1768)",Lacerta viridis,Smaragdeidechse,Animalia,Chordata,Squamata,,Lacertidae,Lacerta,SPECIES,6159273,6159273,LC,Least Concern,2020-11-11T15:16,2020,11,11,42.904586,20.847655,199,,,Zveçan / Zvečan,Mitrovicë / Kosovska Mitrovica,HUMAN_OBSERVATION,,,Kseniia Marianna Prondzynska,Kseniia Marianna Prondzynska,iNaturalist,Observations,64673426,50c9509d-22c7-4a22-a47d-8c48425ef4a7,CC_BY_4_0,COUNTRY_DERIVED_FROM_COORDINATES;CONTINENT_DERIVED_FROM_COORDINATES;TAXON_ID_NOT_FOUND,Habitats,IV
2984390768,"Podarcis muralis (Laurenti, 1768)",Podarcis muralis,Common Wall Lizard,Animalia,Chordata,Squamata,,Lacertidae,Podarcis,SPECIES,2469188,2469188,LC,Least Concern,2020-11-09T15:53,2020,11,9,42.369943,20.420489,75,,,Gjakova / Đakovica,Gjakovë / Đakovica,HUMAN_OBSERVATION,,,Kseniia Marianna Prondzynska,Kseniia Marianna Prondzynska,iNaturalist,Observations,64532565,50c9509d-22c7-4a22-a47d-8c48425ef4a7,CC_BY_4_0,COORDINATE_ROUNDED;COUNTRY_DERIVED_FROM_COORDINATES;CONTINENT_DERIVED_FROM_COORDINATES;TAXON_ID_NOT_FOUND,Habitats,IV
2984371677,"Podarcis muralis (Laurenti, 1768)",Podarcis muralis,Common Wall Lizard,Animalia,Chordata,Squamata,,Lacertidae,Podarcis,SPECIES,2469188,2469188,LC,Least Concern,2020-11-08T14:02,2020,11,8,42.670457,21.202273,208,,,Prishtinë / Priština,Prishtinë / Priština,HUMAN_OBSERVATION,,,Kseniia Marianna Prondzynska,Kseniia Marianna Prondzynska,iNaturalist,Observations,64433711,50c9509d-22c7-4a22-a47d-8c48425ef4a7,CC_BY_4_0,COORDINATE_ROUNDED;COUNTRY_DERIVED_FROM_COORDINATES;CONTINENT_DERIVED_FROM_COORDINATES;TAXON_ID_NOT_FOUND,Habitats,IV
2901688770,"Capra hircus Linnaeus, 1758",Capra hircus,Domestic Goat,Animalia,Chordata,Mammalia,Artiodactyla,Bovidae,Capra,SPECIES,2441056,2441056,NE,Not Evaluated,2018-04-02T11:13,2018,4,2,42.772752,20.474737,1000,,,Istog / Istok,Pejë / Peć,HUMAN_OBSERVATION,,,thephoxinus,odocoileus,iNaturalist,Observations,62820511,50c9509d-22c7-4a22-a47d-8c48425ef4a7,CC_BY_NC_4_0,COORDINATE_ROUNDED;COUNTRY_DERIVED_FROM_COORDINATES;CONTINENT_DERIVED_FROM_COORDINATES;TAXON_ID_NOT_FOUND,Habitats,II; IV
2862536709,"Lacerta viridis (Laurenti, 1768)",Lacerta viridis,Smaragdeidechse,Animalia,Chordata,Squamata,,Lacertidae,Lacerta,SPECIES,6159273,6159273,LC,Least Concern,2020-09-05T14:09:11,2020,9,5,42.362095,21.247537,,,,Ferizaj / Uroševac,Ferizaj / Uroševac,HUMAN_OBSERVATION,,,Cory,Cory,iNaturalist,Observations,58597921,50c9509d-22c7-4a22-a47d-8c48425ef4a7,CC_BY_NC_4_0,COORDINATE_ROUNDED;COUNTRY_DERIVED_FROM_COORDINATES;CONTINENT_DERIVED_FROM_COORDINATES;TAXON_ID_NOT_FOUND,Habitats,IV
2856736725,"Testudo hermanni Gmelin, 1789",Testudo hermanni,Hermann's Tortoise,Animalia,Chordata,Testudines,,Testudinidae,Testudo,SPECIES,2441454,2441454,VU,Vulnerable,2019-10-13T07:57:45,2019,10,13,42.747538,20.740546,27599,,,Skënderaj / Srbica,Mitrovicë / Kosovska Mitrovica,HUMAN_OBSERVATION,,,arsimi,arsimi,iNaturalist,Observations,57200082,50c9509d-22c7-4a22-a47d-8c48425ef4a7,CC_BY_NC_4_0,COORDINATE_ROUNDED;COUNTRY_DERIVED_FROM_COORDINATES;CONTINENT_DERIVED_FROM_COORDINATES;TAXON_ID_NOT_FOUND,Habitats,II; IV
2840680627,"Lacerta viridis (Laurenti, 1768)",Lacerta viridis,Smaragdeidechse,Animalia,Chordata,Squamata,,Lacertidae,Lacerta,SPECIES,6159273,6159273,LC,Least Concern,2013-05-31,2013,5,31,42.523921,20.575733,100,,Klina,Klinë / Klina,Pejë / Peć,HUMAN_OBSERVATION,1,,User 11292,,,,,8a863029-f435-446a-821e-275f4f641165,CC_BY_NC_4_0,,Habitats,IV
2840581230,"Rupicapra rupicapra (Linnaeus, 1758)",Rupicapra rupicapra,Chamois,Animalia,Chordata,Mammalia,Artiodactyla,Bovidae,Rupicapra,SPECIES,5220170,5220170,LC,Least Concern,2011-05-30,2011,5,30,41.947717,20.687959,10,,Dragaš,Dragash / Dragaš,Prizren,HUMAN_OBSERVATION,2,,User 52614,,,,,8a863029-f435-446a-821e-275f4f641165,CC_BY_NC_4_0,,Habitats,V
2836442710,"Parnassius apollo (Linnaeus, 1758)",Parnassius apollo,Apollo,Animalia,Arthropoda,Insecta,Lepidoptera,Papilionidae,Parnassius,SPECIES,1938810,1938810,LC,Least Concern,2017-07-22,2017,7,22,42.720556,20.088056,100,,Pec,Pejë / Peć,Pejë / Peć,HUMAN_OBSERVATION,1,,User 14699,,,,,8a863029-f435-446a-821e-275f4f641165,CC_BY_NC_4_0,,Habitats,IV
2835709806,"Aricia anteros (Freyer, 1838)",Polyommatus eros,Eros Blue,Animalia,Arthropoda,Insecta,Lepidoptera,Lycaenidae,Polyommatus,SPECIES,9195563,5140244,NE,Not Evaluated,2013-05-29,2013,5,29,42.730882,20.058467,10,,Pec,Pejë / Peć,Pejë / Peć,HUMAN_OBSERVATION,1,,User 11292,,,,,8a863029-f435-446a-821e-275f4f641165,CC_BY_NC_4_0,,Habitats,II; IV
2802624816,"Morimus funereus Mulsant, 1862",Morimus funereus,Cerambice Funereo,Animalia,Arthropoda,Insecta,Coleoptera,Cerambycidae,Morimus,SPECIES,1119288,1119288,VU,Vulnerable,2020-06-20T15:47:11,2020,6,20,42.675679,21.20691,9,,,Prishtinë / Priština,Prishtinë / Priština,HUMAN_OBSERVATION,,,flokqi,flokqi,iNaturalist,Observations,50264200,50c9509d-22c7-4a22-a47d-8c48425ef4a7,CC_BY_NC_4_0,COORDINATE_ROUNDED;COUNTRY_DERIVED_FROM_COORDINATES;CONTINENT_DERIVED_FROM_COORDINATES;TAXON_ID_NOT_FOUND,Habitats,II
2648056511,Anacamptis pyramidalis (L.) Rich.,Anacamptis pyramidalis,Orchis Pyramidal,Plantae,Tracheophyta,Liliopsida,Asparagales,Orchidaceae,Anacamptis,SPECIES,2808330,2808330,NE,Not Evaluated,2019-05-31T20:21:43.340Z,2019,5,31,42.690711,21.161226,24,,,Prishtinë / Priština,Prishtinë / Priština,HUMAN_OBSERVATION,1,,,,,,,14d5676a-2c54-4f94-9023-1e8dcd822aa0,CC_BY_4_0,COORDINATE_ROUNDED;COUNTRY_DERIVED_FROM_COORDINATES;CONTINENT_DERIVED_FROM_COORDINATES,Habitats,II
2645417439,Anacamptis pyramidalis (L.) Rich.,Anacamptis pyramidalis,Orchis Pyramidal,Plantae,Tracheophyta,Liliopsida,Asparagales,Orchidaceae,Anacamptis,SPECIES,2808330,2808330,NE,Not Evaluated,2019-05-31T20:16:44.098Z,2019,5,31,42.690665,21.161286,30,,,Prishtinë / Priština,Prishtinë / Priština,HUMAN_OBSERVATION,1,,,,,,,14d5676a-2c54-4f94-9023-1e8dcd822aa0,CC_BY_4_0,COORDINATE_ROUNDED;COUNTRY_DERIVED_FROM_COORDINATES;CONTINENT_DERIVED_FROM_COORDINATES,Habitats,II
2641297362,"Lucanus cervus (Linnaeus, 1758)",Lucanus cervus,Stag Beetle,Animalia,Arthropoda,Insecta,Coleoptera,Lucanidae,Lucanus,SPECIES,5743122,5743122,NE,Not Evaluated,2019-07-13T17:52:01,2019,7,13,42.673049,21.215037,4208,,,Prishtinë / Priština,Prishtinë / Priština,HUMAN_OBSERVATION,,,Albert Krasniqi,jmmaes,iNaturalist,Observations,28762489,50c9509d-22c7-4a22-a47d-8c48425ef4a7,CC_BY_NC_4_0,COORDINATE_ROUNDED;COUNTRY_DERIVED_FROM_COORDINATES;CONTINENT_DERIVED_FROM_COORDINATES;TAXON_ID_NOT_FOUND,Habitats,II
2626342065,"Podarcis muralis (Laurenti, 1768)",Podarcis muralis,Common Wall Lizard,Animalia,Chordata,Squamata,,Lacertidae,Podarcis,SPECIES,2469188,2469188,LC,Least Concern,2020-05-17T13:23:54Z,2020,5,17,42.166634,20.831067,12754,,,Prizreni / Prizren,Prizren,HUMAN_OBSERVATION,,,loriku,loriku,iNaturalist,Observations,46284711,50c9509d-22c7-4a22-a47d-8c48425ef4a7,CC_BY_NC_4_0,COORDINATE_ROUNDED;COUNTRY_DERIVED_FROM_COORDINATES;CONTINENT_DERIVED_FROM_COORDINATES;TAXON_ID_NOT_FOUND,Habitats,IV
2626275153,Bufotes viridis viridis,Bufotes viridis,Green Toad,Animalia,Chordata,Amphibia,Anura,Bufonidae,Bufotes,SUBSPECIES,9612974,9529916,LC,Least Concern,2018-05-09T19:25,2018,5,9,42.162335,21.256616,236,,,Kaçanik / Kačanik,Ferizaj / Uroševac,HUMAN_OBSERVATION,,,thephoxinus,thephoxinus,iNaturalist,Observations,45264123,50c9509d-22c7-4a22-a47d-8c48425ef4a7,CC_BY_NC_4_0,COORDINATE_ROUNDED;COUNTRY_DERIVED_FROM_COORDINATES;CONTINENT_DERIVED_FROM_COORDINATES;TAXON_ID_NOT_FOUND,Habitats,IV
2626243489,"Euphydryas aurinia (Rottemburg, 1775)",Euphydryas aurinia,Marsh Fritillary,Animalia,Arthropoda,Insecta,Lepidoptera,Nymphalidae,Euphydryas,SPECIES,4535809,4535809,NE,Not Evaluated,2020-05-09T03:49,2020,5,9,42.582574,21.058821,43,,,Fushë Kosovë / Kosovo Polje,Prishtinë / Priština,HUMAN_OBSERVATION,,,Shawn Waddoups,Pekka Malinen,iNaturalist,Observations,45395774,50c9509d-22c7-4a22-a47d-8c48425ef4a7,CC_BY_NC_4_0,COORDINATE_ROUNDED;COUNTRY_DERIVED_FROM_COORDINATES;CONTINENT_DERIVED_FROM_COORDINATES;TAXON_ID_NOT_FOUND,Habitats,II
2626106705,"Hyla arborea (Linnaeus, 1758)",Hyla arborea,Common Tree Frog,Animalia,Chordata,Amphibia,Anura,Hylidae,Hyla,SPECIES,2427573,2427573,LC,Least Concern,2020-05-09T08:26,2020,5,9,42.578198,21.044209,43,,,Fushë Kosovë / Kosovo Polje,Prishtinë / Priština,HUMAN_OBSERVATION,,,Shawn Waddoups,franciscodocampo,iNaturalist,Observations,45399091,50c9509d-22c7-4a22-a47d-8c48425ef4a7,CC_BY_NC_4_0,COORDINATE_ROUNDED;COUNTRY_DERIVED_FROM_COORDINATES;CONTINENT_DERIVED_FROM_COORDINATES;TAXON_ID_NOT_FOUND,Habitats,IV
2619946937,"Zamenis longissimus (Laurenti, 1768)",Zamenis longissimus,Aesculapian Snake,Animalia,Chordata,Squamata,,Colubridae,Zamenis,SPECIES,2458538,2458538,LC,Least Concern,2020-05-01T18:22,2020,5,1,42.661909,20.250595,977,,,Pejë / Peć,Pejë / Peć,HUMAN_OBSERVATION,,,ertoni,ertoni,iNaturalist,Observations,44487646,50c9509d-22c7-4a22-a47d-8c48425ef4a7,CC_BY_NC_4_0,COORDINATE_ROUNDED;COUNTRY_DERIVED_FROM_COORDINATES;CONTINENT_DERIVED_FROM_COORDINATES;TAXON_ID_NOT_FOUND,Habitats,IV
2576318941,"Podarcis tauricus (Pallas, 1814)",Podarcis tauricus,Taurische Eidechse,Animalia,Chordata,Squamata,,Lacertidae,Podarcis,SPECIES,2469065,2469065,LC,Least Concern,2020-03-05T13:44,2020,3,5,42.263368,20.678013,,,,Prizreni / Prizren,Prizren,HUMAN_OBSERVATION,,,Liridon Shala,Siegfried Troidl,iNaturalist,Observations,39588412,50c9509d-22c7-4a22-a47d-8c48425ef4a7,CC_BY_NC_4_0,COORDINATE_ROUNDED;COUNTRY_DERIVED_FROM_COORDINATES;CONTINENT_DERIVED_FROM_COORDINATES;TAXON_ID_NOT_FOUND,Habitats,IV
2573812400,Galanthus nivalis L.,Galanthus nivalis,Snowdrop,Plantae,Tracheophyta,Liliopsida,Asparagales,Amaryllidaceae,Galanthus,SPECIES,2855356,2855356,NT,Near Threatened,2018-04-10T15:39,2018,4,10,42.506189,20.228136,1134,,,Deçan / Dečani,Gjakovë / Đakovica,HUMAN_OBSERVATION,,,thephoxinus,thephoxinus,iNaturalist,Observations,36980972,50c9509d-22c7-4a22-a47d-8c48425ef4a7,CC_BY_NC_4_0,COORDINATE_ROUNDED;COUNTRY_DERIVED_FROM_COORDINATES;CONTINENT_DERIVED_FROM_COORDINATES;TAXON_ID_NOT_FOUND,Habitats,V
2563477465,"Podarcis muralis (Laurenti, 1768)",Podarcis muralis,Common Wall Lizard,Animalia,Chordata,Squamata,,Lacertidae,Podarcis,SPECIES,2469188,2469188,LC,Least Concern,2018-04-10T14:37,2018,4,10,42.506506,20.234659,838,,,Deçan / Dečani,Gjakovë / Đakovica,HUMAN_OBSERVATION,,,thephoxinus,Mina Zaki,iNaturalist,Observations,36980557,50c9509d-22c7-4a22-a47d-8c48425ef4a7,CC_BY_NC_4_0,COORDINATE_ROUNDED;COUNTRY_DERIVED_FROM_COORDINATES;CONTINENT_DERIVED_FROM_COORDINATES;TAXON_ID_NOT_FOUND,Habitats,IV
2563434168,"Pelophylax ridibundus (Pallas, 1771)",Pelophylax ridibundus,Marsh Frog,Animalia,Chordata,Amphibia,Anura,Ranidae,Pelophylax,SPECIES,2426661,2426661,LC,Least Concern,2018-10-08T15:48,2018,10,8,42.525049,20.58027,1052,,,Klinë / Klina,Pejë / Peć,HUMAN_OBSERVATION,,,Albert Krasniqi,egzon,iNaturalist,Observations,17320937,50c9509d-22c7-4a22-a47d-8c48425ef4a7,CC_BY_NC_4_0,COORDINATE_ROUNDED;COUNTRY_DERIVED_FROM_COORDINATES;CONTINENT_DERIVED_FROM_COORDINATES;TAXON_ID_NOT_FOUND,Habitats,V
2563430955,"Lacerta viridis (Laurenti, 1768)",Lacerta viridis,Smaragdeidechse,Animalia,Chordata,Squamata,,Lacertidae,Lacerta,SPECIES,6159273,6159273,LC,Least Concern,2018-05-20T13:31:55,2018,5,20,42.57497,21.57429,39,,,Kamenicë / Kosovska Kamenica,Gjilan / Gnjilane,HUMAN_OBSERVATION,,,Besnik Jakupi,Ilias Strachinis,iNaturalist,Observations,13279809,50c9509d-22c7-4a22-a47d-8c48425ef4a7,CC_BY_NC_4_0,COORDINATE_ROUNDED;COUNTRY_DERIVED_FROM_COORDINATES;CONTINENT_DERIVED_FROM_COORDINATES;TAXON_ID_NOT_FOUND,Habitats,IV
2465151304,"Lacerta viridis (Laurenti, 1768)",Lacerta viridis,Smaragdeidechse,Animalia,Chordata,Squamata,,Lacertidae,Lacerta,SPECIES,6159273,6159273,LC,Least Concern,2017-04-16T15:28,2017,4,16,42.671227,21.20371,292,,,Prishtinë / Priština,Prishtinë / Priština,HUMAN_OBSERVATION,,,thephoxinus,Ilias Strachinis,iNaturalist,Observations,35160121,50c9509d-22c7-4a22-a47d-8c48425ef4a7,CC_BY_NC_4_0,COORDINATE_ROUNDED;COUNTRY_DERIVED_FROM_COORDINATES;CONTINENT_DERIVED_FROM_COORDINATES;TAXON_ID_NOT_FOUND,Habitats,IV
2460030609,"Ursus arctos arctos Linnaeus, 1758",Ursus arctos,Brown Bear,Animalia,Chordata,Mammalia,Carnivora,Ursidae,Ursus,SUBSPECIES,7193950,2433433,LC,Least Concern,2019-11-21T02:39:57,2019,11,21,42.202435,20.988426,,,,Shtërpcë / Štrpce,Ferizaj / Uroševac,HUMAN_OBSERVATION,,,Liridon Shala,fishlegsingerman,iNaturalist,Observations,35915758,50c9509d-22c7-4a22-a47d-8c48425ef4a7,CC_BY_NC_4_0,COORDINATE_ROUNDED;COUNTRY_DERIVED_FROM_COORDINATES;CONTINENT_DERIVED_FROM_COORDINATES;TAXON_ID_NOT_FOUND,Habitats,II; IV
2451712164,"Rana graeca Boulenger, 1891",Rana graeca,Griechischer Frosch,Animalia,Chordata,Amphibia,Anura,Ranidae,Rana,SPECIES,2426795,2426795,LC,Least Concern,2018-03-18T12:23,2018,3,18,42.486522,20.278325,106,,,Deçan / Dečani,Gjakovë / Đakovica,HUMAN_OBSERVATION,,,thephoxinus,thephoxinus,iNaturalist,Observations,35256851,50c9509d-22c7-4a22-a47d-8c48425ef4a7,CC_BY_NC_4_0,COORDINATE_ROUNDED;COUNTRY_DERIVED_FROM_COORDINATES;CONTINENT_DERIVED_FROM_COORDINATES;TAXON_ID_NOT_FOUND,Habitats,IV
2451693787,"Lucanus cervus (Linnaeus, 1758)",Lucanus cervus,Stag Beetle,Animalia,Arthropoda,Insecta,Coleoptera,Lucanidae,Lucanus,SPECIES,5743122,5743122,NE,Not Evaluated,2017-07-08T20:37,2017,7,8,42.737475,20.308697,434,,,Istog / Istok,Pejë / Peć,HUMAN_OBSERVATION,,,thephoxinus,thephoxinus,iNaturalist,Observations,35196452,50c9509d-22c7-4a22-a47d-8c48425ef4a7,CC_BY_NC_4_0,COORDINATE_ROUNDED;COUNTRY_DERIVED_FROM_COORDINATES;CONTINENT_DERIVED_FROM_COORDINATES;TAXON_ID_NOT_FOUND,Habitats,II
2451693378,"Lucanus cervus (Linnaeus, 1758)",Lucanus cervus,Stag Beetle,Animalia,Arthropoda,Insecta,Coleoptera,Lucanidae,Lucanus,SPECIES,5743122,5743122,NE,Not Evaluated,2017-07-06T19:11,2017,7,6,42.531717,20.594213,57,,,Klinë / Klina,Pejë / Peć,HUMAN_OBSERVATION,,,thephoxinus,thephoxinus,iNaturalist,Observations,35192173,50c9509d-22c7-4a22-a47d-8c48425ef4a7,CC_BY_NC_4_0,COORDINATE_ROUNDED;COUNTRY_DERIVED_FROM_COORDINATES;CONTINENT_DERIVED_FROM_COORDINATES;TAXON_ID_NOT_FOUND,Habitats,II
2451686043,"Parnassius mnemosyne (Linnaeus, 1758)",Parnassius mnemosyne,Clouded Apollo,Animalia,Arthropoda,Insecta,Lepidoptera,Papilionidae,Parnassius,SPECIES,1938520,1938520,LC,Least Concern,2018-05-11T11:07,2018,5,11,42.222784,21.169091,1000,,,Kaçanik / Kačanik,Ferizaj / Uroševac,HUMAN_OBSERVATION,,,thephoxinus,thephoxinus,iNaturalist,Observations,35171545,50c9509d-22c7-4a22-a47d-8c48425ef4a7,CC_BY_NC_4_0,COUNTRY_DERIVED_FROM_COORDINATES;CONTINENT_DERIVED_FROM_COORDINATES;TAXON_ID_NOT_FOUND,Habitats,IV
2429211669,"Coronella austriaca Laurenti, 1768",Coronella austriaca,Smooth Snake,Animalia,Chordata,Squamata,,Colubridae,Coronella,SPECIES,5959617,5959617,LC,Least Concern,2019-06-16T16:22:41,2019,6,16,42.666167,21.222031,2104,,,Prishtinë / Priština,Prishtinë / Priština,HUMAN_OBSERVATION,,,Albert Krasniqi,Ilias Strachinis,iNaturalist,Observations,27372779,50c9509d-22c7-4a22-a47d-8c48425ef4a7,CC_BY_NC_4_0,COORDINATE_ROUNDED;COUNTRY_DERIVED_FROM_COORDINATES;CONTINENT_DERIVED_FROM_COORDINATES;TAXON_ID_NOT_FOUND,Habitats,IV
2423084986,"Coronella austriaca Laurenti, 1768",Coronella austriaca,Smooth Snake,Animalia,Chordata,Squamata,,Colubridae,Coronella,SPECIES,5959617,5959617,LC,Least Concern,2019-06-20T00:01:26,2019,6,20,42.662485,21.224191,1052,,,Prishtinë / Priština,Prishtinë / Priština,HUMAN_OBSERVATION,,,Albert Krasniqi,Matteo Sartori,iNaturalist,Observations,32781615,50c9509d-22c7-4a22-a47d-8c48425ef4a7,CC_BY_NC_4_0,COORDINATE_ROUNDED;COUNTRY_DERIVED_FROM_COORDINATES;CONTINENT_DERIVED_FROM_COORDINATES;TAXON_ID_NOT_FOUND,Habitats,IV
2422901712,"Podarcis muralis (Laurenti, 1768)",Podarcis muralis,Common Wall Lizard,Animalia,Chordata,Squamata,,Lacertidae,Podarcis,SPECIES,2469188,2469188,LC,Least Concern,2019-09-03T11:03:15,2019,9,3,42.167011,20.569757,,,,Prizreni / Prizren,Prizren,HUMAN_OBSERVATION,,,Liridon Shala,Liridon Shala,iNaturalist,Observations,32093446,50c9509d-22c7-4a22-a47d-8c48425ef4a7,CC_BY_NC_4_0,COORDINATE_ROUNDED;COUNTRY_DERIVED_FROM_COORDINATES;CONTINENT_DERIVED_FROM_COORDINATES;TAXON_ID_NOT_FOUND,Habitats,IV
2397644622,"Morimus funereus Mulsant, 1862",Morimus funereus,Cerambice Funereo,Animalia,Arthropoda,Insecta,Coleoptera,Cerambycidae,Morimus,SPECIES,1119288,1119288,VU,Vulnerable,2017-04-16,2017,4,16,42.662076,21.221552,1094,,,Prishtinë / Priština,Prishtinë / Priština,HUMAN_OBSERVATION,,,thephoxinus,thephoxinus,iNaturalist,Observations,31839067,50c9509d-22c7-4a22-a47d-8c48425ef4a7,CC_BY_NC_4_0,COORDINATE_ROUNDED;COUNTRY_DERIVED_FROM_COORDINATES;CONTINENT_DERIVED_FROM_COORDINATES;TAXON_ID_NOT_FOUND,Habitats,II
2397642321,"Lucanus cervus (Linnaeus, 1758)",Lucanus cervus,Stag Beetle,Animalia,Arthropoda,Insecta,Coleoptera,Lucanidae,Lucanus,SPECIES,5743122,5743122,NE,Not Evaluated,2018-05-28,2018,5,28,42.367526,21.032114,250,,,Ferizaj / Uroševac,Ferizaj / Uroševac,HUMAN_OBSERVATION,,,thephoxinus,thephoxinus,iNaturalist,Observations,31831574,50c9509d-22c7-4a22-a47d-8c48425ef4a7,CC_BY_NC_4_0,COORDINATE_ROUNDED;COUNTRY_DERIVED_FROM_COORDINATES;CONTINENT_DERIVED_FROM_COORDINATES;TAXON_ID_NOT_FOUND,Habitats,II
2366079928,"Podarcis muralis (Laurenti, 1768)",Podarcis muralis,Common Wall Lizard,Animalia,Chordata,Squamata,,Lacertidae,Podarcis,SPECIES,2469188,2469188,LC,Least Concern,2019-08-17T15:08:54,2019,8,17,42.453673,20.585852,526,,,Rahovec / Orahovac,Gjakovë / Đakovica,HUMAN_OBSERVATION,,,Liridon Shala,Liridon Shala,iNaturalist,Observations,31040418,50c9509d-22c7-4a22-a47d-8c48425ef4a7,CC_BY_NC_4_0,COORDINATE_ROUNDED;COUNTRY_DERIVED_FROM_COORDINATES;CONTINENT_DERIVED_FROM_COORDINATES;TAXON_ID_NOT_FOUND,Habitats,IV
2366010231,"Parnassius mnemosyne (Linnaeus, 1758)",Parnassius mnemosyne,Clouded Apollo,Animalia,Arthropoda,Insecta,Lepidoptera,Papilionidae,Parnassius,SPECIES,1938520,1938520,LC,Least Concern,2018-08-25T23:22,2018,8,25,42.824807,21.345011,31,,,Podujevë / Podujevo,Prishtinë / Priština,HUMAN_OBSERVATION,,,Rieff Perçuku,,iNaturalist,Observations,15887501,50c9509d-22c7-4a22-a47d-8c48425ef4a7,CC_BY_NC_4_0,COORDINATE_ROUNDED;COUNTRY_DERIVED_FROM_COORDINATES;CONTINENT_DERIVED_FROM_COORDINATES;TAXON_ID_NOT_FOUND,Habitats,IV
2331912722,"Coronella austriaca Laurenti, 1768",Coronella austriaca,Smooth Snake,Animalia,Chordata,Squamata,,Colubridae,Coronella,SPECIES,5959617,5959617,LC,Least Concern,2019-06-15T15:27:01,2019,6,15,42.679595,21.2168,8415,,,Prishtinë / Priština,Prishtinë / Priština,HUMAN_OBSERVATION,,,Albert Krasniqi,Albert Krasniqi,iNaturalist,Observations,30235923,50c9509d-22c7-4a22-a47d-8c48425ef4a7,CC_BY_NC_4_0,COORDINATE_ROUNDED;COUNTRY_DERIVED_FROM_COORDINATES;CONTINENT_DERIVED_FROM_COORDINATES;TAXON_ID_NOT_FOUND,Habitats,IV
2311370150,"Parnassius mnemosyne (Linnaeus, 1758)",Parnassius mnemosyne,Clouded Apollo,Animalia,Arthropoda,Insecta,Lepidoptera,Papilionidae,Parnassius,SPECIES,1938520,1938520,LC,Least Concern,2019-06-28T11:54,2019,6,28,42.162566,20.969338,122,,,Shtërpcë / Štrpce,Ferizaj / Uroševac,HUMAN_OBSERVATION,,,joopverbrugh,joopverbrugh,iNaturalist,Observations,29771548,50c9509d-22c7-4a22-a47d-8c48425ef4a7,CC_BY_NC_4_0,COORDINATE_ROUNDED;COUNTRY_DERIVED_FROM_COORDINATES;CONTINENT_DERIVED_FROM_COORDINATES;TAXON_ID_NOT_FOUND,Habitats,IV
2311368690,"Erebia ottomana Herrich-Schäffer, 1847",Erebia tyndarus,Swiss Brassy Ringlet,Animalia,Arthropoda,Insecta,Lepidoptera,Nymphalidae,Erebia,SPECIES,5134917,8233062,LC,Least Concern,2019-06-27T11:34,2019,6,27,41.967178,20.711372,122,,,Dragash / Dragaš,Prizren,HUMAN_OBSERVATION,,,joopverbrugh,joopverbrugh,iNaturalist,Observations,29771159,50c9509d-22c7-4a22-a47d-8c48425ef4a7,CC_BY_NC_4_0,COORDINATE_ROUNDED;COUNTRY_DERIVED_FROM_COORDINATES;CONTINENT_DERIVED_FROM_COORDINATES;TAXON_ID_NOT_FOUND,Habitats,II; IV
2294414089,"Pelophylax ridibundus (Pallas, 1771)",Pelophylax ridibundus,Marsh Frog,Animalia,Chordata,Amphibia,Anura,Ranidae,Pelophylax,SPECIES,2426661,2426661,LC,Least Concern,2019-05-02T11:35:24,2019,5,2,42.237394,20.647073,66,,,Prizreni / Prizren,Prizren,HUMAN_OBSERVATION,,,Liridon Shala,Vladimir Tkalčić,iNaturalist,Observations,24412704,50c9509d-22c7-4a22-a47d-8c48425ef4a7,CC_BY_NC_4_0,COORDINATE_ROUNDED;COUNTRY_DERIVED_FROM_COORDINATES;CONTINENT_DERIVED_FROM_COORDINATES;TAXON_ID_NOT_FOUND,Habitats,V
2283214245,Anacamptis pyramidalis (L.) Rich.,Anacamptis pyramidalis,Orchis Pyramidal,Plantae,Tracheophyta,Liliopsida,Asparagales,Orchidaceae,Anacamptis,SPECIES,2808330,2808330,NE,Not Evaluated,2019-06-11,2019,6,11,42.661935,20.263656,66,,,Pejë / Peć,Pejë / Peć,HUMAN_OBSERVATION,,,nadifarkas,nadifarkas,iNaturalist,Observations,28393201,50c9509d-22c7-4a22-a47d-8c48425ef4a7,CC_BY_NC_4_0,COORDINATE_ROUNDED;COUNTRY_DERIVED_FROM_COORDINATES;CONTINENT_DERIVED_FROM_COORDINATES;TAXON_ID_NOT_FOUND,Habitats,II
2283213489,Orchis mascula (L.) L.,Orchis mascula,Early-Purple Orchid,Plantae,Tracheophyta,Liliopsida,Asparagales,Orchidaceae,Orchis,SPECIES,2849427,2849427,NE,Not Evaluated,2019-06-10,2019,6,10,42.676328,20.101544,2104,,,Pejë / Peć,Pejë / Peć,HUMAN_OBSERVATION,,,nadifarkas,nadifarkas,iNaturalist,Observations,28392115,50c9509d-22c7-4a22-a47d-8c48425ef4a7,CC_BY_NC_4_0,COORDINATE_ROUNDED;COUNTRY_DERIVED_FROM_COORDINATES;CONTINENT_DERIVED_FROM_COORDINATES;TAXON_ID_NOT_FOUND,Habitats,IV
2283092687,"Morimus funereus Mulsant, 1862",Morimus funereus,Cerambice Funereo,Animalia,Arthropoda,Insecta,Coleoptera,Cerambycidae,Morimus,SPECIES,1119288,1119288,VU,Vulnerable,2019-05-12T23:40,2019,5,12,42.671793,21.215654,155,,,Prishtinë / Priština,Prishtinë / Priština,HUMAN_OBSERVATION,,,franciscodocampo,Francesco Vitali,iNaturalist,Observations,27959114,50c9509d-22c7-4a22-a47d-8c48425ef4a7,CC_BY_4_0,COORDINATE_ROUNDED;COUNTRY_DERIVED_FROM_COORDINATES;CONTINENT_DERIVED_FROM_COORDINATES;TAXON_ID_NOT_FOUND,Habitats,II
2265904319,"Lucanus cervus (Linnaeus, 1758)",Lucanus cervus,Stag Beetle,Animalia,Arthropoda,Insecta,Coleoptera,Lucanidae,Lucanus,SPECIES,5743122,5743122,NE,Not Evaluated,2019-06-13T18:08,2019,6,13,42.669626,21.215676,488,,,Prishtinë / Priština,Prishtinë / Priština,HUMAN_OBSERVATION,,,Albert Krasniqi,Albert Krasniqi,iNaturalist,Observations,26937676,50c9509d-22c7-4a22-a47d-8c48425ef4a7,CC_BY_NC_4_0,COORDINATE_ROUNDED;COUNTRY_DERIVED_FROM_COORDINATES;CONTINENT_DERIVED_FROM_COORDINATES;TAXON_ID_NOT_FOUND,Habitats,II
2265881944,"Morimus funereus Mulsant, 1862",Morimus funereus,Cerambice Funereo,Animalia,Arthropoda,Insecta,Coleoptera,Cerambycidae,Morimus,SPECIES,1119288,1119288,VU,Vulnerable,2019-06-10T09:22:35,2019,6,10,42.515862,20.983061,,,,Lipjan / Lipljan,Prishtinë / Priština,HUMAN_OBSERVATION,,,Liridon Shala,TOUROULT Julien,iNaturalist,Observations,26831266,50c9509d-22c7-4a22-a47d-8c48425ef4a7,CC_BY_NC_4_0,COORDINATE_ROUNDED;COUNTRY_DERIVED_FROM_COORDINATES;CONTINENT_DERIVED_FROM_COORDINATES;TAXON_ID_NOT_FOUND,Habitats,II
2265845752,"Coronella austriaca Laurenti, 1768",Coronella austriaca,Smooth Snake,Animalia,Chordata,Squamata,,Colubridae,Coronella,SPECIES,5959617,5959617,LC,Least Concern,2019-06-09T20:49:07,2019,6,9,42.674285,21.221035,4208,,,Prishtinë / Priština,Prishtinë / Priština,HUMAN_OBSERVATION,,,Albert Krasniqi,Albert Krasniqi,iNaturalist,Observations,26693303,50c9509d-22c7-4a22-a47d-8c48425ef4a7,CC_BY_NC_4_0,COORDINATE_ROUNDED;COUNTRY_DERIVED_FROM_COORDINATES;CONTINENT_DERIVED_FROM_COORDINATES;TAXON_ID_NOT_FOUND,Habitats,IV
2252017818,"Morimus funereus Mulsant, 1862",Morimus funereus,Cerambice Funereo,Animalia,Arthropoda,Insecta,Coleoptera,Cerambycidae,Morimus,SPECIES,1119288,1119288,VU,Vulnerable,2019-06-02T18:45,2019,6,2,42.902955,21.030198,526,,,Vushtrri / Vucitrn,Mitrovicë / Kosovska Mitrovica,HUMAN_OBSERVATION,,,Rieff Perçuku,TOUROULT Julien,iNaturalist,Observations,26258887,50c9509d-22c7-4a22-a47d-8c48425ef4a7,CC_BY_NC_4_0,COORDINATE_ROUNDED;COUNTRY_DERIVED_FROM_COORDINATES;CONTINENT_DERIVED_FROM_COORDINATES;TAXON_ID_NOT_FOUND,Habitats,II
2251955666,"Morimus funereus Mulsant, 1862",Morimus funereus,Cerambice Funereo,Animalia,Arthropoda,Insecta,Coleoptera,Cerambycidae,Morimus,SPECIES,1119288,1119288,VU,Vulnerable,2019-05-29T02:51:08,2019,5,29,42.671266,21.221466,4208,,,Prishtinë / Priština,Prishtinë / Priština,HUMAN_OBSERVATION,,,Albert Krasniqi,Albert Krasniqi,iNaturalist,Observations,26006525,50c9509d-22c7-4a22-a47d-8c48425ef4a7,CC_BY_NC_4_0,COORDINATE_ROUNDED;COUNTRY_DERIVED_FROM_COORDINATES;CONTINENT_DERIVED_FROM_COORDINATES;TAXON_ID_NOT_FOUND,Habitats,II
2249942958,BOLD:ACE5396,Polyommatus eros,Eros Blue,Animalia,Arthropoda,Insecta,Lepidoptera,Lycaenidae,Polyommatus,UNRANKED,10615721,5140244,NE,Not Evaluated,2008-06-22,2008,6,22,43,20.7,,,Debelo Brdo,Zveçan / Zvečan,Mitrovicë / Kosovska Mitrovica,MATERIAL_SAMPLE,,,,,"Mined from GenBank, NCBI",,,040c5662-da76-4782-a48e-cdea1892d14c,CC_BY_4_0,GEODETIC_DATUM_ASSUMED_WGS84;CONTINENT_DERIVED_FROM_COORDINATES;INSTITUTION_MATCH_NONE;TAXON_CONCEPT_ID_NOT_FOUND;TAXON_ID_NOT_FOUND,Habitats,II; IV
2249496893,BOLD:ACI1995,Austropotamobius torrentium,Steinkrebs,Animalia,Arthropoda,Malacostraca,Decapoda,Astacidae,Austropotamobius,UNRANKED,9851843,4417555,LC,Least Concern,,,,,42.602634,20.902977,,,,Gllogovc / Glogovac,Prishtinë / Priština,MATERIAL_SAMPLE,,,,,"Mined from GenBank, NCBI",,JN683353,040c5662-da76-4782-a48e-cdea1892d14c,CC_BY_4_0,GEODETIC_DATUM_ASSUMED_WGS84;CONTINENT_DERIVED_FROM_COORDINATES;INSTITUTION_MATCH_NONE;TAXON_ID_NOT_FOUND;TAXON_CONCEPT_ID_NOT_FOUND,Habitats,II; V
2249495624,BOLD:ACI1994,Austropotamobius torrentium,Steinkrebs,Animalia,Arthropoda,Malacostraca,Decapoda,Astacidae,Austropotamobius,UNRANKED,10491039,4417555,LC,Least Concern,,,,,42.602634,20.902977,,,,Gllogovc / Glogovac,Prishtinë / Priština,MATERIAL_SAMPLE,,,,,"Mined from GenBank, NCBI",,JF293439,040c5662-da76-4782-a48e-cdea1892d14c,CC_BY_4_0,GEODETIC_DATUM_ASSUMED_WGS84;CONTINENT_DERIVED_FROM_COORDINATES;INSTITUTION_MATCH_NONE;TAXON_ID_NOT_FOUND;TAXON_CONCEPT_ID_NOT_FOUND,Habitats,II; V
2244264346,"Zamenis longissimus (Laurenti, 1768)",Zamenis longissimus,Aesculapian Snake,Animalia,Chordata,Squamata,,Colubridae,Zamenis,SPECIES,2458538,2458538,LC,Least Concern,2019-05-19T17:45:44,2019,5,19,42.6751,21.224158,1052,,,Prishtinë / Priština,Prishtinë / Priština,HUMAN_OBSERVATION,,,Albert Krasniqi,Alexey Katz,iNaturalist,Observations,25389253,50c9509d-22c7-4a22-a47d-8c48425ef4a7,CC_BY_NC_4_0,COORDINATE_ROUNDED;COUNTRY_DERIVED_FROM_COORDINATES;CONTINENT_DERIVED_FROM_COORDINATES;TAXON_ID_NOT_FOUND,Habitats,IV
2242801475,"Lacerta viridis (Laurenti, 1768)",Lacerta viridis,Smaragdeidechse,Animalia,Chordata,Squamata,,Lacertidae,Lacerta,SPECIES,6159273,6159273,LC,Least Concern,2019-05-02T12:21:46,2019,5,2,42.232688,20.654294,33,,,Prizreni / Prizren,Prizren,HUMAN_OBSERVATION,,,Liridon Shala,Liridon Shala,iNaturalist,Observations,24412907,50c9509d-22c7-4a22-a47d-8c48425ef4a7,CC_BY_NC_4_0,COORDINATE_ROUNDED;COUNTRY_DERIVED_FROM_COORDINATES;CONTINENT_DERIVED_FROM_COORDINATES;TAXON_ID_NOT_FOUND,Habitats,IV
2238785625,Galanthus nivalis L.,Galanthus nivalis,Snowdrop,Plantae,Tracheophyta,Liliopsida,Asparagales,Amaryllidaceae,Galanthus,SPECIES,2855356,2855356,NT,Near Threatened,2019-03-25T09:56,2019,3,25,42.955234,20.994564,1587,,,Mitrovica / Kosovska Mitrovica,Mitrovicë / Kosovska Mitrovica,HUMAN_OBSERVATION,,,egzon,egzon,iNaturalist,Observations,21694073,50c9509d-22c7-4a22-a47d-8c48425ef4a7,CC_BY_NC_4_0,COORDINATE_ROUNDED;COUNTRY_DERIVED_FROM_COORDINATES;CONTINENT_DERIVED_FROM_COORDINATES;TAXON_ID_NOT_FOUND,Habitats,V
2236876932,"Podarcis muralis (Laurenti, 1768)",Podarcis muralis,Common Wall Lizard,Animalia,Chordata,Squamata,,Lacertidae,Podarcis,SPECIES,2469188,2469188,LC,Least Concern,2019-04-07T14:17:07,2019,4,7,42.230927,20.641157,,,,Prizreni / Prizren,Prizren,HUMAN_OBSERVATION,,,Liridon Shala,Liridon Shala,iNaturalist,Observations,22488864,50c9509d-22c7-4a22-a47d-8c48425ef4a7,CC_BY_NC_4_0,COORDINATE_ROUNDED;COUNTRY_DERIVED_FROM_COORDINATES;CONTINENT_DERIVED_FROM_COORDINATES;TAXON_ID_NOT_FOUND,Habitats,IV
2236252652,"Podarcis tauricus (Pallas, 1814)",Podarcis tauricus,Taurische Eidechse,Animalia,Chordata,Squamata,,Lacertidae,Podarcis,SPECIES,2469065,2469065,LC,Least Concern,2019-04-07T14:15:06,2019,4,7,42.23115,20.640449,526,,,Prizreni / Prizren,Prizren,HUMAN_OBSERVATION,,,Liridon Shala,Siegfried Troidl,iNaturalist,Observations,22181257,50c9509d-22c7-4a22-a47d-8c48425ef4a7,CC_BY_NC_4_0,COORDINATE_ROUNDED;COUNTRY_DERIVED_FROM_COORDINATES;CONTINENT_DERIVED_FROM_COORDINATES;TAXON_ID_NOT_FOUND,Habitats,IV
2235521575,"Zerynthia polyxena (Denis & Schiffermüller) , 1775",Zerynthia polyxena,Osterluzeifalter,Animalia,Arthropoda,Insecta,Lepidoptera,Papilionidae,Zerynthia,SPECIES,5141262,5141262,NE,Not Evaluated,2019-03-31T09:30:17,2019,3,31,42.256016,20.573367,526,,,Prizreni / Prizren,Prizren,HUMAN_OBSERVATION,,,Liridon Shala,jkt,iNaturalist,Observations,21862302,50c9509d-22c7-4a22-a47d-8c48425ef4a7,CC_BY_NC_4_0,COORDINATE_ROUNDED;COUNTRY_DERIVED_FROM_COORDINATES;CONTINENT_DERIVED_FROM_COORDINATES;TAXON_ID_NOT_FOUND,Habitats,IV
2235520470,"Lacerta viridis (Laurenti, 1768)",Lacerta viridis,Smaragdeidechse,Animalia,Chordata,Squamata,,Lacertidae,Lacerta,SPECIES,6159273,6159273,LC,Least Concern,2019-03-31T13:29:51,2019,3,31,42.260372,20.580536,,,,Prizreni / Prizren,Prizren,HUMAN_OBSERVATION,,,Liridon Shala,Tom Kirschey,iNaturalist,Observations,21862886,50c9509d-22c7-4a22-a47d-8c48425ef4a7,CC_BY_NC_4_0,COORDINATE_ROUNDED;COUNTRY_DERIVED_FROM_COORDINATES;CONTINENT_DERIVED_FROM_COORDINATES;TAXON_ID_NOT_FOUND,Habitats,IV
2235479799,"Lacerta viridis (Laurenti, 1768)",Lacerta viridis,Smaragdeidechse,Animalia,Chordata,Squamata,,Lacertidae,Lacerta,SPECIES,6159273,6159273,LC,Least Concern,2019-03-28T12:31,2019,3,28,42.525396,20.589094,977,,,Klinë / Klina,Pejë / Peć,HUMAN_OBSERVATION,,,Albert Krasniqi,Siegfried Troidl,iNaturalist,Observations,21715398,50c9509d-22c7-4a22-a47d-8c48425ef4a7,CC_BY_NC_4_0,COORDINATE_ROUNDED;COUNTRY_DERIVED_FROM_COORDINATES;CONTINENT_DERIVED_FROM_COORDINATES;TAXON_ID_NOT_FOUND,Habitats,IV
2028465236,"Ablepharus kitaibelii Bibron & Bory St-Vincent, 1833",Ablepharus kitaibelii,Snake-Eyed Skink,Animalia,Chordata,Squamata,,Scincidae,Ablepharus,SPECIES,8120403,8120403,LC,Least Concern,2019-03-15T23:11,2019,3,15,42.675368,21.210823,488,,,Prishtinë / Priština,Prishtinë / Priština,HUMAN_OBSERVATION,,,Albert Krasniqi,Albert Krasniqi,iNaturalist,Observations,21300313,50c9509d-22c7-4a22-a47d-8c48425ef4a7,CC_BY_NC_4_0,COORDINATE_ROUNDED;COUNTRY_DERIVED_FROM_COORDINATES;CONTINENT_DERIVED_FROM_COORDINATES;TAXON_ID_NOT_FOUND,Habitats,IV
2013022718,"Podarcis muralis (Laurenti, 1768)",Podarcis muralis,Common Wall Lizard,Animalia,Chordata,Squamata,,Lacertidae,Podarcis,SPECIES,2469188,2469188,LC,Least Concern,2019-03-06T14:41:38,2019,3,6,42.166596,20.57948,17,,,Prizreni / Prizren,Prizren,HUMAN_OBSERVATION,,,Liridon Shala,Liridon Shala,iNaturalist,Observations,21033080,50c9509d-22c7-4a22-a47d-8c48425ef4a7,CC_BY_NC_4_0,COORDINATE_ROUNDED;COUNTRY_DERIVED_FROM_COORDINATES;CONTINENT_DERIVED_FROM_COORDINATES;TAXON_ID_NOT_FOUND,Habitats,IV
2005267812,"Lucanus cervus (Linnaeus, 1758)",Lucanus cervus,Stag Beetle,Animalia,Arthropoda,Insecta,Coleoptera,Lucanidae,Lucanus,SPECIES,5743122,5743122,NE,Not Evaluated,2018-08-12T13:47:08,2018,8,12,42.661185,21.243347,2104,,,Prishtinë / Priština,Prishtinë / Priština,HUMAN_OBSERVATION,,,Albert Krasniqi,jmmaes,iNaturalist,Observations,16643863,50c9509d-22c7-4a22-a47d-8c48425ef4a7,CC_BY_NC_4_0,COORDINATE_ROUNDED;COUNTRY_DERIVED_FROM_COORDINATES;CONTINENT_DERIVED_FROM_COORDINATES;TAXON_ID_NOT_FOUND,Habitats,II
1990497573,"Podarcis tauricus (Pallas, 1814)",Podarcis tauricus,Taurische Eidechse,Animalia,Chordata,Squamata,,Lacertidae,Podarcis,SPECIES,2469065,2469065,LC,Least Concern,2018-10-12T16:29,2018,10,12,42.209465,20.745823,4,,,Prizreni / Prizren,Prizren,HUMAN_OBSERVATION,,,Michael Barth,Michael Barth,iNaturalist,Observations,19636282,50c9509d-22c7-4a22-a47d-8c48425ef4a7,CC_BY_NC_4_0,COORDINATE_ROUNDED;COUNTRY_DERIVED_FROM_COORDINATES;CONTINENT_DERIVED_FROM_COORDINATES;TAXON_ID_NOT_FOUND,Habitats,IV
1990497511,"Lacerta viridis (Laurenti, 1768)",Lacerta viridis,Smaragdeidechse,Animalia,Chordata,Squamata,,Lacertidae,Lacerta,SPECIES,6159273,6159273,LC,Least Concern,2018-10-12T16:31,2018,10,12,42.209614,20.745718,8,,,Prizreni / Prizren,Prizren,HUMAN_OBSERVATION,,,Michael Barth,Siegfried Troidl,iNaturalist,Observations,19636270,50c9509d-22c7-4a22-a47d-8c48425ef4a7,CC_BY_NC_4_0,COORDINATE_ROUNDED;COUNTRY_DERIVED_FROM_COORDINATES;CONTINENT_DERIVED_FROM_COORDINATES;TAXON_ID_NOT_FOUND,Habitats,IV
1978412316,Bufotes viridis viridis,Bufotes viridis,Green Toad,Animalia,Chordata,Amphibia,Anura,Bufonidae,Bufotes,SUBSPECIES,9612974,9529916,LC,Least Concern,2018-03-19T14:32:46,2018,3,19,42.663028,20.299962,10,,,Pejë / Peć,Pejë / Peć,HUMAN_OBSERVATION,,,aristonlipa,Daniele Seglie,iNaturalist,Observations,10308407,50c9509d-22c7-4a22-a47d-8c48425ef4a7,CC_BY_NC_4_0,COORDINATE_ROUNDED;COUNTRY_DERIVED_FROM_COORDINATES;CONTINENT_DERIVED_FROM_COORDINATES;TAXON_ID_NOT_FOUND,Habitats,IV
1944374817,"Pelophylax ridibundus (Pallas, 1771)",Pelophylax ridibundus,Marsh Frog,Animalia,Chordata,Amphibia,Anura,Ranidae,Pelophylax,SPECIES,2426661,2426661,LC,Least Concern,2015-05-27,2015,5,27,42.57957,21.046985,438,,,Fushë Kosovë / Kosovo Polje,Prishtinë / Priština,HUMAN_OBSERVATION,,,Michael,egzon,iNaturalist,Observations,1607133,50c9509d-22c7-4a22-a47d-8c48425ef4a7,CC_BY_NC_4_0,COUNTRY_DERIVED_FROM_COORDINATES;CONTINENT_DERIVED_FROM_COORDINATES;TAXON_ID_NOT_FOUND,Habitats,V
1933542056,"Lacerta viridis (Laurenti, 1768)",Lacerta viridis,Smaragdeidechse,Animalia,Chordata,Squamata,,Lacertidae,Lacerta,SPECIES,6159273,6159273,LC,Least Concern,2018-09-06T11:01,2018,9,6,42.524214,20.587077,122,,,Klinë / Klina,Pejë / Peć,HUMAN_OBSERVATION,,,Albert Krasniqi,Ilias Strachinis,iNaturalist,Observations,16268463,50c9509d-22c7-4a22-a47d-8c48425ef4a7,CC_BY_NC_4_0,COORDINATE_ROUNDED;COUNTRY_DERIVED_FROM_COORDINATES;CONTINENT_DERIVED_FROM_COORDINATES;TAXON_ID_NOT_FOUND,Habitats,IV
1914205811,"Podarcis muralis (Laurenti, 1768)",Podarcis muralis,Common Wall Lizard,Animalia,Chordata,Squamata,,Lacertidae,Podarcis,SPECIES,2469188,2469188,LC,Least Concern,2018-09-19T14:30:32,2018,9,19,42.524534,20.595898,1052,,,Klinë / Klina,Pejë / Peć,HUMAN_OBSERVATION,,,Albert Krasniqi,Albert Krasniqi,iNaturalist,Observations,16773347,50c9509d-22c7-4a22-a47d-8c48425ef4a7,CC_BY_NC_4_0,COORDINATE_ROUNDED;COUNTRY_DERIVED_FROM_COORDINATES;CONTINENT_DERIVED_FROM_COORDINATES;TAXON_ID_NOT_FOUND,Habitats,IV
1913668134,"Euplagia quadripunctaria (Poda, 1761)",Euplagia quadripunctaria,Jersey Tiger,Animalia,Arthropoda,Insecta,Lepidoptera,Erebidae,Euplagia,SPECIES,4532532,4532532,NE,Not Evaluated,2018-08-05T06:07,2018,8,5,42.674713,21.201352,244,,,Prishtinë / Priština,Prishtinë / Priština,HUMAN_OBSERVATION,,,Albert Krasniqi,Albert Krasniqi,iNaturalist,Observations,16525146,50c9509d-22c7-4a22-a47d-8c48425ef4a7,CC_BY_NC_4_0,COORDINATE_ROUNDED;COUNTRY_DERIVED_FROM_COORDINATES;CONTINENT_DERIVED_FROM_COORDINATES;TAXON_ID_NOT_FOUND,Habitats,II
1913199115,"Podarcis tauricus (Pallas, 1814)",Podarcis tauricus,Taurische Eidechse,Animalia,Chordata,Squamata,,Lacertidae,Podarcis,SPECIES,2469065,2469065,LC,Least Concern,2018-09-13T09:28,2018,9,13,42.523886,20.587769,122,,,Klinë / Klina,Pejë / Peć,HUMAN_OBSERVATION,,,Albert Krasniqi,Ilias Strachinis,iNaturalist,Observations,16499809,50c9509d-22c7-4a22-a47d-8c48425ef4a7,CC_BY_NC_4_0,COORDINATE_ROUNDED;COUNTRY_DERIVED_FROM_COORDINATES;CONTINENT_DERIVED_FROM_COORDINATES;TAXON_ID_NOT_FOUND,Habitats,IV
1899781821,"Bombina variegata (Linnaeus, 1758)",Bombina variegata,Yellow-Bellied Toad,Animalia,Chordata,Amphibia,Anura,Bombinatoridae,Bombina,SPECIES,2423435,2423435,LC,Least Concern,2018-08-26T13:20,2018,8,26,42.728432,21.289003,488,,,Prishtinë / Priština,Prishtinë / Priština,HUMAN_OBSERVATION,,,Albert Krasniqi,Ilias Strachinis,iNaturalist,Observations,15928194,50c9509d-22c7-4a22-a47d-8c48425ef4a7,CC_BY_NC_4_0,COORDINATE_ROUNDED;COUNTRY_DERIVED_FROM_COORDINATES;CONTINENT_DERIVED_FROM_COORDINATES;TAXON_ID_NOT_FOUND,Habitats,II; IV
1899781201,"Zamenis longissimus (Laurenti, 1768)",Zamenis longissimus,Aesculapian Snake,Animalia,Chordata,Squamata,,Colubridae,Zamenis,SPECIES,2458538,2458538,LC,Least Concern,2018-08-26T14:18:41,2018,8,26,42.740382,21.314122,2104,,,Prishtinë / Priština,Prishtinë / Priština,HUMAN_OBSERVATION,,,Albert Krasniqi,bobbyfingers,iNaturalist,Observations,15925823,50c9509d-22c7-4a22-a47d-8c48425ef4a7,CC_BY_NC_4_0,COORDINATE_ROUNDED;COUNTRY_DERIVED_FROM_COORDINATES;CONTINENT_DERIVED_FROM_COORDINATES;TAXON_ID_NOT_FOUND,Habitats,IV
1883922440,"Podarcis muralis (Laurenti, 1768)",Podarcis muralis,Common Wall Lizard,Animalia,Chordata,Squamata,,Lacertidae,Podarcis,SPECIES,2469188,2469188,LC,Least Concern,2014-10-11T22:30,2014,10,11,42.152456,21.261756,5577,,,Kaçanik / Kačanik,Ferizaj / Uroševac,HUMAN_OBSERVATION,,,Elmi Osmani,Elmi Osmani,iNaturalist,Observations,14550923,50c9509d-22c7-4a22-a47d-8c48425ef4a7,CC_BY_NC_4_0,COORDINATE_ROUNDED;COUNTRY_DERIVED_FROM_COORDINATES;CONTINENT_DERIVED_FROM_COORDINATES;TAXON_ID_NOT_FOUND,Habitats,IV
1880500021,"Lucanus cervus (Linnaeus, 1758)",Lucanus cervus,Stag Beetle,Animalia,Arthropoda,Insecta,Coleoptera,Lucanidae,Lucanus,SPECIES,5743122,5743122,NE,Not Evaluated,2018-06-17T18:14:56,2018,6,17,42.669445,21.218056,,,,Prishtinë / Priština,Prishtinë / Priština,HUMAN_OBSERVATION,,,Rieff Perçuku,Rieff Perçuku,iNaturalist,Observations,13519028,50c9509d-22c7-4a22-a47d-8c48425ef4a7,CC_BY_NC_4_0,COORDINATE_ROUNDED;COUNTRY_DERIVED_FROM_COORDINATES;CONTINENT_DERIVED_FROM_COORDINATES;TAXON_ID_NOT_FOUND,Habitats,II
1880498488,"Lucanus cervus (Linnaeus, 1758)",Lucanus cervus,Stag Beetle,Animalia,Arthropoda,Insecta,Coleoptera,Lucanidae,Lucanus,SPECIES,5743122,5743122,NE,Not Evaluated,2018-05-07T21:28,2018,5,7,42.583792,21.571256,488,,,Kamenicë / Kosovska Kamenica,Gjilan / Gnjilane,HUMAN_OBSERVATION,,,Qendrim Saqipi,Qendrim Saqipi,iNaturalist,Observations,13513063,50c9509d-22c7-4a22-a47d-8c48425ef4a7,CC_BY_NC_4_0,COORDINATE_ROUNDED;COUNTRY_DERIVED_FROM_COORDINATES;CONTINENT_DERIVED_FROM_COORDINATES;TAXON_ID_NOT_FOUND,Habitats,II
1880498478,"Lucanus cervus (Linnaeus, 1758)",Lucanus cervus,Stag Beetle,Animalia,Arthropoda,Insecta,Coleoptera,Lucanidae,Lucanus,SPECIES,5743122,5743122,NE,Not Evaluated,2018-05-07T21:15,2018,5,7,42.585561,21.574346,488,,,Kamenicë / Kosovska Kamenica,Gjilan / Gnjilane,HUMAN_OBSERVATION,,,Qendrim Saqipi,Qendrim Saqipi,iNaturalist,Observations,13513062,50c9509d-22c7-4a22-a47d-8c48425ef4a7,CC_BY_NC_4_0,COORDINATE_ROUNDED;COUNTRY_DERIVED_FROM_COORDINATES;CONTINENT_DERIVED_FROM_COORDINATES;TAXON_ID_NOT_FOUND,Habitats,II
1880498455,"Lucanus cervus (Linnaeus, 1758)",Lucanus cervus,Stag Beetle,Animalia,Arthropoda,Insecta,Coleoptera,Lucanidae,Lucanus,SPECIES,5743122,5743122,NE,Not Evaluated,2018-05-07T21:30,2018,5,7,42.582781,21.578466,488,,,Kamenicë / Kosovska Kamenica,Gjilan / Gnjilane,HUMAN_OBSERVATION,,,Qendrim Saqipi,Qendrim Saqipi,iNaturalist,Observations,13513064,50c9509d-22c7-4a22-a47d-8c48425ef4a7,CC_BY_NC_4_0,COORDINATE_ROUNDED;COUNTRY_DERIVED_FROM_COORDINATES;CONTINENT_DERIVED_FROM_COORDINATES;TAXON_ID_NOT_FOUND,Habitats,II
1880498397,"Lucanus cervus (Linnaeus, 1758)",Lucanus cervus,Stag Beetle,Animalia,Arthropoda,Insecta,Coleoptera,Lucanidae,Lucanus,SPECIES,5743122,5743122,NE,Not Evaluated,2018-05-07T21:11,2018,5,7,42.584803,21.567823,488,,,Kamenicë / Kosovska Kamenica,Gjilan / Gnjilane,HUMAN_OBSERVATION,,,Qendrim Saqipi,Qendrim Saqipi,iNaturalist,Observations,13513061,50c9509d-22c7-4a22-a47d-8c48425ef4a7,CC_BY_NC_4_0,COORDINATE_ROUNDED;COUNTRY_DERIVED_FROM_COORDINATES;CONTINENT_DERIVED_FROM_COORDINATES;TAXON_ID_NOT_FOUND,Habitats,II
1880498395,"Lucanus cervus (Linnaeus, 1758)",Lucanus cervus,Stag Beetle,Animalia,Arthropoda,Insecta,Coleoptera,Lucanidae,Lucanus,SPECIES,5743122,5743122,NE,Not Evaluated,2018-05-07T21:05,2018,5,7,42.586319,21.572286,488,,,Kamenicë / Kosovska Kamenica,Gjilan / Gnjilane,HUMAN_OBSERVATION,,,Qendrim Saqipi,Qendrim Saqipi,iNaturalist,Observations,13513060,50c9509d-22c7-4a22-a47d-8c48425ef4a7,CC_BY_NC_4_0,COORDINATE_ROUNDED;COUNTRY_DERIVED_FROM_COORDINATES;CONTINENT_DERIVED_FROM_COORDINATES;TAXON_ID_NOT_FOUND,Habitats,II
1848803647,"Euphydryas aurinia (Rottemburg, 1775)",Euphydryas aurinia,Marsh Fritillary,Animalia,Arthropoda,Insecta,Lepidoptera,Nymphalidae,Euphydryas,SPECIES,4535809,4535809,NE,Not Evaluated,2018-05-13T11:29:40,2018,5,13,42.633057,21.249445,,,,Prishtinë / Priština,Prishtinë / Priština,HUMAN_OBSERVATION,,,Rieff Perçuku,Rieff Perçuku,iNaturalist,Observations,13092656,50c9509d-22c7-4a22-a47d-8c48425ef4a7,CC_BY_NC_4_0,COORDINATE_ROUNDED;COUNTRY_DERIVED_FROM_COORDINATES;CONTINENT_DERIVED_FROM_COORDINATES;TAXON_ID_NOT_FOUND,Habitats,II
1848778977,"Rupicapra rupicapra balcanica Bolkay, 1925",Rupicapra rupicapra,Chamois,Animalia,Chordata,Mammalia,Artiodactyla,Bovidae,Rupicapra,SUBSPECIES,5706429,5220170,LC,Least Concern,2018-04-29T01:13,2018,4,29,42.664512,20.207979,488,,,Pejë / Peć,Pejë / Peć,HUMAN_OBSERVATION,,,Granit Hyseni,Agapakis Georgios,iNaturalist,Observations,12981285,50c9509d-22c7-4a22-a47d-8c48425ef4a7,CC_BY_NC_4_0,COORDINATE_ROUNDED;COUNTRY_DERIVED_FROM_COORDINATES;CONTINENT_DERIVED_FROM_COORDINATES;TAXON_ID_NOT_FOUND,Habitats,V
1830967907,Anthyllis scardica Wettst.,Anthyllis vulneraria,Kidney Vetch,Plantae,Tracheophyta,Magnoliopsida,Fabales,Fabaceae,Anthyllis,SPECIES,5352458,5352367,NE,Not Evaluated,1890-07-15,1890,7,15,42.20667,21.11917,1000,3050,"Albania: Scardus [Šar Planina], in cacumine montis Ljubitrn [Ljuboten, at the border of North Macedonia and Kosovo], ca. 3050 [?] m.",Kaçanik / Kačanik,Ferizaj / Uroševac,PRESERVED_SPECIMEN,,,"Dörfler,I. Iter turcicum s.n. [1890-07-15]",J. Cullen 1961,WU,Herbarium WU,0033707,0afba960-be3b-4202-a7de-736ae05aec9e,CC_BY_4_0,COUNTRY_DERIVED_FROM_COORDINATES;CONTINENT_DERIVED_FROM_COORDINATES;INSTITUTION_MATCH_FUZZY;COLLECTION_MATCH_FUZZY;SCIENTIFIC_NAME_ID_NOT_FOUND,Habitats,V
1610513611,"Barbus barbus (Linnaeus, 1758)",Barbus barbus,Barbel,Animalia,Chordata,,Cypriniformes,Cyprinidae,Barbus,SPECIES,5739539,5739539,LC,Least Concern,2006,2006,,,42.473283,21.505839,,,Južna Morava river-Bujanovac village village,Gjilani / Gnjilane,Gjilan / Gnjilane,OCCURRENCE,,,,,"Institute for Multidisciplinary Research, University of Belgrade",,,9c4e36c1-d3f9-49ce-8ec1-8c434fa9e6eb,CC0_1_0,COORDINATE_ROUNDED;GEODETIC_DATUM_ASSUMED_WGS84;CONTINENT_DERIVED_FROM_COORDINATES,Habitats,V
1610511098,"Salmo marmoratus Cuvier, 1829",Salmo marmoratus,Trota Marmorata,Animalia,Chordata,,Salmoniformes,Salmonidae,Salmo,SPECIES,2351630,2351630,VU,Vulnerable,1992,1992,,,42.169972,20.561806,,,Beli Drim river,Prizreni / Prizren,Prizren,OCCURRENCE,,,,,"Institute for Multidisciplinary Research, University of Belgrade",,,9c4e36c1-d3f9-49ce-8ec1-8c434fa9e6eb,CC0_1_0,COORDINATE_ROUNDED;GEODETIC_DATUM_ASSUMED_WGS84;CONTINENT_DERIVED_FROM_COORDINATES,Habitats,II
1610511061,"Cottus gobio Linnaeus, 1758",Cottus gobio,Groppe,Animalia,Chordata,,Scorpaeniformes,Cottidae,Cottus,SPECIES,7807208,7807208,LC,Least Concern,1992,1992,,,42.169972,20.561806,,,Beli Drim river,Prizreni / Prizren,Prizren,OCCURRENCE,,,,,"Institute for Multidisciplinary Research, University of Belgrade",,,9c4e36c1-d3f9-49ce-8ec1-8c434fa9e6eb,CC0_1_0,COORDINATE_ROUNDED;GEODETIC_DATUM_ASSUMED_WGS84;CONTINENT_DERIVED_FROM_COORDINATES,Habitats,II
1610511056,"Thymallus thymallus (Linnaeus, 1758)",Thymallus thymallus,Harr,Animalia,Chordata,,Salmoniformes,Salmonidae,Thymallus,SPECIES,5203999,5203999,LC,Least Concern,1988,1988,,,42.169972,20.561806,,,Beli Drim river,Prizreni / Prizren,Prizren,OCCURRENCE,,,,,"Institute for Multidisciplinary Research, University of Belgrade",,,9c4e36c1-d3f9-49ce-8ec1-8c434fa9e6eb,CC0_1_0,COORDINATE_ROUNDED;GEODETIC_DATUM_ASSUMED_WGS84;CONTINENT_DERIVED_FROM_COORDINATES,Habitats,V
1610511028,"Barbus Cuvier & Cloquet, 1816",,,Animalia,Chordata,,Cypriniformes,Cyprinidae,Barbus,GENUS,9183743,,,,1989,1989,,,42.169972,20.561806,,,Beli Drim river,Prizreni / Prizren,Prizren,OCCURRENCE,,,,,"Institute for Multidisciplinary Research, University of Belgrade",,,9c4e36c1-d3f9-49ce-8ec1-8c434fa9e6eb,CC0_1_0,COORDINATE_ROUNDED;GEODETIC_DATUM_ASSUMED_WGS84;CONTINENT_DERIVED_FROM_COORDINATES;TAXON_MATCH_HIGHERRANK,Habitats,V
1610511022,"Barbus balcanicus Kotlík, Tsigenopoulos, Ráb & Berrebi, 2002",Barbus balcanicus,Large-Spot Barbel,Animalia,Chordata,,Cypriniformes,Cyprinidae,Barbus,SPECIES,5206749,5206749,LC,Least Concern,1992,1992,,,42.50425,20.699194,,,Miruša river,Malishevë / Mališevo,Prizren,OCCURRENCE,,,,,"Institute for Multidisciplinary Research, University of Belgrade",,,9c4e36c1-d3f9-49ce-8ec1-8c434fa9e6eb,CC0_1_0,COORDINATE_ROUNDED;GEODETIC_DATUM_ASSUMED_WGS84;CONTINENT_DERIVED_FROM_COORDINATES,Habitats,V
1610510995,"Barbus Cuvier & Cloquet, 1816",,,Animalia,Chordata,,Cypriniformes,Cyprinidae,Barbus,GENUS,9183743,,,,1992,1992,,,42.169972,20.561806,,,Beli Drim river,Prizreni / Prizren,Prizren,OCCURRENCE,,,,,"Institute for Multidisciplinary Research, University of Belgrade",,,9c4e36c1-d3f9-49ce-8ec1-8c434fa9e6eb,CC0_1_0,COORDINATE_ROUNDED;GEODETIC_DATUM_ASSUMED_WGS84;CONTINENT_DERIVED_FROM_COORDINATES;TAXON_MATCH_HIGHERRANK,Habitats,V
1610510618,"Lampetra planeri (Bloch, 1784)",Lampetra planeri,Bachneunauge,Animalia,Chordata,Petromyzonti,Petromyzontiformes,Petromyzontidae,Lampetra,SPECIES,2421402,2421402,NT,Near Threatened,1998,1998,,,42.597139,20.529889,,,Pećka Bistrica river,Klinë / Klina,Pejë / Peć,OCCURRENCE,,,,,"Institute for Multidisciplinary Research, University of Belgrade",,,9c4e36c1-d3f9-49ce-8ec1-8c434fa9e6eb,CC0_1_0,COORDINATE_ROUNDED;GEODETIC_DATUM_ASSUMED_WGS84;CONTINENT_DERIVED_FROM_COORDINATES,Habitats,II
1610510609,"Lampetra planeri (Bloch, 1784)",Lampetra planeri,Bachneunauge,Animalia,Chordata,Petromyzonti,Petromyzontiformes,Petromyzontidae,Lampetra,SPECIES,2421402,2421402,NT,Near Threatened,1998,1998,,,42.691528,20.503917,,,Istočka river,Istog / Istok,Pejë / Peć,OCCURRENCE,,,,,"Institute for Multidisciplinary Research, University of Belgrade",,,9c4e36c1-d3f9-49ce-8ec1-8c434fa9e6eb,CC0_1_0,COORDINATE_ROUNDED;GEODETIC_DATUM_ASSUMED_WGS84;CONTINENT_DERIVED_FROM_COORDINATES,Habitats,II
1610510378,"Barbus Cuvier & Cloquet, 1816",,,Animalia,Chordata,,Cypriniformes,Cyprinidae,Barbus,GENUS,9183743,,,,1987,1987,,,42.169972,20.561806,,,Beli Drim river,Prizreni / Prizren,Prizren,OCCURRENCE,,,,,"Institute for Multidisciplinary Research, University of Belgrade",,,9c4e36c1-d3f9-49ce-8ec1-8c434fa9e6eb,CC0_1_0,COORDINATE_ROUNDED;GEODETIC_DATUM_ASSUMED_WGS84;CONTINENT_DERIVED_FROM_COORDINATES;TAXON_MATCH_HIGHERRANK,Habitats,V
1610510346,"Barbus Cuvier & Cloquet, 1816",,,Animalia,Chordata,,Cypriniformes,Cyprinidae,Barbus,GENUS,9183743,,,,1987,1987,,,42.169972,20.561806,,,Beli Drim river,Prizreni / Prizren,Prizren,OCCURRENCE,,,,,"Institute for Multidisciplinary Research, University of Belgrade",,,9c4e36c1-d3f9-49ce-8ec1-8c434fa9e6eb,CC0_1_0,COORDINATE_ROUNDED;GEODETIC_DATUM_ASSUMED_WGS84;CONTINENT_DERIVED_FROM_COORDINATES;TAXON_MATCH_HIGHERRANK,Habitats,V
1586094633,"Lacerta viridis (Laurenti, 1768)",Lacerta viridis,Smaragdeidechse,Animalia,Chordata,Squamata,,Lacertidae,Lacerta,SPECIES,6159273,6159273,LC,Least Concern,2017-06-12T17:47:24,2017,6,12,42.664296,21.150957,147,,,Prishtinë / Priština,Prishtinë / Priština,HUMAN_OBSERVATION,,,rxplor,Luis da Costa,iNaturalist,Observations,6607476,50c9509d-22c7-4a22-a47d-8c48425ef4a7,CC_BY_NC_4_0,COORDINATE_ROUNDED;COUNTRY_DERIVED_FROM_COORDINATES;CONTINENT_DERIVED_FROM_COORDINATES;TAXON_ID_NOT_FOUND,Habitats,IV
1562870823,Anacamptis pyramidalis (L.) Rich.,Anacamptis pyramidalis,Orchis Pyramidal,Plantae,Tracheophyta,Liliopsida,Asparagales,Orchidaceae,Anacamptis,SPECIES,2808330,2808330,NE,Not Evaluated,2015-05-27,2015,5,27,42.674319,21.202154,619,,,Prishtinë / Priština,Prishtinë / Priština,HUMAN_OBSERVATION,,,Michael,Michael,iNaturalist,Observations,1619095,50c9509d-22c7-4a22-a47d-8c48425ef4a7,CC_BY_NC_4_0,COUNTRY_DERIVED_FROM_COORDINATES;CONTINENT_DERIVED_FROM_COORDINATES;TAXON_ID_NOT_FOUND,Habitats,II
1453544604,"Euphydryas aurinia (Rottemburg, 1775)",Euphydryas aurinia,Marsh Fritillary,Animalia,Arthropoda,Insecta,Lepidoptera,Nymphalidae,Euphydryas,SPECIES,4535809,4535809,NE,Not Evaluated,2014-05-11,2014,5,11,42.675329,21.211081,1603,,,Prishtinë / Priština,Prishtinë / Priština,HUMAN_OBSERVATION,,,Michael,Michael,iNaturalist,Observations,764374,50c9509d-22c7-4a22-a47d-8c48425ef4a7,CC_BY_NC_4_0,COUNTRY_DERIVED_FROM_COORDINATES;CONTINENT_DERIVED_FROM_COORDINATES;TAXON_ID_NOT_FOUND,Habitats,II
1453528901,"Rupicapra rupicapra balcanica Bolkay, 1925",Rupicapra rupicapra,Chamois,Animalia,Chordata,Mammalia,Artiodactyla,Bovidae,Rupicapra,SUBSPECIES,5706429,5220170,LC,Least Concern,2017-03-19T14:25:39,2017,3,19,42.710653,20.223355,7002,,,Pejë / Peć,Pejë / Peć,HUMAN_OBSERVATION,,,aristonlipa,Agapakis Georgios,iNaturalist,Observations,5408459,50c9509d-22c7-4a22-a47d-8c48425ef4a7,CC_BY_NC_4_0,COORDINATE_ROUNDED;COUNTRY_DERIVED_FROM_COORDINATES;CONTINENT_DERIVED_FROM_COORDINATES;TAXON_ID_NOT_FOUND,Habitats,V
1453073221,"Podarcis muralis (Laurenti, 1768)",Podarcis muralis,Common Wall Lizard,Animalia,Chordata,Squamata,,Lacertidae,Podarcis,SPECIES,2469188,2469188,LC,Least Concern,2013-05-05,2013,5,5,42.672421,21.164539,7386,,,Prishtinë / Priština,Prishtinë / Priština,HUMAN_OBSERVATION,,,Michael,Karim Chouchane,iNaturalist,Observations,264803,50c9509d-22c7-4a22-a47d-8c48425ef4a7,CC_BY_NC_4_0,COUNTRY_DERIVED_FROM_COORDINATES;CONTINENT_DERIVED_FROM_COORDINATES;TAXON_ID_NOT_FOUND,Habitats,IV
1453057615,"Euphydryas aurinia (Rottemburg, 1775)",Euphydryas aurinia,Marsh Fritillary,Animalia,Arthropoda,Insecta,Lepidoptera,Nymphalidae,Euphydryas,SPECIES,4535809,4535809,NE,Not Evaluated,2015-05-29,2015,5,29,42.674319,21.202154,619,,,Prishtinë / Priština,Prishtinë / Priština,HUMAN_OBSERVATION,,,Michael,Michael,iNaturalist,Observations,1619149,50c9509d-22c7-4a22-a47d-8c48425ef4a7,CC_BY_NC_4_0,COUNTRY_DERIVED_FROM_COORDINATES;CONTINENT_DERIVED_FROM_COORDINATES;TAXON_ID_NOT_FOUND,Habitats,II
1306573035,"Podarcis muralis (Laurenti, 1768)",Podarcis muralis,Common Wall Lizard,Animalia,Chordata,Squamata,,Lacertidae,Podarcis,SPECIES,2469188,2469188,LC,Least Concern,2015-05-30,2015,5,30,42.674319,21.202154,619,,,Prishtinë / Priština,Prishtinë / Priština,HUMAN_OBSERVATION,,,Michael,Michael,iNaturalist,Observations,1619167,50c9509d-22c7-4a22-a47d-8c48425ef4a7,CC_BY_NC_4_0,COUNTRY_DERIVED_FROM_COORDINATES;CONTINENT_DERIVED_FROM_COORDINATES;TAXON_ID_NOT_FOUND,Habitats,IV
1249273173,Anthyllis vulneraria L.,Anthyllis vulneraria,Kidney Vetch,Plantae,Tracheophyta,Magnoliopsida,Fabales,Fabaceae,Anthyllis,SPECIES,5352367,5352367,NE,Not Evaluated,2015-05-27,2015,5,27,42.674319,21.202154,619,,,Prishtinë / Priština,Prishtinë / Priština,HUMAN_OBSERVATION,,,Michael,Michael,iNaturalist,Observations,1619086,50c9509d-22c7-4a22-a47d-8c48425ef4a7,CC_BY_NC_4_0,COUNTRY_DERIVED_FROM_COORDINATES;CONTINENT_DERIVED_FROM_COORDINATES;TAXON_ID_NOT_FOUND,Habitats,V
1227752615,"Podarcis muralis (Laurenti, 1768)",Podarcis muralis,Common Wall Lizard,Animalia,Chordata,Squamata,,Lacertidae,Podarcis,SPECIES,2469188,2469188,LC,Least Concern,2015-08-15,2015,8,15,42.679542,21.195695,191,,,Prishtinë / Priština,Prishtinë / Priština,HUMAN_OBSERVATION,,,Michael,Michael,iNaturalist,Observations,2479823,50c9509d-22c7-4a22-a47d-8c48425ef4a7,CC_BY_NC_4_0,COUNTRY_DERIVED_FROM_COORDINATES;CONTINENT_DERIVED_FROM_COORDINATES;TAXON_ID_NOT_FOUND,Habitats,IV
1227719338,"Bombina variegata (Linnaeus, 1758)",Bombina variegata,Yellow-Bellied Toad,Animalia,Chordata,Amphibia,Anura,Bombinatoridae,Bombina,SPECIES,2423435,2423435,LC,Least Concern,2015-08-06,2015,8,6,42.477595,20.266348,473,,,Deçan / Dečani,Gjakovë / Đakovica,HUMAN_OBSERVATION,,,Michael,Michael,iNaturalist,Observations,1841206,50c9509d-22c7-4a22-a47d-8c48425ef4a7,CC_BY_NC_4_0,COUNTRY_DERIVED_FROM_COORDINATES;CONTINENT_DERIVED_FROM_COORDINATES;TAXON_ID_NOT_FOUND,Habitats,II; IV
1135344244,"Podarcis muralis (Laurenti, 1768)",Podarcis muralis,Common Wall Lizard,Animalia,Chordata,Squamata,,Lacertidae,Podarcis,SPECIES,2469188,2469188,LC,Least Concern,2013-05-04,2013,5,4,42.675329,21.211081,1603,,,Prishtinë / Priština,Prishtinë / Priština,HUMAN_OBSERVATION,,,Michael,Samuele Ghielmi,iNaturalist,Observations,759492,50c9509d-22c7-4a22-a47d-8c48425ef4a7,CC_BY_NC_4_0,COUNTRY_DERIVED_FROM_COORDINATES;CONTINENT_DERIVED_FROM_COORDINATES;TAXON_ID_NOT_FOUND,Habitats,IV
1133934841,"Barbus rebeli Koller, 1926",Barbus rebeli,Mrena e Fanit,Animalia,Chordata,,Cypriniformes,Cyprinidae,Barbus,SPECIES,5206717,5206717,NT,Near Threatened,,,,,42.25902,20.64812,,,White Drin [Drini i Bardhë] River at village Gjonaj.,Prizreni / Prizren,Prizren,OCCURRENCE,,native,,bng,Dinaric Research Institute,BIB West Balkans,3344,fc77b814-5596-4959-a779-30027a6507de,CC0_1_0,GEODETIC_DATUM_ASSUMED_WGS84;CONTINENT_DERIVED_FROM_COORDINATES,Habitats,V
1133934828,"Barbus rebeli Koller, 1926",Barbus rebeli,Mrena e Fanit,Animalia,Chordata,,Cypriniformes,Cyprinidae,Barbus,SPECIES,5206717,5206717,NT,Near Threatened,,,,,42.5937,20.57293,,,White Drin [Drini i Bardhë] River at Klina Village.,Klinë / Klina,Pejë / Peć,OCCURRENCE,,native,,bng,Dinaric Research Institute,BIB West Balkans,3342,fc77b814-5596-4959-a779-30027a6507de,CC0_1_0,GEODETIC_DATUM_ASSUMED_WGS84;CONTINENT_DERIVED_FROM_COORDINATES,Habitats,V
1133934827,"Cottus gobio Linnaeus, 1758",Cottus gobio,Groppe,Animalia,Chordata,,Scorpaeniformes,Cottidae,Cottus,SPECIES,7807208,7807208,LC,Least Concern,,,,,42.16773,20.56778,,,White Drin [Drini i Bardhë] River at village Vermica.,Prizreni / Prizren,Prizren,OCCURRENCE,,native,,bng,Dinaric Research Institute,BIB West Balkans,3339,fc77b814-5596-4959-a779-30027a6507de,CC0_1_0,GEODETIC_DATUM_ASSUMED_WGS84;CONTINENT_DERIVED_FROM_COORDINATES,Habitats,II
1133934825,"Barbus rebeli Koller, 1926",Barbus rebeli,Mrena e Fanit,Animalia,Chordata,,Cypriniformes,Cyprinidae,Barbus,SPECIES,5206717,5206717,NT,Near Threatened,,,,,42.16773,20.56778,,,White Drin [Drini i Bardhë] River at village Vermica.,Prizreni / Prizren,Prizren,OCCURRENCE,,native,,bng,Dinaric Research Institute,BIB West Balkans,3345,fc77b814-5596-4959-a779-30027a6507de,CC0_1_0,GEODETIC_DATUM_ASSUMED_WGS84;CONTINENT_DERIVED_FROM_COORDINATES,Habitats,V
1133934820,"Barbus rebeli Koller, 1926",Barbus rebeli,Mrena e Fanit,Animalia,Chordata,,Cypriniformes,Cyprinidae,Barbus,SPECIES,5206717,5206717,NT,Near Threatened,,,,,42.35677,20.53585,,,White Drin [Drini i Bardhë] River at Gjakova Town.,Rahovec / Orahovac,Gjakovë / Đakovica,OCCURRENCE,,native,,bng,Dinaric Research Institute,BIB West Balkans,3343,fc77b814-5596-4959-a779-30027a6507de,CC0_1_0,GEODETIC_DATUM_ASSUMED_WGS84;CONTINENT_DERIVED_FROM_COORDINATES,Habitats,V
1133934813,"Barbus rebeli Koller, 1926",Barbus rebeli,Mrena e Fanit,Animalia,Chordata,,Cypriniformes,Cyprinidae,Barbus,SPECIES,5206717,5206717,NT,Near Threatened,,,,,42.66275,20.53568,,,White Drin [Drini i Bardhë] River at waterfall in Zllakuqan Village.,Klinë / Klina,Pejë / Peć,OCCURRENCE,,native,,bng,Dinaric Research Institute,BIB West Balkans,3334,fc77b814-5596-4959-a779-30027a6507de,CC0_1_0,GEODETIC_DATUM_ASSUMED_WGS84;CONTINENT_DERIVED_FROM_COORDINATES,Habitats,V
1133934797,"Salmo marmoratus Cuvier, 1829",Salmo marmoratus,Trota Marmorata,Animalia,Chordata,,Salmoniformes,Salmonidae,Salmo,SPECIES,2351630,2351630,VU,Vulnerable,,,,,42.74449,20.21347,,,White Drin [Drini i Bardhë] River at waterfall in Radavc Village.,Pejë / Peć,Pejë / Peć,OCCURRENCE,,native,,bng,Dinaric Research Institute,BIB West Balkans,3295,fc77b814-5596-4959-a779-30027a6507de,CC0_1_0,GEODETIC_DATUM_ASSUMED_WGS84;CONTINENT_DERIVED_FROM_COORDINATES,Habitats,II
1133934789,"Barbus rebeli Koller, 1926",Barbus rebeli,Mrena e Fanit,Animalia,Chordata,,Cypriniformes,Cyprinidae,Barbus,SPECIES,5206717,5206717,NT,Near Threatened,,,,,42.74449,20.21347,,,White Drin [Drini i Bardhë] River at waterfall in Radavc Village.,Pejë / Peć,Pejë / Peć,OCCURRENCE,,native,,bng,Dinaric Research Institute,BIB West Balkans,3305,fc77b814-5596-4959-a779-30027a6507de,CC0_1_0,GEODETIC_DATUM_ASSUMED_WGS84;CONTINENT_DERIVED_FROM_COORDINATES,Habitats,V
1133934787,"Salmo marmoratus Cuvier, 1829",Salmo marmoratus,Trota Marmorata,Animalia,Chordata,,Salmoniformes,Salmonidae,Salmo,SPECIES,2351630,2351630,VU,Vulnerable,,,,,42.66275,20.53568,,,White Drin [Drini i Bardhë] River at waterfall in Zllakuqan Village.,Klinë / Klina,Pejë / Peć,OCCURRENCE,,,,bng,Dinaric Research Institute,BIB West Balkans,3296,fc77b814-5596-4959-a779-30027a6507de,CC0_1_0,GEODETIC_DATUM_ASSUMED_WGS84;CONTINENT_DERIVED_FROM_COORDINATES,Habitats,II
1133934773,"Cottus gobio Linnaeus, 1758",Cottus gobio,Groppe,Animalia,Chordata,,Scorpaeniformes,Cottidae,Cottus,SPECIES,7807208,7807208,LC,Least Concern,,,,,42.25902,20.64812,,,White Drin [Drini i Bardhë] River at village Gjonaj.,Prizreni / Prizren,Prizren,OCCURRENCE,,native,,bng,Dinaric Research Institute,BIB West Balkans,3311,fc77b814-5596-4959-a779-30027a6507de,CC0_1_0,GEODETIC_DATUM_ASSUMED_WGS84;CONTINENT_DERIVED_FROM_COORDINATES,Habitats,II
1133934275,"Cottus gobio Linnaeus, 1758",Cottus gobio,Groppe,Animalia,Chordata,,Scorpaeniformes,Cottidae,Cottus,SPECIES,7807208,7807208,LC,Least Concern,1983,1983,,,43.10543,20.7964,,,Ibr River at Leposavić.,Leposaviq / Leposavić,Mitrovicë / Kosovska Mitrovica,OCCURRENCE,,native,,bng,Dinaric Research Institute,BIB West Balkans,2772,fc77b814-5596-4959-a779-30027a6507de,CC0_1_0,GEODETIC_DATUM_ASSUMED_WGS84;CONTINENT_DERIVED_FROM_COORDINATES,Habitats,II
1133934254,"Zingel zingel (Linnaeus, 1766)",Zingel zingel,Zingel,Animalia,Chordata,,Perciformes,Percidae,Zingel,SPECIES,2382114,2382114,LC,Least Concern,1983,1983,,,43.10543,20.7964,,,Ibr River at Leposavić.,Leposaviq / Leposavić,Mitrovicë / Kosovska Mitrovica,OCCURRENCE,,native,,bng,Dinaric Research Institute,BIB West Balkans,2770,fc77b814-5596-4959-a779-30027a6507de,CC0_1_0,GEODETIC_DATUM_ASSUMED_WGS84;CONTINENT_DERIVED_FROM_COORDINATES,Habitats,V
1133934250,"Aspius aspius (Linnaeus, 1758)",Leuciscus aspius,Asp,Animalia,Chordata,,Cypriniformes,Cyprinidae,Leuciscus,SPECIES,2360181,5851603,LC,Least Concern,1983,1983,,,43.10543,20.7964,,,Ibr River at Leposavić.,Leposaviq / Leposavić,Mitrovicë / Kosovska Mitrovica,OCCURRENCE,,native,,bng,Dinaric Research Institute,BIB West Balkans,2753,fc77b814-5596-4959-a779-30027a6507de,CC0_1_0,GEODETIC_DATUM_ASSUMED_WGS84;CONTINENT_DERIVED_FROM_COORDINATES,Habitats,II; V
1133934237,"Zingel zingel (Linnaeus, 1766)",Zingel zingel,Zingel,Animalia,Chordata,,Perciformes,Percidae,Zingel,SPECIES,2382114,2382114,LC,Least Concern,1983,1983,,,42.97344,20.81386,,,Ibr River at mouth of Bistrica River.,Mitrovica / Kosovska Mitrovica,Mitrovicë / Kosovska Mitrovica,OCCURRENCE,,native,,bng,Dinaric Research Institute,BIB West Balkans,2741,fc77b814-5596-4959-a779-30027a6507de,CC0_1_0,GEODETIC_DATUM_ASSUMED_WGS84;CONTINENT_DERIVED_FROM_COORDINATES,Habitats,V
1133934236,"Barbus barbus (Linnaeus, 1758)",Barbus barbus,Barbel,Animalia,Chordata,,Cypriniformes,Cyprinidae,Barbus,SPECIES,5739539,5739539,LC,Least Concern,1983,1983,,,43.10543,20.7964,,,Ibr River at Leposavić.,Leposaviq / Leposavić,Mitrovicë / Kosovska Mitrovica,OCCURRENCE,,native,,bng,Dinaric Research Institute,BIB West Balkans,2758,fc77b814-5596-4959-a779-30027a6507de,CC0_1_0,GEODETIC_DATUM_ASSUMED_WGS84;CONTINENT_DERIVED_FROM_COORDINATES,Habitats,V
1133934227,"Barbus balcanicus Kotlík, Tsigenopoulos, Ráb & Berrebi, 2002",Barbus balcanicus,Large-Spot Barbel,Animalia,Chordata,,Cypriniformes,Cyprinidae,Barbus,SPECIES,5206749,5206749,LC,Least Concern,1983,1983,,,42.97344,20.81386,,,Ibr River at mouth of Bistrica River.,Mitrovica / Kosovska Mitrovica,Mitrovicë / Kosovska Mitrovica,OCCURRENCE,,native,,bng,Dinaric Research Institute,BIB West Balkans,2730,fc77b814-5596-4959-a779-30027a6507de,CC0_1_0,GEODETIC_DATUM_ASSUMED_WGS84;CONTINENT_DERIVED_FROM_COORDINATES,Habitats,V
1133934223,"Cottus gobio Linnaeus, 1758",Cottus gobio,Groppe,Animalia,Chordata,,Scorpaeniformes,Cottidae,Cottus,SPECIES,7807208,7807208,LC,Least Concern,1983,1983,,,42.97344,20.81386,,,Ibr River at mouth of Bistrica River.,Mitrovica / Kosovska Mitrovica,Mitrovicë / Kosovska Mitrovica,OCCURRENCE,,native,,bng,Dinaric Research Institute,BIB West Balkans,2743,fc77b814-5596-4959-a779-30027a6507de,CC0_1_0,GEODETIC_DATUM_ASSUMED_WGS84;CONTINENT_DERIVED_FROM_COORDINATES,Habitats,II
1133934220,"Barbus balcanicus Kotlík, Tsigenopoulos, Ráb & Berrebi, 2002",Barbus balcanicus,Large-Spot Barbel,Animalia,Chordata,,Cypriniformes,Cyprinidae,Barbus,SPECIES,5206749,5206749,LC,Least Concern,1983,1983,,,43.10543,20.7964,,,Ibr River at Leposavić.,Leposaviq / Leposavić,Mitrovicë / Kosovska Mitrovica,OCCURRENCE,,native,,bng,Dinaric Research Institute,BIB West Balkans,2759,fc77b814-5596-4959-a779-30027a6507de,CC0_1_0,GEODETIC_DATUM_ASSUMED_WGS84;CONTINENT_DERIVED_FROM_COORDINATES,Habitats,V
1133934215,"Barbus barbus (Linnaeus, 1758)",Barbus barbus,Barbel,Animalia,Chordata,,Cypriniformes,Cyprinidae,Barbus,SPECIES,5739539,5739539,LC,Least Concern,1983,1983,,,42.97344,20.81386,,,Ibr River at mouth of Bistrica River.,Mitrovica / Kosovska Mitrovica,Mitrovicë / Kosovska Mitrovica,OCCURRENCE,,native,,bng,Dinaric Research Institute,BIB West Balkans,2729,fc77b814-5596-4959-a779-30027a6507de,CC0_1_0,GEODETIC_DATUM_ASSUMED_WGS84;CONTINENT_DERIVED_FROM_COORDINATES,Habitats,V
1133934210,"Aspius aspius (Linnaeus, 1758)",Leuciscus aspius,Asp,Animalia,Chordata,,Cypriniformes,Cyprinidae,Leuciscus,SPECIES,2360181,5851603,LC,Least Concern,1983,1983,,,42.97344,20.81386,,,Ibr River at mouth of Bistrica River.,Mitrovica / Kosovska Mitrovica,Mitrovicë / Kosovska Mitrovica,OCCURRENCE,,native,,bng,Dinaric Research Institute,BIB West Balkans,2724,fc77b814-5596-4959-a779-30027a6507de,CC0_1_0,GEODETIC_DATUM_ASSUMED_WGS84;CONTINENT_DERIVED_FROM_COORDINATES,Habitats,II; V
1133934208,"Cottus gobio Linnaeus, 1758",Cottus gobio,Groppe,Animalia,Chordata,,Scorpaeniformes,Cottidae,Cottus,SPECIES,7807208,7807208,LC,Least Concern,1983,1983,,,42.91629,20.83573,,,Ibr River at Zvečan.,Zveçan / Zvečan,Mitrovicë / Kosovska Mitrovica,OCCURRENCE,,native,,bng,Dinaric Research Institute,BIB West Balkans,2714,fc77b814-5596-4959-a779-30027a6507de,CC0_1_0,GEODETIC_DATUM_ASSUMED_WGS84;CONTINENT_DERIVED_FROM_COORDINATES,Habitats,II
1133934199,"Barbus balcanicus Kotlík, Tsigenopoulos, Ráb & Berrebi, 2002",Barbus balcanicus,Large-Spot Barbel,Animalia,Chordata,,Cypriniformes,Cyprinidae,Barbus,SPECIES,5206749,5206749,LC,Least Concern,1983,1983,,,42.91629,20.83573,,,Ibr River at Zvečan.,Zveçan / Zvečan,Mitrovicë / Kosovska Mitrovica,OCCURRENCE,,native,,bng,Dinaric Research Institute,BIB West Balkans,2701,fc77b814-5596-4959-a779-30027a6507de,CC0_1_0,GEODETIC_DATUM_ASSUMED_WGS84;CONTINENT_DERIVED_FROM_COORDINATES,Habitats,V
1133934196,"Cottus gobio Linnaeus, 1758",Cottus gobio,Groppe,Animalia,Chordata,,Scorpaeniformes,Cottidae,Cottus,SPECIES,7807208,7807208,LC,Least Concern,,,,,42.8825,20.8475,,,Ibr River in Titova Mitrovica [Kosovska Mitrovica].,Mitrovica / Kosovska Mitrovica,Mitrovicë / Kosovska Mitrovica,OCCURRENCE,,native,,bng,Dinaric Research Institute,BIB West Balkans,2685,fc77b814-5596-4959-a779-30027a6507de,CC0_1_0,GEODETIC_DATUM_ASSUMED_WGS84;CONTINENT_DERIVED_FROM_COORDINATES,Habitats,II
1133934181,"Aspius aspius (Linnaeus, 1758)",Leuciscus aspius,Asp,Animalia,Chordata,,Cypriniformes,Cyprinidae,Leuciscus,SPECIES,2360181,5851603,LC,Least Concern,1983,1983,,,42.91629,20.83573,,,Ibr River at Zvečan.,Zveçan / Zvečan,Mitrovicë / Kosovska Mitrovica,OCCURRENCE,,native,,bng,Dinaric Research Institute,BIB West Balkans,2695,fc77b814-5596-4959-a779-30027a6507de,CC0_1_0,GEODETIC_DATUM_ASSUMED_WGS84;CONTINENT_DERIVED_FROM_COORDINATES,Habitats,II; V
1133934180,"Barbus barbus (Linnaeus, 1758)",Barbus barbus,Barbel,Animalia,Chordata,,Cypriniformes,Cyprinidae,Barbus,SPECIES,5739539,5739539,LC,Least Concern,1983,1983,,,42.91629,20.83573,,,Ibr River at Zvečan.,Zveçan / Zvečan,Mitrovicë / Kosovska Mitrovica,OCCURRENCE,,native,,bng,Dinaric Research Institute,BIB West Balkans,2700,fc77b814-5596-4959-a779-30027a6507de,CC0_1_0,GEODETIC_DATUM_ASSUMED_WGS84;CONTINENT_DERIVED_FROM_COORDINATES,Habitats,V
1133934170,"Zingel zingel (Linnaeus, 1766)",Zingel zingel,Zingel,Animalia,Chordata,,Perciformes,Percidae,Zingel,SPECIES,2382114,2382114,LC,Least Concern,1983,1983,,,42.91629,20.83573,,,Ibr River at Zvečan.,Zveçan / Zvečan,Mitrovicë / Kosovska Mitrovica,OCCURRENCE,,native,,bng,Dinaric Research Institute,BIB West Balkans,2712,fc77b814-5596-4959-a779-30027a6507de,CC0_1_0,GEODETIC_DATUM_ASSUMED_WGS84;CONTINENT_DERIVED_FROM_COORDINATES,Habitats,V
1133934164,"Zingel zingel (Linnaeus, 1766)",Zingel zingel,Zingel,Animalia,Chordata,,Perciformes,Percidae,Zingel,SPECIES,2382114,2382114,LC,Least Concern,,,,,42.8825,20.8475,,,Ibr River in Titova Mitrovica [Kosovska Mitrovica].,Mitrovica / Kosovska Mitrovica,Mitrovicë / Kosovska Mitrovica,OCCURRENCE,,native,,bng,Dinaric Research Institute,BIB West Balkans,2683,fc77b814-5596-4959-a779-30027a6507de,CC0_1_0,GEODETIC_DATUM_ASSUMED_WGS84;CONTINENT_DERIVED_FROM_COORDINATES,Habitats,V
1133934156,"Barbus balcanicus Kotlík, Tsigenopoulos, Ráb & Berrebi, 2002",Barbus balcanicus,Large-Spot Barbel,Animalia,Chordata,,Cypriniformes,Cyprinidae,Barbus,SPECIES,5206749,5206749,LC,Least Concern,,,,,42.8825,20.8475,,,Ibr River in Titova Mitrovica [Kosovska Mitrovica].,Mitrovica / Kosovska Mitrovica,Mitrovicë / Kosovska Mitrovica,OCCURRENCE,,native,,bng,Dinaric Research Institute,BIB West Balkans,2672,fc77b814-5596-4959-a779-30027a6507de,CC0_1_0,GEODETIC_DATUM_ASSUMED_WGS84;CONTINENT_DERIVED_FROM_COORDINATES,Habitats,V
1133934147,"Barbus barbus (Linnaeus, 1758)",Barbus barbus,Barbel,Animalia,Chordata,,Cypriniformes,Cyprinidae,Barbus,SPECIES,5739539,5739539,LC,Least Concern,,,,,42.8825,20.8475,,,Ibr River in Titova Mitrovica [Kosovska Mitrovica].,Mitrovica / Kosovska Mitrovica,Mitrovicë / Kosovska Mitrovica,OCCURRENCE,,native,,bng,Dinaric Research Institute,BIB West Balkans,2671,fc77b814-5596-4959-a779-30027a6507de,CC0_1_0,GEODETIC_DATUM_ASSUMED_WGS84;CONTINENT_DERIVED_FROM_COORDINATES,Habitats,V
1133934134,"Aspius aspius (Linnaeus, 1758)",Leuciscus aspius,Asp,Animalia,Chordata,,Cypriniformes,Cyprinidae,Leuciscus,SPECIES,2360181,5851603,LC,Least Concern,,,,,42.8825,20.8475,,,Ibr River in Titova Mitrovica [Kosovska Mitrovica].,Mitrovica / Kosovska Mitrovica,Mitrovicë / Kosovska Mitrovica,OCCURRENCE,,native,,bng,Dinaric Research Institute,BIB West Balkans,2666,fc77b814-5596-4959-a779-30027a6507de,CC0_1_0,GEODETIC_DATUM_ASSUMED_WGS84;CONTINENT_DERIVED_FROM_COORDINATES,Habitats,II; V
1133933490,"Barbus macedonicus Karaman, 1928",Barbus macedonicus,Macedonian Barbel,Animalia,Chordata,,Cypriniformes,Cyprinidae,Barbus,SPECIES,5206966,5206966,LC,Least Concern,2004-07-25,2004,7,25,42.14524,21.29562,,,"Lepenac River at Globovica (close to border0 [42.1452463, 21.2956237]",Kaçanik / Kačanik,Ferizaj / Uroševac,OCCURRENCE,,native,,Zupancic P.,Dinaric Research Institute,PZC,1416,fc77b814-5596-4959-a779-30027a6507de,CC0_1_0,GEODETIC_DATUM_ASSUMED_WGS84;CONTINENT_DERIVED_FROM_COORDINATES,Habitats,V
1133933041,"Barbus Cuvier & Cloquet, 1816",,,Animalia,Chordata,,Cypriniformes,Cyprinidae,Barbus,GENUS,9183743,,,,2004-07-25,2004,7,25,42.14524,21.29562,,,"Lepenac River at Globovica (close to border0 [42.1452463, 21.2956237]",Kaçanik / Kačanik,Ferizaj / Uroševac,OCCURRENCE,,native,,Zupancic P.,Dinaric Research Institute,PZC,744,fc77b814-5596-4959-a779-30027a6507de,CC0_1_0,GEODETIC_DATUM_ASSUMED_WGS84;CONTINENT_DERIVED_FROM_COORDINATES;TAXON_MATCH_HIGHERRANK,Habitats,V
912383426,Galanthus nivalis L.,Galanthus nivalis,Snowdrop,Plantae,Tracheophyta,Liliopsida,Asparagales,Amaryllidaceae,Galanthus,SPECIES,2855356,2855356,NT,Near Threatened,1965-05-03T00:00,1965,5,3,42.66,20.292222,20000,1200,"S. side of Cakor Pass, near Pec, Yugoslavia.",Pejë / Peć,Pejë / Peć,PRESERVED_SPECIMEN,,,"Mathew, B.; Tomlinson, A.J.",,K,Herbarium,K000457159,cd6e21c8-9e8a-493a-8a76-fbf7862069e5,CC_BY_4_0,COORDINATE_ROUNDED;GEODETIC_DATUM_ASSUMED_WGS84;CONTINENT_DERIVED_FROM_COORDINATES;INSTITUTION_MATCH_FUZZY;INSTITUTION_COLLECTION_MISMATCH,Habitats,V
891151638,"Testudo hermanni Gmelin, 1789",Testudo hermanni,Hermann's Tortoise,Animalia,Chordata,Testudines,,Testudinidae,Testudo,SPECIES,2441454,2441454,VU,Vulnerable,2013-05-05,2013,5,5,42.755371,21.113146,27599,,,Prishtinë / Priština,Prishtinë / Priština,HUMAN_OBSERVATION,,,Michael,Michael,iNaturalist,Observations,264802,50c9509d-22c7-4a22-a47d-8c48425ef4a7,CC_BY_NC_4_0,COORDINATE_ROUNDED;COUNTRY_DERIVED_FROM_COORDINATES;CONTINENT_DERIVED_FROM_COORDINATES;TAXON_ID_NOT_FOUND,Habitats,II; IV
