gbifID,scientificName,species,vernacularName,kingdom,phylum,class,order,family,genus,taxonRank,taxonKey,speciesKey,iucnRedListCategory,iucnRedListStatus,eventDate,year,month,day,decimalLatitude,decimalLongitude,coordinateUncertaintyInMeters,elevation,locality,municipality,district,protectedArea,protectedAreaDesignation,strictlyProtected,basisOfRecord,individualCount,establishmentMeans,recordedBy,identifiedBy,institutionCode,collectionCode,catalogNumber,datasetKey,license,issue,directive,annex
6499502700,Pyrus communis L.,Pyrus communis,Pear,Plantae,Tracheophyta,Magnoliopsida,Rosales,Rosaceae,Pyrus,SPECIES,5362573,5362573,LC,Least Concern,2026-08-12T13:04:15,2026,8,12,42.369433,21.046703,2,,,Ferizaj / Uroševac,Ferizaj / Uroševac,,,FALSE,HUMAN_OBSERVATION,,,arberzaimi,arberzaimi,iNaturalist,Observations,390611703,50c9509d-22c7-4a22-a47d-8c48425ef4a7,CC_BY_NC_4_0,COORDINATE_ROUNDED;COUNTRY_DERIVED_FROM_COORDINATES;CONTINENT_DERIVED_FROM_COORDINATES;TAXON_ID_NOT_FOUND,Habitats,II
6498954361,"Euplagia quadripunctaria (Poda, 1761)",Euplagia quadripunctaria,Jersey Tiger,Animalia,Arthropoda,Insecta,Lepidoptera,Erebidae,Euplagia,SPECIES,4532532,4532532,NE,Not Evaluated,2026-08-09T14:43:50,2026,8,9,42.758325,21.27415,3,,,Prishtinë / Priština,Prishtinë / Priština,,,FALSE,HUMAN_OBSERVATION,,,lythyathan,lythyathan,iNaturalist,Observations,390217588,50c9509d-22c7-4a22-a47d-8c48425ef4a7,CC_BY_NC_4_0,COUNTRY_DERIVED_FROM_COORDINATES;CONTINENT_DERIVED_FROM_COORDINATES;TAXON_ID_NOT_FOUND,Habitats,II
6481446425,"Testudo hermanni Gmelin, 1789",Testudo hermanni,Hermann's Tortoise,Animalia,Chordata,Testudines,,Testudinidae,Testudo,SPECIES,2441454,2441454,VU,Vulnerable,2026-08-01T09:14:47,2026,8,1,43.24128,20.770875,27505,,,Leposaviq / Leposavić,Mitrovicë / Kosovska Mitrovica,,,FALSE,HUMAN_OBSERVATION,,,Miloš Kostić,Miloš Kostić,iNaturalist,Observations,387115393,50c9509d-22c7-4a22-a47d-8c48425ef4a7,CC_BY_NC_4_0,COORDINATE_ROUNDED;CONTINENT_DERIVED_FROM_COORDINATES;TAXON_ID_NOT_FOUND,Habitats,II
6480300875,"Morimus funereus Mulsant, 1862",Morimus funereus,Cerambice Funereo,Animalia,Arthropoda,Insecta,Coleoptera,Cerambycidae,Morimus,SPECIES,1119288,1119288,VU,Vulnerable,2026-08-07T09:42:27,2026,8,7,42.197729,20.7763,13930,,,Prizren,Prizren,Gryka e lumit Bistrica,Natural Monument,FALSE,HUMAN_OBSERVATION,,,Jona,cpu,iNaturalist,Observations,389003457,50c9509d-22c7-4a22-a47d-8c48425ef4a7,CC_BY_NC_4_0,COORDINATE_ROUNDED;COUNTRY_DERIVED_FROM_COORDINATES;CONTINENT_DERIVED_FROM_COORDINATES;TAXON_ID_NOT_FOUND,Habitats,II
6470166463,"Salamandra atra Laurenti, 1768",Salamandra atra,Alpine Salamander,Animalia,Chordata,Amphibia,Caudata,Salamandridae,Salamandra,SPECIES,2431781,2431781,LC,Least Concern,2026-07-01T08:21:32,2026,7,1,42.590545,20.088275,4,,,Deçan / Dečan,Gjakovë / Đakovica,"Parku Kombëtar ""Bjeshkët e Nemuna""",National Park,FALSE,HUMAN_OBSERVATION,,,markcrg,Kahleo Thompson,iNaturalist,Observations,377203218,50c9509d-22c7-4a22-a47d-8c48425ef4a7,CC_BY_NC_4_0,COUNTRY_DERIVED_FROM_COORDINATES;CONTINENT_DERIVED_FROM_COORDINATES;TAXON_ID_NOT_FOUND,Habitats,II
6452475949,"Testudo hermanni Gmelin, 1789",Testudo hermanni,Hermann's Tortoise,Animalia,Chordata,Testudines,,Testudinidae,Testudo,SPECIES,2441454,2441454,VU,Vulnerable,2026-06-20T11:41,2026,6,20,42.684013,21.201878,27599,,,Prishtinë / Priština,Prishtinë / Priština,,,FALSE,HUMAN_OBSERVATION,,,Chris Springsfeld,Chris Springsfeld,iNaturalist,Observations,374606825,50c9509d-22c7-4a22-a47d-8c48425ef4a7,CC_BY_NC_4_0,COORDINATE_ROUNDED;COUNTRY_DERIVED_FROM_COORDINATES;CONTINENT_DERIVED_FROM_COORDINATES;TAXON_ID_NOT_FOUND,Habitats,II
6452262650,"Canis familiaris Linnaeus, 1758",Canis lupus,Wolf,Animalia,Chordata,Mammalia,Carnivora,Canidae,Canis,SPECIES,5219200,5219173,LC,Least Concern,2025-11-29T08:54,2025,11,29,42.370667,21.149503,,,,Ferizaj / Uroševac,Ferizaj / Uroševac,,,FALSE,HUMAN_OBSERVATION,,,Piotr R.,Piotr R.,iNaturalist,Observations,382958877,50c9509d-22c7-4a22-a47d-8c48425ef4a7,CC_BY_NC_4_0,COORDINATE_ROUNDED;COUNTRY_DERIVED_FROM_COORDINATES;CONTINENT_DERIVED_FROM_COORDINATES;TAXON_ID_NOT_FOUND,Habitats,II
6451770385,"Canis familiaris Linnaeus, 1758",Canis lupus,Wolf,Animalia,Chordata,Mammalia,Carnivora,Canidae,Canis,SPECIES,5219200,5219173,LC,Least Concern,2025-11-29T17:11,2025,11,29,42.369954,21.135849,127,,,Ferizaj / Uroševac,Ferizaj / Uroševac,,,FALSE,HUMAN_OBSERVATION,,,Piotr R.,Piotr R.,iNaturalist,Observations,382959933,50c9509d-22c7-4a22-a47d-8c48425ef4a7,CC_BY_NC_4_0,COORDINATE_ROUNDED;COUNTRY_DERIVED_FROM_COORDINATES;CONTINENT_DERIVED_FROM_COORDINATES;TAXON_ID_NOT_FOUND,Habitats,II
6431610634,"Lucanus cervus (Linnaeus, 1758)",Lucanus cervus,Stag Beetle,Animalia,Arthropoda,Insecta,Coleoptera,Lucanidae,Lucanus,SPECIES,5743122,5743122,NE,Not Evaluated,2026-06-30T22:16:47,2026,6,30,42.899184,20.864946,325,,,Mitrovicë e Veriut / Severna Kosovska Mitrovica,Mitrovicë / Kosovska Mitrovica,,,FALSE,HUMAN_OBSERVATION,,,AnaMarija Staletović,AnaMarija Staletović,iNaturalist,Observations,377104532,50c9509d-22c7-4a22-a47d-8c48425ef4a7,CC_BY_NC_4_0,COORDINATE_ROUNDED;COUNTRY_DERIVED_FROM_COORDINATES;CONTINENT_DERIVED_FROM_COORDINATES;TAXON_ID_NOT_FOUND,Habitats,II
6431031734,"Morimus funereus Mulsant, 1862",Morimus funereus,Cerambice Funereo,Animalia,Arthropoda,Insecta,Coleoptera,Cerambycidae,Morimus,SPECIES,1119288,1119288,VU,Vulnerable,2026-05-06T08:36:27,2026,5,6,42.208145,20.751617,,,,Prizren,Prizren,,,FALSE,HUMAN_OBSERVATION,,,Paulius Rupšas,dendzoscarab,iNaturalist,Observations,362289821,50c9509d-22c7-4a22-a47d-8c48425ef4a7,CC_BY_4_0,COORDINATE_ROUNDED;COUNTRY_DERIVED_FROM_COORDINATES;CONTINENT_DERIVED_FROM_COORDINATES;TAXON_ID_NOT_FOUND,Habitats,II
6422883790,"Ursus arctos Linnaeus, 1758",Ursus arctos,Brown Bear,Animalia,Chordata,Mammalia,Carnivora,Ursidae,Ursus,SPECIES,2433433,2433433,LC,Least Concern,2026-06-01T07:41,2026,6,1,42.724621,20.020786,27599,,,Pejë / Peć,Pejë / Peć,"Parku Kombëtar ""Bjeshkët e Nemuna""",National Park,FALSE,HUMAN_OBSERVATION,,,Kilian Frühholz,Kilian Frühholz,iNaturalist,Observations,370449519,50c9509d-22c7-4a22-a47d-8c48425ef4a7,CC_BY_NC_4_0,COORDINATE_ROUNDED;COUNTRY_DERIVED_FROM_COORDINATES;CONTINENT_DERIVED_FROM_COORDINATES;TAXON_ID_NOT_FOUND,Habitats,II
6422076114,Anacamptis pyramidalis (L.) Rich.,Anacamptis pyramidalis,Orchis Pyramidal,Plantae,Tracheophyta,Liliopsida,Asparagales,Orchidaceae,Anacamptis,SPECIES,2808330,2808330,NE,Not Evaluated,2026-06-24T11:46:45,2026,6,24,42.67883,21.200303,32,,,Prishtinë / Priština,Prishtinë / Priština,Gërmia,Protected Landscape,FALSE,HUMAN_OBSERVATION,,,phil6213,phil6213,iNaturalist,Observations,375133852,50c9509d-22c7-4a22-a47d-8c48425ef4a7,CC_BY_NC_4_0,COORDINATE_ROUNDED;COUNTRY_DERIVED_FROM_COORDINATES;CONTINENT_DERIVED_FROM_COORDINATES;TAXON_ID_NOT_FOUND,Habitats,II
6413498447,"Capra hircus Linnaeus, 1758",Capra hircus,Domestic Goat,Animalia,Chordata,Mammalia,Artiodactyla,Bovidae,Capra,SPECIES,2441056,2441056,NE,Not Evaluated,2026-05-11T16:04:41,2026,5,11,42.665638,21.205962,,,,Prishtinë / Priština,Prishtinë / Priština,,,FALSE,HUMAN_OBSERVATION,,,arianh,arianh,iNaturalist,Observations,373922586,50c9509d-22c7-4a22-a47d-8c48425ef4a7,CC_BY_NC_4_0,COORDINATE_ROUNDED;COUNTRY_DERIVED_FROM_COORDINATES;CONTINENT_DERIVED_FROM_COORDINATES;TAXON_ID_NOT_FOUND,Habitats,II
6412472218,"Rosalia alpina (Linnaeus, 1758)",Rosalia alpina,Alpbock,Animalia,Arthropoda,Insecta,Coleoptera,Cerambycidae,Rosalia,SPECIES,7569075,7569075,VU,Vulnerable,2025-10-04,2025,10,4,42.8,20.95,5000,,Vucitrn,Vushtrri / Vučitrn,Mitrovicë / Kosovska Mitrovica,,,FALSE,HUMAN_OBSERVATION,1,,User 1192070,,,,,8a863029-f435-446a-821e-275f4f641165,CC_BY_NC_4_0,,Habitats,II
6400368685,"Lucanus cervus (Linnaeus, 1758)",Lucanus cervus,Stag Beetle,Animalia,Arthropoda,Insecta,Coleoptera,Lucanidae,Lucanus,SPECIES,5743122,5743122,NE,Not Evaluated,2026-06-07T16:26:44,2026,6,7,42.673278,21.198683,1147,,,Prishtinë / Priština,Prishtinë / Priština,,,FALSE,HUMAN_OBSERVATION,,,Shpat Shkodra,Shpat Shkodra,iNaturalist,Observations,369346445,50c9509d-22c7-4a22-a47d-8c48425ef4a7,CC_BY_NC_4_0,COORDINATE_ROUNDED;COUNTRY_DERIVED_FROM_COORDINATES;CONTINENT_DERIVED_FROM_COORDINATES;TAXON_ID_NOT_FOUND,Habitats,II
6399974337,"Euphydryas aurinia (Rottemburg, 1775)",Euphydryas aurinia,Marsh Fritillary,Animalia,Arthropoda,Insecta,Lepidoptera,Nymphalidae,Euphydryas,SPECIES,4535809,4535809,NE,Not Evaluated,2026-05-29T19:11:23,2026,5,29,42.737268,20.152279,135,,,Pejë / Peć,Pejë / Peć,"Parku Kombëtar ""Bjeshkët e Nemuna""",National Park,FALSE,HUMAN_OBSERVATION,,,Kilian Frühholz,Kilian Frühholz,iNaturalist,Observations,369790965,50c9509d-22c7-4a22-a47d-8c48425ef4a7,CC_BY_NC_4_0,COORDINATE_ROUNDED;COUNTRY_DERIVED_FROM_COORDINATES;CONTINENT_DERIVED_FROM_COORDINATES;TAXON_ID_NOT_FOUND,Habitats,II
6399866599,"Lucanus cervus (Linnaeus, 1758)",Lucanus cervus,Stag Beetle,Animalia,Arthropoda,Insecta,Coleoptera,Lucanidae,Lucanus,SPECIES,5743122,5743122,NE,Not Evaluated,2026-06-14T15:56:38,2026,6,14,42.207294,20.748444,,,,Prizren,Prizren,,,FALSE,HUMAN_OBSERVATION,,,formicacid,formicacid,iNaturalist,Observations,371682787,50c9509d-22c7-4a22-a47d-8c48425ef4a7,CC0_1_0,COORDINATE_ROUNDED;COUNTRY_DERIVED_FROM_COORDINATES;CONTINENT_DERIVED_FROM_COORDINATES;TAXON_ID_NOT_FOUND,Habitats,II
6399579242,"Morimus funereus Mulsant, 1862",Morimus funereus,Cerambice Funereo,Animalia,Arthropoda,Insecta,Coleoptera,Cerambycidae,Morimus,SPECIES,1119288,1119288,VU,Vulnerable,2026-06-14T15:59:59,2026,6,14,42.206842,20.749667,,,,Prizren,Prizren,,,FALSE,HUMAN_OBSERVATION,,,formicacid,formicacid,iNaturalist,Observations,371682695,50c9509d-22c7-4a22-a47d-8c48425ef4a7,CC0_1_0,COORDINATE_ROUNDED;COUNTRY_DERIVED_FROM_COORDINATES;CONTINENT_DERIVED_FROM_COORDINATES;TAXON_ID_NOT_FOUND,Habitats,II
6320945396,"Morimus funereus Mulsant, 1862",Morimus funereus,Cerambice Funereo,Animalia,Arthropoda,Insecta,Coleoptera,Cerambycidae,Morimus,SPECIES,1119288,1119288,VU,Vulnerable,2026-05-07T16:20:45,2026,5,7,42.200443,20.751442,4,,,Prizren,Prizren,,,FALSE,HUMAN_OBSERVATION,,,Paulius Rupšas,TOUROULT Julien,iNaturalist,Observations,361384335,50c9509d-22c7-4a22-a47d-8c48425ef4a7,CC_BY_4_0,COORDINATE_ROUNDED;COUNTRY_DERIVED_FROM_COORDINATES;CONTINENT_DERIVED_FROM_COORDINATES;TAXON_ID_NOT_FOUND,Habitats,II
6320520827,"Morimus funereus Mulsant, 1862",Morimus funereus,Cerambice Funereo,Animalia,Arthropoda,Insecta,Coleoptera,Cerambycidae,Morimus,SPECIES,1119288,1119288,VU,Vulnerable,2026-05-07T17:09:28,2026,5,7,42.207932,20.746845,4,,,Prizren,Prizren,,,FALSE,HUMAN_OBSERVATION,,,Paulius Rupšas,Paulius Rupšas,iNaturalist,Observations,361377856,50c9509d-22c7-4a22-a47d-8c48425ef4a7,CC_BY_4_0,COORDINATE_ROUNDED;COUNTRY_DERIVED_FROM_COORDINATES;CONTINENT_DERIVED_FROM_COORDINATES;TAXON_ID_NOT_FOUND,Habitats,II
6320110079,"Morimus funereus Mulsant, 1862",Morimus funereus,Cerambice Funereo,Animalia,Arthropoda,Insecta,Coleoptera,Cerambycidae,Morimus,SPECIES,1119288,1119288,VU,Vulnerable,2026-05-07T16:27:56,2026,5,7,42.201988,20.752172,4,,,Prizren,Prizren,,,FALSE,HUMAN_OBSERVATION,,,Paulius Rupšas,TOUROULT Julien,iNaturalist,Observations,361383229,50c9509d-22c7-4a22-a47d-8c48425ef4a7,CC_BY_4_0,COORDINATE_ROUNDED;COUNTRY_DERIVED_FROM_COORDINATES;CONTINENT_DERIVED_FROM_COORDINATES;TAXON_ID_NOT_FOUND,Habitats,II
6252733111,"Morimus funereus Mulsant, 1862",Morimus funereus,Cerambice Funereo,Animalia,Arthropoda,Insecta,Coleoptera,Cerambycidae,Morimus,SPECIES,1119288,1119288,VU,Vulnerable,2026-04-26T17:24:32,2026,4,26,42.677292,21.203292,4,,,Prishtinë / Priština,Prishtinë / Priština,Gërmia,Protected Landscape,FALSE,HUMAN_OBSERVATION,,,Lola Kytka,Lola Kytka,iNaturalist,Observations,355249436,50c9509d-22c7-4a22-a47d-8c48425ef4a7,CC_BY_NC_4_0,COORDINATE_ROUNDED;COUNTRY_DERIVED_FROM_COORDINATES;CONTINENT_DERIVED_FROM_COORDINATES;TAXON_ID_NOT_FOUND,Habitats,II
6252073936,"Morimus funereus Mulsant, 1862",Morimus funereus,Cerambice Funereo,Animalia,Arthropoda,Insecta,Coleoptera,Cerambycidae,Morimus,SPECIES,1119288,1119288,VU,Vulnerable,2026-04-19T18:08:34,2026,4,19,42.202317,20.752475,20,,,Prizren,Prizren,,,FALSE,HUMAN_OBSERVATION,,,robertosoriente,Tina Mitic,iNaturalist,Observations,356236123,50c9509d-22c7-4a22-a47d-8c48425ef4a7,CC_BY_NC_4_0,COORDINATE_ROUNDED;COUNTRY_DERIVED_FROM_COORDINATES;CONTINENT_DERIVED_FROM_COORDINATES;TAXON_ID_NOT_FOUND,Habitats,II
6195986317,"Canis familiaris Linnaeus, 1758",Canis lupus,Wolf,Animalia,Chordata,Mammalia,Carnivora,Canidae,Canis,SPECIES,5219200,5219173,LC,Least Concern,2021-07-13T01:18:56,2021,7,13,42.658188,21.160289,65,,,Prishtinë / Priština,Prishtinë / Priština,,,FALSE,HUMAN_OBSERVATION,,,dvillar7,dvillar7,iNaturalist,Observations,348566037,50c9509d-22c7-4a22-a47d-8c48425ef4a7,CC_BY_NC_4_0,COORDINATE_ROUNDED;COUNTRY_DERIVED_FROM_COORDINATES;CONTINENT_DERIVED_FROM_COORDINATES;TAXON_ID_NOT_FOUND,Habitats,II
6191442699,"Ursus arctos Linnaeus, 1758",Ursus arctos,Brown Bear,Animalia,Chordata,Mammalia,Carnivora,Ursidae,Ursus,SPECIES,2433433,2433433,LC,Least Concern,,,,,42.98,20.76,,,,Zveçan / Zvečan,Mitrovicë / Kosovska Mitrovica,,,FALSE,PRESERVED_SPECIMEN,,,D. Cirovic,,,,KOS-149,d8cd16ba-bb74-4420-821e-083f2bac17c2,CC_BY_4_0,GEODETIC_DATUM_ASSUMED_WGS84;CONTINENT_DERIVED_FROM_COORDINATES;RECORDED_DATE_INVALID;TAXON_ID_NOT_FOUND;TAXON_CONCEPT_ID_NOT_FOUND,Habitats,II
6184833455,"Ursus arctos Linnaeus, 1758",Ursus arctos,Brown Bear,Animalia,Chordata,Mammalia,Carnivora,Ursidae,Ursus,SPECIES,2433433,2433433,LC,Least Concern,2023-06-30T07:35,2023,6,30,42.187117,20.945286,,,,Prizren,Prizren,"Parku Kombëtar ""Sharri""",National Park,FALSE,HUMAN_OBSERVATION,,,loganw,loganw,iNaturalist,Observations,170595649,50c9509d-22c7-4a22-a47d-8c48425ef4a7,CC_BY_NC_4_0,COUNTRY_DERIVED_FROM_COORDINATES;CONTINENT_DERIVED_FROM_COORDINATES;TAXON_ID_NOT_FOUND,Habitats,II
6169963996,"Euplagia quadripunctaria (Poda, 1761)",Euplagia quadripunctaria,Jersey Tiger,Animalia,Arthropoda,Insecta,Lepidoptera,Erebidae,Euplagia,SPECIES,4532532,4532532,NE,Not Evaluated,2026-02-26,2026,2,26,42.861103,21.054274,25,,Vucitrn,Vushtrri / Vučitrn,Mitrovicë / Kosovska Mitrovica,,,FALSE,HUMAN_OBSERVATION,1,,User 1062993,,,,,8a863029-f435-446a-821e-275f4f641165,CC_BY_NC_4_0,,Habitats,II
6147534990,"Bombina variegata (Linnaeus, 1758)",Bombina variegata,Yellow-Bellied Toad,Animalia,Chordata,Amphibia,Anura,Bombinatoridae,Bombina,SPECIES,2423435,2423435,LC,Least Concern,2012-06-03T14:00,2012,6,3,42.148622,20.900569,,,,Prizren,Prizren,"Parku Kombëtar ""Sharri""",National Park,FALSE,HUMAN_OBSERVATION,,,F. Bemmerlein-Lux,F. Bemmerlein-Lux,iNaturalist,Observations,337190286,50c9509d-22c7-4a22-a47d-8c48425ef4a7,CC_BY_4_0,COORDINATE_ROUNDED;COUNTRY_DERIVED_FROM_COORDINATES;CONTINENT_DERIVED_FROM_COORDINATES;TAXON_ID_NOT_FOUND,Habitats,II
6133614759,Dactylorhiza cordigera (Fr.) Soó,Dactylorhiza majalis,Orchide a Foglie Larghe,Plantae,Tracheophyta,Liliopsida,Asparagales,Orchidaceae,Dactylorhiza,SPECIES,2810926,2810155,NE,Not Evaluated,2018-07-04T12:05:57,2018,7,4,42.183787,21.048785,8,,,Shtërpcë / Štrpce,Ferizaj / Uroševac,"Parku Kombëtar ""Sharri""",National Park,FALSE,HUMAN_OBSERVATION,,,gentballabani,aroche,iNaturalist,Observations,14039530,50c9509d-22c7-4a22-a47d-8c48425ef4a7,CC_BY_NC_4_0,COORDINATE_ROUNDED;COUNTRY_DERIVED_FROM_COORDINATES;CONTINENT_DERIVED_FROM_COORDINATES;TAXON_ID_NOT_FOUND,Habitats,II
6133613533,Dactylorhiza cordigera (Fr.) Soó,Dactylorhiza majalis,Orchide a Foglie Larghe,Plantae,Tracheophyta,Liliopsida,Asparagales,Orchidaceae,Dactylorhiza,SPECIES,2810926,2810155,NE,Not Evaluated,2020-07-12T16:10,2020,7,12,42.531808,20.1399,1598,,,Junik,Gjakovë / Đakovica,"Parku Kombëtar ""Bjeshkët e Nemuna""",National Park,FALSE,HUMAN_OBSERVATION,,,Arian,arethusa,iNaturalist,Observations,53612982,50c9509d-22c7-4a22-a47d-8c48425ef4a7,CC_BY_NC_4_0,COORDINATE_ROUNDED;COUNTRY_DERIVED_FROM_COORDINATES;CONTINENT_DERIVED_FROM_COORDINATES;TAXON_ID_NOT_FOUND,Habitats,II
6133303678,Dactylorhiza cordigera (Fr.) Soó,Dactylorhiza majalis,Orchide a Foglie Larghe,Plantae,Tracheophyta,Liliopsida,Asparagales,Orchidaceae,Dactylorhiza,SPECIES,2810926,2810155,NE,Not Evaluated,2024-05-20T11:55,2024,5,20,42.153611,20.9575,,,,Prizren,Prizren,"Parku Kombëtar ""Sharri""",National Park,TRUE,HUMAN_OBSERVATION,,,Bastien Alegot,L D2,iNaturalist,Observations,221055354,50c9509d-22c7-4a22-a47d-8c48425ef4a7,CC0_1_0,COORDINATE_ROUNDED;COUNTRY_DERIVED_FROM_COORDINATES;CONTINENT_DERIVED_FROM_COORDINATES;TAXON_ID_NOT_FOUND,Habitats,II
6133255715,Dactylorhiza cordigera (Fr.) Soó,Dactylorhiza majalis,Orchide a Foglie Larghe,Plantae,Tracheophyta,Liliopsida,Asparagales,Orchidaceae,Dactylorhiza,SPECIES,2810926,2810155,NE,Not Evaluated,2012-06-05T12:32,2012,6,5,42.160988,20.970232,50,,,Prizren,Prizren,"Parku Kombëtar ""Sharri""",National Park,FALSE,HUMAN_OBSERVATION,,,F. Bemmerlein-Lux,L D2,iNaturalist,Observations,227957843,50c9509d-22c7-4a22-a47d-8c48425ef4a7,CC_BY_4_0,COORDINATE_ROUNDED;COUNTRY_DERIVED_FROM_COORDINATES;CONTINENT_DERIVED_FROM_COORDINATES;TAXON_ID_NOT_FOUND,Habitats,II
6133181283,Dactylorhiza cordigera (Fr.) Soó,Dactylorhiza majalis,Orchide a Foglie Larghe,Plantae,Tracheophyta,Liliopsida,Asparagales,Orchidaceae,Dactylorhiza,SPECIES,2810926,2810155,NE,Not Evaluated,2015-06-22T18:27,2015,6,22,42.165548,20.972989,122,,,Prizren,Prizren,"Parku Kombëtar ""Sharri""",National Park,FALSE,HUMAN_OBSERVATION,,,Dijana Dubrović,Dijana Dubrović,iNaturalist,Observations,307698776,50c9509d-22c7-4a22-a47d-8c48425ef4a7,CC_BY_NC_4_0,COORDINATE_ROUNDED;COUNTRY_DERIVED_FROM_COORDINATES;CONTINENT_DERIVED_FROM_COORDINATES;TAXON_ID_NOT_FOUND,Habitats,II
5935562661,"Romanogobio uranoscopus (Agassiz, 1828)",Romanogobio uranoscopus,Stone Gudgeon,Animalia,Chordata,,Cypriniformes,Cyprinidae,Romanogobio,SPECIES,2360759,2360759,LC,Least Concern,2023-08-30T12:54,2023,8,30,43.085112,20.80645,8,,,Leposaviq / Leposavić,Mitrovicë / Kosovska Mitrovica,,,FALSE,HUMAN_OBSERVATION,,,Stamatis Zogaris,Stamatis Zogaris,iNaturalist,Observations,331445879,50c9509d-22c7-4a22-a47d-8c48425ef4a7,CC_BY_NC_4_0,COORDINATE_ROUNDED;COUNTRY_DERIVED_FROM_COORDINATES;CONTINENT_DERIVED_FROM_COORDINATES;TAXON_ID_NOT_FOUND,Habitats,II
5920359399,"Testudo hermanni boettgeri Mojsisovics, 1889",Testudo hermanni,Hermann's Tortoise,Animalia,Chordata,Testudines,,Testudinidae,Testudo,SUBSPECIES,6156781,2441454,VU,Vulnerable,2022-03-27T12:29,2022,3,27,42.191917,21.218544,27692,,,Kaçanik / Kačanik,Ferizaj / Uroševac,,,FALSE,HUMAN_OBSERVATION,,,hristovskis,hristovskis,iNaturalist,Observations,329541494,50c9509d-22c7-4a22-a47d-8c48425ef4a7,CC_BY_NC_4_0,COORDINATE_ROUNDED;CONTINENT_DERIVED_FROM_COORDINATES;TAXON_ID_NOT_FOUND,Habitats,II
5901010462,Anacamptis pyramidalis (L.) Rich.,Anacamptis pyramidalis,Orchis Pyramidal,Plantae,Tracheophyta,Liliopsida,Asparagales,Orchidaceae,Anacamptis,SPECIES,2808330,2808330,NE,Not Evaluated,2024-06-05,2024,6,5,42.586106,21.548423,7071,727,,Kamenicë / Kamenica,Gjilan / Gnjilane,,,FALSE,HUMAN_OBSERVATION,,,Jules Domalain,0,HabiProt,,,137dab23-0589-4dc6-8e3d-5eb2849d88c0,CC_BY_NC_4_0,COORDINATE_ROUNDED;CONTINENT_DERIVED_FROM_COORDINATES,Habitats,II
5897424625,Bombina variegata variegata,Bombina variegata,Yellow-Bellied Toad,Animalia,Chordata,Amphibia,Anura,Bombinatoridae,Bombina,SUBSPECIES,11544743,2423435,LC,Least Concern,2025-06-18T07:04,2025,6,18,41.931047,20.698256,200,,,Dragash / Dragaš,Prizren,"Parku Kombëtar ""Sharri""",National Park,FALSE,HUMAN_OBSERVATION,,,pedalero,Matthew Cozart,iNaturalist,Observations,327357014,50c9509d-22c7-4a22-a47d-8c48425ef4a7,CC_BY_NC_4_0,COORDINATE_ROUNDED;COUNTRY_DERIVED_FROM_COORDINATES;CONTINENT_DERIVED_FROM_COORDINATES;TAXON_ID_NOT_FOUND,Habitats,II
5897006709,"Testudo hermanni boettgeri Mojsisovics, 1889",Testudo hermanni,Hermann's Tortoise,Animalia,Chordata,Testudines,,Testudinidae,Testudo,SUBSPECIES,6156781,2441454,VU,Vulnerable,2013-04-23T00:00,2013,4,23,42.525379,20.588379,250,,Mirusha Wasserfälle und Canion - Ujevarat e Murushes,Klinë / Klina,Pejë / Peć,Ujëvarat e Mirushës,Natural Monument,FALSE,HUMAN_OBSERVATION,,,539637721,,NABU|naturgucker,NABU|naturgucker,-905805378,6ac3f774-d9fb-4796-b3e9-92bf6c81c084,CC_BY_4_0,COORDINATE_ROUNDED;GEODETIC_DATUM_ASSUMED_WGS84;COUNTRY_DERIVED_FROM_COORDINATES;CONTINENT_DERIVED_FROM_COORDINATES,Habitats,II
5897000798,"Testudo hermanni boettgeri Mojsisovics, 1889",Testudo hermanni,Hermann's Tortoise,Animalia,Chordata,Testudines,,Testudinidae,Testudo,SUBSPECIES,6156781,2441454,VU,Vulnerable,2013-04-23T00:00,2013,4,23,42.675999,21.20739,250,,Parku i Germise,Prishtinë / Priština,Prishtinë / Priština,Gërmia,Protected Landscape,FALSE,HUMAN_OBSERVATION,,,539637721,,NABU|naturgucker,NABU|naturgucker,1996600783,6ac3f774-d9fb-4796-b3e9-92bf6c81c084,CC_BY_4_0,COORDINATE_ROUNDED;GEODETIC_DATUM_ASSUMED_WGS84;COUNTRY_DERIVED_FROM_COORDINATES;CONTINENT_DERIVED_FROM_COORDINATES,Habitats,II
5892734114,"Lutra lutra (Linnaeus, 1758)",Lutra lutra,European Otter,Animalia,Chordata,Mammalia,Carnivora,Mustelidae,Lutra,SPECIES,2433753,2433753,NT,Near Threatened,2019-01-20,2019,1,20,42.694298,21.236017,27599,,,Prishtinë / Priština,Prishtinë / Priština,Gërmia,Protected Landscape,FALSE,HUMAN_OBSERVATION,,,Marsel Mersinaj,Lefebvre Maxence,iNaturalist,Observations,325325424,50c9509d-22c7-4a22-a47d-8c48425ef4a7,CC_BY_NC_4_0,COORDINATE_ROUNDED;COUNTRY_DERIVED_FROM_COORDINATES;CONTINENT_DERIVED_FROM_COORDINATES;TAXON_ID_NOT_FOUND,Habitats,II
5890365044,"Canis familiaris Linnaeus, 1758",Canis lupus,Wolf,Animalia,Chordata,Mammalia,Carnivora,Canidae,Canis,SPECIES,5219200,5219173,LC,Least Concern,2025-10-29T12:00:45,2025,10,29,42.142682,21.302285,43,,,Hani i Elezit / Elez Han,Ferizaj / Uroševac,,,FALSE,HUMAN_OBSERVATION,,,Anonimous Pug,Anonimous Pug,iNaturalist,Observations,323972240,50c9509d-22c7-4a22-a47d-8c48425ef4a7,CC_BY_NC_4_0,COORDINATE_ROUNDED;COUNTRY_DERIVED_FROM_COORDINATES;CONTINENT_DERIVED_FROM_COORDINATES;TAXON_ID_NOT_FOUND,Habitats,II
5890349520,"Canis familiaris Linnaeus, 1758",Canis lupus,Wolf,Animalia,Chordata,Mammalia,Carnivora,Canidae,Canis,SPECIES,5219200,5219173,LC,Least Concern,2025-10-28T15:57:57,2025,10,28,42.21112,20.7369,7,,,Prizren,Prizren,,,FALSE,HUMAN_OBSERVATION,,,Anonimous Pug,Anonimous Pug,iNaturalist,Observations,323678866,50c9509d-22c7-4a22-a47d-8c48425ef4a7,CC_BY_NC_4_0,COORDINATE_ROUNDED;COUNTRY_DERIVED_FROM_COORDINATES;CONTINENT_DERIVED_FROM_COORDINATES;TAXON_ID_NOT_FOUND,Habitats,II
5890334861,"Canis familiaris Linnaeus, 1758",Canis lupus,Wolf,Animalia,Chordata,Mammalia,Carnivora,Canidae,Canis,SPECIES,5219200,5219173,LC,Least Concern,2025-10-28T14:57:34,2025,10,28,42.20971,20.740485,18,,,Prizren,Prizren,,,FALSE,HUMAN_OBSERVATION,,,Anonimous Pug,Anonimous Pug,iNaturalist,Observations,323679964,50c9509d-22c7-4a22-a47d-8c48425ef4a7,CC_BY_NC_4_0,COORDINATE_ROUNDED;COUNTRY_DERIVED_FROM_COORDINATES;CONTINENT_DERIVED_FROM_COORDINATES;TAXON_ID_NOT_FOUND,Habitats,II
5890234545,"Canis familiaris Linnaeus, 1758",Canis lupus,Wolf,Animalia,Chordata,Mammalia,Carnivora,Canidae,Canis,SPECIES,5219200,5219173,LC,Least Concern,2025-10-28T11:50:08,2025,10,28,42.209323,20.744431,22,,,Prizren,Prizren,,,FALSE,HUMAN_OBSERVATION,,,Anonimous Pug,Anonimous Pug,iNaturalist,Observations,323684546,50c9509d-22c7-4a22-a47d-8c48425ef4a7,CC_BY_NC_4_0,COORDINATE_ROUNDED;COUNTRY_DERIVED_FROM_COORDINATES;CONTINENT_DERIVED_FROM_COORDINATES;TAXON_ID_NOT_FOUND,Habitats,II
5890154587,"Canis familiaris Linnaeus, 1758",Canis lupus,Wolf,Animalia,Chordata,Mammalia,Carnivora,Canidae,Canis,SPECIES,5219200,5219173,LC,Least Concern,2025-10-27T19:49:01,2025,10,27,42.209399,20.740214,22,,,Prizren,Prizren,,,FALSE,HUMAN_OBSERVATION,,,Anonimous Pug,Anonimous Pug,iNaturalist,Observations,323540564,50c9509d-22c7-4a22-a47d-8c48425ef4a7,CC_BY_NC_4_0,COORDINATE_ROUNDED;COUNTRY_DERIVED_FROM_COORDINATES;CONTINENT_DERIVED_FROM_COORDINATES;TAXON_ID_NOT_FOUND,Habitats,II
5890068297,"Canis familiaris Linnaeus, 1758",Canis lupus,Wolf,Animalia,Chordata,Mammalia,Carnivora,Canidae,Canis,SPECIES,5219200,5219173,LC,Least Concern,2025-10-27T19:44:29,2025,10,27,42.209089,20.739856,19,,,Prizren,Prizren,,,FALSE,HUMAN_OBSERVATION,,,Anonimous Pug,Anonimous Pug,iNaturalist,Observations,323540767,50c9509d-22c7-4a22-a47d-8c48425ef4a7,CC_BY_NC_4_0,COORDINATE_ROUNDED;COUNTRY_DERIVED_FROM_COORDINATES;CONTINENT_DERIVED_FROM_COORDINATES;TAXON_ID_NOT_FOUND,Habitats,II
5889919188,"Canis familiaris Linnaeus, 1758",Canis lupus,Wolf,Animalia,Chordata,Mammalia,Carnivora,Canidae,Canis,SPECIES,5219200,5219173,LC,Least Concern,2025-10-28T12:51:02,2025,10,28,42.209306,20.744426,16,,,Prizren,Prizren,,,FALSE,HUMAN_OBSERVATION,,,Anonimous Pug,Anonimous Pug,iNaturalist,Observations,323680873,50c9509d-22c7-4a22-a47d-8c48425ef4a7,CC_BY_NC_4_0,COORDINATE_ROUNDED;COUNTRY_DERIVED_FROM_COORDINATES;CONTINENT_DERIVED_FROM_COORDINATES;TAXON_ID_NOT_FOUND,Habitats,II
5889911911,"Canis familiaris Linnaeus, 1758",Canis lupus,Wolf,Animalia,Chordata,Mammalia,Carnivora,Canidae,Canis,SPECIES,5219200,5219173,LC,Least Concern,2025-10-28T15:05:07,2025,10,28,42.209056,20.740517,23,,,Prizren,Prizren,,,FALSE,HUMAN_OBSERVATION,,,Anonimous Pug,Anonimous Pug,iNaturalist,Observations,323679840,50c9509d-22c7-4a22-a47d-8c48425ef4a7,CC_BY_NC_4_0,COORDINATE_ROUNDED;COUNTRY_DERIVED_FROM_COORDINATES;CONTINENT_DERIVED_FROM_COORDINATES;TAXON_ID_NOT_FOUND,Habitats,II
5889845103,"Canis familiaris Linnaeus, 1758",Canis lupus,Wolf,Animalia,Chordata,Mammalia,Carnivora,Canidae,Canis,SPECIES,5219200,5219173,LC,Least Concern,2025-10-29T08:28:52,2025,10,29,42.210532,20.741764,14,,,Prizren,Prizren,,,FALSE,HUMAN_OBSERVATION,,,Anonimous Pug,Anonimous Pug,iNaturalist,Observations,323792519,50c9509d-22c7-4a22-a47d-8c48425ef4a7,CC_BY_NC_4_0,COORDINATE_ROUNDED;COUNTRY_DERIVED_FROM_COORDINATES;CONTINENT_DERIVED_FROM_COORDINATES;TAXON_ID_NOT_FOUND,Habitats,II
5889807750,"Canis familiaris Linnaeus, 1758",Canis lupus,Wolf,Animalia,Chordata,Mammalia,Carnivora,Canidae,Canis,SPECIES,5219200,5219173,LC,Least Concern,2025-10-28T11:54:46,2025,10,28,42.209416,20.745167,33,,,Prizren,Prizren,,,FALSE,HUMAN_OBSERVATION,,,Anonimous Pug,Anonimous Pug,iNaturalist,Observations,323681339,50c9509d-22c7-4a22-a47d-8c48425ef4a7,CC_BY_NC_4_0,COORDINATE_ROUNDED;COUNTRY_DERIVED_FROM_COORDINATES;CONTINENT_DERIVED_FROM_COORDINATES;TAXON_ID_NOT_FOUND,Habitats,II
5889650453,"Canis familiaris Linnaeus, 1758",Canis lupus,Wolf,Animalia,Chordata,Mammalia,Carnivora,Canidae,Canis,SPECIES,5219200,5219173,LC,Least Concern,2025-10-29T11:59:59,2025,10,29,42.142826,21.302322,41,,,Hani i Elezit / Elez Han,Ferizaj / Uroševac,,,FALSE,HUMAN_OBSERVATION,,,Anonimous Pug,Anonimous Pug,iNaturalist,Observations,323972271,50c9509d-22c7-4a22-a47d-8c48425ef4a7,CC_BY_NC_4_0,COORDINATE_ROUNDED;COUNTRY_DERIVED_FROM_COORDINATES;CONTINENT_DERIVED_FROM_COORDINATES;TAXON_ID_NOT_FOUND,Habitats,II
5889604982,"Canis familiaris Linnaeus, 1758",Canis lupus,Wolf,Animalia,Chordata,Mammalia,Carnivora,Canidae,Canis,SPECIES,5219200,5219173,LC,Least Concern,2025-10-28T11:04:56,2025,10,28,42.20904,20.740537,18,,,Prizren,Prizren,,,FALSE,HUMAN_OBSERVATION,,,Anonimous Pug,Anonimous Pug,iNaturalist,Observations,323694113,50c9509d-22c7-4a22-a47d-8c48425ef4a7,CC_BY_NC_4_0,COORDINATE_ROUNDED;COUNTRY_DERIVED_FROM_COORDINATES;CONTINENT_DERIVED_FROM_COORDINATES;TAXON_ID_NOT_FOUND,Habitats,II
5889585325,"Canis familiaris Linnaeus, 1758",Canis lupus,Wolf,Animalia,Chordata,Mammalia,Carnivora,Canidae,Canis,SPECIES,5219200,5219173,LC,Least Concern,2025-10-28T11:49:49,2025,10,28,42.209323,20.744419,22,,,Prizren,Prizren,,,FALSE,HUMAN_OBSERVATION,,,Anonimous Pug,Anonimous Pug,iNaturalist,Observations,323684617,50c9509d-22c7-4a22-a47d-8c48425ef4a7,CC_BY_NC_4_0,COORDINATE_ROUNDED;COUNTRY_DERIVED_FROM_COORDINATES;CONTINENT_DERIVED_FROM_COORDINATES;TAXON_ID_NOT_FOUND,Habitats,II
5889579622,"Canis familiaris Linnaeus, 1758",Canis lupus,Wolf,Animalia,Chordata,Mammalia,Carnivora,Canidae,Canis,SPECIES,5219200,5219173,LC,Least Concern,2025-10-27T19:43:04,2025,10,27,42.209041,20.740473,17,,,Prizren,Prizren,,,FALSE,HUMAN_OBSERVATION,,,Anonimous Pug,Anonimous Pug,iNaturalist,Observations,323540862,50c9509d-22c7-4a22-a47d-8c48425ef4a7,CC_BY_NC_4_0,COORDINATE_ROUNDED;COUNTRY_DERIVED_FROM_COORDINATES;CONTINENT_DERIVED_FROM_COORDINATES;TAXON_ID_NOT_FOUND,Habitats,II
5889518921,"Canis familiaris Linnaeus, 1758",Canis lupus,Wolf,Animalia,Chordata,Mammalia,Carnivora,Canidae,Canis,SPECIES,5219200,5219173,LC,Least Concern,2025-10-28T11:54:36,2025,10,28,42.209631,20.745191,33,,,Prizren,Prizren,,,FALSE,HUMAN_OBSERVATION,,,Anonimous Pug,Anonimous Pug,iNaturalist,Observations,323684335,50c9509d-22c7-4a22-a47d-8c48425ef4a7,CC_BY_NC_4_0,COORDINATE_ROUNDED;COUNTRY_DERIVED_FROM_COORDINATES;CONTINENT_DERIVED_FROM_COORDINATES;TAXON_ID_NOT_FOUND,Habitats,II
5889472061,"Canis familiaris Linnaeus, 1758",Canis lupus,Wolf,Animalia,Chordata,Mammalia,Carnivora,Canidae,Canis,SPECIES,5219200,5219173,LC,Least Concern,2025-10-29T12:00:50,2025,10,29,42.142827,21.302299,46,,,Hani i Elezit / Elez Han,Ferizaj / Uroševac,,,FALSE,HUMAN_OBSERVATION,,,Anonimous Pug,Anonimous Pug,iNaturalist,Observations,323972139,50c9509d-22c7-4a22-a47d-8c48425ef4a7,CC_BY_NC_4_0,COORDINATE_ROUNDED;COUNTRY_DERIVED_FROM_COORDINATES;CONTINENT_DERIVED_FROM_COORDINATES;TAXON_ID_NOT_FOUND,Habitats,II
5889471605,"Canis familiaris Linnaeus, 1758",Canis lupus,Wolf,Animalia,Chordata,Mammalia,Carnivora,Canidae,Canis,SPECIES,5219200,5219173,LC,Least Concern,2025-10-27T19:37:06,2025,10,27,42.208825,20.741504,12,,,Prizren,Prizren,,,FALSE,HUMAN_OBSERVATION,,,Anonimous Pug,Anonimous Pug,iNaturalist,Observations,323540932,50c9509d-22c7-4a22-a47d-8c48425ef4a7,CC_BY_NC_4_0,COORDINATE_ROUNDED;COUNTRY_DERIVED_FROM_COORDINATES;CONTINENT_DERIVED_FROM_COORDINATES;TAXON_ID_NOT_FOUND,Habitats,II
5889465323,"Canis familiaris Linnaeus, 1758",Canis lupus,Wolf,Animalia,Chordata,Mammalia,Carnivora,Canidae,Canis,SPECIES,5219200,5219173,LC,Least Concern,2025-10-27T19:47:41,2025,10,27,42.20948,20.739598,24,,,Prizren,Prizren,,,FALSE,HUMAN_OBSERVATION,,,Anonimous Pug,Anonimous Pug,iNaturalist,Observations,323540703,50c9509d-22c7-4a22-a47d-8c48425ef4a7,CC_BY_NC_4_0,COORDINATE_ROUNDED;COUNTRY_DERIVED_FROM_COORDINATES;CONTINENT_DERIVED_FROM_COORDINATES;TAXON_ID_NOT_FOUND,Habitats,II
5889360244,"Canis familiaris Linnaeus, 1758",Canis lupus,Wolf,Animalia,Chordata,Mammalia,Carnivora,Canidae,Canis,SPECIES,5219200,5219173,LC,Least Concern,2025-10-27T19:50:32,2025,10,27,42.209371,20.740418,25,,,Prizren,Prizren,,,FALSE,HUMAN_OBSERVATION,,,Anonimous Pug,Anonimous Pug,iNaturalist,Observations,323540488,50c9509d-22c7-4a22-a47d-8c48425ef4a7,CC_BY_NC_4_0,COORDINATE_ROUNDED;COUNTRY_DERIVED_FROM_COORDINATES;CONTINENT_DERIVED_FROM_COORDINATES;TAXON_ID_NOT_FOUND,Habitats,II
5889359892,"Canis familiaris Linnaeus, 1758",Canis lupus,Wolf,Animalia,Chordata,Mammalia,Carnivora,Canidae,Canis,SPECIES,5219200,5219173,LC,Least Concern,2025-10-28T15:05:24,2025,10,28,42.209031,20.740509,13,,,Prizren,Prizren,,,FALSE,HUMAN_OBSERVATION,,,Anonimous Pug,Anonimous Pug,iNaturalist,Observations,323679736,50c9509d-22c7-4a22-a47d-8c48425ef4a7,CC_BY_NC_4_0,COORDINATE_ROUNDED;COUNTRY_DERIVED_FROM_COORDINATES;CONTINENT_DERIVED_FROM_COORDINATES;TAXON_ID_NOT_FOUND,Habitats,II
5889335816,"Canis familiaris Linnaeus, 1758",Canis lupus,Wolf,Animalia,Chordata,Mammalia,Carnivora,Canidae,Canis,SPECIES,5219200,5219173,LC,Least Concern,2025-10-28T11:03:32,2025,10,28,42.208846,20.740297,14,,,Prizren,Prizren,,,FALSE,HUMAN_OBSERVATION,,,Anonimous Pug,Anonimous Pug,iNaturalist,Observations,323694154,50c9509d-22c7-4a22-a47d-8c48425ef4a7,CC_BY_NC_4_0,COORDINATE_ROUNDED;COUNTRY_DERIVED_FROM_COORDINATES;CONTINENT_DERIVED_FROM_COORDINATES;TAXON_ID_NOT_FOUND,Habitats,II
5889267225,"Canis familiaris Linnaeus, 1758",Canis lupus,Wolf,Animalia,Chordata,Mammalia,Carnivora,Canidae,Canis,SPECIES,5219200,5219173,LC,Least Concern,2025-10-28T11:28:17,2025,10,28,42.209365,20.741515,18,,,Prizren,Prizren,,,FALSE,HUMAN_OBSERVATION,,,Anonimous Pug,Anonimous Pug,iNaturalist,Observations,323693964,50c9509d-22c7-4a22-a47d-8c48425ef4a7,CC_BY_NC_4_0,COORDINATE_ROUNDED;COUNTRY_DERIVED_FROM_COORDINATES;CONTINENT_DERIVED_FROM_COORDINATES;TAXON_ID_NOT_FOUND,Habitats,II
5889216879,"Canis familiaris Linnaeus, 1758",Canis lupus,Wolf,Animalia,Chordata,Mammalia,Carnivora,Canidae,Canis,SPECIES,5219200,5219173,LC,Least Concern,2025-10-27T19:48:53,2025,10,27,42.209405,20.740302,32,,,Prizren,Prizren,,,FALSE,HUMAN_OBSERVATION,,,Anonimous Pug,Anonimous Pug,iNaturalist,Observations,323540613,50c9509d-22c7-4a22-a47d-8c48425ef4a7,CC_BY_NC_4_0,COORDINATE_ROUNDED;COUNTRY_DERIVED_FROM_COORDINATES;CONTINENT_DERIVED_FROM_COORDINATES;TAXON_ID_NOT_FOUND,Habitats,II
5872007327,Pulsatilla halleri subsp. rhodopaea (Stoj. & Stef.) K.Krause,Pulsatilla halleri,Pulsatille De Haller,Plantae,Tracheophyta,Magnoliopsida,Ranunculales,Ranunculaceae,Pulsatilla,SUBSPECIES,7763754,3929423,LC,Least Concern,2025-05-02,2025,5,2,42.09191,20.580526,,2057,Koritnik Mt,Dragash / Dragaš,Prizren,"Parku Kombëtar ""Sharri""",National Park,TRUE,MATERIAL_CITATION,1,,E. Krasniqi & N. Berisha,,UPH,,,13b5b867-b66b-4dc0-b9aa-824aaaf58048,CC0_1_0,GEODETIC_DATUM_ASSUMED_WGS84;CONTINENT_DERIVED_FROM_COORDINATES;OCCURRENCE_STATUS_INFERRED_FROM_INDIVIDUAL_COUNT;COLLECTION_MATCH_NONE;INSTITUTION_MATCH_FUZZY;TAXON_ID_NOT_FOUND,Habitats,II
5872007323,Pulsatilla halleri subsp. rhodopaea (Stoj. & Stef.) K.Krause,Pulsatilla halleri,Pulsatille De Haller,Plantae,Tracheophyta,Magnoliopsida,Ranunculales,Ranunculaceae,Pulsatilla,SUBSPECIES,7763754,3929423,LC,Least Concern,2024-03-29,2024,3,29,42.210354,20.534988,,1675,Pashtrik Mt,Prizren,Prizren,Mali Pashtrik dhe Liqeni i Vërmices,Nature Park,FALSE,MATERIAL_CITATION,1,,F. Millaku & N. Berisha,,UPH,,,13b5b867-b66b-4dc0-b9aa-824aaaf58048,CC0_1_0,GEODETIC_DATUM_ASSUMED_WGS84;CONTINENT_DERIVED_FROM_COORDINATES;OCCURRENCE_STATUS_INFERRED_FROM_INDIVIDUAL_COUNT;COLLECTION_MATCH_NONE;INSTITUTION_MATCH_FUZZY;TAXON_ID_NOT_FOUND,Habitats,II
5872007312,Pulsatilla halleri subsp. rhodopaea (Stoj. & Stef.) K.Krause,Pulsatilla halleri,Pulsatille De Haller,Plantae,Tracheophyta,Magnoliopsida,Ranunculales,Ranunculaceae,Pulsatilla,SUBSPECIES,7763754,3929423,LC,Least Concern,2025-07-02,2025,7,2,42.211193,20.529358,,1831,Pashtrik Mt,Prizren,Prizren,Mali Pashtrik dhe Liqeni i Vërmices,Nature Park,FALSE,MATERIAL_CITATION,1,,N. Berisha,,UPH,,,13b5b867-b66b-4dc0-b9aa-824aaaf58048,CC0_1_0,GEODETIC_DATUM_ASSUMED_WGS84;CONTINENT_DERIVED_FROM_COORDINATES;OCCURRENCE_STATUS_INFERRED_FROM_INDIVIDUAL_COUNT;COLLECTION_MATCH_NONE;INSTITUTION_MATCH_FUZZY;TAXON_ID_NOT_FOUND,Habitats,II
5872007307,Pulsatilla halleri subsp. rhodopaea (Stoj. & Stef.) K.Krause,Pulsatilla halleri,Pulsatille De Haller,Plantae,Tracheophyta,Magnoliopsida,Ranunculales,Ranunculaceae,Pulsatilla,SUBSPECIES,7763754,3929423,LC,Least Concern,2014-04-06,2014,4,6,42.210445,20.54129,,1517,Pashtrik Mt,Prizren,Prizren,Mali Pashtrik dhe Liqeni i Vërmices,Nature Park,FALSE,MATERIAL_CITATION,1,,E. Krasniqi,,UPH,,,13b5b867-b66b-4dc0-b9aa-824aaaf58048,CC0_1_0,GEODETIC_DATUM_ASSUMED_WGS84;CONTINENT_DERIVED_FROM_COORDINATES;OCCURRENCE_STATUS_INFERRED_FROM_INDIVIDUAL_COUNT;COLLECTION_MATCH_NONE;INSTITUTION_MATCH_FUZZY;TAXON_ID_NOT_FOUND,Habitats,II
5844595750,"Austropotamobius torrentium (von Paula Schrank, 1803)",Austropotamobius torrentium,Steinkrebs,Animalia,Arthropoda,Malacostraca,Decapoda,Astacidae,Austropotamobius,SPECIES,4417555,4417555,LC,Least Concern,2025-09-16T17:51,2025,9,16,42.420619,21.554783,17,,,Gjilan / Gnjilane,Gjilan / Gnjilane,Lugina e Lumit Llapushnik ne Pogragjë,Protected Landscape,FALSE,HUMAN_OBSERVATION,,,silvaseer,silvaseer,iNaturalist,Observations,314370742,50c9509d-22c7-4a22-a47d-8c48425ef4a7,CC_BY_NC_4_0,COORDINATE_ROUNDED;COUNTRY_DERIVED_FROM_COORDINATES;CONTINENT_DERIVED_FROM_COORDINATES;TAXON_ID_NOT_FOUND,Habitats,II
5844494349,"Bombina variegata (Linnaeus, 1758)",Bombina variegata,Yellow-Bellied Toad,Animalia,Chordata,Amphibia,Anura,Bombinatoridae,Bombina,SPECIES,2423435,2423435,LC,Least Concern,2025-09-06T14:29:46,2025,9,6,42.125325,20.77867,3,,,Dragash / Dragaš,Prizren,,,FALSE,HUMAN_OBSERVATION,,,Szabolcs Márton,Szabolcs Márton,iNaturalist,Observations,311902806,50c9509d-22c7-4a22-a47d-8c48425ef4a7,CC_BY_NC_4_0,COORDINATE_ROUNDED;COUNTRY_DERIVED_FROM_COORDINATES;CONTINENT_DERIVED_FROM_COORDINATES;TAXON_ID_NOT_FOUND,Habitats,II
5830310001,Jasione montana L.,Jasione montana,Jasione Des Montagnes,Plantae,Tracheophyta,Magnoliopsida,Asterales,Campanulaceae,Jasione,SPECIES,8366345,8366345,NE,Not Evaluated,2025-09-06T12:12:12,2025,9,6,42.181908,21.035495,4,,,Shtërpcë / Štrpce,Ferizaj / Uroševac,"Parku Kombëtar ""Sharri""",National Park,FALSE,HUMAN_OBSERVATION,,,Stephen Bramwell,Stephen Bramwell,iNaturalist,Observations,311883640,50c9509d-22c7-4a22-a47d-8c48425ef4a7,CC_BY_NC_4_0,COORDINATE_ROUNDED;COUNTRY_DERIVED_FROM_COORDINATES;CONTINENT_DERIVED_FROM_COORDINATES;TAXON_ID_NOT_FOUND,Habitats,II
5828245167,"Bombina variegata (Linnaeus, 1758)",Bombina variegata,Yellow-Bellied Toad,Animalia,Chordata,Amphibia,Anura,Bombinatoridae,Bombina,SPECIES,2423435,2423435,LC,Least Concern,2025-09-06T17:46:13,2025,9,6,42.115196,20.788718,3,,,Dragash / Dragaš,Prizren,"Parku Kombëtar ""Sharri""",National Park,FALSE,HUMAN_OBSERVATION,,,Szabolcs Márton,Szabolcs Márton,iNaturalist,Observations,312025735,50c9509d-22c7-4a22-a47d-8c48425ef4a7,CC_BY_NC_4_0,COORDINATE_ROUNDED;COUNTRY_DERIVED_FROM_COORDINATES;CONTINENT_DERIVED_FROM_COORDINATES;TAXON_ID_NOT_FOUND,Habitats,II
5762288017,"Euplagia quadripunctaria (Poda, 1761)",Euplagia quadripunctaria,Jersey Tiger,Animalia,Arthropoda,Insecta,Lepidoptera,Erebidae,Euplagia,SPECIES,4532532,4532532,NE,Not Evaluated,2025-09-01,2025,9,1,42.704892,20.144955,,,Pec,Pejë / Peć,Pejë / Peć,"Parku Kombëtar ""Bjeshkët e Nemuna""",National Park,FALSE,HUMAN_OBSERVATION,1,,User 332486,,,,,8a863029-f435-446a-821e-275f4f641165,CC_BY_NC_4_0,,Habitats,II
5760866128,"Euplagia quadripunctaria (Poda, 1761)",Euplagia quadripunctaria,Jersey Tiger,Animalia,Arthropoda,Insecta,Lepidoptera,Erebidae,Euplagia,SPECIES,4532532,4532532,NE,Not Evaluated,2025-08-27T23:09:04,2025,8,27,42.652957,20.285762,3,,,Pejë / Peć,Pejë / Peć,,,FALSE,HUMAN_OBSERVATION,,,willow987,willow987,iNaturalist,Observations,309582316,50c9509d-22c7-4a22-a47d-8c48425ef4a7,CC_BY_NC_4_0,COORDINATE_ROUNDED;COUNTRY_DERIVED_FROM_COORDINATES;CONTINENT_DERIVED_FROM_COORDINATES;TAXON_ID_NOT_FOUND,Habitats,II
5288630608,"Euplagia quadripunctaria (Poda, 1761)",Euplagia quadripunctaria,Jersey Tiger,Animalia,Arthropoda,Insecta,Lepidoptera,Erebidae,Euplagia,SPECIES,4532532,4532532,NE,Not Evaluated,2025-08-17,2025,8,17,42.673275,21.21693,4,,Priština,Prishtinë / Priština,Prishtinë / Priština,Gërmia,Protected Landscape,FALSE,HUMAN_OBSERVATION,1,,User 1149243,,,,,8a863029-f435-446a-821e-275f4f641165,CC_BY_NC_4_0,,Habitats,II
5284986898,"Euphydryas aurinia (Rottemburg, 1775)",Euphydryas aurinia,Marsh Fritillary,Animalia,Arthropoda,Insecta,Lepidoptera,Nymphalidae,Euphydryas,SPECIES,4535809,4535809,NE,Not Evaluated,2024-05-26,2024,5,26,42.586106,21.548423,7071,815,,Kamenicë / Kamenica,Gjilan / Gnjilane,,,FALSE,HUMAN_OBSERVATION,1,,Jules Domalain,Jules Domalain,HabiProt,,,d92e92e0-8d20-4756-a60b-3746f408c14c,CC_BY_NC_4_0,COORDINATE_ROUNDED;CONTINENT_DERIVED_FROM_COORDINATES;OCCURRENCE_STATUS_INFERRED_FROM_INDIVIDUAL_COUNT,Habitats,II
5284986764,"Lucanus cervus (Linnaeus, 1758)",Lucanus cervus,Stag Beetle,Animalia,Arthropoda,Insecta,Coleoptera,Lucanidae,Lucanus,SPECIES,5743122,5743122,NE,Not Evaluated,2024-07-04,2024,7,4,43.037277,20.693097,7071,1201,,Zveçan / Zvečan,Mitrovicë / Kosovska Mitrovica,,,FALSE,HUMAN_OBSERVATION,1,,Marko Šćiban,Marko Šćiban,HabiProt,,,d92e92e0-8d20-4756-a60b-3746f408c14c,CC_BY_NC_4_0,COORDINATE_ROUNDED;CONTINENT_DERIVED_FROM_COORDINATES;OCCURRENCE_STATUS_INFERRED_FROM_INDIVIDUAL_COUNT,Habitats,II
5284978717,"Paracaloptenus caloptenoides (Brunner von Wattenwyl, 1861)",Paracaloptenus caloptenoides,Balkan Pincer Grasshopper,Animalia,Arthropoda,Insecta,Orthoptera,Acrididae,Paracaloptenus,SPECIES,1702607,1702607,NE,Not Evaluated,2024-06-30,2024,6,30,42.586106,21.548423,7071,678,,Kamenicë / Kamenica,Gjilan / Gnjilane,,,FALSE,HUMAN_OBSERVATION,1,,Jules Domalain,Jules Domalain,HabiProt,,,d92e92e0-8d20-4756-a60b-3746f408c14c,CC_BY_NC_4_0,COORDINATE_ROUNDED;CONTINENT_DERIVED_FROM_COORDINATES;OCCURRENCE_STATUS_INFERRED_FROM_INDIVIDUAL_COUNT,Habitats,II
5284978716,"Cordulegaster heros Theischinger, 1979",Cordulegaster heros,Balkan Goldenring,Animalia,Arthropoda,Insecta,Odonata,Cordulegastridae,Cordulegaster,SPECIES,1421199,1421199,LC,Least Concern,2024-06-09,2024,6,9,42.586106,21.548423,7071,640,,Kamenicë / Kamenica,Gjilan / Gnjilane,,,FALSE,HUMAN_OBSERVATION,1,,Jules Domalain,Jules Domalain,HabiProt,,,d92e92e0-8d20-4756-a60b-3746f408c14c,CC_BY_NC_4_0,COORDINATE_ROUNDED;CONTINENT_DERIVED_FROM_COORDINATES;OCCURRENCE_STATUS_INFERRED_FROM_INDIVIDUAL_COUNT,Habitats,II
5284976050,"Euphydryas aurinia (Rottemburg, 1775)",Euphydryas aurinia,Marsh Fritillary,Animalia,Arthropoda,Insecta,Lepidoptera,Nymphalidae,Euphydryas,SPECIES,4535809,4535809,NE,Not Evaluated,2024-04-28,2024,4,28,42.586106,21.548423,7071,878,,Kamenicë / Kamenica,Gjilan / Gnjilane,,,FALSE,HUMAN_OBSERVATION,1,,Jules Domalain,Jules Domalain,HabiProt,,,d92e92e0-8d20-4756-a60b-3746f408c14c,CC_BY_NC_4_0,COORDINATE_ROUNDED;CONTINENT_DERIVED_FROM_COORDINATES;OCCURRENCE_STATUS_INFERRED_FROM_INDIVIDUAL_COUNT,Habitats,II
5284961794,"Morimus funereus Mulsant, 1862",Morimus funereus,Cerambice Funereo,Animalia,Arthropoda,Insecta,Coleoptera,Cerambycidae,Morimus,SPECIES,1119288,1119288,VU,Vulnerable,2024-05-10,2024,5,10,42.586106,21.548423,7071,766,,Kamenicë / Kamenica,Gjilan / Gnjilane,,,FALSE,HUMAN_OBSERVATION,,,Jules Domalain,,HabiProt,,,d92e92e0-8d20-4756-a60b-3746f408c14c,CC_BY_NC_4_0,COORDINATE_ROUNDED;CONTINENT_DERIVED_FROM_COORDINATES,Habitats,II
5284956945,"Lucanus cervus (Linnaeus, 1758)",Lucanus cervus,Stag Beetle,Animalia,Arthropoda,Insecta,Coleoptera,Lucanidae,Lucanus,SPECIES,5743122,5743122,NE,Not Evaluated,2024-05-10,2024,5,10,42.586106,21.548423,7071,768,,Kamenicë / Kamenica,Gjilan / Gnjilane,,,FALSE,HUMAN_OBSERVATION,,,Jules Domalain,,HabiProt,,,d92e92e0-8d20-4756-a60b-3746f408c14c,CC_BY_NC_4_0,COORDINATE_ROUNDED;CONTINENT_DERIVED_FROM_COORDINATES,Habitats,II
5284932974,"Euphydryas aurinia (Rottemburg, 1775)",Euphydryas aurinia,Marsh Fritillary,Animalia,Arthropoda,Insecta,Lepidoptera,Nymphalidae,Euphydryas,SPECIES,4535809,4535809,NE,Not Evaluated,2022-06-05,2022,6,5,43.127325,20.692648,7071,1046,,Leposaviq / Leposavić,Mitrovicë / Kosovska Mitrovica,,,FALSE,HUMAN_OBSERVATION,,,Milan Đurić,Milan Đurić,HabiProt,,,d92e92e0-8d20-4756-a60b-3746f408c14c,CC_BY_NC_4_0,COORDINATE_ROUNDED;CONTINENT_DERIVED_FROM_COORDINATES,Habitats,II
5284930185,"Morimus funereus Mulsant, 1862",Morimus funereus,Cerambice Funereo,Animalia,Arthropoda,Insecta,Coleoptera,Cerambycidae,Morimus,SPECIES,1119288,1119288,VU,Vulnerable,2022-06-22,2022,6,22,42.495406,21.669325,7071,462,,Ranillug / Ranilug,Gjilan / Gnjilane,,,FALSE,HUMAN_OBSERVATION,1,,Marko Šćiban,,HabiProt,,,d92e92e0-8d20-4756-a60b-3746f408c14c,CC_BY_NC_4_0,COORDINATE_ROUNDED;CONTINENT_DERIVED_FROM_COORDINATES;OCCURRENCE_STATUS_INFERRED_FROM_INDIVIDUAL_COUNT,Habitats,II
5284887549,"Euplagia quadripunctaria (Poda, 1761)",Euplagia quadripunctaria,Jersey Tiger,Animalia,Arthropoda,Insecta,Lepidoptera,Erebidae,Euplagia,SPECIES,4532532,4532532,NE,Not Evaluated,2019-05-17,2019,5,17,42.586106,21.548423,7071,490,,Kamenicë / Kamenica,Gjilan / Gnjilane,,,FALSE,HUMAN_OBSERVATION,,,Bogoljub Milošević,Boženka Hric,HabiProt,,,d92e92e0-8d20-4756-a60b-3746f408c14c,CC_BY_NC_4_0,COORDINATE_ROUNDED;CONTINENT_DERIVED_FROM_COORDINATES,Habitats,II
5284873557,"Aricia anteros (Freyer, 1838)",Polyommatus eros,Eros Blue,Animalia,Arthropoda,Insecta,Lepidoptera,Lycaenidae,Polyommatus,SPECIES,9195563,5140244,NE,Not Evaluated,1998-11-30,1998,11,30,42.227162,21.06059,7071,0,,Shtërpcë / Štrpce,Ferizaj / Uroševac,"Parku Kombëtar ""Sharri""",National Park,FALSE,HUMAN_OBSERVATION,,,"Jakšić, P. [ed.] (2008) PBA in Serbia",,HabiProt,,,d92e92e0-8d20-4756-a60b-3746f408c14c,CC_BY_NC_4_0,COORDINATE_ROUNDED;CONTINENT_DERIVED_FROM_COORDINATES,Habitats,II
5284873556,"Aricia anteros (Freyer, 1838)",Polyommatus eros,Eros Blue,Animalia,Arthropoda,Insecta,Lepidoptera,Lycaenidae,Polyommatus,SPECIES,9195563,5140244,NE,Not Evaluated,1998-11-30,1998,11,30,42.675509,20.328745,7071,0,,Pejë / Peć,Pejë / Peć,,,FALSE,HUMAN_OBSERVATION,,,"Jakšić, P. [ed.] (2008) PBA in Serbia",,HabiProt,,,d92e92e0-8d20-4756-a60b-3746f408c14c,CC_BY_NC_4_0,COORDINATE_ROUNDED;CONTINENT_DERIVED_FROM_COORDINATES,Habitats,II
5284873362,"Polyommatus eros (Ochsenheimer, 1808)",Polyommatus eros,Eros Blue,Animalia,Arthropoda,Insecta,Lepidoptera,Lycaenidae,Polyommatus,SPECIES,5140244,5140244,NE,Not Evaluated,1987-11-30,1987,11,30,42.31594,20.453929,7071,0,,Gjakovë / Đakovica,Gjakovë / Đakovica,,,FALSE,HUMAN_OBSERVATION,,,"Jakšić, P. (1988) Karte dnevnih leptira YU",,HabiProt,,,d92e92e0-8d20-4756-a60b-3746f408c14c,CC_BY_NC_4_0,COORDINATE_ROUNDED;CONTINENT_DERIVED_FROM_COORDINATES,Habitats,II
5284873348,"Aricia anteros (Freyer, 1838)",Polyommatus eros,Eros Blue,Animalia,Arthropoda,Insecta,Lepidoptera,Lycaenidae,Polyommatus,SPECIES,9195563,5140244,NE,Not Evaluated,1987-11-30,1987,11,30,42.227162,21.06059,7071,0,,Shtërpcë / Štrpce,Ferizaj / Uroševac,"Parku Kombëtar ""Sharri""",National Park,FALSE,HUMAN_OBSERVATION,,,"Jakšić, P. (1988) Karte dnevnih leptira YU",,HabiProt,,,d92e92e0-8d20-4756-a60b-3746f408c14c,CC_BY_NC_4_0,COORDINATE_ROUNDED;CONTINENT_DERIVED_FROM_COORDINATES,Habitats,II
5284870390,"Polyommatus eros (Ochsenheimer, 1808)",Polyommatus eros,Eros Blue,Animalia,Arthropoda,Insecta,Lepidoptera,Lycaenidae,Polyommatus,SPECIES,5140244,5140244,NE,Not Evaluated,2002-11-30,2002,11,30,42.31594,20.453929,7071,0,,Gjakovë / Đakovica,Gjakovë / Đakovica,,,FALSE,HUMAN_OBSERVATION,,,"Jakšić, P. (2003) Crvena knjiga d leptira Srbije",,HabiProt,,,d92e92e0-8d20-4756-a60b-3746f408c14c,CC_BY_NC_4_0,COORDINATE_ROUNDED;CONTINENT_DERIVED_FROM_COORDINATES,Habitats,II
5284870355,"Polyommatus eros (Ochsenheimer, 1808)",Polyommatus eros,Eros Blue,Animalia,Arthropoda,Insecta,Lepidoptera,Lycaenidae,Polyommatus,SPECIES,5140244,5140244,NE,Not Evaluated,1994-11-30,1994,11,30,42.226394,20.575878,7071,1714,,Prizren,Prizren,,,FALSE,HUMAN_OBSERVATION,,,"Jakšić, P., Živić, N. (1995) Kosovo Metohija. GPMB",,HabiProt,,,d92e92e0-8d20-4756-a60b-3746f408c14c,CC_BY_NC_4_0,COORDINATE_ROUNDED;CONTINENT_DERIVED_FROM_COORDINATES,Habitats,II
5284869810,"Polyommatus eros (Ochsenheimer, 1808)",Polyommatus eros,Eros Blue,Animalia,Arthropoda,Insecta,Lepidoptera,Lycaenidae,Polyommatus,SPECIES,5140244,5140244,NE,Not Evaluated,2002-11-30,2002,11,30,42.227162,21.06059,7071,0,,Shtërpcë / Štrpce,Ferizaj / Uroševac,"Parku Kombëtar ""Sharri""",National Park,FALSE,HUMAN_OBSERVATION,,,"Jakšić, P. (2003) Crvena knjiga d leptira Srbije",,HabiProt,,,d92e92e0-8d20-4756-a60b-3746f408c14c,CC_BY_NC_4_0,COORDINATE_ROUNDED;CONTINENT_DERIVED_FROM_COORDINATES,Habitats,II
5284869802,"Lycaena dispar (Haworth, 1803)",Lycaena dispar,Large Copper,Animalia,Arthropoda,Insecta,Lepidoptera,Lycaenidae,Lycaena,SPECIES,1929270,1929270,NT,Near Threatened,2002-11-30,2002,11,30,42.226778,21.302946,7071,0,,Kaçanik / Kačanik,Ferizaj / Uroševac,,,FALSE,HUMAN_OBSERVATION,,,"Jakšić, P. (2003) Crvena knjiga d leptira Srbije",,HabiProt,,,d92e92e0-8d20-4756-a60b-3746f408c14c,CC_BY_NC_4_0,COORDINATE_ROUNDED;CONTINENT_DERIVED_FROM_COORDINATES,Habitats,II
5284864490,"Aricia anteros (Freyer, 1838)",Polyommatus eros,Eros Blue,Animalia,Arthropoda,Insecta,Lepidoptera,Lycaenidae,Polyommatus,SPECIES,9195563,5140244,NE,Not Evaluated,1987-11-30,1987,11,30,42.226394,20.575878,7071,0,,Prizren,Prizren,,,FALSE,HUMAN_OBSERVATION,,,"Jakšić, P. (1988) Karte dnevnih leptira YU",,HabiProt,,,d92e92e0-8d20-4756-a60b-3746f408c14c,CC_BY_NC_4_0,COORDINATE_ROUNDED;CONTINENT_DERIVED_FROM_COORDINATES,Habitats,II
5284860681,"Pseudophilotes bavius (Ivirsmann, 1832)",Pseudophilotes bavius,Bavius Blue,Animalia,Arthropoda,Insecta,Lepidoptera,Lycaenidae,Pseudophilotes,SPECIES,4535092,4535092,NE,Not Evaluated,1994-11-30,1994,11,30,42.227034,20.818232,7071,943,,Prizren,Prizren,,,FALSE,HUMAN_OBSERVATION,,,"Jakšić, P., Živić, N. (1995) Kosovo Metohija. GPMB",,HabiProt,,,d92e92e0-8d20-4756-a60b-3746f408c14c,CC_BY_NC_4_0,COORDINATE_ROUNDED;CONTINENT_DERIVED_FROM_COORDINATES,Habitats,II
5284860548,"Aricia anteros (Freyer, 1838)",Polyommatus eros,Eros Blue,Animalia,Arthropoda,Insecta,Lepidoptera,Lycaenidae,Polyommatus,SPECIES,9195563,5140244,NE,Not Evaluated,1987-11-30,1987,11,30,41.866519,20.698761,7071,0,,Dragash / Dragaš,Prizren,"Parku Kombëtar ""Sharri""",National Park,TRUE,HUMAN_OBSERVATION,,,"Jakšić, P. (1988) Karte dnevnih leptira YU",,HabiProt,,,d92e92e0-8d20-4756-a60b-3746f408c14c,CC_BY_NC_4_0,COORDINATE_ROUNDED;CONTINENT_DERIVED_FROM_COORDINATES,Habitats,II
5284857451,"Aricia anteros (Freyer, 1838)",Polyommatus eros,Eros Blue,Animalia,Arthropoda,Insecta,Lepidoptera,Lycaenidae,Polyommatus,SPECIES,9195563,5140244,NE,Not Evaluated,1998-11-30,1998,11,30,42.677329,21.183075,7071,0,,Prishtinë / Priština,Prishtinë / Priština,,,FALSE,HUMAN_OBSERVATION,,,"Jakšić, P. [ed.] (2008) PBA in Serbia",,HabiProt,,,d92e92e0-8d20-4756-a60b-3746f408c14c,CC_BY_NC_4_0,COORDINATE_ROUNDED;CONTINENT_DERIVED_FROM_COORDINATES,Habitats,II
5284857418,"Polyommatus eros (Ochsenheimer, 1808)",Polyommatus eros,Eros Blue,Animalia,Arthropoda,Insecta,Lepidoptera,Lycaenidae,Polyommatus,SPECIES,5140244,5140244,NE,Not Evaluated,2002-11-30,2002,11,30,43.217637,20.815317,7071,0,,Leposaviq / Leposavić,Mitrovicë / Kosovska Mitrovica,,,FALSE,HUMAN_OBSERVATION,,,"Jakšić, P. (2003) Crvena knjiga d leptira Srbije",,HabiProt,,,d92e92e0-8d20-4756-a60b-3746f408c14c,CC_BY_NC_4_0,COORDINATE_ROUNDED;CONTINENT_DERIVED_FROM_COORDINATES,Habitats,II
5284856065,"Lycaena dispar (Haworth, 1803)",Lycaena dispar,Large Copper,Animalia,Arthropoda,Insecta,Lepidoptera,Lycaenidae,Lycaena,SPECIES,1929270,1929270,NT,Near Threatened,1998-11-30,1998,11,30,42.496569,21.425943,7071,0,,Novobërdë / Novo Brdo,Prishtinë / Priština,,,FALSE,HUMAN_OBSERVATION,,,"Jakšić, P. [ed.] (2008) PBA in Serbia",,HabiProt,,,d92e92e0-8d20-4756-a60b-3746f408c14c,CC_BY_NC_4_0,COORDINATE_ROUNDED;CONTINENT_DERIVED_FROM_COORDINATES,Habitats,II
5284856025,"Polyommatus eros (Ochsenheimer, 1808)",Polyommatus eros,Eros Blue,Animalia,Arthropoda,Insecta,Lepidoptera,Lycaenidae,Polyommatus,SPECIES,5140244,5140244,NE,Not Evaluated,2002-11-30,2002,11,30,42.137098,20.939496,7071,0,,Prizren,Prizren,"Parku Kombëtar ""Sharri""",National Park,FALSE,HUMAN_OBSERVATION,,,"Jakšić, P. (2003) Crvena knjiga d leptira Srbije",,HabiProt,,,d92e92e0-8d20-4756-a60b-3746f408c14c,CC_BY_NC_4_0,COORDINATE_ROUNDED;CONTINENT_DERIVED_FROM_COORDINATES,Habitats,II
5284856018,"Lycaena dispar (Haworth, 1803)",Lycaena dispar,Large Copper,Animalia,Arthropoda,Insecta,Lepidoptera,Lycaenidae,Lycaena,SPECIES,1929270,1929270,NT,Near Threatened,2002-11-30,2002,11,30,42.405353,20.331633,7071,0,,Gjakovë / Đakovica,Gjakovë / Đakovica,,,FALSE,HUMAN_OBSERVATION,,,"Jakšić, P. (2003) Crvena knjiga d leptira Srbije",,HabiProt,,,d92e92e0-8d20-4756-a60b-3746f408c14c,CC_BY_NC_4_0,COORDINATE_ROUNDED;CONTINENT_DERIVED_FROM_COORDINATES,Habitats,II
5284855190,"Lycaena dispar (Haworth, 1803)",Lycaena dispar,Large Copper,Animalia,Arthropoda,Insecta,Lepidoptera,Lycaenidae,Lycaena,SPECIES,1929270,1929270,NT,Near Threatened,1987-11-30,1987,11,30,43.127325,20.692648,7071,0,,Leposaviq / Leposavić,Mitrovicë / Kosovska Mitrovica,,,FALSE,HUMAN_OBSERVATION,,,"Jakšić, P. (1988) Karte dnevnih leptira YU",,HabiProt,,,d92e92e0-8d20-4756-a60b-3746f408c14c,CC_BY_NC_4_0,COORDINATE_ROUNDED;CONTINENT_DERIVED_FROM_COORDINATES,Habitats,II
5284852804,"Pseudophilotes bavius (Ivirsmann, 1832)",Pseudophilotes bavius,Bavius Blue,Animalia,Arthropoda,Insecta,Lepidoptera,Lycaenidae,Pseudophilotes,SPECIES,4535092,4535092,NE,Not Evaluated,2002-11-30,2002,11,30,42.13697,20.818489,7071,0,,Prizren,Prizren,,,FALSE,HUMAN_OBSERVATION,,,"Jakšić, P. (2003) Crvena knjiga d leptira Srbije",,HabiProt,,,d92e92e0-8d20-4756-a60b-3746f408c14c,CC_BY_NC_4_0,COORDINATE_ROUNDED;CONTINENT_DERIVED_FROM_COORDINATES,Habitats,II
5284852768,"Pseudophilotes bavius (Ivirsmann, 1832)",Pseudophilotes bavius,Bavius Blue,Animalia,Arthropoda,Insecta,Lepidoptera,Lycaenidae,Pseudophilotes,SPECIES,4535092,4535092,NE,Not Evaluated,1994-11-30,1994,11,30,42.677329,21.183075,7071,605,,Prishtinë / Priština,Prishtinë / Priština,,,FALSE,HUMAN_OBSERVATION,,,"Jakšić, P., Živić, N. (1995) Kosovo Metohija. GPMB",,HabiProt,,,d92e92e0-8d20-4756-a60b-3746f408c14c,CC_BY_NC_4_0,COORDINATE_ROUNDED;CONTINENT_DERIVED_FROM_COORDINATES,Habitats,II
5284852607,"Lycaena dispar (Haworth, 1803)",Lycaena dispar,Large Copper,Animalia,Arthropoda,Insecta,Lepidoptera,Lycaenidae,Lycaena,SPECIES,1929270,1929270,NT,Near Threatened,1987-11-30,1987,11,30,42.226778,21.302946,7071,0,,Kaçanik / Kačanik,Ferizaj / Uroševac,,,FALSE,HUMAN_OBSERVATION,,,"Jakšić, P. (1988) Karte dnevnih leptira YU",,HabiProt,,,d92e92e0-8d20-4756-a60b-3746f408c14c,CC_BY_NC_4_0,COORDINATE_ROUNDED;CONTINENT_DERIVED_FROM_COORDINATES,Habitats,II
5284852277,"Aricia anteros (Freyer, 1838)",Polyommatus eros,Eros Blue,Animalia,Arthropoda,Insecta,Lepidoptera,Lycaenidae,Polyommatus,SPECIES,9195563,5140244,NE,Not Evaluated,1998-11-30,1998,11,30,42.856783,20.57159,7071,0,,Istog / Istok,Pejë / Peć,,,FALSE,HUMAN_OBSERVATION,,,"Jakšić, P. [ed.] (2008) PBA in Serbia",,HabiProt,,,d92e92e0-8d20-4756-a60b-3746f408c14c,CC_BY_NC_4_0,COORDINATE_ROUNDED;CONTINENT_DERIVED_FROM_COORDINATES,Habitats,II
5284852042,"Lycaena dispar (Haworth, 1803)",Lycaena dispar,Large Copper,Animalia,Arthropoda,Insecta,Lepidoptera,Lycaenidae,Lycaena,SPECIES,1929270,1929270,NT,Near Threatened,1987-11-30,1987,11,30,42.58468,20.207852,7071,0,,Deçan / Dečan,Gjakovë / Đakovica,"Parku Kombëtar ""Bjeshkët e Nemuna""",National Park,FALSE,HUMAN_OBSERVATION,,,"Jakšić, P. (1988) Karte dnevnih leptira YU",,HabiProt,,,d92e92e0-8d20-4756-a60b-3746f408c14c,CC_BY_NC_4_0,COORDINATE_ROUNDED;CONTINENT_DERIVED_FROM_COORDINATES,Habitats,II
5284850238,"Erebia ottomana Herrich-Schäffer, 1847",Erebia tyndarus,Swiss Brassy Ringlet,Animalia,Arthropoda,Insecta,Lepidoptera,Nymphalidae,Erebia,SPECIES,5134917,8233062,LC,Least Concern,2002-11-30,2002,11,30,43.127589,20.815588,7071,0,,Leposaviq / Leposavić,Mitrovicë / Kosovska Mitrovica,,,FALSE,HUMAN_OBSERVATION,,,"Jakšić, P. (2003) Crvena knjiga d leptira Srbije",,HabiProt,,,d92e92e0-8d20-4756-a60b-3746f408c14c,CC_BY_NC_4_0,COORDINATE_ROUNDED;CONTINENT_DERIVED_FROM_COORDINATES,Habitats,II
5284850195,"Aricia anteros (Freyer, 1838)",Polyommatus eros,Eros Blue,Animalia,Arthropoda,Insecta,Lepidoptera,Lycaenidae,Polyommatus,SPECIES,9195563,5140244,NE,Not Evaluated,,,,,42.226394,20.575878,7071,1033,,Prizren,Prizren,,,FALSE,HUMAN_OBSERVATION,,,"Jakšić, P. (2007) Dnevni leptiri Paštrika. AES 12",,HabiProt,,,d92e92e0-8d20-4756-a60b-3746f408c14c,CC_BY_NC_4_0,COORDINATE_ROUNDED;CONTINENT_DERIVED_FROM_COORDINATES,Habitats,II
5284850111,"Erebia ottomana Herrich-Schäffer, 1847",Erebia tyndarus,Swiss Brassy Ringlet,Animalia,Arthropoda,Insecta,Lepidoptera,Nymphalidae,Erebia,SPECIES,5134917,8233062,LC,Least Concern,1987-11-30,1987,11,30,43.127589,20.815588,7071,0,,Leposaviq / Leposavić,Mitrovicë / Kosovska Mitrovica,,,FALSE,HUMAN_OBSERVATION,,,"Jakšić, P. (1988) Karte dnevnih leptira YU",,HabiProt,,,d92e92e0-8d20-4756-a60b-3746f408c14c,CC_BY_NC_4_0,COORDINATE_ROUNDED;CONTINENT_DERIVED_FROM_COORDINATES,Habitats,II
5284849157,"Aricia anteros (Freyer, 1838)",Polyommatus eros,Eros Blue,Animalia,Arthropoda,Insecta,Lepidoptera,Lycaenidae,Polyommatus,SPECIES,9195563,5140244,NE,Not Evaluated,1987-11-30,1987,11,30,42.136332,20.57648,7071,0,,Prizren,Prizren,,,FALSE,HUMAN_OBSERVATION,,,"Jakšić, P. (1988) Karte dnevnih leptira YU",,HabiProt,,,d92e92e0-8d20-4756-a60b-3746f408c14c,CC_BY_NC_4_0,COORDINATE_ROUNDED;CONTINENT_DERIVED_FROM_COORDINATES,Habitats,II
5284847758,"Erebia ottomana Herrich-Schäffer, 1847",Erebia tyndarus,Swiss Brassy Ringlet,Animalia,Arthropoda,Insecta,Lepidoptera,Nymphalidae,Erebia,SPECIES,5134917,8233062,LC,Least Concern,2002-11-30,2002,11,30,42.58468,20.207852,7071,0,,Deçan / Dečan,Gjakovë / Đakovica,"Parku Kombëtar ""Bjeshkët e Nemuna""",National Park,FALSE,HUMAN_OBSERVATION,,,"Jakšić, P. (2003) Crvena knjiga d leptira Srbije",,HabiProt,,,d92e92e0-8d20-4756-a60b-3746f408c14c,CC_BY_NC_4_0,COORDINATE_ROUNDED;CONTINENT_DERIVED_FROM_COORDINATES,Habitats,II
5284847624,"Erebia ottomana Herrich-Schäffer, 1847",Erebia tyndarus,Swiss Brassy Ringlet,Animalia,Arthropoda,Insecta,Lepidoptera,Nymphalidae,Erebia,SPECIES,5134917,8233062,LC,Least Concern,1987-11-30,1987,11,30,42.58468,20.207852,7071,0,,Deçan / Dečan,Gjakovë / Đakovica,"Parku Kombëtar ""Bjeshkët e Nemuna""",National Park,FALSE,HUMAN_OBSERVATION,,,"Jakšić, P. (1988) Karte dnevnih leptira YU",,HabiProt,,,d92e92e0-8d20-4756-a60b-3746f408c14c,CC_BY_NC_4_0,COORDINATE_ROUNDED;CONTINENT_DERIVED_FROM_COORDINATES,Habitats,II
5284847572,"Polyommatus eros (Ochsenheimer, 1808)",Polyommatus eros,Eros Blue,Animalia,Arthropoda,Insecta,Lepidoptera,Lycaenidae,Polyommatus,SPECIES,5140244,5140244,NE,Not Evaluated,1987-11-30,1987,11,30,42.227034,21.181768,7071,0,,Kaçanik / Kačanik,Ferizaj / Uroševac,"Parku Kombëtar ""Sharri""",National Park,FALSE,HUMAN_OBSERVATION,,,"Jakšić, P. (1988) Karte dnevnih leptira YU",,HabiProt,,,d92e92e0-8d20-4756-a60b-3746f408c14c,CC_BY_NC_4_0,COORDINATE_ROUNDED;CONTINENT_DERIVED_FROM_COORDINATES,Habitats,II
5284846521,"Lycaena dispar (Haworth, 1803)",Lycaena dispar,Large Copper,Animalia,Arthropoda,Insecta,Lepidoptera,Lycaenidae,Lycaena,SPECIES,1929270,1929270,NT,Near Threatened,1994-11-30,1994,11,30,43.03754,20.815858,7071,498,,Leposaviq / Leposavić,Mitrovicë / Kosovska Mitrovica,,,FALSE,HUMAN_OBSERVATION,,,"Jakšić, P., Živić, N. (1995) Kosovo Metohija. GPMB",,HabiProt,,,d92e92e0-8d20-4756-a60b-3746f408c14c,CC_BY_NC_4_0,COORDINATE_ROUNDED;CONTINENT_DERIVED_FROM_COORDINATES,Habitats,II
5284845844,"Aricia anteros (Freyer, 1838)",Polyommatus eros,Eros Blue,Animalia,Arthropoda,Insecta,Lepidoptera,Lycaenidae,Polyommatus,SPECIES,9195563,5140244,NE,Not Evaluated,1998-11-30,1998,11,30,42.226394,20.575878,7071,0,,Prizren,Prizren,,,FALSE,HUMAN_OBSERVATION,,,"Jakšić, P. [ed.] (2008) PBA in Serbia",,HabiProt,,,d92e92e0-8d20-4756-a60b-3746f408c14c,CC_BY_NC_4_0,COORDINATE_ROUNDED;CONTINENT_DERIVED_FROM_COORDINATES,Habitats,II
5284845689,"Erebia neleus Freyer, 1833",Erebia tyndarus,Swiss Brassy Ringlet,Animalia,Arthropoda,Insecta,Lepidoptera,Nymphalidae,Erebia,SPECIES,5134975,8233062,LC,Least Concern,1987-11-30,1987,11,30,42.137098,20.939496,7071,0,,Prizren,Prizren,"Parku Kombëtar ""Sharri""",National Park,FALSE,HUMAN_OBSERVATION,,,"Jakšić, P. (1988) Karte dnevnih leptira YU",,HabiProt,,,d92e92e0-8d20-4756-a60b-3746f408c14c,CC_BY_NC_4_0,COORDINATE_ROUNDED;CONTINENT_DERIVED_FROM_COORDINATES,Habitats,II
5284845642,"Polyommatus eros (Ochsenheimer, 1808)",Polyommatus eros,Eros Blue,Animalia,Arthropoda,Insecta,Lepidoptera,Lycaenidae,Polyommatus,SPECIES,5140244,5140244,NE,Not Evaluated,1987-11-30,1987,11,30,43.217637,20.815317,7071,0,,Leposaviq / Leposavić,Mitrovicë / Kosovska Mitrovica,,,FALSE,HUMAN_OBSERVATION,,,"Jakšić, P. (1988) Karte dnevnih leptira YU",,HabiProt,,,d92e92e0-8d20-4756-a60b-3746f408c14c,CC_BY_NC_4_0,COORDINATE_ROUNDED;CONTINENT_DERIVED_FROM_COORDINATES,Habitats,II
5284845627,"Aricia anteros (Freyer, 1838)",Polyommatus eros,Eros Blue,Animalia,Arthropoda,Insecta,Lepidoptera,Lycaenidae,Polyommatus,SPECIES,9195563,5140244,NE,Not Evaluated,1987-11-30,1987,11,30,42.137098,20.939496,7071,0,,Prizren,Prizren,"Parku Kombëtar ""Sharri""",National Park,FALSE,HUMAN_OBSERVATION,,,"Jakšić, P. (1988) Karte dnevnih leptira YU",,HabiProt,,,d92e92e0-8d20-4756-a60b-3746f408c14c,CC_BY_NC_4_0,COORDINATE_ROUNDED;CONTINENT_DERIVED_FROM_COORDINATES,Habitats,II
5284844041,"Lycaena dispar (Haworth, 1803)",Lycaena dispar,Large Copper,Animalia,Arthropoda,Insecta,Lepidoptera,Lycaenidae,Lycaena,SPECIES,1929270,1929270,NT,Near Threatened,1998-11-30,1998,11,30,42.677329,21.183075,7071,0,,Prishtinë / Priština,Prishtinë / Priština,,,FALSE,HUMAN_OBSERVATION,,,"Jakšić, P. [ed.] (2008) PBA in Serbia",,HabiProt,,,d92e92e0-8d20-4756-a60b-3746f408c14c,CC_BY_NC_4_0,COORDINATE_ROUNDED;CONTINENT_DERIVED_FROM_COORDINATES,Habitats,II
5284844003,"Polyommatus eros (Ochsenheimer, 1808)",Polyommatus eros,Eros Blue,Animalia,Arthropoda,Insecta,Lepidoptera,Lycaenidae,Polyommatus,SPECIES,5140244,5140244,NE,Not Evaluated,2002-11-30,2002,11,30,42.226394,20.575878,7071,0,,Prizren,Prizren,,,FALSE,HUMAN_OBSERVATION,,,"Jakšić, P. (2003) Crvena knjiga d leptira Srbije",,HabiProt,,,d92e92e0-8d20-4756-a60b-3746f408c14c,CC_BY_NC_4_0,COORDINATE_ROUNDED;CONTINENT_DERIVED_FROM_COORDINATES,Habitats,II
5284843795,"Lycaena dispar (Haworth, 1803)",Lycaena dispar,Large Copper,Animalia,Arthropoda,Insecta,Lepidoptera,Lycaenidae,Lycaena,SPECIES,1929270,1929270,NT,Near Threatened,1987-11-30,1987,11,30,42.677329,21.183075,7071,0,,Prishtinë / Priština,Prishtinë / Priština,,,FALSE,HUMAN_OBSERVATION,,,"Jakšić, P. (1988) Karte dnevnih leptira YU",,HabiProt,,,d92e92e0-8d20-4756-a60b-3746f408c14c,CC_BY_NC_4_0,COORDINATE_ROUNDED;CONTINENT_DERIVED_FROM_COORDINATES,Habitats,II
5284842208,"Lycaena dispar (Haworth, 1803)",Lycaena dispar,Large Copper,Animalia,Arthropoda,Insecta,Lepidoptera,Lycaenidae,Lycaena,SPECIES,1929270,1929270,NT,Near Threatened,1987-11-30,1987,11,30,42.765558,20.327774,7071,0,,Pejë / Peć,Pejë / Peć,,,FALSE,HUMAN_OBSERVATION,,,"Jakšić, P. (1988) Karte dnevnih leptira YU",,HabiProt,,,d92e92e0-8d20-4756-a60b-3746f408c14c,CC_BY_NC_4_0,COORDINATE_ROUNDED;CONTINENT_DERIVED_FROM_COORDINATES,Habitats,II
5284826647,"Cerambyx cerdo Linnaeus, 1758",Cerambyx cerdo,Stor Ekbock,Animalia,Arthropoda,Insecta,Coleoptera,Cerambycidae,Cerambyx,SPECIES,5820507,5820507,VU,Vulnerable,,,,,42.675509,20.328745,7071,0,,Pejë / Peć,Pejë / Peć,,,FALSE,HUMAN_OBSERVATION,,,"Ilić, N. (2005) Strižibube Srbije",,HabiProt,,,d92e92e0-8d20-4756-a60b-3746f408c14c,CC_BY_NC_4_0,COORDINATE_ROUNDED;CONTINENT_DERIVED_FROM_COORDINATES,Habitats,II
5284824195,"Morimus funereus Mulsant, 1862",Morimus funereus,Cerambice Funereo,Animalia,Arthropoda,Insecta,Coleoptera,Cerambycidae,Morimus,SPECIES,1119288,1119288,VU,Vulnerable,1954-05-13,1954,5,13,42.76621,20.449991,7071,436,,Istog / Istok,Pejë / Peć,,,FALSE,HUMAN_OBSERVATION,,,Dragan Pavićević,Dragan Pavićević,HabiProt,,,d92e92e0-8d20-4756-a60b-3746f408c14c,CC_BY_NC_4_0,COORDINATE_ROUNDED;CONTINENT_DERIVED_FROM_COORDINATES,Habitats,II
5284815519,"Eriogaster catax (Linnaeus, 1767)",Eriogaster catax,Bosrandspinner,Animalia,Arthropoda,Insecta,Lepidoptera,Lasiocampidae,Eriogaster,SPECIES,4525268,4525268,DD,Data Deficient,2014-04-27,2014,4,27,42.586106,21.548423,7071,481,,Kamenicë / Kamenica,Gjilan / Gnjilane,,,FALSE,HUMAN_OBSERVATION,,,Bogoljub Milošević,,HabiProt,,,d92e92e0-8d20-4756-a60b-3746f408c14c,CC_BY_NC_4_0,COORDINATE_ROUNDED;CONTINENT_DERIVED_FROM_COORDINATES,Habitats,II
5284815060,"Euphydryas aurinia (Rottemburg, 1775)",Euphydryas aurinia,Marsh Fritillary,Animalia,Arthropoda,Insecta,Lepidoptera,Nymphalidae,Euphydryas,SPECIES,4535809,4535809,NE,Not Evaluated,2016-05-29,2016,5,29,42.586106,21.548423,7071,495,,Kamenicë / Kamenica,Gjilan / Gnjilane,,,FALSE,HUMAN_OBSERVATION,1,,Bogoljub Milošević,Miroslav Miljević,HabiProt,,,d92e92e0-8d20-4756-a60b-3746f408c14c,CC_BY_NC_4_0,COORDINATE_ROUNDED;CONTINENT_DERIVED_FROM_COORDINATES;OCCURRENCE_STATUS_INFERRED_FROM_INDIVIDUAL_COUNT,Habitats,II
5284813505,"Morimus funereus Mulsant, 1862",Morimus funereus,Cerambice Funereo,Animalia,Arthropoda,Insecta,Coleoptera,Cerambycidae,Morimus,SPECIES,1119288,1119288,VU,Vulnerable,1954-05-12,1954,5,12,42.676159,20.450786,7071,424,,Pejë / Peć,Pejë / Peć,,,FALSE,HUMAN_OBSERVATION,,,Dragan Pavićević,Dragan Pavićević,HabiProt,,,d92e92e0-8d20-4756-a60b-3746f408c14c,CC_BY_NC_4_0,COORDINATE_ROUNDED;CONTINENT_DERIVED_FROM_COORDINATES,Habitats,II
5284792758,"Eriogaster catax (Linnaeus, 1767)",Eriogaster catax,Bosrandspinner,Animalia,Arthropoda,Insecta,Lepidoptera,Lasiocampidae,Eriogaster,SPECIES,4525268,4525268,DD,Data Deficient,2012-04-29,2012,4,29,42.586106,21.548423,7071,481,,Kamenicë / Kamenica,Gjilan / Gnjilane,,,FALSE,HUMAN_OBSERVATION,,,Bogoljub Milošević,,HabiProt,,,d92e92e0-8d20-4756-a60b-3746f408c14c,CC_BY_NC_4_0,COORDINATE_ROUNDED;CONTINENT_DERIVED_FROM_COORDINATES,Habitats,II
5284792279,"Eriogaster catax (Linnaeus, 1767)",Eriogaster catax,Bosrandspinner,Animalia,Arthropoda,Insecta,Lepidoptera,Lasiocampidae,Eriogaster,SPECIES,4525268,4525268,DD,Data Deficient,2014-05-12,2014,5,12,42.586106,21.548423,7071,481,,Kamenicë / Kamenica,Gjilan / Gnjilane,,,FALSE,HUMAN_OBSERVATION,,,Bogoljub Milošević,,HabiProt,,,d92e92e0-8d20-4756-a60b-3746f408c14c,CC_BY_NC_4_0,COORDINATE_ROUNDED;CONTINENT_DERIVED_FROM_COORDINATES,Habitats,II
5284789319,"Aricia anteros (Freyer, 1838)",Polyommatus eros,Eros Blue,Animalia,Arthropoda,Insecta,Lepidoptera,Lycaenidae,Polyommatus,SPECIES,9195563,5140244,NE,Not Evaluated,1939-08-30,1939,8,30,42.675509,20.328745,7071,482,,Pejë / Peć,Pejë / Peć,,,FALSE,HUMAN_OBSERVATION,,,"Anđus, Lj. (2008) Dnevni leptiri u muzeju",,HabiProt,,,d92e92e0-8d20-4756-a60b-3746f408c14c,CC_BY_NC_4_0,COORDINATE_ROUNDED;CONTINENT_DERIVED_FROM_COORDINATES,Habitats,II
5284786044,"Euplagia quadripunctaria (Poda, 1761)",Euplagia quadripunctaria,Jersey Tiger,Animalia,Arthropoda,Insecta,Lepidoptera,Erebidae,Euplagia,SPECIES,4532532,4532532,NE,Not Evaluated,2007-08-16,2007,8,16,42.947489,20.816126,7071,500,,Zveçan / Zvečan,Mitrovicë / Kosovska Mitrovica,,,FALSE,HUMAN_OBSERVATION,,,Milan Đurić,,HabiProt,,,d92e92e0-8d20-4756-a60b-3746f408c14c,CC_BY_NC_4_0,COORDINATE_ROUNDED;CONTINENT_DERIVED_FROM_COORDINATES,Habitats,II
5284785712,"Rosalia alpina (Linnaeus, 1758)",Rosalia alpina,Alpbock,Animalia,Arthropoda,Insecta,Coleoptera,Cerambycidae,Rosalia,SPECIES,7569075,7569075,VU,Vulnerable,2009-08-02,2009,8,2,43.217637,20.815317,7071,1099,,Leposaviq / Leposavić,Mitrovicë / Kosovska Mitrovica,,,FALSE,HUMAN_OBSERVATION,,,Milan Đurić,,HabiProt,,,d92e92e0-8d20-4756-a60b-3746f408c14c,CC_BY_NC_4_0,COORDINATE_ROUNDED;CONTINENT_DERIVED_FROM_COORDINATES,Habitats,II
5284769835,"Lycaena dispar (Haworth, 1803)",Lycaena dispar,Large Copper,Animalia,Arthropoda,Insecta,Lepidoptera,Lycaenidae,Lycaena,SPECIES,1929270,1929270,NT,Near Threatened,2012-07-17,2012,7,17,42.586106,21.548423,7071,481,,Kamenicë / Kamenica,Gjilan / Gnjilane,,,FALSE,HUMAN_OBSERVATION,,,Bogoljub Milošević,,HabiProt,,,d92e92e0-8d20-4756-a60b-3746f408c14c,CC_BY_NC_4_0,COORDINATE_ROUNDED;CONTINENT_DERIVED_FROM_COORDINATES,Habitats,II
5284767026,"Lycaena dispar (Haworth, 1803)",Lycaena dispar,Large Copper,Animalia,Arthropoda,Insecta,Lepidoptera,Lycaenidae,Lycaena,SPECIES,1929270,1929270,NT,Near Threatened,2011-09-16,2011,9,16,42.586106,21.548423,7071,481,,Kamenicë / Kamenica,Gjilan / Gnjilane,,,FALSE,HUMAN_OBSERVATION,,,Bogoljub Milošević,,HabiProt,,,d92e92e0-8d20-4756-a60b-3746f408c14c,CC_BY_NC_4_0,COORDINATE_ROUNDED;CONTINENT_DERIVED_FROM_COORDINATES,Habitats,II
5284764333,"Lycaena dispar (Haworth, 1803)",Lycaena dispar,Large Copper,Animalia,Arthropoda,Insecta,Lepidoptera,Lycaenidae,Lycaena,SPECIES,1929270,1929270,NT,Near Threatened,2007-07-04,2007,7,4,42.947489,20.816126,7071,500,,Zveçan / Zvečan,Mitrovicë / Kosovska Mitrovica,,,FALSE,HUMAN_OBSERVATION,,,Milan Đurić,,HabiProt,,,d92e92e0-8d20-4756-a60b-3746f408c14c,CC_BY_NC_4_0,COORDINATE_ROUNDED;CONTINENT_DERIVED_FROM_COORDINATES,Habitats,II
5284764101,"Lycaena dispar (Haworth, 1803)",Lycaena dispar,Large Copper,Animalia,Arthropoda,Insecta,Lepidoptera,Lycaenidae,Lycaena,SPECIES,1929270,1929270,NT,Near Threatened,2011-08-30,2011,8,30,42.586106,21.548423,7071,481,,Kamenicë / Kamenica,Gjilan / Gnjilane,,,FALSE,HUMAN_OBSERVATION,,,Bogoljub Milošević,,HabiProt,,,d92e92e0-8d20-4756-a60b-3746f408c14c,CC_BY_NC_4_0,COORDINATE_ROUNDED;CONTINENT_DERIVED_FROM_COORDINATES,Habitats,II
5284763930,"Euphydryas aurinia (Rottemburg, 1775)",Euphydryas aurinia,Marsh Fritillary,Animalia,Arthropoda,Insecta,Lepidoptera,Nymphalidae,Euphydryas,SPECIES,4535809,4535809,NE,Not Evaluated,2003-05-28,2003,5,28,42.947489,20.816126,7071,488,,Zveçan / Zvečan,Mitrovicë / Kosovska Mitrovica,,,FALSE,HUMAN_OBSERVATION,,,Predrag Jakšić,,HabiProt,,,d92e92e0-8d20-4756-a60b-3746f408c14c,CC_BY_NC_4_0,COORDINATE_ROUNDED;CONTINENT_DERIVED_FROM_COORDINATES,Habitats,II
5284747751,"Lycaena dispar (Haworth, 1803)",Lycaena dispar,Large Copper,Animalia,Arthropoda,Insecta,Lepidoptera,Lycaenidae,Lycaena,SPECIES,1929270,1929270,NT,Near Threatened,2012-07-19,2012,7,19,42.586106,21.548423,7071,481,,Kamenicë / Kamenica,Gjilan / Gnjilane,,,FALSE,HUMAN_OBSERVATION,,,Bogoljub Milošević,,HabiProt,,,d92e92e0-8d20-4756-a60b-3746f408c14c,CC_BY_NC_4_0,COORDINATE_ROUNDED;CONTINENT_DERIVED_FROM_COORDINATES,Habitats,II
5284743022,"Lycaena dispar (Haworth, 1803)",Lycaena dispar,Large Copper,Animalia,Arthropoda,Insecta,Lepidoptera,Lycaenidae,Lycaena,SPECIES,1929270,1929270,NT,Near Threatened,2007-07-04,2007,7,4,43.03754,20.815858,7071,495,,Leposaviq / Leposavić,Mitrovicë / Kosovska Mitrovica,,,FALSE,HUMAN_OBSERVATION,,,Milan Đurić,,HabiProt,,,d92e92e0-8d20-4756-a60b-3746f408c14c,CC_BY_NC_4_0,COORDINATE_ROUNDED;CONTINENT_DERIVED_FROM_COORDINATES,Habitats,II
5284742667,"Lycaena dispar (Haworth, 1803)",Lycaena dispar,Large Copper,Animalia,Arthropoda,Insecta,Lepidoptera,Lycaenidae,Lycaena,SPECIES,1929270,1929270,NT,Near Threatened,2003-05-28,2003,5,28,42.947489,20.816126,7071,450,,Zveçan / Zvečan,Mitrovicë / Kosovska Mitrovica,,,FALSE,HUMAN_OBSERVATION,,,Predrag Jakšić,,HabiProt,,,d92e92e0-8d20-4756-a60b-3746f408c14c,CC_BY_NC_4_0,COORDINATE_ROUNDED;CONTINENT_DERIVED_FROM_COORDINATES,Habitats,II
5284734585,"Euphydryas aurinia (Rottemburg, 1775)",Euphydryas aurinia,Marsh Fritillary,Animalia,Arthropoda,Insecta,Lepidoptera,Nymphalidae,Euphydryas,SPECIES,4535809,4535809,NE,Not Evaluated,2024-06-09,2024,6,9,42.586106,21.548423,7071,648,,Kamenicë / Kamenica,Gjilan / Gnjilane,,,FALSE,HUMAN_OBSERVATION,1,,Jules Domalain,Jules Domalain,HabiProt,,,d92e92e0-8d20-4756-a60b-3746f408c14c,CC_BY_NC_4_0,COORDINATE_ROUNDED;CONTINENT_DERIVED_FROM_COORDINATES;OCCURRENCE_STATUS_INFERRED_FROM_INDIVIDUAL_COUNT,Habitats,II
5284725554,"Euphydryas aurinia (Rottemburg, 1775)",Euphydryas aurinia,Marsh Fritillary,Animalia,Arthropoda,Insecta,Lepidoptera,Nymphalidae,Euphydryas,SPECIES,4535809,4535809,NE,Not Evaluated,2024-05-07,2024,5,7,42.586106,21.548423,7071,824,,Kamenicë / Kamenica,Gjilan / Gnjilane,,,FALSE,HUMAN_OBSERVATION,1,,Jules Domalain,Jules Domalain,HabiProt,,,d92e92e0-8d20-4756-a60b-3746f408c14c,CC_BY_NC_4_0,COORDINATE_ROUNDED;CONTINENT_DERIVED_FROM_COORDINATES;OCCURRENCE_STATUS_INFERRED_FROM_INDIVIDUAL_COUNT,Habitats,II
5284719312,"Lucanus cervus (Linnaeus, 1758)",Lucanus cervus,Stag Beetle,Animalia,Arthropoda,Insecta,Coleoptera,Lucanidae,Lucanus,SPECIES,5743122,5743122,NE,Not Evaluated,2025-06-02,2025,6,2,43.127325,20.692648,7071,458,,Leposaviq / Leposavić,Mitrovicë / Kosovska Mitrovica,,,FALSE,HUMAN_OBSERVATION,,,Rufford 1,Sanja Banjanac,HabiProt,,,d92e92e0-8d20-4756-a60b-3746f408c14c,CC_BY_NC_4_0,COORDINATE_ROUNDED;CONTINENT_DERIVED_FROM_COORDINATES,Habitats,II
5284714199,"Euphydryas aurinia (Rottemburg, 1775)",Euphydryas aurinia,Marsh Fritillary,Animalia,Arthropoda,Insecta,Lepidoptera,Nymphalidae,Euphydryas,SPECIES,4535809,4535809,NE,Not Evaluated,2024-05-19,2024,5,19,42.586106,21.548423,7071,876,,Kamenicë / Kamenica,Gjilan / Gnjilane,,,FALSE,HUMAN_OBSERVATION,1,,Jules Domalain,Jules Domalain,HabiProt,,,d92e92e0-8d20-4756-a60b-3746f408c14c,CC_BY_NC_4_0,COORDINATE_ROUNDED;CONTINENT_DERIVED_FROM_COORDINATES;OCCURRENCE_STATUS_INFERRED_FROM_INDIVIDUAL_COUNT,Habitats,II
5284692464,"Polyommatus eros (Ochsenheimer, 1808)",Polyommatus eros,Eros Blue,Animalia,Arthropoda,Insecta,Lepidoptera,Lycaenidae,Polyommatus,SPECIES,5140244,5140244,NE,Not Evaluated,2024-06-17,2024,6,17,43.217637,20.815317,7071,1135,,Leposaviq / Leposavić,Mitrovicë / Kosovska Mitrovica,,,FALSE,HUMAN_OBSERVATION,,,Miroslav Miljević,Miroslav Miljević,HabiProt,,,d92e92e0-8d20-4756-a60b-3746f408c14c,CC_BY_NC_4_0,COORDINATE_ROUNDED;CONTINENT_DERIVED_FROM_COORDINATES,Habitats,II
5284645186,"Euphydryas aurinia (Rottemburg, 1775)",Euphydryas aurinia,Marsh Fritillary,Animalia,Arthropoda,Insecta,Lepidoptera,Nymphalidae,Euphydryas,SPECIES,4535809,4535809,NE,Not Evaluated,2022-05-05,2022,5,5,42.586625,21.426555,7071,941,,Novobërdë / Novo Brdo,Prishtinë / Priština,,,FALSE,HUMAN_OBSERVATION,,,Miloš Bogdanović (FB),Mihailo Vujić,HabiProt,,,d92e92e0-8d20-4756-a60b-3746f408c14c,CC_BY_NC_4_0,COORDINATE_ROUNDED;CONTINENT_DERIVED_FROM_COORDINATES,Habitats,II
5284578428,"Paracaloptenus caloptenoides (Brunner von Wattenwyl, 1861)",Paracaloptenus caloptenoides,Balkan Pincer Grasshopper,Animalia,Arthropoda,Insecta,Orthoptera,Acrididae,Paracaloptenus,SPECIES,1702607,1702607,NE,Not Evaluated,1995-08-25,1995,8,25,42.13697,20.818489,7071,734,,Prizren,Prizren,,,FALSE,HUMAN_OBSERVATION,,,"Pavićević D, Karaman I. (2016) Orthoptera Šara",,HabiProt,,,d92e92e0-8d20-4756-a60b-3746f408c14c,CC_BY_NC_4_0,COORDINATE_ROUNDED;CONTINENT_DERIVED_FROM_COORDINATES,Habitats,II
5284567324,"Polyommatus eros (Ochsenheimer, 1808)",Polyommatus eros,Eros Blue,Animalia,Arthropoda,Insecta,Lepidoptera,Lycaenidae,Polyommatus,SPECIES,5140244,5140244,NE,Not Evaluated,2002-11-30,2002,11,30,43.127589,20.815588,7071,0,,Leposaviq / Leposavić,Mitrovicë / Kosovska Mitrovica,,,FALSE,HUMAN_OBSERVATION,,,"Jakšić, P. (2003) Crvena knjiga d leptira Srbije",,HabiProt,,,d92e92e0-8d20-4756-a60b-3746f408c14c,CC_BY_NC_4_0,COORDINATE_ROUNDED;CONTINENT_DERIVED_FROM_COORDINATES,Habitats,II
5284567314,"Lycaena dispar (Haworth, 1803)",Lycaena dispar,Large Copper,Animalia,Arthropoda,Insecta,Lepidoptera,Lycaenidae,Lycaena,SPECIES,1929270,1929270,NT,Near Threatened,2002-11-30,2002,11,30,42.677329,21.183075,7071,0,,Prishtinë / Priština,Prishtinë / Priština,,,FALSE,HUMAN_OBSERVATION,,,"Jakšić, P. (2003) Crvena knjiga d leptira Srbije",,HabiProt,,,d92e92e0-8d20-4756-a60b-3746f408c14c,CC_BY_NC_4_0,COORDINATE_ROUNDED;CONTINENT_DERIVED_FROM_COORDINATES,Habitats,II
5284567302,"Aricia anteros (Freyer, 1838)",Polyommatus eros,Eros Blue,Animalia,Arthropoda,Insecta,Lepidoptera,Lycaenidae,Polyommatus,SPECIES,9195563,5140244,NE,Not Evaluated,2002-11-30,2002,11,30,42.316453,20.575274,7071,0,,Gjakovë / Đakovica,Gjakovë / Đakovica,,,FALSE,HUMAN_OBSERVATION,,,"Jakšić, P. (2003) Crvena knjiga d leptira Srbije",,HabiProt,,,d92e92e0-8d20-4756-a60b-3746f408c14c,CC_BY_NC_4_0,COORDINATE_ROUNDED;CONTINENT_DERIVED_FROM_COORDINATES,Habitats,II
5284565794,"Lycaena dispar (Haworth, 1803)",Lycaena dispar,Large Copper,Animalia,Arthropoda,Insecta,Lepidoptera,Lycaenidae,Lycaena,SPECIES,1929270,1929270,NT,Near Threatened,1998-11-30,1998,11,30,42.765558,20.327774,7071,0,,Pejë / Peć,Pejë / Peć,,,FALSE,HUMAN_OBSERVATION,,,"Jakšić, P. [ed.] (2008) PBA in Serbia",,HabiProt,,,d92e92e0-8d20-4756-a60b-3746f408c14c,CC_BY_NC_4_0,COORDINATE_ROUNDED;CONTINENT_DERIVED_FROM_COORDINATES,Habitats,II
5284565755,"Euphydryas aurinia (Rottemburg, 1775)",Euphydryas aurinia,Marsh Fritillary,Animalia,Arthropoda,Insecta,Lepidoptera,Nymphalidae,Euphydryas,SPECIES,4535809,4535809,NE,Not Evaluated,2002-11-30,2002,11,30,43.127325,20.692648,7071,0,,Leposaviq / Leposavić,Mitrovicë / Kosovska Mitrovica,,,FALSE,HUMAN_OBSERVATION,,,"Jakšić, P. (2003) Crvena knjiga d leptira Srbije",,HabiProt,,,d92e92e0-8d20-4756-a60b-3746f408c14c,CC_BY_NC_4_0,COORDINATE_ROUNDED;CONTINENT_DERIVED_FROM_COORDINATES,Habitats,II
5284565747,"Lycaena dispar (Haworth, 1803)",Lycaena dispar,Large Copper,Animalia,Arthropoda,Insecta,Lepidoptera,Lycaenidae,Lycaena,SPECIES,1929270,1929270,NT,Near Threatened,2002-11-30,2002,11,30,43.127325,20.692648,7071,0,,Leposaviq / Leposavić,Mitrovicë / Kosovska Mitrovica,,,FALSE,HUMAN_OBSERVATION,,,"Jakšić, P. (2003) Crvena knjiga d leptira Srbije",,HabiProt,,,d92e92e0-8d20-4756-a60b-3746f408c14c,CC_BY_NC_4_0,COORDINATE_ROUNDED;CONTINENT_DERIVED_FROM_COORDINATES,Habitats,II
5284565735,"Aricia anteros (Freyer, 1838)",Polyommatus eros,Eros Blue,Animalia,Arthropoda,Insecta,Lepidoptera,Lycaenidae,Polyommatus,SPECIES,9195563,5140244,NE,Not Evaluated,2002-11-30,2002,11,30,42.136332,20.57648,7071,0,,Prizren,Prizren,,,FALSE,HUMAN_OBSERVATION,,,"Jakšić, P. (2003) Crvena knjiga d leptira Srbije",,HabiProt,,,d92e92e0-8d20-4756-a60b-3746f408c14c,CC_BY_NC_4_0,COORDINATE_ROUNDED;CONTINENT_DERIVED_FROM_COORDINATES,Habitats,II
5284565715,"Polyommatus eros (Ochsenheimer, 1808)",Polyommatus eros,Eros Blue,Animalia,Arthropoda,Insecta,Lepidoptera,Lycaenidae,Polyommatus,SPECIES,5140244,5140244,NE,Not Evaluated,1996-07-02,1996,7,2,42.226394,20.575878,7071,1033,,Prizren,Prizren,,,FALSE,HUMAN_OBSERVATION,,,"Jakšić, P. (2007) Dnevni leptiri Paštrika. AES 12",,HabiProt,,,d92e92e0-8d20-4756-a60b-3746f408c14c,CC_BY_NC_4_0,COORDINATE_ROUNDED;CONTINENT_DERIVED_FROM_COORDINATES,Habitats,II
5284565633,"Erebia ottomana Herrich-Schäffer, 1847",Erebia tyndarus,Swiss Brassy Ringlet,Animalia,Arthropoda,Insecta,Lepidoptera,Nymphalidae,Erebia,SPECIES,5134917,8233062,LC,Least Concern,1987-11-30,1987,11,30,42.046651,20.697911,7071,0,,Dragash / Dragaš,Prizren,,,FALSE,HUMAN_OBSERVATION,,,"Jakšić, P. (1988) Karte dnevnih leptira YU",,HabiProt,,,d92e92e0-8d20-4756-a60b-3746f408c14c,CC_BY_NC_4_0,COORDINATE_ROUNDED;CONTINENT_DERIVED_FROM_COORDINATES,Habitats,II
5284563720,"Paracaloptenus caloptenoides (Brunner von Wattenwyl, 1861)",Paracaloptenus caloptenoides,Balkan Pincer Grasshopper,Animalia,Arthropoda,Insecta,Orthoptera,Acrididae,Paracaloptenus,SPECIES,1702607,1702607,NE,Not Evaluated,1995-08-25,1995,8,25,42.13697,20.818489,7071,708,,Prizren,Prizren,,,FALSE,HUMAN_OBSERVATION,,,"Pavićević D, Karaman I. (2016) Orthoptera Šara",,HabiProt,,,d92e92e0-8d20-4756-a60b-3746f408c14c,CC_BY_NC_4_0,COORDINATE_ROUNDED;CONTINENT_DERIVED_FROM_COORDINATES,Habitats,II
5284562462,"Pseudophilotes bavius (Ivirsmann, 1832)",Pseudophilotes bavius,Bavius Blue,Animalia,Arthropoda,Insecta,Lepidoptera,Lycaenidae,Pseudophilotes,SPECIES,4535092,4535092,NE,Not Evaluated,2007-11-30,2007,11,30,42.677329,21.183075,7071,0,,Prishtinë / Priština,Prishtinë / Priština,,,FALSE,HUMAN_OBSERVATION,,,"Jakšić, P. [ed.] (2008) PBA in Serbia",,HabiProt,,,d92e92e0-8d20-4756-a60b-3746f408c14c,CC_BY_NC_4_0,COORDINATE_ROUNDED;CONTINENT_DERIVED_FROM_COORDINATES,Habitats,II
5284562457,"Lycaena dispar (Haworth, 1803)",Lycaena dispar,Large Copper,Animalia,Arthropoda,Insecta,Lepidoptera,Lycaenidae,Lycaena,SPECIES,1929270,1929270,NT,Near Threatened,1998-11-30,1998,11,30,42.227162,21.06059,7071,0,,Shtërpcë / Štrpce,Ferizaj / Uroševac,"Parku Kombëtar ""Sharri""",National Park,FALSE,HUMAN_OBSERVATION,,,"Jakšić, P. [ed.] (2008) PBA in Serbia",,HabiProt,,,d92e92e0-8d20-4756-a60b-3746f408c14c,CC_BY_NC_4_0,COORDINATE_ROUNDED;CONTINENT_DERIVED_FROM_COORDINATES,Habitats,II
5284562346,"Lycaena dispar (Haworth, 1803)",Lycaena dispar,Large Copper,Animalia,Arthropoda,Insecta,Lepidoptera,Lycaenidae,Lycaena,SPECIES,1929270,1929270,NT,Near Threatened,1939-08-30,1939,8,30,42.58468,20.207852,7071,648,,Deçan / Dečan,Gjakovë / Đakovica,"Parku Kombëtar ""Bjeshkët e Nemuna""",National Park,FALSE,HUMAN_OBSERVATION,,,"Anđus, Lj. (2008) Dnevni leptiri u muzeju",,HabiProt,,,d92e92e0-8d20-4756-a60b-3746f408c14c,CC_BY_NC_4_0,COORDINATE_ROUNDED;CONTINENT_DERIVED_FROM_COORDINATES,Habitats,II
5284561531,"Pseudophilotes bavius (Ivirsmann, 1832)",Pseudophilotes bavius,Bavius Blue,Animalia,Arthropoda,Insecta,Lepidoptera,Lycaenidae,Pseudophilotes,SPECIES,4535092,4535092,NE,Not Evaluated,2007-11-30,2007,11,30,42.227162,21.06059,7071,0,,Shtërpcë / Štrpce,Ferizaj / Uroševac,"Parku Kombëtar ""Sharri""",National Park,FALSE,HUMAN_OBSERVATION,,,"Jakšić, P. [ed.] (2008) PBA in Serbia",,HabiProt,,,d92e92e0-8d20-4756-a60b-3746f408c14c,CC_BY_NC_4_0,COORDINATE_ROUNDED;CONTINENT_DERIVED_FROM_COORDINATES,Habitats,II
5284559059,"Lycaena dispar (Haworth, 1803)",Lycaena dispar,Large Copper,Animalia,Arthropoda,Insecta,Lepidoptera,Lycaenidae,Lycaena,SPECIES,1929270,1929270,NT,Near Threatened,1998-11-30,1998,11,30,42.407156,21.182287,7071,0,,Ferizaj / Uroševac,Ferizaj / Uroševac,,,FALSE,HUMAN_OBSERVATION,,,"Jakšić, P. [ed.] (2008) PBA in Serbia",,HabiProt,,,d92e92e0-8d20-4756-a60b-3746f408c14c,CC_BY_NC_4_0,COORDINATE_ROUNDED;CONTINENT_DERIVED_FROM_COORDINATES,Habitats,II
5284558823,"Pseudophilotes bavius (Ivirsmann, 1832)",Pseudophilotes bavius,Bavius Blue,Animalia,Arthropoda,Insecta,Lepidoptera,Lycaenidae,Pseudophilotes,SPECIES,4535092,4535092,NE,Not Evaluated,1987-11-30,1987,11,30,42.13697,20.818489,7071,0,,Prizren,Prizren,,,FALSE,HUMAN_OBSERVATION,,,"Jakšić, P. (1988) Karte dnevnih leptira YU",,HabiProt,,,d92e92e0-8d20-4756-a60b-3746f408c14c,CC_BY_NC_4_0,COORDINATE_ROUNDED;CONTINENT_DERIVED_FROM_COORDINATES,Habitats,II
5284556408,"Polyommatus eros (Ochsenheimer, 1808)",Polyommatus eros,Eros Blue,Animalia,Arthropoda,Insecta,Lepidoptera,Lycaenidae,Polyommatus,SPECIES,5140244,5140244,NE,Not Evaluated,1987-11-30,1987,11,30,43.127589,20.815588,7071,0,,Leposaviq / Leposavić,Mitrovicë / Kosovska Mitrovica,,,FALSE,HUMAN_OBSERVATION,,,"Jakšić, P. (1988) Karte dnevnih leptira YU",,HabiProt,,,d92e92e0-8d20-4756-a60b-3746f408c14c,CC_BY_NC_4_0,COORDINATE_ROUNDED;CONTINENT_DERIVED_FROM_COORDINATES,Habitats,II
5284554305,"Lycaena dispar (Haworth, 1803)",Lycaena dispar,Large Copper,Animalia,Arthropoda,Insecta,Lepidoptera,Lycaenidae,Lycaena,SPECIES,1929270,1929270,NT,Near Threatened,1998-11-30,1998,11,30,42.585458,20.329712,7071,0,,Deçan / Dečan,Gjakovë / Đakovica,,,FALSE,HUMAN_OBSERVATION,,,"Jakšić, P. [ed.] (2008) PBA in Serbia",,HabiProt,,,d92e92e0-8d20-4756-a60b-3746f408c14c,CC_BY_NC_4_0,COORDINATE_ROUNDED;CONTINENT_DERIVED_FROM_COORDINATES,Habitats,II
5284553640,"Polyommatus eros (Ochsenheimer, 1808)",Polyommatus eros,Eros Blue,Animalia,Arthropoda,Insecta,Lepidoptera,Lycaenidae,Polyommatus,SPECIES,5140244,5140244,NE,Not Evaluated,2007-11-30,2007,11,30,43.217637,20.815317,7071,0,,Leposaviq / Leposavić,Mitrovicë / Kosovska Mitrovica,,,FALSE,HUMAN_OBSERVATION,,,"Jakšić, P. [ed.] (2008) PBA in Serbia",,HabiProt,,,d92e92e0-8d20-4756-a60b-3746f408c14c,CC_BY_NC_4_0,COORDINATE_ROUNDED;CONTINENT_DERIVED_FROM_COORDINATES,Habitats,II
5284553635,"Lycaena dispar (Haworth, 1803)",Lycaena dispar,Large Copper,Animalia,Arthropoda,Insecta,Lepidoptera,Lycaenidae,Lycaena,SPECIES,1929270,1929270,NT,Near Threatened,1998-11-30,1998,11,30,42.495406,20.330675,7071,0,,Deçan / Dečan,Gjakovë / Đakovica,,,FALSE,HUMAN_OBSERVATION,,,"Jakšić, P. [ed.] (2008) PBA in Serbia",,HabiProt,,,d92e92e0-8d20-4756-a60b-3746f408c14c,CC_BY_NC_4_0,COORDINATE_ROUNDED;CONTINENT_DERIVED_FROM_COORDINATES,Habitats,II
5284553600,"Erebia ottomana Herrich-Schäffer, 1847",Erebia tyndarus,Swiss Brassy Ringlet,Animalia,Arthropoda,Insecta,Lepidoptera,Nymphalidae,Erebia,SPECIES,5134917,8233062,LC,Least Concern,2002-11-30,2002,11,30,41.956586,20.698337,7071,0,,Dragash / Dragaš,Prizren,"Parku Kombëtar ""Sharri""",National Park,FALSE,HUMAN_OBSERVATION,,,"Jakšić, P. (2003) Crvena knjiga d leptira Srbije",,HabiProt,,,d92e92e0-8d20-4756-a60b-3746f408c14c,CC_BY_NC_4_0,COORDINATE_ROUNDED;CONTINENT_DERIVED_FROM_COORDINATES,Habitats,II
5284553589,"Lycaena dispar (Haworth, 1803)",Lycaena dispar,Large Copper,Animalia,Arthropoda,Insecta,Lepidoptera,Lycaenidae,Lycaena,SPECIES,1929270,1929270,NT,Near Threatened,2002-11-30,2002,11,30,42.58468,20.207852,7071,0,,Deçan / Dečan,Gjakovë / Đakovica,"Parku Kombëtar ""Bjeshkët e Nemuna""",National Park,FALSE,HUMAN_OBSERVATION,,,"Jakšić, P. (2003) Crvena knjiga d leptira Srbije",,HabiProt,,,d92e92e0-8d20-4756-a60b-3746f408c14c,CC_BY_NC_4_0,COORDINATE_ROUNDED;CONTINENT_DERIVED_FROM_COORDINATES,Habitats,II
5284553578,"Aricia anteros (Freyer, 1838)",Polyommatus eros,Eros Blue,Animalia,Arthropoda,Insecta,Lepidoptera,Lycaenidae,Polyommatus,SPECIES,9195563,5140244,NE,Not Evaluated,2002-11-30,2002,11,30,42.227162,21.06059,7071,0,,Shtërpcë / Štrpce,Ferizaj / Uroševac,"Parku Kombëtar ""Sharri""",National Park,FALSE,HUMAN_OBSERVATION,,,"Jakšić, P. (2003) Crvena knjiga d leptira Srbije",,HabiProt,,,d92e92e0-8d20-4756-a60b-3746f408c14c,CC_BY_NC_4_0,COORDINATE_ROUNDED;CONTINENT_DERIVED_FROM_COORDINATES,Habitats,II
5284553577,"Aricia anteros (Freyer, 1838)",Polyommatus eros,Eros Blue,Animalia,Arthropoda,Insecta,Lepidoptera,Lycaenidae,Polyommatus,SPECIES,9195563,5140244,NE,Not Evaluated,2002-11-30,2002,11,30,42.31594,20.453929,7071,0,,Gjakovë / Đakovica,Gjakovë / Đakovica,,,FALSE,HUMAN_OBSERVATION,,,"Jakšić, P. (2003) Crvena knjiga d leptira Srbije",,HabiProt,,,d92e92e0-8d20-4756-a60b-3746f408c14c,CC_BY_NC_4_0,COORDINATE_ROUNDED;CONTINENT_DERIVED_FROM_COORDINATES,Habitats,II
5284551787,"Erebia ottomana Herrich-Schäffer, 1847",Erebia tyndarus,Swiss Brassy Ringlet,Animalia,Arthropoda,Insecta,Lepidoptera,Nymphalidae,Erebia,SPECIES,5134917,8233062,LC,Least Concern,2002-11-30,2002,11,30,43.217637,20.815317,7071,0,,Leposaviq / Leposavić,Mitrovicë / Kosovska Mitrovica,,,FALSE,HUMAN_OBSERVATION,,,"Jakšić, P. (2003) Crvena knjiga d leptira Srbije",,HabiProt,,,d92e92e0-8d20-4756-a60b-3746f408c14c,CC_BY_NC_4_0,COORDINATE_ROUNDED;CONTINENT_DERIVED_FROM_COORDINATES,Habitats,II
5284551768,"Pseudophilotes bavius (Ivirsmann, 1832)",Pseudophilotes bavius,Bavius Blue,Animalia,Arthropoda,Insecta,Lepidoptera,Lycaenidae,Pseudophilotes,SPECIES,4535092,4535092,NE,Not Evaluated,2002-11-30,2002,11,30,42.677329,21.183075,7071,0,,Prishtinë / Priština,Prishtinë / Priština,,,FALSE,HUMAN_OBSERVATION,,,"Jakšić, P. (2003) Crvena knjiga d leptira Srbije",,HabiProt,,,d92e92e0-8d20-4756-a60b-3746f408c14c,CC_BY_NC_4_0,COORDINATE_ROUNDED;CONTINENT_DERIVED_FROM_COORDINATES,Habitats,II
5284551744,"Euphydryas aurinia (Rottemburg, 1775)",Euphydryas aurinia,Marsh Fritillary,Animalia,Arthropoda,Insecta,Lepidoptera,Nymphalidae,Euphydryas,SPECIES,4535809,4535809,NE,Not Evaluated,,,,,42.226394,20.575878,7071,1033,,Prizren,Prizren,,,FALSE,HUMAN_OBSERVATION,,,"Jakšić, P. (2007) Dnevni leptiri Paštrika. AES 12",,HabiProt,,,d92e92e0-8d20-4756-a60b-3746f408c14c,CC_BY_NC_4_0,COORDINATE_ROUNDED;CONTINENT_DERIVED_FROM_COORDINATES,Habitats,II
5284551734,"Erebia ottomana Herrich-Schäffer, 1847",Erebia tyndarus,Swiss Brassy Ringlet,Animalia,Arthropoda,Insecta,Lepidoptera,Nymphalidae,Erebia,SPECIES,5134917,8233062,LC,Least Concern,1994-11-30,1994,11,30,42.58468,20.207852,7071,1732,,Deçan / Dečan,Gjakovë / Đakovica,"Parku Kombëtar ""Bjeshkët e Nemuna""",National Park,FALSE,HUMAN_OBSERVATION,,,"Jakšić, P., Živić, N. (1995) Kosovo Metohija. GPMB",,HabiProt,,,d92e92e0-8d20-4756-a60b-3746f408c14c,CC_BY_NC_4_0,COORDINATE_ROUNDED;CONTINENT_DERIVED_FROM_COORDINATES,Habitats,II
5284551656,"Erebia ottomana Herrich-Schäffer, 1847",Erebia tyndarus,Swiss Brassy Ringlet,Animalia,Arthropoda,Insecta,Lepidoptera,Nymphalidae,Erebia,SPECIES,5134917,8233062,LC,Least Concern,1987-11-30,1987,11,30,43.217637,20.815317,7071,0,,Leposaviq / Leposavić,Mitrovicë / Kosovska Mitrovica,,,FALSE,HUMAN_OBSERVATION,,,"Jakšić, P. (1988) Karte dnevnih leptira YU",,HabiProt,,,d92e92e0-8d20-4756-a60b-3746f408c14c,CC_BY_NC_4_0,COORDINATE_ROUNDED;CONTINENT_DERIVED_FROM_COORDINATES,Habitats,II
5284551584,"Aricia anteros (Freyer, 1838)",Polyommatus eros,Eros Blue,Animalia,Arthropoda,Insecta,Lepidoptera,Lycaenidae,Polyommatus,SPECIES,9195563,5140244,NE,Not Evaluated,1987-11-30,1987,11,30,42.31594,20.453929,7071,0,,Gjakovë / Đakovica,Gjakovë / Đakovica,,,FALSE,HUMAN_OBSERVATION,,,"Jakšić, P. (1988) Karte dnevnih leptira YU",,HabiProt,,,d92e92e0-8d20-4756-a60b-3746f408c14c,CC_BY_NC_4_0,COORDINATE_ROUNDED;CONTINENT_DERIVED_FROM_COORDINATES,Habitats,II
5284551565,"Lycaena dispar (Haworth, 1803)",Lycaena dispar,Large Copper,Animalia,Arthropoda,Insecta,Lepidoptera,Lycaenidae,Lycaena,SPECIES,1929270,1929270,NT,Near Threatened,1987-11-30,1987,11,30,42.405353,20.331633,7071,0,,Gjakovë / Đakovica,Gjakovë / Đakovica,,,FALSE,HUMAN_OBSERVATION,,,"Jakšić, P. (1988) Karte dnevnih leptira YU",,HabiProt,,,d92e92e0-8d20-4756-a60b-3746f408c14c,CC_BY_NC_4_0,COORDINATE_ROUNDED;CONTINENT_DERIVED_FROM_COORDINATES,Habitats,II
5284550958,"Erebia neleus Freyer, 1833",Erebia tyndarus,Swiss Brassy Ringlet,Animalia,Arthropoda,Insecta,Lepidoptera,Nymphalidae,Erebia,SPECIES,5134975,8233062,LC,Least Concern,1987-11-30,1987,11,30,41.956586,20.698337,7071,0,,Dragash / Dragaš,Prizren,"Parku Kombëtar ""Sharri""",National Park,FALSE,HUMAN_OBSERVATION,,,"Jakšić, P. (1988) Karte dnevnih leptira YU",,HabiProt,,,d92e92e0-8d20-4756-a60b-3746f408c14c,CC_BY_NC_4_0,COORDINATE_ROUNDED;CONTINENT_DERIVED_FROM_COORDINATES,Habitats,II
5284550059,"Lycaena dispar (Haworth, 1803)",Lycaena dispar,Large Copper,Animalia,Arthropoda,Insecta,Lepidoptera,Lycaenidae,Lycaena,SPECIES,1929270,1929270,NT,Near Threatened,1998-11-30,1998,11,30,42.76621,20.449991,7071,0,,Istog / Istok,Pejë / Peć,,,FALSE,HUMAN_OBSERVATION,,,"Jakšić, P. [ed.] (2008) PBA in Serbia",,HabiProt,,,d92e92e0-8d20-4756-a60b-3746f408c14c,CC_BY_NC_4_0,COORDINATE_ROUNDED;CONTINENT_DERIVED_FROM_COORDINATES,Habitats,II
5284550025,"Erebia ottomana Herrich-Schäffer, 1847",Erebia tyndarus,Swiss Brassy Ringlet,Animalia,Arthropoda,Insecta,Lepidoptera,Nymphalidae,Erebia,SPECIES,5134917,8233062,LC,Least Concern,2002-11-30,2002,11,30,42.137098,20.939496,7071,0,,Prizren,Prizren,"Parku Kombëtar ""Sharri""",National Park,FALSE,HUMAN_OBSERVATION,,,"Jakšić, P. (2003) Crvena knjiga d leptira Srbije",,HabiProt,,,d92e92e0-8d20-4756-a60b-3746f408c14c,CC_BY_NC_4_0,COORDINATE_ROUNDED;CONTINENT_DERIVED_FROM_COORDINATES,Habitats,II
5284550017,"Euphydryas aurinia (Rottemburg, 1775)",Euphydryas aurinia,Marsh Fritillary,Animalia,Arthropoda,Insecta,Lepidoptera,Nymphalidae,Euphydryas,SPECIES,4535809,4535809,NE,Not Evaluated,2002-11-30,2002,11,30,43.03754,20.815858,7071,0,,Leposaviq / Leposavić,Mitrovicë / Kosovska Mitrovica,,,FALSE,HUMAN_OBSERVATION,,,"Jakšić, P. (2003) Crvena knjiga d leptira Srbije",,HabiProt,,,d92e92e0-8d20-4756-a60b-3746f408c14c,CC_BY_NC_4_0,COORDINATE_ROUNDED;CONTINENT_DERIVED_FROM_COORDINATES,Habitats,II
5284550011,"Lycaena dispar (Haworth, 1803)",Lycaena dispar,Large Copper,Animalia,Arthropoda,Insecta,Lepidoptera,Lycaenidae,Lycaena,SPECIES,1929270,1929270,NT,Near Threatened,2002-11-30,2002,11,30,43.03754,20.815858,7071,0,,Leposaviq / Leposavić,Mitrovicë / Kosovska Mitrovica,,,FALSE,HUMAN_OBSERVATION,,,"Jakšić, P. (2003) Crvena knjiga d leptira Srbije",,HabiProt,,,d92e92e0-8d20-4756-a60b-3746f408c14c,CC_BY_NC_4_0,COORDINATE_ROUNDED;CONTINENT_DERIVED_FROM_COORDINATES,Habitats,II
5284549999,"Aricia anteros (Freyer, 1838)",Polyommatus eros,Eros Blue,Animalia,Arthropoda,Insecta,Lepidoptera,Lycaenidae,Polyommatus,SPECIES,9195563,5140244,NE,Not Evaluated,2002-11-30,2002,11,30,42.226394,20.575878,7071,0,,Prizren,Prizren,,,FALSE,HUMAN_OBSERVATION,,,"Jakšić, P. (2003) Crvena knjiga d leptira Srbije",,HabiProt,,,d92e92e0-8d20-4756-a60b-3746f408c14c,CC_BY_NC_4_0,COORDINATE_ROUNDED;CONTINENT_DERIVED_FROM_COORDINATES,Habitats,II
5284549980,"Polyommatus eros (Ochsenheimer, 1808)",Polyommatus eros,Eros Blue,Animalia,Arthropoda,Insecta,Lepidoptera,Lycaenidae,Polyommatus,SPECIES,5140244,5140244,NE,Not Evaluated,,,,,42.226394,20.575878,7071,1033,,Prizren,Prizren,,,FALSE,HUMAN_OBSERVATION,,,"Jakšić, P. (2007) Dnevni leptiri Paštrika. AES 12",,HabiProt,,,d92e92e0-8d20-4756-a60b-3746f408c14c,CC_BY_NC_4_0,COORDINATE_ROUNDED;CONTINENT_DERIVED_FROM_COORDINATES,Habitats,II
5284546912,"Euphydryas aurinia (Rottemburg, 1775)",Euphydryas aurinia,Marsh Fritillary,Animalia,Arthropoda,Insecta,Lepidoptera,Nymphalidae,Euphydryas,SPECIES,4535809,4535809,NE,Not Evaluated,1998-11-30,1998,11,30,42.226394,20.575878,7071,0,,Prizren,Prizren,,,FALSE,HUMAN_OBSERVATION,,,"Jakšić, P. [ed.] (2008) PBA in Serbia",,HabiProt,,,d92e92e0-8d20-4756-a60b-3746f408c14c,CC_BY_NC_4_0,COORDINATE_ROUNDED;CONTINENT_DERIVED_FROM_COORDINATES,Habitats,II
5284546857,"Aricia anteros (Freyer, 1838)",Polyommatus eros,Eros Blue,Animalia,Arthropoda,Insecta,Lepidoptera,Lycaenidae,Polyommatus,SPECIES,9195563,5140244,NE,Not Evaluated,2002-11-30,2002,11,30,41.956586,20.698337,7071,0,,Dragash / Dragaš,Prizren,"Parku Kombëtar ""Sharri""",National Park,FALSE,HUMAN_OBSERVATION,,,"Jakšić, P. (2003) Crvena knjiga d leptira Srbije",,HabiProt,,,d92e92e0-8d20-4756-a60b-3746f408c14c,CC_BY_NC_4_0,COORDINATE_ROUNDED;CONTINENT_DERIVED_FROM_COORDINATES,Habitats,II
5284546748,"Erebia neleus Freyer, 1833",Erebia tyndarus,Swiss Brassy Ringlet,Animalia,Arthropoda,Insecta,Lepidoptera,Nymphalidae,Erebia,SPECIES,5134975,8233062,LC,Least Concern,1987-11-30,1987,11,30,41.866519,20.698761,7071,0,,Dragash / Dragaš,Prizren,"Parku Kombëtar ""Sharri""",National Park,TRUE,HUMAN_OBSERVATION,,,"Jakšić, P. (1988) Karte dnevnih leptira YU",,HabiProt,,,d92e92e0-8d20-4756-a60b-3746f408c14c,CC_BY_NC_4_0,COORDINATE_ROUNDED;CONTINENT_DERIVED_FROM_COORDINATES,Habitats,II
5284546195,"Erebia ottomana Herrich-Schäffer, 1847",Erebia tyndarus,Swiss Brassy Ringlet,Animalia,Arthropoda,Insecta,Lepidoptera,Nymphalidae,Erebia,SPECIES,5134917,8233062,LC,Least Concern,1987-11-30,1987,11,30,42.137098,20.939496,7071,0,,Prizren,Prizren,"Parku Kombëtar ""Sharri""",National Park,FALSE,HUMAN_OBSERVATION,,,"Jakšić, P. (1988) Karte dnevnih leptira YU",,HabiProt,,,d92e92e0-8d20-4756-a60b-3746f408c14c,CC_BY_NC_4_0,COORDINATE_ROUNDED;CONTINENT_DERIVED_FROM_COORDINATES,Habitats,II
5284546179,"Euphydryas aurinia (Rottemburg, 1775)",Euphydryas aurinia,Marsh Fritillary,Animalia,Arthropoda,Insecta,Lepidoptera,Nymphalidae,Euphydryas,SPECIES,4535809,4535809,NE,Not Evaluated,1987-11-30,1987,11,30,43.127325,20.692648,7071,0,,Leposaviq / Leposavić,Mitrovicë / Kosovska Mitrovica,,,FALSE,HUMAN_OBSERVATION,,,"Jakšić, P. (1988) Karte dnevnih leptira YU",,HabiProt,,,d92e92e0-8d20-4756-a60b-3746f408c14c,CC_BY_NC_4_0,COORDINATE_ROUNDED;CONTINENT_DERIVED_FROM_COORDINATES,Habitats,II
5284543408,"Lycaena dispar (Haworth, 1803)",Lycaena dispar,Large Copper,Animalia,Arthropoda,Insecta,Lepidoptera,Lycaenidae,Lycaena,SPECIES,1929270,1929270,NT,Near Threatened,1998-11-30,1998,11,30,42.857568,20.938798,7071,0,,Vushtrri / Vučitrn,Mitrovicë / Kosovska Mitrovica,,,FALSE,HUMAN_OBSERVATION,,,"Jakšić, P. [ed.] (2008) PBA in Serbia",,HabiProt,,,d92e92e0-8d20-4756-a60b-3746f408c14c,CC_BY_NC_4_0,COORDINATE_ROUNDED;CONTINENT_DERIVED_FROM_COORDINATES,Habitats,II
5284543370,"Polyommatus eros (Ochsenheimer, 1808)",Polyommatus eros,Eros Blue,Animalia,Arthropoda,Insecta,Lepidoptera,Lycaenidae,Polyommatus,SPECIES,5140244,5140244,NE,Not Evaluated,2002-11-30,2002,11,30,42.136332,20.57648,7071,0,,Prizren,Prizren,,,FALSE,HUMAN_OBSERVATION,,,"Jakšić, P. (2003) Crvena knjiga d leptira Srbije",,HabiProt,,,d92e92e0-8d20-4756-a60b-3746f408c14c,CC_BY_NC_4_0,COORDINATE_ROUNDED;CONTINENT_DERIVED_FROM_COORDINATES,Habitats,II
5284543329,"Lycaena dispar (Haworth, 1803)",Lycaena dispar,Large Copper,Animalia,Arthropoda,Insecta,Lepidoptera,Lycaenidae,Lycaena,SPECIES,1929270,1929270,NT,Near Threatened,1994-11-30,1994,11,30,42.58468,20.207852,7071,1732,,Deçan / Dečan,Gjakovë / Đakovica,"Parku Kombëtar ""Bjeshkët e Nemuna""",National Park,FALSE,HUMAN_OBSERVATION,,,"Jakšić, P., Živić, N. (1995) Kosovo Metohija. GPMB",,HabiProt,,,d92e92e0-8d20-4756-a60b-3746f408c14c,CC_BY_NC_4_0,COORDINATE_ROUNDED;CONTINENT_DERIVED_FROM_COORDINATES,Habitats,II
5284541712,"Pseudophilotes bavius (Ivirsmann, 1832)",Pseudophilotes bavius,Bavius Blue,Animalia,Arthropoda,Insecta,Lepidoptera,Lycaenidae,Pseudophilotes,SPECIES,4535092,4535092,NE,Not Evaluated,2002-11-30,2002,11,30,42.046651,20.697911,7071,0,,Dragash / Dragaš,Prizren,,,FALSE,HUMAN_OBSERVATION,,,"Jakšić, P. (2003) Crvena knjiga d leptira Srbije",,HabiProt,,,d92e92e0-8d20-4756-a60b-3746f408c14c,CC_BY_NC_4_0,COORDINATE_ROUNDED;CONTINENT_DERIVED_FROM_COORDINATES,Habitats,II
5284541516,"Lycaena dispar (Haworth, 1803)",Lycaena dispar,Large Copper,Animalia,Arthropoda,Insecta,Lepidoptera,Lycaenidae,Lycaena,SPECIES,1929270,1929270,NT,Near Threatened,1987-11-30,1987,11,30,42.13697,20.818489,7071,0,,Prizren,Prizren,,,FALSE,HUMAN_OBSERVATION,,,"Jakšić, P. (1988) Karte dnevnih leptira YU",,HabiProt,,,d92e92e0-8d20-4756-a60b-3746f408c14c,CC_BY_NC_4_0,COORDINATE_ROUNDED;CONTINENT_DERIVED_FROM_COORDINATES,Habitats,II
5284541197,"Lycaena dispar (Haworth, 1803)",Lycaena dispar,Large Copper,Animalia,Arthropoda,Insecta,Lepidoptera,Lycaenidae,Lycaena,SPECIES,1929270,1929270,NT,Near Threatened,1998-11-30,1998,11,30,42.494631,20.20899,7071,0,,Junik,Gjakovë / Đakovica,"Parku Kombëtar ""Bjeshkët e Nemuna""",National Park,FALSE,HUMAN_OBSERVATION,,,"Jakšić, P. [ed.] (2008) PBA in Serbia",,HabiProt,,,d92e92e0-8d20-4756-a60b-3746f408c14c,CC_BY_NC_4_0,COORDINATE_ROUNDED;CONTINENT_DERIVED_FROM_COORDINATES,Habitats,II
5284541139,"Aricia anteros (Freyer, 1838)",Polyommatus eros,Eros Blue,Animalia,Arthropoda,Insecta,Lepidoptera,Lycaenidae,Polyommatus,SPECIES,9195563,5140244,NE,Not Evaluated,2002-11-30,2002,11,30,42.137098,20.939496,7071,0,,Prizren,Prizren,"Parku Kombëtar ""Sharri""",National Park,FALSE,HUMAN_OBSERVATION,,,"Jakšić, P. (2003) Crvena knjiga d leptira Srbije",,HabiProt,,,d92e92e0-8d20-4756-a60b-3746f408c14c,CC_BY_NC_4_0,COORDINATE_ROUNDED;CONTINENT_DERIVED_FROM_COORDINATES,Habitats,II
5284539408,"Morimus funereus Mulsant, 1862",Morimus funereus,Cerambice Funereo,Animalia,Arthropoda,Insecta,Coleoptera,Cerambycidae,Morimus,SPECIES,1119288,1119288,VU,Vulnerable,,,,,42.675509,20.328745,7071,0,,Pejë / Peć,Pejë / Peć,,,FALSE,HUMAN_OBSERVATION,,,"Ilić, N. (2005) Strižibube Srbije",,HabiProt,,,d92e92e0-8d20-4756-a60b-3746f408c14c,CC_BY_NC_4_0,COORDINATE_ROUNDED;CONTINENT_DERIVED_FROM_COORDINATES,Habitats,II
5284537539,"Polyommatus eros (Ochsenheimer, 1808)",Polyommatus eros,Eros Blue,Animalia,Arthropoda,Insecta,Lepidoptera,Lycaenidae,Polyommatus,SPECIES,5140244,5140244,NE,Not Evaluated,2007-11-30,2007,11,30,42.137098,20.939496,7071,0,,Prizren,Prizren,"Parku Kombëtar ""Sharri""",National Park,FALSE,HUMAN_OBSERVATION,,,"Jakšić, P. [ed.] (2008) PBA in Serbia",,HabiProt,,,d92e92e0-8d20-4756-a60b-3746f408c14c,CC_BY_NC_4_0,COORDINATE_ROUNDED;CONTINENT_DERIVED_FROM_COORDINATES,Habitats,II
5284537498,"Euphydryas aurinia (Rottemburg, 1775)",Euphydryas aurinia,Marsh Fritillary,Animalia,Arthropoda,Insecta,Lepidoptera,Nymphalidae,Euphydryas,SPECIES,4535809,4535809,NE,Not Evaluated,2002-11-30,2002,11,30,42.226394,20.575878,7071,0,,Prizren,Prizren,,,FALSE,HUMAN_OBSERVATION,,,"Jakšić, P. (2003) Crvena knjiga d leptira Srbije",,HabiProt,,,d92e92e0-8d20-4756-a60b-3746f408c14c,CC_BY_NC_4_0,COORDINATE_ROUNDED;CONTINENT_DERIVED_FROM_COORDINATES,Habitats,II
5284537316,"Polyommatus eros (Ochsenheimer, 1808)",Polyommatus eros,Eros Blue,Animalia,Arthropoda,Insecta,Lepidoptera,Lycaenidae,Polyommatus,SPECIES,5140244,5140244,NE,Not Evaluated,1987-11-30,1987,11,30,42.136332,20.57648,7071,0,,Prizren,Prizren,,,FALSE,HUMAN_OBSERVATION,,,"Jakšić, P. (1988) Karte dnevnih leptira YU",,HabiProt,,,d92e92e0-8d20-4756-a60b-3746f408c14c,CC_BY_NC_4_0,COORDINATE_ROUNDED;CONTINENT_DERIVED_FROM_COORDINATES,Habitats,II
5284536248,"Lycaena dispar (Haworth, 1803)",Lycaena dispar,Large Copper,Animalia,Arthropoda,Insecta,Lepidoptera,Lycaenidae,Lycaena,SPECIES,1929270,1929270,NT,Near Threatened,1998-11-30,1998,11,30,42.676679,21.427171,7071,0,,Prishtinë / Priština,Prishtinë / Priština,,,FALSE,HUMAN_OBSERVATION,,,"Jakšić, P. [ed.] (2008) PBA in Serbia",,HabiProt,,,d92e92e0-8d20-4756-a60b-3746f408c14c,CC_BY_NC_4_0,COORDINATE_ROUNDED;CONTINENT_DERIVED_FROM_COORDINATES,Habitats,II
5284536205,"Lycaena dispar (Haworth, 1803)",Lycaena dispar,Large Copper,Animalia,Arthropoda,Insecta,Lepidoptera,Lycaenidae,Lycaena,SPECIES,1929270,1929270,NT,Near Threatened,2002-11-30,2002,11,30,42.13697,20.818489,7071,0,,Prizren,Prizren,,,FALSE,HUMAN_OBSERVATION,,,"Jakšić, P. (2003) Crvena knjiga d leptira Srbije",,HabiProt,,,d92e92e0-8d20-4756-a60b-3746f408c14c,CC_BY_NC_4_0,COORDINATE_ROUNDED;CONTINENT_DERIVED_FROM_COORDINATES,Habitats,II
5284535069,"Pseudophilotes bavius (Ivirsmann, 1832)",Pseudophilotes bavius,Bavius Blue,Animalia,Arthropoda,Insecta,Lepidoptera,Lycaenidae,Pseudophilotes,SPECIES,4535092,4535092,NE,Not Evaluated,2007-11-30,2007,11,30,42.137098,20.939496,7071,0,,Prizren,Prizren,"Parku Kombëtar ""Sharri""",National Park,FALSE,HUMAN_OBSERVATION,,,"Jakšić, P. [ed.] (2008) PBA in Serbia",,HabiProt,,,d92e92e0-8d20-4756-a60b-3746f408c14c,CC_BY_NC_4_0,COORDINATE_ROUNDED;CONTINENT_DERIVED_FROM_COORDINATES,Habitats,II
5284535061,"Euphydryas aurinia (Rottemburg, 1775)",Euphydryas aurinia,Marsh Fritillary,Animalia,Arthropoda,Insecta,Lepidoptera,Nymphalidae,Euphydryas,SPECIES,4535809,4535809,NE,Not Evaluated,2007-11-30,2007,11,30,43.217637,20.815317,7071,0,,Leposaviq / Leposavić,Mitrovicë / Kosovska Mitrovica,,,FALSE,HUMAN_OBSERVATION,,,"Jakšić, P. [ed.] (2008) PBA in Serbia",,HabiProt,,,d92e92e0-8d20-4756-a60b-3746f408c14c,CC_BY_NC_4_0,COORDINATE_ROUNDED;CONTINENT_DERIVED_FROM_COORDINATES,Habitats,II
5284535025,"Polyommatus eros (Ochsenheimer, 1808)",Polyommatus eros,Eros Blue,Animalia,Arthropoda,Insecta,Lepidoptera,Lycaenidae,Polyommatus,SPECIES,5140244,5140244,NE,Not Evaluated,2002-11-30,2002,11,30,42.227034,21.181768,7071,0,,Kaçanik / Kačanik,Ferizaj / Uroševac,"Parku Kombëtar ""Sharri""",National Park,FALSE,HUMAN_OBSERVATION,,,"Jakšić, P. (2003) Crvena knjiga d leptira Srbije",,HabiProt,,,d92e92e0-8d20-4756-a60b-3746f408c14c,CC_BY_NC_4_0,COORDINATE_ROUNDED;CONTINENT_DERIVED_FROM_COORDINATES,Habitats,II
5284534992,"Euphydryas aurinia (Rottemburg, 1775)",Euphydryas aurinia,Marsh Fritillary,Animalia,Arthropoda,Insecta,Lepidoptera,Nymphalidae,Euphydryas,SPECIES,4535809,4535809,NE,Not Evaluated,1996-07-02,1996,7,2,42.226394,20.575878,7071,1033,,Prizren,Prizren,,,FALSE,HUMAN_OBSERVATION,,,"Jakšić, P. (2007) Dnevni leptiri Paštrika. AES 12",,HabiProt,,,d92e92e0-8d20-4756-a60b-3746f408c14c,CC_BY_NC_4_0,COORDINATE_ROUNDED;CONTINENT_DERIVED_FROM_COORDINATES,Habitats,II
5284534979,"Euphydryas aurinia (Rottemburg, 1775)",Euphydryas aurinia,Marsh Fritillary,Animalia,Arthropoda,Insecta,Lepidoptera,Nymphalidae,Euphydryas,SPECIES,4535809,4535809,NE,Not Evaluated,1994-11-30,1994,11,30,43.03754,20.815858,7071,498,,Leposaviq / Leposavić,Mitrovicë / Kosovska Mitrovica,,,FALSE,HUMAN_OBSERVATION,,,"Jakšić, P., Živić, N. (1995) Kosovo Metohija. GPMB",,HabiProt,,,d92e92e0-8d20-4756-a60b-3746f408c14c,CC_BY_NC_4_0,COORDINATE_ROUNDED;CONTINENT_DERIVED_FROM_COORDINATES,Habitats,II
5284534239,"Polyommatus eros (Ochsenheimer, 1808)",Polyommatus eros,Eros Blue,Animalia,Arthropoda,Insecta,Lepidoptera,Lycaenidae,Polyommatus,SPECIES,5140244,5140244,NE,Not Evaluated,1987-11-30,1987,11,30,42.137098,20.939496,7071,0,,Prizren,Prizren,"Parku Kombëtar ""Sharri""",National Park,FALSE,HUMAN_OBSERVATION,,,"Jakšić, P. (1988) Karte dnevnih leptira YU",,HabiProt,,,d92e92e0-8d20-4756-a60b-3746f408c14c,CC_BY_NC_4_0,COORDINATE_ROUNDED;CONTINENT_DERIVED_FROM_COORDINATES,Habitats,II
5284534220,"Pseudophilotes bavius (Ivirsmann, 1832)",Pseudophilotes bavius,Bavius Blue,Animalia,Arthropoda,Insecta,Lepidoptera,Lycaenidae,Pseudophilotes,SPECIES,4535092,4535092,NE,Not Evaluated,1987-11-30,1987,11,30,42.677329,21.183075,7071,0,,Prishtinë / Priština,Prishtinë / Priština,,,FALSE,HUMAN_OBSERVATION,,,"Jakšić, P. (1988) Karte dnevnih leptira YU",,HabiProt,,,d92e92e0-8d20-4756-a60b-3746f408c14c,CC_BY_NC_4_0,COORDINATE_ROUNDED;CONTINENT_DERIVED_FROM_COORDINATES,Habitats,II
5284532855,"Euphydryas aurinia (Rottemburg, 1775)",Euphydryas aurinia,Marsh Fritillary,Animalia,Arthropoda,Insecta,Lepidoptera,Nymphalidae,Euphydryas,SPECIES,4535809,4535809,NE,Not Evaluated,1998-11-30,1998,11,30,42.947489,20.816126,7071,0,,Zveçan / Zvečan,Mitrovicë / Kosovska Mitrovica,,,FALSE,HUMAN_OBSERVATION,,,"Jakšić, P. [ed.] (2008) PBA in Serbia",,HabiProt,,,d92e92e0-8d20-4756-a60b-3746f408c14c,CC_BY_NC_4_0,COORDINATE_ROUNDED;CONTINENT_DERIVED_FROM_COORDINATES,Habitats,II
5284532784,"Erebia ottomana Herrich-Schäffer, 1847",Erebia tyndarus,Swiss Brassy Ringlet,Animalia,Arthropoda,Insecta,Lepidoptera,Nymphalidae,Erebia,SPECIES,5134917,8233062,LC,Least Concern,1997-11-30,1997,11,30,42.226394,20.575878,7071,1033,,Prizren,Prizren,,,FALSE,HUMAN_OBSERVATION,,,"Jakšić, P. (2007) Dnevni leptiri Paštrika. AES 12",,HabiProt,,,d92e92e0-8d20-4756-a60b-3746f408c14c,CC_BY_NC_4_0,COORDINATE_ROUNDED;CONTINENT_DERIVED_FROM_COORDINATES,Habitats,II
5284532768,"Aricia anteros (Freyer, 1838)",Polyommatus eros,Eros Blue,Animalia,Arthropoda,Insecta,Lepidoptera,Lycaenidae,Polyommatus,SPECIES,9195563,5140244,NE,Not Evaluated,1994-11-30,1994,11,30,42.677329,21.183075,7071,605,,Prishtinë / Priština,Prishtinë / Priština,,,FALSE,HUMAN_OBSERVATION,,,"Jakšić, P., Živić, N. (1995) Kosovo Metohija. GPMB",,HabiProt,,,d92e92e0-8d20-4756-a60b-3746f408c14c,CC_BY_NC_4_0,COORDINATE_ROUNDED;CONTINENT_DERIVED_FROM_COORDINATES,Habitats,II
5284532643,"Polyommatus eros (Ochsenheimer, 1808)",Polyommatus eros,Eros Blue,Animalia,Arthropoda,Insecta,Lepidoptera,Lycaenidae,Polyommatus,SPECIES,5140244,5140244,NE,Not Evaluated,1987-11-30,1987,11,30,42.227162,21.06059,7071,0,,Shtërpcë / Štrpce,Ferizaj / Uroševac,"Parku Kombëtar ""Sharri""",National Park,FALSE,HUMAN_OBSERVATION,,,"Jakšić, P. (1988) Karte dnevnih leptira YU",,HabiProt,,,d92e92e0-8d20-4756-a60b-3746f408c14c,CC_BY_NC_4_0,COORDINATE_ROUNDED;CONTINENT_DERIVED_FROM_COORDINATES,Habitats,II
5284530271,"Erebia ottomana Herrich-Schäffer, 1847",Erebia tyndarus,Swiss Brassy Ringlet,Animalia,Arthropoda,Insecta,Lepidoptera,Nymphalidae,Erebia,SPECIES,5134917,8233062,LC,Least Concern,2002-11-30,2002,11,30,42.046651,20.697911,7071,0,,Dragash / Dragaš,Prizren,,,FALSE,HUMAN_OBSERVATION,,,"Jakšić, P. (2003) Crvena knjiga d leptira Srbije",,HabiProt,,,d92e92e0-8d20-4756-a60b-3746f408c14c,CC_BY_NC_4_0,COORDINATE_ROUNDED;CONTINENT_DERIVED_FROM_COORDINATES,Habitats,II
5284530258,"Lycaena dispar (Haworth, 1803)",Lycaena dispar,Large Copper,Animalia,Arthropoda,Insecta,Lepidoptera,Lycaenidae,Lycaena,SPECIES,1929270,1929270,NT,Near Threatened,2002-11-30,2002,11,30,42.765558,20.327774,7071,0,,Pejë / Peć,Pejë / Peć,,,FALSE,HUMAN_OBSERVATION,,,"Jakšić, P. (2003) Crvena knjiga d leptira Srbije",,HabiProt,,,d92e92e0-8d20-4756-a60b-3746f408c14c,CC_BY_NC_4_0,COORDINATE_ROUNDED;CONTINENT_DERIVED_FROM_COORDINATES,Habitats,II
5284530224,"Euphydryas aurinia (Rottemburg, 1775)",Euphydryas aurinia,Marsh Fritillary,Animalia,Arthropoda,Insecta,Lepidoptera,Nymphalidae,Euphydryas,SPECIES,4535809,4535809,NE,Not Evaluated,1994-11-30,1994,11,30,42.226394,20.575878,7071,1714,,Prizren,Prizren,,,FALSE,HUMAN_OBSERVATION,,,"Jakšić, P., Živić, N. (1995) Kosovo Metohija. GPMB",,HabiProt,,,d92e92e0-8d20-4756-a60b-3746f408c14c,CC_BY_NC_4_0,COORDINATE_ROUNDED;CONTINENT_DERIVED_FROM_COORDINATES,Habitats,II
5284530141,"Erebia ottomana Herrich-Schäffer, 1847",Erebia tyndarus,Swiss Brassy Ringlet,Animalia,Arthropoda,Insecta,Lepidoptera,Nymphalidae,Erebia,SPECIES,5134917,8233062,LC,Least Concern,1987-11-30,1987,11,30,41.866519,20.698761,7071,0,,Dragash / Dragaš,Prizren,"Parku Kombëtar ""Sharri""",National Park,TRUE,HUMAN_OBSERVATION,,,"Jakšić, P. (1988) Karte dnevnih leptira YU",,HabiProt,,,d92e92e0-8d20-4756-a60b-3746f408c14c,CC_BY_NC_4_0,COORDINATE_ROUNDED;CONTINENT_DERIVED_FROM_COORDINATES,Habitats,II
5284528887,"Polyommatus eros (Ochsenheimer, 1808)",Polyommatus eros,Eros Blue,Animalia,Arthropoda,Insecta,Lepidoptera,Lycaenidae,Polyommatus,SPECIES,5140244,5140244,NE,Not Evaluated,2007-11-30,2007,11,30,42.227162,21.06059,7071,0,,Shtërpcë / Štrpce,Ferizaj / Uroševac,"Parku Kombëtar ""Sharri""",National Park,FALSE,HUMAN_OBSERVATION,,,"Jakšić, P. [ed.] (2008) PBA in Serbia",,HabiProt,,,d92e92e0-8d20-4756-a60b-3746f408c14c,CC_BY_NC_4_0,COORDINATE_ROUNDED;CONTINENT_DERIVED_FROM_COORDINATES,Habitats,II
5284528844,"Euphydryas aurinia (Rottemburg, 1775)",Euphydryas aurinia,Marsh Fritillary,Animalia,Arthropoda,Insecta,Lepidoptera,Nymphalidae,Euphydryas,SPECIES,4535809,4535809,NE,Not Evaluated,2002-11-30,2002,11,30,42.13697,20.818489,7071,0,,Prizren,Prizren,,,FALSE,HUMAN_OBSERVATION,,,"Jakšić, P. (2003) Crvena knjiga d leptira Srbije",,HabiProt,,,d92e92e0-8d20-4756-a60b-3746f408c14c,CC_BY_NC_4_0,COORDINATE_ROUNDED;CONTINENT_DERIVED_FROM_COORDINATES,Habitats,II
5284528707,"Euphydryas aurinia (Rottemburg, 1775)",Euphydryas aurinia,Marsh Fritillary,Animalia,Arthropoda,Insecta,Lepidoptera,Nymphalidae,Euphydryas,SPECIES,4535809,4535809,NE,Not Evaluated,1987-11-30,1987,11,30,42.31594,20.453929,7071,0,,Gjakovë / Đakovica,Gjakovë / Đakovica,,,FALSE,HUMAN_OBSERVATION,,,"Jakšić, P. (1988) Karte dnevnih leptira YU",,HabiProt,,,d92e92e0-8d20-4756-a60b-3746f408c14c,CC_BY_NC_4_0,COORDINATE_ROUNDED;CONTINENT_DERIVED_FROM_COORDINATES,Habitats,II
5284528663,"Polyommatus eros (Ochsenheimer, 1808)",Polyommatus eros,Eros Blue,Animalia,Arthropoda,Insecta,Lepidoptera,Lycaenidae,Polyommatus,SPECIES,5140244,5140244,NE,Not Evaluated,1987-11-30,1987,11,30,42.226394,20.575878,7071,0,,Prizren,Prizren,,,FALSE,HUMAN_OBSERVATION,,,"Jakšić, P. (1988) Karte dnevnih leptira YU",,HabiProt,,,d92e92e0-8d20-4756-a60b-3746f408c14c,CC_BY_NC_4_0,COORDINATE_ROUNDED;CONTINENT_DERIVED_FROM_COORDINATES,Habitats,II
5284525202,"Lycaena dispar (Haworth, 1803)",Lycaena dispar,Large Copper,Animalia,Arthropoda,Insecta,Lepidoptera,Lycaenidae,Lycaena,SPECIES,1929270,1929270,NT,Near Threatened,1998-11-30,1998,11,30,42.316453,20.575274,7071,0,,Gjakovë / Đakovica,Gjakovë / Đakovica,,,FALSE,HUMAN_OBSERVATION,,,"Jakšić, P. [ed.] (2008) PBA in Serbia",,HabiProt,,,d92e92e0-8d20-4756-a60b-3746f408c14c,CC_BY_NC_4_0,COORDINATE_ROUNDED;CONTINENT_DERIVED_FROM_COORDINATES,Habitats,II
5284525122,"Erebia ottomana Herrich-Schäffer, 1847",Erebia tyndarus,Swiss Brassy Ringlet,Animalia,Arthropoda,Insecta,Lepidoptera,Nymphalidae,Erebia,SPECIES,5134917,8233062,LC,Least Concern,1994-11-30,1994,11,30,42.226394,20.575878,7071,1714,,Prizren,Prizren,,,FALSE,HUMAN_OBSERVATION,,,"Jakšić, P., Živić, N. (1995) Kosovo Metohija. GPMB",,HabiProt,,,d92e92e0-8d20-4756-a60b-3746f408c14c,CC_BY_NC_4_0,COORDINATE_ROUNDED;CONTINENT_DERIVED_FROM_COORDINATES,Habitats,II
5284525020,"Euphydryas aurinia (Rottemburg, 1775)",Euphydryas aurinia,Marsh Fritillary,Animalia,Arthropoda,Insecta,Lepidoptera,Nymphalidae,Euphydryas,SPECIES,4535809,4535809,NE,Not Evaluated,1987-11-30,1987,11,30,42.226394,20.575878,7071,0,,Prizren,Prizren,,,FALSE,HUMAN_OBSERVATION,,,"Jakšić, P. (1988) Karte dnevnih leptira YU",,HabiProt,,,d92e92e0-8d20-4756-a60b-3746f408c14c,CC_BY_NC_4_0,COORDINATE_ROUNDED;CONTINENT_DERIVED_FROM_COORDINATES,Habitats,II
5284524980,"Polyommatus eros (Ochsenheimer, 1808)",Polyommatus eros,Eros Blue,Animalia,Arthropoda,Insecta,Lepidoptera,Lycaenidae,Polyommatus,SPECIES,5140244,5140244,NE,Not Evaluated,1987-11-30,1987,11,30,41.866519,20.698761,7071,0,,Dragash / Dragaš,Prizren,"Parku Kombëtar ""Sharri""",National Park,TRUE,HUMAN_OBSERVATION,,,"Jakšić, P. (1988) Karte dnevnih leptira YU",,HabiProt,,,d92e92e0-8d20-4756-a60b-3746f408c14c,CC_BY_NC_4_0,COORDINATE_ROUNDED;CONTINENT_DERIVED_FROM_COORDINATES,Habitats,II
5284523000,"Polyommatus eros (Ochsenheimer, 1808)",Polyommatus eros,Eros Blue,Animalia,Arthropoda,Insecta,Lepidoptera,Lycaenidae,Polyommatus,SPECIES,5140244,5140244,NE,Not Evaluated,2007-11-30,2007,11,30,42.226394,20.575878,7071,0,,Prizren,Prizren,,,FALSE,HUMAN_OBSERVATION,,,"Jakšić, P. [ed.] (2008) PBA in Serbia",,HabiProt,,,d92e92e0-8d20-4756-a60b-3746f408c14c,CC_BY_NC_4_0,COORDINATE_ROUNDED;CONTINENT_DERIVED_FROM_COORDINATES,Habitats,II
5284522956,"Euphydryas aurinia (Rottemburg, 1775)",Euphydryas aurinia,Marsh Fritillary,Animalia,Arthropoda,Insecta,Lepidoptera,Nymphalidae,Euphydryas,SPECIES,4535809,4535809,NE,Not Evaluated,2002-11-30,2002,11,30,42.31594,20.453929,7071,0,,Gjakovë / Đakovica,Gjakovë / Đakovica,,,FALSE,HUMAN_OBSERVATION,,,"Jakšić, P. (2003) Crvena knjiga d leptira Srbije",,HabiProt,,,d92e92e0-8d20-4756-a60b-3746f408c14c,CC_BY_NC_4_0,COORDINATE_ROUNDED;CONTINENT_DERIVED_FROM_COORDINATES,Habitats,II
5284522817,"Euphydryas aurinia (Rottemburg, 1775)",Euphydryas aurinia,Marsh Fritillary,Animalia,Arthropoda,Insecta,Lepidoptera,Nymphalidae,Euphydryas,SPECIES,4535809,4535809,NE,Not Evaluated,1987-11-30,1987,11,30,43.03754,20.815858,7071,0,,Leposaviq / Leposavić,Mitrovicë / Kosovska Mitrovica,,,FALSE,HUMAN_OBSERVATION,,,"Jakšić, P. (1988) Karte dnevnih leptira YU",,HabiProt,,,d92e92e0-8d20-4756-a60b-3746f408c14c,CC_BY_NC_4_0,COORDINATE_ROUNDED;CONTINENT_DERIVED_FROM_COORDINATES,Habitats,II
5284520166,"Lycaena dispar (Haworth, 1803)",Lycaena dispar,Large Copper,Animalia,Arthropoda,Insecta,Lepidoptera,Lycaenidae,Lycaena,SPECIES,1929270,1929270,NT,Near Threatened,1987-11-30,1987,11,30,43.03754,20.815858,7071,0,,Leposaviq / Leposavić,Mitrovicë / Kosovska Mitrovica,,,FALSE,HUMAN_OBSERVATION,,,"Jakšić, P. (1988) Karte dnevnih leptira YU",,HabiProt,,,d92e92e0-8d20-4756-a60b-3746f408c14c,CC_BY_NC_4_0,COORDINATE_ROUNDED;CONTINENT_DERIVED_FROM_COORDINATES,Habitats,II
5284519259,"Erebia ottomana Herrich-Schäffer, 1847",Erebia tyndarus,Swiss Brassy Ringlet,Animalia,Arthropoda,Insecta,Lepidoptera,Nymphalidae,Erebia,SPECIES,5134917,8233062,LC,Least Concern,,,,,42.583773,20.085997,7071,0,,Deçan / Dečan,Gjakovë / Đakovica,"Parku Kombëtar ""Bjeshkët e Nemuna""",National Park,FALSE,HUMAN_OBSERVATION,,,"Anđus, Lj. (2008) Dnevni leptiri u muzeju",,HabiProt,,,d92e92e0-8d20-4756-a60b-3746f408c14c,CC_BY_NC_4_0,COORDINATE_ROUNDED;CONTINENT_DERIVED_FROM_COORDINATES,Habitats,II
5284508503,"Cerambyx cerdo Linnaeus, 1758",Cerambyx cerdo,Stor Ekbock,Animalia,Arthropoda,Insecta,Coleoptera,Cerambycidae,Cerambyx,SPECIES,5820507,5820507,VU,Vulnerable,,,,,42.677329,21.183075,7071,0,,Prishtinë / Priština,Prishtinë / Priština,,,FALSE,HUMAN_OBSERVATION,,,"Ilić, N. (2005) Strižibube Srbije",,HabiProt,,,d92e92e0-8d20-4756-a60b-3746f408c14c,CC_BY_NC_4_0,COORDINATE_ROUNDED;CONTINENT_DERIVED_FROM_COORDINATES,Habitats,II
5284508270,"Rosalia alpina (Linnaeus, 1758)",Rosalia alpina,Alpbock,Animalia,Arthropoda,Insecta,Coleoptera,Cerambycidae,Rosalia,SPECIES,7569075,7569075,VU,Vulnerable,,,,,42.227162,21.06059,7071,0,,Shtërpcë / Štrpce,Ferizaj / Uroševac,"Parku Kombëtar ""Sharri""",National Park,FALSE,HUMAN_OBSERVATION,,,"Ilić, N. (2005) Strižibube Srbije",,HabiProt,,,d92e92e0-8d20-4756-a60b-3746f408c14c,CC_BY_NC_4_0,COORDINATE_ROUNDED;CONTINENT_DERIVED_FROM_COORDINATES,Habitats,II
5284480301,"Euphydryas aurinia (Rottemburg, 1775)",Euphydryas aurinia,Marsh Fritillary,Animalia,Arthropoda,Insecta,Lepidoptera,Nymphalidae,Euphydryas,SPECIES,4535809,4535809,NE,Not Evaluated,2014-06-03,2014,6,3,42.586106,21.548423,7071,490,,Kamenicë / Kamenica,Gjilan / Gnjilane,,,FALSE,HUMAN_OBSERVATION,1,,Bogoljub Milošević,Miroslav Miljević,HabiProt,,,d92e92e0-8d20-4756-a60b-3746f408c14c,CC_BY_NC_4_0,COORDINATE_ROUNDED;CONTINENT_DERIVED_FROM_COORDINATES;OCCURRENCE_STATUS_INFERRED_FROM_INDIVIDUAL_COUNT,Habitats,II
5284462043,"Euplagia quadripunctaria (Poda, 1761)",Euplagia quadripunctaria,Jersey Tiger,Animalia,Arthropoda,Insecta,Lepidoptera,Erebidae,Euplagia,SPECIES,4532532,4532532,NE,Not Evaluated,2009-08-02,2009,8,2,43.217637,20.815317,7071,1236,,Leposaviq / Leposavić,Mitrovicë / Kosovska Mitrovica,,,FALSE,HUMAN_OBSERVATION,,,Milan Đurić,,HabiProt,,,d92e92e0-8d20-4756-a60b-3746f408c14c,CC_BY_NC_4_0,COORDINATE_ROUNDED;CONTINENT_DERIVED_FROM_COORDINATES,Habitats,II
5284461210,"Euplagia quadripunctaria (Poda, 1761)",Euplagia quadripunctaria,Jersey Tiger,Animalia,Arthropoda,Insecta,Lepidoptera,Erebidae,Euplagia,SPECIES,4532532,4532532,NE,Not Evaluated,2013-08-16,2013,8,16,42.227162,21.06059,7071,842,,Shtërpcë / Štrpce,Ferizaj / Uroševac,"Parku Kombëtar ""Sharri""",National Park,FALSE,HUMAN_OBSERVATION,,,Ognjen Lazić (FB),,HabiProt,,,d92e92e0-8d20-4756-a60b-3746f408c14c,CC_BY_NC_4_0,COORDINATE_ROUNDED;CONTINENT_DERIVED_FROM_COORDINATES,Habitats,II
5284457049,"Erebia ottomana Herrich-Schäffer, 1847",Erebia tyndarus,Swiss Brassy Ringlet,Animalia,Arthropoda,Insecta,Lepidoptera,Nymphalidae,Erebia,SPECIES,5134917,8233062,LC,Least Concern,2014-08-10,2014,8,10,41.866519,20.698761,7071,2075,,Dragash / Dragaš,Prizren,"Parku Kombëtar ""Sharri""",National Park,TRUE,HUMAN_OBSERVATION,50,,Đorđe Radevski,,HabiProt,,,d92e92e0-8d20-4756-a60b-3746f408c14c,CC_BY_NC_4_0,COORDINATE_ROUNDED;CONTINENT_DERIVED_FROM_COORDINATES;OCCURRENCE_STATUS_INFERRED_FROM_INDIVIDUAL_COUNT,Habitats,II
5284455859,"Euplagia quadripunctaria (Poda, 1761)",Euplagia quadripunctaria,Jersey Tiger,Animalia,Arthropoda,Insecta,Lepidoptera,Erebidae,Euplagia,SPECIES,4532532,4532532,NE,Not Evaluated,2014-08-10,2014,8,10,42.586106,21.548423,7071,481,,Kamenicë / Kamenica,Gjilan / Gnjilane,,,FALSE,HUMAN_OBSERVATION,,,Bogoljub Milošević,,HabiProt,,,d92e92e0-8d20-4756-a60b-3746f408c14c,CC_BY_NC_4_0,COORDINATE_ROUNDED;CONTINENT_DERIVED_FROM_COORDINATES,Habitats,II
5284442342,"Lycaena dispar (Haworth, 1803)",Lycaena dispar,Large Copper,Animalia,Arthropoda,Insecta,Lepidoptera,Lycaenidae,Lycaena,SPECIES,1929270,1929270,NT,Near Threatened,2011-07-22,2011,7,22,42.586106,21.548423,7071,481,,Kamenicë / Kamenica,Gjilan / Gnjilane,,,FALSE,HUMAN_OBSERVATION,,,Bogoljub Milošević,,HabiProt,,,d92e92e0-8d20-4756-a60b-3746f408c14c,CC_BY_NC_4_0,COORDINATE_ROUNDED;CONTINENT_DERIVED_FROM_COORDINATES,Habitats,II
5284423100,"Lycaena dispar (Haworth, 1803)",Lycaena dispar,Large Copper,Animalia,Arthropoda,Insecta,Lepidoptera,Lycaenidae,Lycaena,SPECIES,1929270,1929270,NT,Near Threatened,2007-08-16,2007,8,16,42.947489,20.816126,7071,620,,Zveçan / Zvečan,Mitrovicë / Kosovska Mitrovica,,,FALSE,HUMAN_OBSERVATION,,,Milan Đurić,,HabiProt,,,d92e92e0-8d20-4756-a60b-3746f408c14c,CC_BY_NC_4_0,COORDINATE_ROUNDED;CONTINENT_DERIVED_FROM_COORDINATES,Habitats,II
5284414758,"Erebia ottomana Herrich-Schäffer, 1847",Erebia tyndarus,Swiss Brassy Ringlet,Animalia,Arthropoda,Insecta,Lepidoptera,Nymphalidae,Erebia,SPECIES,5134917,8233062,LC,Least Concern,2003-07-18,2003,7,18,43.217637,20.815317,7071,1650,,Leposaviq / Leposavić,Mitrovicë / Kosovska Mitrovica,,,FALSE,HUMAN_OBSERVATION,,,Predrag Jakšić,,HabiProt,,,d92e92e0-8d20-4756-a60b-3746f408c14c,CC_BY_NC_4_0,COORDINATE_ROUNDED;CONTINENT_DERIVED_FROM_COORDINATES,Habitats,II
5284414749,"Lycaena dispar (Haworth, 1803)",Lycaena dispar,Large Copper,Animalia,Arthropoda,Insecta,Lepidoptera,Lycaenidae,Lycaena,SPECIES,1929270,1929270,NT,Near Threatened,2011-06-20,2011,6,20,42.586106,21.548423,7071,481,,Kamenicë / Kamenica,Gjilan / Gnjilane,,,FALSE,HUMAN_OBSERVATION,,,Bogoljub Milošević,,HabiProt,,,d92e92e0-8d20-4756-a60b-3746f408c14c,CC_BY_NC_4_0,COORDINATE_ROUNDED;CONTINENT_DERIVED_FROM_COORDINATES,Habitats,II
5284410163,"Lycaena dispar (Haworth, 1803)",Lycaena dispar,Large Copper,Animalia,Arthropoda,Insecta,Lepidoptera,Lycaenidae,Lycaena,SPECIES,1929270,1929270,NT,Near Threatened,2007-08-16,2007,8,16,42.947489,20.816126,7071,500,,Zveçan / Zvečan,Mitrovicë / Kosovska Mitrovica,,,FALSE,HUMAN_OBSERVATION,,,Milan Đurić,,HabiProt,,,d92e92e0-8d20-4756-a60b-3746f408c14c,CC_BY_NC_4_0,COORDINATE_ROUNDED;CONTINENT_DERIVED_FROM_COORDINATES,Habitats,II
5284409964,"Euphydryas aurinia (Rottemburg, 1775)",Euphydryas aurinia,Marsh Fritillary,Animalia,Arthropoda,Insecta,Lepidoptera,Nymphalidae,Euphydryas,SPECIES,4535809,4535809,NE,Not Evaluated,2012-05-22,2012,5,22,42.586106,21.548423,7071,481,,Kamenicë / Kamenica,Gjilan / Gnjilane,,,FALSE,HUMAN_OBSERVATION,,,Bogoljub Milošević,,HabiProt,,,d92e92e0-8d20-4756-a60b-3746f408c14c,CC_BY_NC_4_0,COORDINATE_ROUNDED;CONTINENT_DERIVED_FROM_COORDINATES,Habitats,II
5284408972,"Lycaena dispar (Haworth, 1803)",Lycaena dispar,Large Copper,Animalia,Arthropoda,Insecta,Lepidoptera,Lycaenidae,Lycaena,SPECIES,1929270,1929270,NT,Near Threatened,2012-07-20,2012,7,20,42.586106,21.548423,7071,481,,Kamenicë / Kamenica,Gjilan / Gnjilane,,,FALSE,HUMAN_OBSERVATION,,,Bogoljub Milošević,,HabiProt,,,d92e92e0-8d20-4756-a60b-3746f408c14c,CC_BY_NC_4_0,COORDINATE_ROUNDED;CONTINENT_DERIVED_FROM_COORDINATES,Habitats,II
5284403689,"Euphydryas aurinia (Rottemburg, 1775)",Euphydryas aurinia,Marsh Fritillary,Animalia,Arthropoda,Insecta,Lepidoptera,Nymphalidae,Euphydryas,SPECIES,4535809,4535809,NE,Not Evaluated,2011-05-29,2011,5,29,42.586106,21.548423,7071,481,,Kamenicë / Kamenica,Gjilan / Gnjilane,,,FALSE,HUMAN_OBSERVATION,,,Bogoljub Milošević,,HabiProt,,,d92e92e0-8d20-4756-a60b-3746f408c14c,CC_BY_NC_4_0,COORDINATE_ROUNDED;CONTINENT_DERIVED_FROM_COORDINATES,Habitats,II
5284403093,"Lycaena dispar (Haworth, 1803)",Lycaena dispar,Large Copper,Animalia,Arthropoda,Insecta,Lepidoptera,Lycaenidae,Lycaena,SPECIES,1929270,1929270,NT,Near Threatened,2003-08-10,2003,8,10,42.13697,20.818489,7071,600,,Prizren,Prizren,,,FALSE,HUMAN_OBSERVATION,,,Predrag Jakšić,,HabiProt,,,d92e92e0-8d20-4756-a60b-3746f408c14c,CC_BY_NC_4_0,COORDINATE_ROUNDED;CONTINENT_DERIVED_FROM_COORDINATES,Habitats,II
5284400485,"Lycaena dispar (Haworth, 1803)",Lycaena dispar,Large Copper,Animalia,Arthropoda,Insecta,Lepidoptera,Lycaenidae,Lycaena,SPECIES,1929270,1929270,NT,Near Threatened,2012-08-09,2012,8,9,42.586106,21.548423,7071,481,,Kamenicë / Kamenica,Gjilan / Gnjilane,,,FALSE,HUMAN_OBSERVATION,,,Bogoljub Milošević,,HabiProt,,,d92e92e0-8d20-4756-a60b-3746f408c14c,CC_BY_NC_4_0,COORDINATE_ROUNDED;CONTINENT_DERIVED_FROM_COORDINATES,Habitats,II
5282895664,"Euplagia quadripunctaria (Poda, 1761)",Euplagia quadripunctaria,Jersey Tiger,Animalia,Arthropoda,Insecta,Lepidoptera,Erebidae,Euplagia,SPECIES,4532532,4532532,NE,Not Evaluated,2025-08-05,2025,8,5,42.738403,20.306608,,,Istok,Pejë / Peć,Pejë / Peć,Burimi i Drinit të Bardhë me Shpellën dhe Ujëvarën në Radavc,Natural Monument,FALSE,HUMAN_OBSERVATION,1,,User 139529,,,,,8a863029-f435-446a-821e-275f4f641165,CC_BY_NC_4_0,,Habitats,II
5206592399,"Lucanus cervus (Linnaeus, 1758)",Lucanus cervus,Stag Beetle,Animalia,Arthropoda,Insecta,Coleoptera,Lucanidae,Lucanus,SPECIES,5743122,5743122,NE,Not Evaluated,2025-06-22T13:57:19,2025,6,22,42.671153,21.21668,4,,,Prishtinë / Priština,Prishtinë / Priština,Gërmia,Protected Landscape,FALSE,HUMAN_OBSERVATION,,,L D2,,iNaturalist,Observations,291751545,50c9509d-22c7-4a22-a47d-8c48425ef4a7,CC_BY_NC_4_0,COORDINATE_ROUNDED;COUNTRY_DERIVED_FROM_COORDINATES;CONTINENT_DERIVED_FROM_COORDINATES;TAXON_ID_NOT_FOUND,Habitats,II
5206525438,Anacamptis pyramidalis (L.) Rich.,Anacamptis pyramidalis,Orchis Pyramidal,Plantae,Tracheophyta,Liliopsida,Asparagales,Orchidaceae,Anacamptis,SPECIES,2808330,2808330,NE,Not Evaluated,2025-06-22T13:27:11,2025,6,22,42.672778,21.201388,4,,,Prishtinë / Priština,Prishtinë / Priština,,,FALSE,HUMAN_OBSERVATION,,,L D2,L D2,iNaturalist,Observations,291753962,50c9509d-22c7-4a22-a47d-8c48425ef4a7,CC_BY_NC_4_0,COORDINATE_ROUNDED;COUNTRY_DERIVED_FROM_COORDINATES;CONTINENT_DERIVED_FROM_COORDINATES;TAXON_ID_NOT_FOUND,Habitats,II
5198696944,"Lucanus cervus (Linnaeus, 1758)",Lucanus cervus,Stag Beetle,Animalia,Arthropoda,Insecta,Coleoptera,Lucanidae,Lucanus,SPECIES,5743122,5743122,NE,Not Evaluated,2025-06-02T11:09:34,2025,6,2,42.626209,21.104246,2890,,,Graçanicë / Gračanica,Prishtinë / Priština,,,FALSE,HUMAN_OBSERVATION,,,jonkat,f-rouvroix,iNaturalist,Observations,289017827,50c9509d-22c7-4a22-a47d-8c48425ef4a7,CC_BY_NC_4_0,COORDINATE_ROUNDED;COUNTRY_DERIVED_FROM_COORDINATES;CONTINENT_DERIVED_FROM_COORDINATES;TAXON_ID_NOT_FOUND,Habitats,II
5133659772,Dactylorhiza cordigera subsp. bosniaca (Beck) Soó,Dactylorhiza majalis,Orchide a Foglie Larghe,Plantae,Tracheophyta,Liliopsida,Asparagales,Orchidaceae,Dactylorhiza,SUBSPECIES,2810990,2810155,NE,Not Evaluated,2007-06-11T12:09,2007,6,11,42.183563,21.048327,4,,,Shtërpcë / Štrpce,Ferizaj / Uroševac,"Parku Kombëtar ""Sharri""",National Park,FALSE,HUMAN_OBSERVATION,,,Edmundas Greimas,hristovskis,iNaturalist,Observations,254411449,50c9509d-22c7-4a22-a47d-8c48425ef4a7,CC_BY_4_0,COORDINATE_ROUNDED;COUNTRY_DERIVED_FROM_COORDINATES;CONTINENT_DERIVED_FROM_COORDINATES;TAXON_ID_NOT_FOUND,Habitats,II
5108778483,"Bombina variegata (Linnaeus, 1758)",Bombina variegata,Yellow-Bellied Toad,Animalia,Chordata,Amphibia,Anura,Bombinatoridae,Bombina,SPECIES,2423435,2423435,LC,Least Concern,2024-07-06,2024,7,6,42.524192,20.582663,5,,Klina,Klinë / Klina,Pejë / Peć,Ujëvarat e Mirushës,Natural Monument,FALSE,HUMAN_OBSERVATION,1,,User 276833,,,,,8a863029-f435-446a-821e-275f4f641165,CC_BY_NC_4_0,,Habitats,II
5108517009,"Castor fiber Linnaeus, 1758",Castor fiber,Bever,Animalia,Chordata,Mammalia,Rodentia,Castoridae,Castor,SPECIES,4409131,4409131,LC,Least Concern,2025-01-18,2025,1,18,42.659393,21.013222,9380,,,Fushë Kosovë / Kosovo Polje,Prishtinë / Priština,,,FALSE,HUMAN_OBSERVATION,,,Marsel Mersinaj,Marsel Mersinaj,iNaturalist,Observations,267960249,50c9509d-22c7-4a22-a47d-8c48425ef4a7,CC_BY_NC_4_0,COORDINATE_ROUNDED;COUNTRY_DERIVED_FROM_COORDINATES;CONTINENT_DERIVED_FROM_COORDINATES;TAXON_ID_NOT_FOUND,Habitats,II
5104472444,"Rupicapra rupicapra balcanica Bolkay, 1925",Rupicapra rupicapra,Chamois,Animalia,Chordata,Mammalia,Artiodactyla,Bovidae,Rupicapra,SUBSPECIES,5706429,5220170,LC,Least Concern,2025-03-16T08:18,2025,3,16,42.117395,20.70145,22878,,,Dragash / Dragaš,Prizren,,,FALSE,HUMAN_OBSERVATION,,,Liridon Shala,Dragonfyre,iNaturalist,Observations,266005978,50c9509d-22c7-4a22-a47d-8c48425ef4a7,CC_BY_NC_4_0,COORDINATE_ROUNDED;COUNTRY_DERIVED_FROM_COORDINATES;CONTINENT_DERIVED_FROM_COORDINATES;TAXON_ID_NOT_FOUND,Habitats,II
5084751050,"Ursus arctos Linnaeus, 1758",Ursus arctos,Brown Bear,Animalia,Chordata,Mammalia,Carnivora,Ursidae,Ursus,SPECIES,2433433,2433433,LC,Least Concern,2024-07-27,2024,7,27,42.69845,20.16627,19,,,Pejë / Peć,Pejë / Peć,Gryka e Rugovës,Natural Monument,FALSE,HUMAN_OBSERVATION,,,"Muhaxhiri, Jeton",,,MammalNet-Europe | IMammalia App,,3ccfe992-043a-4fff-951d-1e6e158854da,CC_BY_4_0,COORDINATE_ROUNDED;COUNTRY_DERIVED_FROM_COORDINATES;CONTINENT_DERIVED_FROM_COORDINATES;TAXON_ID_NOT_FOUND,Habitats,II
5084748773,"Lutra lutra (Linnaeus, 1758)",Lutra lutra,European Otter,Animalia,Chordata,Mammalia,Carnivora,Mustelidae,Lutra,SPECIES,2433753,2433753,NT,Near Threatened,2023-08-19,2023,8,19,42.38947,20.30221,50,,,Gjakovë / Đakovica,Gjakovë / Đakovica,,,FALSE,HUMAN_OBSERVATION,1,,"Muhaxhiri, Jeton",,,MammalNet-Europe | IMammalia App,,3ccfe992-043a-4fff-951d-1e6e158854da,CC_BY_4_0,COORDINATE_ROUNDED;COUNTRY_DERIVED_FROM_COORDINATES;CONTINENT_DERIVED_FROM_COORDINATES;TAXON_ID_NOT_FOUND,Habitats,II
5028030953,"Testudo hermanni Gmelin, 1789",Testudo hermanni,Hermann's Tortoise,Animalia,Chordata,Testudines,,Testudinidae,Testudo,SPECIES,2441454,2441454,VU,Vulnerable,2013-05-08T00:00,2013,5,8,42.51273,20.98011,250,,Blinaja,Lipjan / Lipljan,Prishtinë / Priština,,,FALSE,HUMAN_OBSERVATION,,,2119813591,,NABU|naturgucker,NABU|naturgucker,-919727411,6ac3f774-d9fb-4796-b3e9-92bf6c81c084,CC_BY_4_0,COORDINATE_ROUNDED;GEODETIC_DATUM_ASSUMED_WGS84;COUNTRY_DERIVED_FROM_COORDINATES;CONTINENT_DERIVED_FROM_COORDINATES,Habitats,II
5027540790,"Euphydryas aurinia (Rottemburg, 1775)",Euphydryas aurinia,Marsh Fritillary,Animalia,Arthropoda,Insecta,Lepidoptera,Nymphalidae,Euphydryas,SPECIES,4535809,4535809,NE,Not Evaluated,2014-05-11T00:00,2014,5,11,42.679153,21.193314,250,,Germia,Prishtinë / Priština,Prishtinë / Priština,,,FALSE,HUMAN_OBSERVATION,,,2119813591,,NABU|naturgucker,NABU|naturgucker,-914865694,6ac3f774-d9fb-4796-b3e9-92bf6c81c084,CC_BY_4_0,COORDINATE_ROUNDED;GEODETIC_DATUM_ASSUMED_WGS84;COUNTRY_DERIVED_FROM_COORDINATES;CONTINENT_DERIVED_FROM_COORDINATES,Habitats,II
5027129558,"Rhinolophus hipposideros (Bechstein, 1800)",Rhinolophus hipposideros,Lesser Horseshoe Bat,Animalia,Chordata,Mammalia,Chiroptera,Rhinolophidae,Rhinolophus,SPECIES,2432614,2432614,LC,Least Concern,2013-04-22T00:00,2013,4,22,42.479755,21.207132,250,,Tropfsteinhöhle von Gadime und Umgebung,Lipjan / Lipljan,Prishtinë / Priština,Shpella e Gadimes,Natural Monument,FALSE,HUMAN_OBSERVATION,,,539637721,,NABU|naturgucker,NABU|naturgucker,-381949793,6ac3f774-d9fb-4796-b3e9-92bf6c81c084,CC_BY_4_0,COORDINATE_ROUNDED;GEODETIC_DATUM_ASSUMED_WGS84;COUNTRY_DERIVED_FROM_COORDINATES;CONTINENT_DERIVED_FROM_COORDINATES,Habitats,II
5025911338,"Rhinolophus hipposideros (Bechstein, 1800)",Rhinolophus hipposideros,Lesser Horseshoe Bat,Animalia,Chordata,Mammalia,Chiroptera,Rhinolophidae,Rhinolophus,SPECIES,2432614,2432614,LC,Least Concern,2013-04-25T00:00,2013,4,25,42.402355,20.651337,250,,Rahovec und Umgebung,Rahovec / Orahovac,Gjakovë / Đakovica,,,FALSE,HUMAN_OBSERVATION,,,539637721,,NABU|naturgucker,NABU|naturgucker,260065882,6ac3f774-d9fb-4796-b3e9-92bf6c81c084,CC_BY_4_0,COORDINATE_ROUNDED;GEODETIC_DATUM_ASSUMED_WGS84;COUNTRY_DERIVED_FROM_COORDINATES;CONTINENT_DERIVED_FROM_COORDINATES,Habitats,II
5024997078,"Ursus arctos Linnaeus, 1758",Ursus arctos,Brown Bear,Animalia,Chordata,Mammalia,Carnivora,Ursidae,Ursus,SPECIES,2433433,2433433,LC,Least Concern,2015-09-15T00:00,2015,9,15,42.812279,20.45826,250,,Istog Naturpark,Istog / Istok,Pejë / Peć,,,FALSE,HUMAN_OBSERVATION,,,2119813591,,NABU|naturgucker,NABU|naturgucker,131609275,6ac3f774-d9fb-4796-b3e9-92bf6c81c084,CC_BY_4_0,COORDINATE_ROUNDED;GEODETIC_DATUM_ASSUMED_WGS84;COUNTRY_DERIVED_FROM_COORDINATES;CONTINENT_DERIVED_FROM_COORDINATES,Habitats,II
5024604668,"Testudo hermanni Gmelin, 1789",Testudo hermanni,Hermann's Tortoise,Animalia,Chordata,Testudines,,Testudinidae,Testudo,SPECIES,2441454,2441454,VU,Vulnerable,2014-05-11T00:00,2014,5,11,42.679153,21.193314,250,,Germia,Prishtinë / Priština,Prishtinë / Priština,,,FALSE,HUMAN_OBSERVATION,,,2119813591,,NABU|naturgucker,NABU|naturgucker,-1943838324,6ac3f774-d9fb-4796-b3e9-92bf6c81c084,CC_BY_4_0,COORDINATE_ROUNDED;GEODETIC_DATUM_ASSUMED_WGS84;COUNTRY_DERIVED_FROM_COORDINATES;CONTINENT_DERIVED_FROM_COORDINATES,Habitats,II
5024483936,"Euphydryas aurinia (Rottemburg, 1775)",Euphydryas aurinia,Marsh Fritillary,Animalia,Arthropoda,Insecta,Lepidoptera,Nymphalidae,Euphydryas,SPECIES,4535809,4535809,NE,Not Evaluated,2015-05-31T00:00,2015,5,31,42.679153,21.193314,250,,Germia,Prishtinë / Priština,Prishtinë / Priština,,,FALSE,HUMAN_OBSERVATION,,,2119813591,,NABU|naturgucker,NABU|naturgucker,-1671457265,6ac3f774-d9fb-4796-b3e9-92bf6c81c084,CC_BY_4_0,COORDINATE_ROUNDED;GEODETIC_DATUM_ASSUMED_WGS84;COUNTRY_DERIVED_FROM_COORDINATES;CONTINENT_DERIVED_FROM_COORDINATES,Habitats,II
5023403435,"Bombina variegata (Linnaeus, 1758)",Bombina variegata,Yellow-Bellied Toad,Animalia,Chordata,Amphibia,Anura,Bombinatoridae,Bombina,SPECIES,2423435,2423435,LC,Least Concern,2015-08-06T00:00,2015,8,6,42.487797,20.223083,250,,Junik Nationalpark,Junik,Gjakovë / Đakovica,"Parku Kombëtar ""Bjeshkët e Nemuna""",National Park,FALSE,HUMAN_OBSERVATION,,,2119813591,,NABU|naturgucker,NABU|naturgucker,2082907672,6ac3f774-d9fb-4796-b3e9-92bf6c81c084,CC_BY_4_0,COORDINATE_ROUNDED;GEODETIC_DATUM_ASSUMED_WGS84;CONTINENT_DERIVED_FROM_COORDINATES,Habitats,II
5022474094,"Testudo hermanni Gmelin, 1789",Testudo hermanni,Hermann's Tortoise,Animalia,Chordata,Testudines,,Testudinidae,Testudo,SPECIES,2441454,2441454,VU,Vulnerable,2013-05-04T00:00,2013,5,4,42.679153,21.193314,250,,Germia,Prishtinë / Priština,Prishtinë / Priština,,,FALSE,HUMAN_OBSERVATION,,,2119813591,,NABU|naturgucker,NABU|naturgucker,2125044367,6ac3f774-d9fb-4796-b3e9-92bf6c81c084,CC_BY_4_0,COORDINATE_ROUNDED;GEODETIC_DATUM_ASSUMED_WGS84;COUNTRY_DERIVED_FROM_COORDINATES;CONTINENT_DERIVED_FROM_COORDINATES,Habitats,II
5021473362,"Testudo hermanni Gmelin, 1789",Testudo hermanni,Hermann's Tortoise,Animalia,Chordata,Testudines,,Testudinidae,Testudo,SPECIES,2441454,2441454,VU,Vulnerable,2013-05-05T00:00,2013,5,5,42.679153,21.193314,250,,Germia,Prishtinë / Priština,Prishtinë / Priština,,,FALSE,HUMAN_OBSERVATION,,,2119813591,,NABU|naturgucker,NABU|naturgucker,-985383033,6ac3f774-d9fb-4796-b3e9-92bf6c81c084,CC_BY_4_0,COORDINATE_ROUNDED;GEODETIC_DATUM_ASSUMED_WGS84;COUNTRY_DERIVED_FROM_COORDINATES;CONTINENT_DERIVED_FROM_COORDINATES,Habitats,II
5020963527,"Testudo hermanni Gmelin, 1789",Testudo hermanni,Hermann's Tortoise,Animalia,Chordata,Testudines,,Testudinidae,Testudo,SPECIES,2441454,2441454,VU,Vulnerable,2013-05-06T00:00,2013,5,6,42.679153,21.193314,250,,Germia,Prishtinë / Priština,Prishtinë / Priština,,,FALSE,HUMAN_OBSERVATION,,,2119813591,,NABU|naturgucker,NABU|naturgucker,-836671718,6ac3f774-d9fb-4796-b3e9-92bf6c81c084,CC_BY_4_0,COORDINATE_ROUNDED;GEODETIC_DATUM_ASSUMED_WGS84;COUNTRY_DERIVED_FROM_COORDINATES;CONTINENT_DERIVED_FROM_COORDINATES,Habitats,II
5020268389,"Canis lupus Linnaeus, 1758",Canis lupus,Wolf,Animalia,Chordata,Mammalia,Carnivora,Canidae,Canis,SPECIES,5219173,5219173,LC,Least Concern,2014-05-16T00:00,2014,5,16,42.511589,21.409607,250,,Gjilani,Gjilan / Gnjilane,Gjilan / Gnjilane,,,FALSE,HUMAN_OBSERVATION,,,2119813591,,NABU|naturgucker,NABU|naturgucker,227199393,6ac3f774-d9fb-4796-b3e9-92bf6c81c084,CC_BY_4_0,COORDINATE_ROUNDED;GEODETIC_DATUM_ASSUMED_WGS84;COUNTRY_DERIVED_FROM_COORDINATES;CONTINENT_DERIVED_FROM_COORDINATES,Habitats,II
5015765102,Dactylorhiza majalis (Rchb.) P.F.Hunt & Summerh.,Dactylorhiza majalis,Orchide a Foglie Larghe,Plantae,Tracheophyta,Liliopsida,Asparagales,Orchidaceae,Dactylorhiza,SPECIES,2810155,2810155,NE,Not Evaluated,2014-05-14T00:00,2014,5,14,42.679153,21.193314,250,,Germia,Prishtinë / Priština,Prishtinë / Priština,,,FALSE,HUMAN_OBSERVATION,,,2119813591,,NABU|naturgucker,NABU|naturgucker,1092951764,6ac3f774-d9fb-4796-b3e9-92bf6c81c084,CC_BY_4_0,COORDINATE_ROUNDED;GEODETIC_DATUM_ASSUMED_WGS84;COUNTRY_DERIVED_FROM_COORDINATES;CONTINENT_DERIVED_FROM_COORDINATES,Habitats,II
5015311863,Anacamptis pyramidalis (L.) Rich.,Anacamptis pyramidalis,Orchis Pyramidal,Plantae,Tracheophyta,Liliopsida,Asparagales,Orchidaceae,Anacamptis,SPECIES,2808330,2808330,NE,Not Evaluated,2015-05-27T00:00,2015,5,27,42.679153,21.193314,250,,Germia,Prishtinë / Priština,Prishtinë / Priština,,,FALSE,HUMAN_OBSERVATION,,,2119813591,,NABU|naturgucker,NABU|naturgucker,1493798142,6ac3f774-d9fb-4796-b3e9-92bf6c81c084,CC_BY_4_0,COORDINATE_ROUNDED;GEODETIC_DATUM_ASSUMED_WGS84;COUNTRY_DERIVED_FROM_COORDINATES;CONTINENT_DERIVED_FROM_COORDINATES,Habitats,II
5014563381,"Euphydryas aurinia (Rottemburg, 1775)",Euphydryas aurinia,Marsh Fritillary,Animalia,Arthropoda,Insecta,Lepidoptera,Nymphalidae,Euphydryas,SPECIES,4535809,4535809,NE,Not Evaluated,2013-04-23T00:00,2013,4,23,42.675999,21.20739,250,,Parku i Germise,Prishtinë / Priština,Prishtinë / Priština,Gërmia,Protected Landscape,FALSE,HUMAN_OBSERVATION,,,539637721,,NABU|naturgucker,NABU|naturgucker,1096963342,6ac3f774-d9fb-4796-b3e9-92bf6c81c084,CC_BY_4_0,COORDINATE_ROUNDED;GEODETIC_DATUM_ASSUMED_WGS84;COUNTRY_DERIVED_FROM_COORDINATES;CONTINENT_DERIVED_FROM_COORDINATES,Habitats,II
5014502813,"Canis lupus Linnaeus, 1758",Canis lupus,Wolf,Animalia,Chordata,Mammalia,Carnivora,Canidae,Canis,SPECIES,5219173,5219173,LC,Least Concern,2014-05-17T00:00,2014,5,17,42.511589,21.409607,250,,Gjilani,Gjilan / Gnjilane,Gjilan / Gnjilane,,,FALSE,HUMAN_OBSERVATION,,,2119813591,,NABU|naturgucker,NABU|naturgucker,1057934061,6ac3f774-d9fb-4796-b3e9-92bf6c81c084,CC_BY_4_0,COORDINATE_ROUNDED;GEODETIC_DATUM_ASSUMED_WGS84;COUNTRY_DERIVED_FROM_COORDINATES;CONTINENT_DERIVED_FROM_COORDINATES,Habitats,II
5013415078,"Testudo hermanni Gmelin, 1789",Testudo hermanni,Hermann's Tortoise,Animalia,Chordata,Testudines,,Testudinidae,Testudo,SPECIES,2441454,2441454,VU,Vulnerable,2015-08-02T00:00,2015,8,2,42.679153,21.193314,250,,Germia,Prishtinë / Priština,Prishtinë / Priština,,,FALSE,HUMAN_OBSERVATION,,,2119813591,,NABU|naturgucker,NABU|naturgucker,-678390240,6ac3f774-d9fb-4796-b3e9-92bf6c81c084,CC_BY_4_0,COORDINATE_ROUNDED;GEODETIC_DATUM_ASSUMED_WGS84;COUNTRY_DERIVED_FROM_COORDINATES;CONTINENT_DERIVED_FROM_COORDINATES,Habitats,II
5008376096,"Euplagia quadripunctaria (Poda, 1761)",Euplagia quadripunctaria,Jersey Tiger,Animalia,Arthropoda,Insecta,Lepidoptera,Erebidae,Euplagia,SPECIES,4532532,4532532,NE,Not Evaluated,2007-08-17T19:30,2007,8,17,42.689498,21.194012,600,,,Prishtinë / Priština,Prishtinë / Priština,,,FALSE,HUMAN_OBSERVATION,,,Edmundas Greimas,Edmundas Greimas,iNaturalist,Observations,256198741,50c9509d-22c7-4a22-a47d-8c48425ef4a7,CC_BY_4_0,COORDINATE_ROUNDED;COUNTRY_DERIVED_FROM_COORDINATES;CONTINENT_DERIVED_FROM_COORDINATES;TAXON_ID_NOT_FOUND,Habitats,II
5007902810,Anacamptis pyramidalis (L.) Rich.,Anacamptis pyramidalis,Orchis Pyramidal,Plantae,Tracheophyta,Liliopsida,Asparagales,Orchidaceae,Anacamptis,SPECIES,2808330,2808330,NE,Not Evaluated,2024-06-04T12:50,2024,6,4,42.573016,20.97372,,,,Gllogoc / Glogovac,Prishtinë / Priština,,,FALSE,HUMAN_OBSERVATION,,,Adam Kantor,Adam Kantor,iNaturalist,Observations,257632414,50c9509d-22c7-4a22-a47d-8c48425ef4a7,CC_BY_NC_4_0,COORDINATE_ROUNDED;COUNTRY_DERIVED_FROM_COORDINATES;CONTINENT_DERIVED_FROM_COORDINATES;TAXON_ID_NOT_FOUND,Habitats,II
5005267572,"Ursus arctos Linnaeus, 1758",Ursus arctos,Brown Bear,Animalia,Chordata,Mammalia,Carnivora,Ursidae,Ursus,SPECIES,2433433,2433433,LC,Least Concern,2024-06-02,2024,6,2,42.25,20.96,,,Štimlje,Shtërpcë / Štrpce,Ferizaj / Uroševac,"Parku Kombëtar ""Sharri""",National Park,FALSE,HUMAN_OBSERVATION,2,,User 834695,,,,,8a863029-f435-446a-821e-275f4f641165,CC_BY_NC_4_0,,Habitats,II
4994006297,"Testudo hermanni Gmelin, 1789",Testudo hermanni,Hermann's Tortoise,Animalia,Chordata,Testudines,,Testudinidae,Testudo,SPECIES,2441454,2441454,VU,Vulnerable,2007-06-10T16:34,2007,6,10,42.76266,21.305258,27599,,,Prishtinë / Priština,Prishtinë / Priština,,,FALSE,HUMAN_OBSERVATION,,,Edmundas Greimas,Edmundas Greimas,iNaturalist,Observations,253431380,50c9509d-22c7-4a22-a47d-8c48425ef4a7,CC_BY_4_0,COORDINATE_ROUNDED;COUNTRY_DERIVED_FROM_COORDINATES;CONTINENT_DERIVED_FROM_COORDINATES;TAXON_ID_NOT_FOUND,Habitats,II
4987775352,Anacamptis pyramidalis (L.) Rich.,Anacamptis pyramidalis,Orchis Pyramidal,Plantae,Tracheophyta,Liliopsida,Asparagales,Orchidaceae,Anacamptis,SPECIES,2808330,2808330,NE,Not Evaluated,2007-06-10T11:38,2007,6,10,42.675059,21.198582,15,,,Prishtinë / Priština,Prishtinë / Priština,Gërmia,Protected Landscape,FALSE,HUMAN_OBSERVATION,,,Edmundas Greimas,Edmundas Greimas,iNaturalist,Observations,253037687,50c9509d-22c7-4a22-a47d-8c48425ef4a7,CC_BY_4_0,COORDINATE_ROUNDED;COUNTRY_DERIVED_FROM_COORDINATES;CONTINENT_DERIVED_FROM_COORDINATES;TAXON_ID_NOT_FOUND,Habitats,II
4987518181,Anacamptis pyramidalis (L.) Rich.,Anacamptis pyramidalis,Orchis Pyramidal,Plantae,Tracheophyta,Liliopsida,Asparagales,Orchidaceae,Anacamptis,SPECIES,2808330,2808330,NE,Not Evaluated,2007-06-10T10:41,2007,6,10,42.665587,21.237228000000002,31,,,Prishtinë / Priština,Prishtinë / Priština,Gërmia,Protected Landscape,FALSE,HUMAN_OBSERVATION,,,Edmundas Greimas,Edmundas Greimas,iNaturalist,Observations,252752768,50c9509d-22c7-4a22-a47d-8c48425ef4a7,CC_BY_4_0,COORDINATE_ROUNDED;COUNTRY_DERIVED_FROM_COORDINATES;CONTINENT_DERIVED_FROM_COORDINATES;TAXON_ID_NOT_FOUND,Habitats,II
4985401653,"Euplagia quadripunctaria (Poda, 1761)",Euplagia quadripunctaria,Jersey Tiger,Animalia,Arthropoda,Insecta,Lepidoptera,Erebidae,Euplagia,SPECIES,4532532,4532532,NE,Not Evaluated,2024-07-31,2024,7,31,42.716167,20.103272,5,,Pec,Pejë / Peć,Pejë / Peć,"Parku Kombëtar ""Bjeshkët e Nemuna""",National Park,FALSE,HUMAN_OBSERVATION,1,,User 1043496,,,,,8a863029-f435-446a-821e-275f4f641165,CC_BY_NC_4_0,,Habitats,II
4982340361,"Lucanus cervus (Linnaeus, 1758)",Lucanus cervus,Stag Beetle,Animalia,Arthropoda,Insecta,Coleoptera,Lucanidae,Lucanus,SPECIES,5743122,5743122,NE,Not Evaluated,2018-06-24T14:49,2018,6,24,42.677591,21.20885,31,,,Prishtinë / Priština,Prishtinë / Priština,Gërmia,Protected Landscape,FALSE,HUMAN_OBSERVATION,,,laura_kgj,Edmundas Greimas,iNaturalist,Observations,251553975,50c9509d-22c7-4a22-a47d-8c48425ef4a7,CC_BY_NC_4_0,COORDINATE_ROUNDED;COUNTRY_DERIVED_FROM_COORDINATES;CONTINENT_DERIVED_FROM_COORDINATES;TAXON_ID_NOT_FOUND,Habitats,II
4982090107,"Morimus funereus Mulsant, 1862",Morimus funereus,Cerambice Funereo,Animalia,Arthropoda,Insecta,Coleoptera,Cerambycidae,Morimus,SPECIES,1119288,1119288,VU,Vulnerable,2019-06-22T14:44,2019,6,22,42.674773,21.212667,61,,,Prishtinë / Priština,Prishtinë / Priština,Gërmia,Protected Landscape,FALSE,HUMAN_OBSERVATION,,,laura_kgj,SalineLagooner,iNaturalist,Observations,251553584,50c9509d-22c7-4a22-a47d-8c48425ef4a7,CC_BY_NC_4_0,COORDINATE_ROUNDED;COUNTRY_DERIVED_FROM_COORDINATES;CONTINENT_DERIVED_FROM_COORDINATES;TAXON_ID_NOT_FOUND,Habitats,II
4981980031,"Testudo hermanni Gmelin, 1789",Testudo hermanni,Hermann's Tortoise,Animalia,Chordata,Testudines,,Testudinidae,Testudo,SPECIES,2441454,2441454,VU,Vulnerable,2018-04-14T18:16,2018,4,14,42.721343,21.209674,27599,,,Prishtinë / Priština,Prishtinë / Priština,,,FALSE,HUMAN_OBSERVATION,,,laura_kgj,Kseniia Marianna Prondzynska,iNaturalist,Observations,251572536,50c9509d-22c7-4a22-a47d-8c48425ef4a7,CC_BY_NC_4_0,COORDINATE_ROUNDED;COUNTRY_DERIVED_FROM_COORDINATES;CONTINENT_DERIVED_FROM_COORDINATES;TAXON_ID_NOT_FOUND,Habitats,II
4956365563,"Euplagia quadripunctaria (Poda, 1761)",Euplagia quadripunctaria,Jersey Tiger,Animalia,Arthropoda,Insecta,Lepidoptera,Erebidae,Euplagia,SPECIES,4532532,4532532,NE,Not Evaluated,2024-08-22,2024,8,22,42.69933,20.13291,70,,Pec,Pejë / Peć,Pejë / Peć,"Parku Kombëtar ""Bjeshkët e Nemuna""",National Park,FALSE,HUMAN_OBSERVATION,1,,User 170581,,,,,8a863029-f435-446a-821e-275f4f641165,CC_BY_NC_4_0,,Habitats,II
4947508108,"Dinaromys bogdanovi (Martino, 1922)",Dinaromys bogdanovi,Balkan Snow Vole,Animalia,Chordata,Mammalia,Rodentia,Cricetidae,Dinaromys,SPECIES,2438502,2438502,VU,Vulnerable,,,,,42.584685,20.207853,7071,,,Deçan / Dečan,Gjakovë / Đakovica,"Parku Kombëtar ""Bjeshkët e Nemuna""",National Park,FALSE,MATERIAL_SAMPLE,1,,Belgrade : Natural History Museum,,Belgrade : Natural History Museum,,,9d44512b-1bc3-47e9-b186-73b2aff9f38e,CC0_1_0,COORDINATE_ROUNDED;COUNTRY_INVALID;COUNTRY_DERIVED_FROM_COORDINATES;CONTINENT_DERIVED_FROM_COORDINATES;INSTITUTION_MATCH_NONE;TAXON_MATCH_FUZZY,Habitats,II
4947508105,"Dinaromys bogdanovi (Martino, 1922)",Dinaromys bogdanovi,Balkan Snow Vole,Animalia,Chordata,Mammalia,Rodentia,Cricetidae,Dinaromys,SPECIES,2438502,2438502,VU,Vulnerable,,,,,42.765563,20.327774,7071,,,Pejë / Peć,Pejë / Peć,,,FALSE,MATERIAL_SAMPLE,1,,Belgrade : Natural History Museum,,Belgrade : Natural History Museum,,,9d44512b-1bc3-47e9-b186-73b2aff9f38e,CC0_1_0,COORDINATE_ROUNDED;COUNTRY_INVALID;COUNTRY_DERIVED_FROM_COORDINATES;CONTINENT_DERIVED_FROM_COORDINATES;INSTITUTION_MATCH_NONE;TAXON_MATCH_FUZZY,Habitats,II
4947508096,"Dinaromys bogdanovi (Martino, 1922)",Dinaromys bogdanovi,Balkan Snow Vole,Animalia,Chordata,Mammalia,Rodentia,Cricetidae,Dinaromys,SPECIES,2438502,2438502,VU,Vulnerable,,,,,42.136337,20.57648,7071,,,Prizren,Prizren,,,FALSE,MATERIAL_SAMPLE,1,,Belgrade : Natural History Museum,,Belgrade : Natural History Museum,,,9d44512b-1bc3-47e9-b186-73b2aff9f38e,CC0_1_0,COORDINATE_ROUNDED;COUNTRY_INVALID;COUNTRY_DERIVED_FROM_COORDINATES;CONTINENT_DERIVED_FROM_COORDINATES;INSTITUTION_MATCH_NONE;TAXON_MATCH_FUZZY,Habitats,II
4947508081,"Dinaromys bogdanovi (Martino, 1922)",Dinaromys bogdanovi,Balkan Snow Vole,Animalia,Chordata,Mammalia,Rodentia,Cricetidae,Dinaromys,SPECIES,2438502,2438502,VU,Vulnerable,,,,,42.137103,20.939496,7071,,,Prizren,Prizren,"Parku Kombëtar ""Sharri""",National Park,FALSE,MATERIAL_SAMPLE,1,,Belgrade : Natural History Museum,,Belgrade : Natural History Museum,,,9d44512b-1bc3-47e9-b186-73b2aff9f38e,CC0_1_0,COORDINATE_ROUNDED;COUNTRY_INVALID;COUNTRY_DERIVED_FROM_COORDINATES;CONTINENT_DERIVED_FROM_COORDINATES;INSTITUTION_MATCH_NONE;TAXON_MATCH_FUZZY,Habitats,II
4947508078,"Dinaromys bogdanovi (Martino, 1922)",Dinaromys bogdanovi,Balkan Snow Vole,Animalia,Chordata,Mammalia,Rodentia,Cricetidae,Dinaromys,SPECIES,2438502,2438502,VU,Vulnerable,,,,,42.227141,20.909051,7071,,,Shtërpcë / Štrpce,Ferizaj / Uroševac,"Parku Kombëtar ""Sharri""",National Park,FALSE,MATERIAL_SAMPLE,1,,Belgrade : Natural History Museum,,Belgrade : Natural History Museum,,,9d44512b-1bc3-47e9-b186-73b2aff9f38e,CC0_1_0,COORDINATE_ROUNDED;COUNTRY_INVALID;COUNTRY_DERIVED_FROM_COORDINATES;CONTINENT_DERIVED_FROM_COORDINATES;INSTITUTION_MATCH_NONE;TAXON_MATCH_FUZZY,Habitats,II
4946673716,"Canis familiaris Linnaeus, 1758",Canis lupus,Wolf,Animalia,Chordata,Mammalia,Carnivora,Canidae,Canis,SPECIES,5219200,5219173,LC,Least Concern,2024-09-10T10:25:28,2024,9,10,42.665813,21.165268,,,,Prishtinë / Priština,Prishtinë / Priština,,,FALSE,HUMAN_OBSERVATION,,,Mauricio,Mauricio,iNaturalist,Observations,241344181,50c9509d-22c7-4a22-a47d-8c48425ef4a7,CC_BY_NC_4_0,COORDINATE_ROUNDED;COUNTRY_DERIVED_FROM_COORDINATES;CONTINENT_DERIVED_FROM_COORDINATES;TAXON_ID_NOT_FOUND,Habitats,II
4931363518,"Euplagia quadripunctaria (Poda, 1761)",Euplagia quadripunctaria,Jersey Tiger,Animalia,Arthropoda,Insecta,Lepidoptera,Erebidae,Euplagia,SPECIES,4532532,4532532,NE,Not Evaluated,2024-07-06,2024,7,6,42.524278,20.579872,34,,Klina,Klinë / Klina,Pejë / Peć,Ujëvarat e Mirushës,Natural Monument,FALSE,HUMAN_OBSERVATION,1,,User 276833,,,,,8a863029-f435-446a-821e-275f4f641165,CC_BY_NC_4_0,,Habitats,II
4921770343,"Canis familiaris Linnaeus, 1758",Canis lupus,Wolf,Animalia,Chordata,Mammalia,Carnivora,Canidae,Canis,SPECIES,5219200,5219173,LC,Least Concern,2024-07-24T22:47:54,2024,7,24,42.212343,20.745545,3,,,Prizren,Prizren,,,FALSE,HUMAN_OBSERVATION,,,Leo Fillingham,Leo Fillingham,iNaturalist,Observations,233331668,50c9509d-22c7-4a22-a47d-8c48425ef4a7,CC_BY_NC_4_0,COUNTRY_DERIVED_FROM_COORDINATES;CONTINENT_DERIVED_FROM_COORDINATES;TAXON_ID_NOT_FOUND,Habitats,II
4921759689,"Canis familiaris Linnaeus, 1758",Canis lupus,Wolf,Animalia,Chordata,Mammalia,Carnivora,Canidae,Canis,SPECIES,5219200,5219173,LC,Least Concern,2024-07-28T11:51:45,2024,7,28,42.142378,21.302243,7,,,Hani i Elezit / Elez Han,Ferizaj / Uroševac,,,FALSE,HUMAN_OBSERVATION,,,Leo Fillingham,Leo Fillingham,iNaturalist,Observations,232367398,50c9509d-22c7-4a22-a47d-8c48425ef4a7,CC_BY_NC_4_0,COUNTRY_DERIVED_FROM_COORDINATES;CONTINENT_DERIVED_FROM_COORDINATES;TAXON_ID_NOT_FOUND,Habitats,II
4919691204,"Canis familiaris Linnaeus, 1758",Canis lupus,Wolf,Animalia,Chordata,Mammalia,Carnivora,Canidae,Canis,SPECIES,5219200,5219173,LC,Least Concern,2024-07-26T18:26:50,2024,7,26,42.661081,21.164113,37,,,Prishtinë / Priština,Prishtinë / Priština,,,FALSE,HUMAN_OBSERVATION,,,Leo Fillingham,Leo Fillingham,iNaturalist,Observations,231985760,50c9509d-22c7-4a22-a47d-8c48425ef4a7,CC_BY_NC_4_0,COORDINATE_ROUNDED;COUNTRY_DERIVED_FROM_COORDINATES;CONTINENT_DERIVED_FROM_COORDINATES;TAXON_ID_NOT_FOUND,Habitats,II
4919568908,"Canis familiaris Linnaeus, 1758",Canis lupus,Wolf,Animalia,Chordata,Mammalia,Carnivora,Canidae,Canis,SPECIES,5219200,5219173,LC,Least Concern,2024-07-28T06:54:04,2024,7,28,42.65473,21.154703,,,,Prishtinë / Priština,Prishtinë / Priština,,,FALSE,HUMAN_OBSERVATION,,,Leo Fillingham,Leo Fillingham,iNaturalist,Observations,232366137,50c9509d-22c7-4a22-a47d-8c48425ef4a7,CC_BY_NC_4_0,COORDINATE_ROUNDED;COUNTRY_DERIVED_FROM_COORDINATES;CONTINENT_DERIVED_FROM_COORDINATES;TAXON_ID_NOT_FOUND,Habitats,II
4919428111,"Canis familiaris Linnaeus, 1758",Canis lupus,Wolf,Animalia,Chordata,Mammalia,Carnivora,Canidae,Canis,SPECIES,5219200,5219173,LC,Least Concern,2024-07-25T19:22,2024,7,25,42.209269,20.741415,,,,Prizren,Prizren,,,FALSE,HUMAN_OBSERVATION,,,Leo Fillingham,Leo Fillingham,iNaturalist,Observations,231811783,50c9509d-22c7-4a22-a47d-8c48425ef4a7,CC_BY_NC_4_0,COORDINATE_ROUNDED;COUNTRY_DERIVED_FROM_COORDINATES;CONTINENT_DERIVED_FROM_COORDINATES;TAXON_ID_NOT_FOUND,Habitats,II
4919376860,"Canis familiaris Linnaeus, 1758",Canis lupus,Wolf,Animalia,Chordata,Mammalia,Carnivora,Canidae,Canis,SPECIES,5219200,5219173,LC,Least Concern,2024-07-26T20:59:09,2024,7,26,42.657196,21.160595,,,,Prishtinë / Priština,Prishtinë / Priština,,,FALSE,HUMAN_OBSERVATION,,,Leo Fillingham,Leo Fillingham,iNaturalist,Observations,232069627,50c9509d-22c7-4a22-a47d-8c48425ef4a7,CC_BY_NC_4_0,COORDINATE_ROUNDED;COUNTRY_DERIVED_FROM_COORDINATES;CONTINENT_DERIVED_FROM_COORDINATES;TAXON_ID_NOT_FOUND,Habitats,II
4919358517,"Canis familiaris Linnaeus, 1758",Canis lupus,Wolf,Animalia,Chordata,Mammalia,Carnivora,Canidae,Canis,SPECIES,5219200,5219173,LC,Least Concern,2024-07-28T07:06:29,2024,7,28,42.650294,21.147208,,,,Prishtinë / Priština,Prishtinë / Priština,,,FALSE,HUMAN_OBSERVATION,,,Leo Fillingham,Leo Fillingham,iNaturalist,Observations,232205173,50c9509d-22c7-4a22-a47d-8c48425ef4a7,CC_BY_NC_4_0,COORDINATE_ROUNDED;COUNTRY_DERIVED_FROM_COORDINATES;CONTINENT_DERIVED_FROM_COORDINATES;TAXON_ID_NOT_FOUND,Habitats,II
4919334256,"Canis familiaris Linnaeus, 1758",Canis lupus,Wolf,Animalia,Chordata,Mammalia,Carnivora,Canidae,Canis,SPECIES,5219200,5219173,LC,Least Concern,2024-07-26T13:35:21,2024,7,26,42.652275,21.148785,,,,Prishtinë / Priština,Prishtinë / Priština,,,FALSE,HUMAN_OBSERVATION,,,Leo Fillingham,Leo Fillingham,iNaturalist,Observations,231811133,50c9509d-22c7-4a22-a47d-8c48425ef4a7,CC_BY_NC_4_0,COORDINATE_ROUNDED;COUNTRY_DERIVED_FROM_COORDINATES;CONTINENT_DERIVED_FROM_COORDINATES;TAXON_ID_NOT_FOUND,Habitats,II
4919295857,"Canis familiaris Linnaeus, 1758",Canis lupus,Wolf,Animalia,Chordata,Mammalia,Carnivora,Canidae,Canis,SPECIES,5219200,5219173,LC,Least Concern,2024-07-27T21:26:27,2024,7,27,42.665528,21.160522,,,,Prishtinë / Priština,Prishtinë / Priština,,,FALSE,HUMAN_OBSERVATION,,,Leo Fillingham,Leo Fillingham,iNaturalist,Observations,232366229,50c9509d-22c7-4a22-a47d-8c48425ef4a7,CC_BY_NC_4_0,COORDINATE_ROUNDED;COUNTRY_DERIVED_FROM_COORDINATES;CONTINENT_DERIVED_FROM_COORDINATES;TAXON_ID_NOT_FOUND,Habitats,II
4919143484,"Canis familiaris Linnaeus, 1758",Canis lupus,Wolf,Animalia,Chordata,Mammalia,Carnivora,Canidae,Canis,SPECIES,5219200,5219173,LC,Least Concern,2024-07-26T17:50:33,2024,7,26,42.659016,21.160733,,,,Prishtinë / Priština,Prishtinë / Priština,,,FALSE,HUMAN_OBSERVATION,,,Leo Fillingham,Leo Fillingham,iNaturalist,Observations,231985771,50c9509d-22c7-4a22-a47d-8c48425ef4a7,CC_BY_NC_4_0,COORDINATE_ROUNDED;COUNTRY_DERIVED_FROM_COORDINATES;CONTINENT_DERIVED_FROM_COORDINATES;TAXON_ID_NOT_FOUND,Habitats,II
4903843585,Anacamptis pyramidalis (L.) Rich.,Anacamptis pyramidalis,Orchis Pyramidal,Plantae,Tracheophyta,Liliopsida,Asparagales,Orchidaceae,Anacamptis,SPECIES,2808330,2808330,NE,Not Evaluated,2021-05-12T02:40:56,2021,5,12,42.628562,21.253496,1098,,,Prishtinë / Priština,Prishtinë / Priština,,,FALSE,HUMAN_OBSERVATION,,,Sarah and Chad Smiley,Sarah and Chad Smiley,iNaturalist,Observations,225444367,50c9509d-22c7-4a22-a47d-8c48425ef4a7,CC_BY_NC_4_0,COORDINATE_ROUNDED;COUNTRY_DERIVED_FROM_COORDINATES;CONTINENT_DERIVED_FROM_COORDINATES;TAXON_ID_NOT_FOUND,Habitats,II
4903738703,"Testudo hermanni boettgeri Mojsisovics, 1889",Testudo hermanni,Hermann's Tortoise,Animalia,Chordata,Testudines,,Testudinidae,Testudo,SUBSPECIES,6156781,2441454,VU,Vulnerable,2023-09-08T20:35:31,2023,9,8,42.713099,21.322498,27599,,,Prishtinë / Priština,Prishtinë / Priština,,,FALSE,HUMAN_OBSERVATION,,,Sarah and Chad Smiley,Carole Bloom,iNaturalist,Observations,225451302,50c9509d-22c7-4a22-a47d-8c48425ef4a7,CC_BY_NC_4_0,COORDINATE_ROUNDED;COUNTRY_DERIVED_FROM_COORDINATES;CONTINENT_DERIVED_FROM_COORDINATES;TAXON_ID_NOT_FOUND,Habitats,II
4892028007,"Testudo hermanni Gmelin, 1789",Testudo hermanni,Hermann's Tortoise,Animalia,Chordata,Testudines,,Testudinidae,Testudo,SPECIES,2441454,2441454,VU,Vulnerable,2024-06-05T10:14,2024,6,5,42.217897,21.324505,27661,,,Kaçanik / Kačanik,Ferizaj / Uroševac,,,FALSE,HUMAN_OBSERVATION,,,tiwi,tiwi,iNaturalist,Observations,221798002,50c9509d-22c7-4a22-a47d-8c48425ef4a7,CC_BY_NC_4_0,COORDINATE_ROUNDED;COUNTRY_DERIVED_FROM_COORDINATES;CONTINENT_DERIVED_FROM_COORDINATES;TAXON_ID_NOT_FOUND,Habitats,II
4878304456,"Rupicapra rupicapra balcanica Bolkay, 1925",Rupicapra rupicapra,Chamois,Animalia,Chordata,Mammalia,Artiodactyla,Bovidae,Rupicapra,SUBSPECIES,5706429,5220170,LC,Least Concern,2022-06-14,2022,6,14,42.68569,20.05385,30,,,Pejë / Peć,Pejë / Peć,"Parku Kombëtar ""Bjeshkët e Nemuna""",National Park,FALSE,MACHINE_OBSERVATION,,,Stefan Ralević,,Wildlife Montenegro,,RTR2TTw5amNzM1R1SHFYU2R6Slo,d8a37dba-3d99-4634-ab4f-7b8d010c1a6a,CC0_1_0,COUNTRY_DERIVED_FROM_COORDINATES;CONTINENT_DERIVED_FROM_COORDINATES,Habitats,II
4878304441,"Ursus arctos Linnaeus, 1758",Ursus arctos,Brown Bear,Animalia,Chordata,Mammalia,Carnivora,Ursidae,Ursus,SPECIES,2433433,2433433,LC,Least Concern,2022-12-29,2022,12,29,42.68569,20.05385,30,,,Pejë / Peć,Pejë / Peć,"Parku Kombëtar ""Bjeshkët e Nemuna""",National Park,FALSE,MACHINE_OBSERVATION,,,Stefan Ralević,,Wildlife Montenegro,,LWM1Q0QhVHJlRmVzb3MtKldSXUM,d8a37dba-3d99-4634-ab4f-7b8d010c1a6a,CC0_1_0,COUNTRY_DERIVED_FROM_COORDINATES;CONTINENT_DERIVED_FROM_COORDINATES,Habitats,II
4875247410,Dactylorhiza cordigera (Fr.) Soó,Dactylorhiza majalis,Orchide a Foglie Larghe,Plantae,Tracheophyta,Liliopsida,Asparagales,Orchidaceae,Dactylorhiza,SPECIES,2810926,2810155,NE,Not Evaluated,2024-05-31T13:37:15,2024,5,31,42.168492,20.955497,4,,,Prizren,Prizren,"Parku Kombëtar ""Sharri""",National Park,FALSE,HUMAN_OBSERVATION,,,Natural Locasian,L D2,iNaturalist,Observations,219519071,50c9509d-22c7-4a22-a47d-8c48425ef4a7,CC_BY_NC_4_0,COORDINATE_ROUNDED;COUNTRY_DERIVED_FROM_COORDINATES;CONTINENT_DERIVED_FROM_COORDINATES;TAXON_ID_NOT_FOUND,Habitats,II
4863365329,"Ursus arctos Linnaeus, 1758",Ursus arctos,Brown Bear,Animalia,Chordata,Mammalia,Carnivora,Ursidae,Ursus,SPECIES,2433433,2433433,LC,Least Concern,2023-10-18T14:26,2023,10,18,42.202488,21.007901,31,,,Shtërpcë / Štrpce,Ferizaj / Uroševac,"Parku Kombëtar ""Sharri""",National Park,FALSE,HUMAN_OBSERVATION,,,Szabolcs Márton,Szabolcs Márton,iNaturalist,Observations,214652822,50c9509d-22c7-4a22-a47d-8c48425ef4a7,CC_BY_NC_4_0,COORDINATE_ROUNDED;COUNTRY_DERIVED_FROM_COORDINATES;CONTINENT_DERIVED_FROM_COORDINATES;TAXON_ID_NOT_FOUND,Habitats,II
4507973065,"Testudo hermanni Gmelin, 1789",Testudo hermanni,Hermann's Tortoise,Animalia,Chordata,Testudines,,Testudinidae,Testudo,SPECIES,2441454,2441454,VU,Vulnerable,2012-06-16T12:29,2012,6,16,42.257776,20.48353,27661,,,Gjakovë / Đakovica,Gjakovë / Đakovica,Mali Pashtrik dhe Liqeni i Vërmices,Nature Park,FALSE,HUMAN_OBSERVATION,,,F. Bemmerlein-Lux,F. Bemmerlein-Lux,iNaturalist,Observations,195466523,50c9509d-22c7-4a22-a47d-8c48425ef4a7,CC_BY_4_0,COORDINATE_ROUNDED;COUNTRY_DERIVED_FROM_COORDINATES;CONTINENT_DERIVED_FROM_COORDINATES;TAXON_ID_NOT_FOUND,Habitats,II
4407358787,"Bombina variegata (Linnaeus, 1758)",Bombina variegata,Yellow-Bellied Toad,Animalia,Chordata,Amphibia,Anura,Bombinatoridae,Bombina,SPECIES,2423435,2423435,LC,Least Concern,2023-08-31T10:59:54,2023,8,31,42.622305,21.358538,4,,,Prishtinë / Priština,Prishtinë / Priština,,,FALSE,HUMAN_OBSERVATION,,,Jasper White,Jasper White,iNaturalist,Observations,181038590,50c9509d-22c7-4a22-a47d-8c48425ef4a7,CC_BY_NC_4_0,COORDINATE_ROUNDED;COUNTRY_DERIVED_FROM_COORDINATES;CONTINENT_DERIVED_FROM_COORDINATES;TAXON_ID_NOT_FOUND,Habitats,II
4171859888,"Lucanus cervus (Linnaeus, 1758)",Lucanus cervus,Stag Beetle,Animalia,Arthropoda,Insecta,Coleoptera,Lucanidae,Lucanus,SPECIES,5743122,5743122,NE,Not Evaluated,2012-06-16T11:12,2012,6,16,42.35739,20.427192,50,,,Gjakovë / Đakovica,Gjakovë / Đakovica,Shkugëza,Protected Landscape,FALSE,HUMAN_OBSERVATION,,,F. Bemmerlein-Lux,F. Bemmerlein-Lux,iNaturalist,Observations,175721257,50c9509d-22c7-4a22-a47d-8c48425ef4a7,CC_BY_4_0,COORDINATE_ROUNDED;COUNTRY_DERIVED_FROM_COORDINATES;CONTINENT_DERIVED_FROM_COORDINATES;TAXON_ID_NOT_FOUND,Habitats,II
4171822072,"Bombina variegata (Linnaeus, 1758)",Bombina variegata,Yellow-Bellied Toad,Animalia,Chordata,Amphibia,Anura,Bombinatoridae,Bombina,SPECIES,2423435,2423435,LC,Least Concern,2011-09-10T13:09,2011,9,10,41.919714,20.735269,20,,,Dragash / Dragaš,Prizren,"Parku Kombëtar ""Sharri""",National Park,TRUE,HUMAN_OBSERVATION,,,F. Bemmerlein-Lux,F. Bemmerlein-Lux,iNaturalist,Observations,175714804,50c9509d-22c7-4a22-a47d-8c48425ef4a7,CC_BY_4_0,COORDINATE_ROUNDED;COUNTRY_DERIVED_FROM_COORDINATES;CONTINENT_DERIVED_FROM_COORDINATES;TAXON_ID_NOT_FOUND,Habitats,II
4145205884,"Morimus funereus Mulsant, 1862",Morimus funereus,Cerambice Funereo,Animalia,Arthropoda,Insecta,Coleoptera,Cerambycidae,Morimus,SPECIES,1119288,1119288,VU,Vulnerable,2007-01-01T02:41,2007,1,1,42.664523,21.156803,5705,,,Prishtinë / Priština,Prishtinë / Priština,,,FALSE,HUMAN_OBSERVATION,,,sunshynne,sunshynne,iNaturalist,Observations,170309052,50c9509d-22c7-4a22-a47d-8c48425ef4a7,CC_BY_NC_4_0,COORDINATE_ROUNDED;COUNTRY_DERIVED_FROM_COORDINATES;CONTINENT_DERIVED_FROM_COORDINATES;TAXON_ID_NOT_FOUND,Habitats,II
4104033478,"Canis lupus Linnaeus, 1758",Canis lupus,Wolf,Animalia,Chordata,Mammalia,Carnivora,Canidae,Canis,SPECIES,5219173,5219173,LC,Least Concern,2011-02-21,2011,2,21,42.508046,20.986968,50,,,Lipjan / Lipljan,Prishtinë / Priština,,,FALSE,HUMAN_OBSERVATION,,,"smith, graham",,,MammalNet-Europe | IMammalia App,,3ccfe992-043a-4fff-951d-1e6e158854da,CC_BY_4_0,COORDINATE_ROUNDED;COUNTRY_DERIVED_FROM_COORDINATES;CONTINENT_DERIVED_FROM_COORDINATES;TAXON_ID_NOT_FOUND,Habitats,II
3985666540,Pinguicula hirtiflora Ten.,Pinguicula crystallina,Grassette Cristalline,Plantae,Tracheophyta,Magnoliopsida,Lamiales,Lentibulariaceae,Pinguicula,SPECIES,7297836,8058554,NE,Not Evaluated,2022-04-19T16:45:19,2022,4,19,42.404105,20.253016,22,,,Gjakovë / Đakovica,Gjakovë / Đakovica,,,FALSE,HUMAN_OBSERVATION,,,sternenberger,galinstan,iNaturalist,Observations,112134791,50c9509d-22c7-4a22-a47d-8c48425ef4a7,CC_BY_NC_4_0,COORDINATE_ROUNDED;COUNTRY_DERIVED_FROM_COORDINATES;CONTINENT_DERIVED_FROM_COORDINATES;TAXON_ID_NOT_FOUND,Habitats,II
3923354650,"Euplagia quadripunctaria (Poda, 1761)",Euplagia quadripunctaria,Jersey Tiger,Animalia,Arthropoda,Insecta,Lepidoptera,Erebidae,Euplagia,SPECIES,4532532,4532532,NE,Not Evaluated,2022-08-22T13:38:02,2022,8,22,42.578855,20.9986,10,,,Fushë Kosovë / Kosovo Polje,Prishtinë / Priština,,,FALSE,HUMAN_OBSERVATION,,,Liridon Hoxha,Laurent,iNaturalist,Observations,133446976,50c9509d-22c7-4a22-a47d-8c48425ef4a7,CC_BY_NC_4_0,COUNTRY_DERIVED_FROM_COORDINATES;CONTINENT_DERIVED_FROM_COORDINATES;TAXON_ID_NOT_FOUND,Habitats,II
3902948527,"Bombina variegata (Linnaeus, 1758)",Bombina variegata,Yellow-Bellied Toad,Animalia,Chordata,Amphibia,Anura,Bombinatoridae,Bombina,SPECIES,2423435,2423435,LC,Least Concern,2022-08-09T11:46,2022,8,9,42.667291,20.218277,5418,,,Pejë / Peć,Pejë / Peć,Gryka e Rugovës,Natural Monument,FALSE,HUMAN_OBSERVATION,,,Sarzedas,Sarzedas,iNaturalist,Observations,132815545,50c9509d-22c7-4a22-a47d-8c48425ef4a7,CC_BY_NC_4_0,COORDINATE_ROUNDED;COUNTRY_DERIVED_FROM_COORDINATES;CONTINENT_DERIVED_FROM_COORDINATES;TAXON_ID_NOT_FOUND,Habitats,II
3902612495,"Bombina variegata (Linnaeus, 1758)",Bombina variegata,Yellow-Bellied Toad,Animalia,Chordata,Amphibia,Anura,Bombinatoridae,Bombina,SPECIES,2423435,2423435,LC,Least Concern,2022-08-09T11:45,2022,8,9,42.672414,20.215608,5537,,,Pejë / Peć,Pejë / Peć,Gryka e Rugovës,Natural Monument,FALSE,HUMAN_OBSERVATION,,,Sarzedas,Sarzedas,iNaturalist,Observations,132815540,50c9509d-22c7-4a22-a47d-8c48425ef4a7,CC_BY_NC_4_0,COORDINATE_ROUNDED;COUNTRY_DERIVED_FROM_COORDINATES;CONTINENT_DERIVED_FROM_COORDINATES;TAXON_ID_NOT_FOUND,Habitats,II
3892381050,"Euplagia quadripunctaria (Poda, 1761)",Euplagia quadripunctaria,Jersey Tiger,Animalia,Arthropoda,Insecta,Lepidoptera,Erebidae,Euplagia,SPECIES,4532532,4532532,NE,Not Evaluated,2022-08-14T22:15:43,2022,8,14,42.828064,20.964071,65,,,Vushtrri / Vučitrn,Mitrovicë / Kosovska Mitrovica,,,FALSE,HUMAN_OBSERVATION,,,lisi11,lisi11,iNaturalist,Observations,130837901,50c9509d-22c7-4a22-a47d-8c48425ef4a7,CC_BY_NC_4_0,COORDINATE_ROUNDED;COUNTRY_DERIVED_FROM_COORDINATES;CONTINENT_DERIVED_FROM_COORDINATES;TAXON_ID_NOT_FOUND,Habitats,II
3892343201,"Bombina variegata (Linnaeus, 1758)",Bombina variegata,Yellow-Bellied Toad,Animalia,Chordata,Amphibia,Anura,Bombinatoridae,Bombina,SPECIES,2423435,2423435,LC,Least Concern,2022-08-09T12:45:37,2022,8,9,42.686519,20.177155,,,,Pejë / Peć,Pejë / Peć,Gryka e Rugovës,Natural Monument,FALSE,HUMAN_OBSERVATION,,,Octávio Mateus,Octávio Mateus,iNaturalist,Observations,130990583,50c9509d-22c7-4a22-a47d-8c48425ef4a7,CC_BY_NC_4_0,COORDINATE_ROUNDED;COUNTRY_DERIVED_FROM_COORDINATES;CONTINENT_DERIVED_FROM_COORDINATES;TAXON_ID_NOT_FOUND,Habitats,II
3892319110,"Bombina variegata (Linnaeus, 1758)",Bombina variegata,Yellow-Bellied Toad,Animalia,Chordata,Amphibia,Anura,Bombinatoridae,Bombina,SPECIES,2423435,2423435,LC,Least Concern,2022-08-08T23:21:53,2022,8,8,42.756241,20.053825,,,,Pejë / Peć,Pejë / Peć,"Parku Kombëtar ""Bjeshkët e Nemuna""",National Park,FALSE,HUMAN_OBSERVATION,,,Octávio Mateus,Octávio Mateus,iNaturalist,Observations,130920009,50c9509d-22c7-4a22-a47d-8c48425ef4a7,CC_BY_NC_4_0,COORDINATE_ROUNDED;COUNTRY_DERIVED_FROM_COORDINATES;CONTINENT_DERIVED_FROM_COORDINATES;TAXON_ID_NOT_FOUND,Habitats,II
3892277051,"Euplagia quadripunctaria (Poda, 1761)",Euplagia quadripunctaria,Jersey Tiger,Animalia,Arthropoda,Insecta,Lepidoptera,Erebidae,Euplagia,SPECIES,4532532,4532532,NE,Not Evaluated,2022-08-07T15:48:22,2022,8,7,42.684887,20.054365,,,,Pejë / Peć,Pejë / Peć,"Parku Kombëtar ""Bjeshkët e Nemuna""",National Park,FALSE,HUMAN_OBSERVATION,,,Octávio Mateus,Octávio Mateus,iNaturalist,Observations,130839317,50c9509d-22c7-4a22-a47d-8c48425ef4a7,CC_BY_NC_4_0,COUNTRY_DERIVED_FROM_COORDINATES;CONTINENT_DERIVED_FROM_COORDINATES;TAXON_ID_NOT_FOUND,Habitats,II
3881841488,"Euplagia quadripunctaria (Poda, 1761)",Euplagia quadripunctaria,Jersey Tiger,Animalia,Arthropoda,Insecta,Lepidoptera,Erebidae,Euplagia,SPECIES,4532532,4532532,NE,Not Evaluated,2022-07-31T10:17:17,2022,7,31,42.666803,21.148258,4,,,Prishtinë / Priština,Prishtinë / Priština,,,FALSE,HUMAN_OBSERVATION,,,Cory,Cory,iNaturalist,Observations,128763423,50c9509d-22c7-4a22-a47d-8c48425ef4a7,CC_BY_NC_4_0,COORDINATE_ROUNDED;COUNTRY_DERIVED_FROM_COORDINATES;CONTINENT_DERIVED_FROM_COORDINATES;TAXON_ID_NOT_FOUND,Habitats,II
3858958845,"Testudo hermanni Gmelin, 1789",Testudo hermanni,Hermann's Tortoise,Animalia,Chordata,Testudines,,Testudinidae,Testudo,SPECIES,2441454,2441454,VU,Vulnerable,2022-06-15T13:02:17,2022,6,15,42.778593,21.286777,27599,,,Prishtinë / Priština,Prishtinë / Priština,,,FALSE,HUMAN_OBSERVATION,,,Cory,Cory,iNaturalist,Observations,121869072,50c9509d-22c7-4a22-a47d-8c48425ef4a7,CC_BY_NC_4_0,COORDINATE_ROUNDED;COUNTRY_DERIVED_FROM_COORDINATES;CONTINENT_DERIVED_FROM_COORDINATES;TAXON_ID_NOT_FOUND,Habitats,II
3825884119,"Lucanus cervus (Linnaeus, 1758)",Lucanus cervus,Stag Beetle,Animalia,Arthropoda,Insecta,Coleoptera,Lucanidae,Lucanus,SPECIES,5743122,5743122,NE,Not Evaluated,2022-05-28,2022,5,28,42.35,20.6,5000,,Orahovac,Rahovec / Orahovac,Gjakovë / Đakovica,,,FALSE,HUMAN_OBSERVATION,1,,User 396014,,,,,8a863029-f435-446a-821e-275f4f641165,CC_BY_NC_4_0,,Habitats,II
3824445299,"Lucanus cervus (Linnaeus, 1758)",Lucanus cervus,Stag Beetle,Animalia,Arthropoda,Insecta,Coleoptera,Lucanidae,Lucanus,SPECIES,5743122,5743122,NE,Not Evaluated,2022-05-28,2022,5,28,42.35,20.6,5000,,Orahovac,Rahovec / Orahovac,Gjakovë / Đakovica,,,FALSE,HUMAN_OBSERVATION,1,,User 411239,,,,,8a863029-f435-446a-821e-275f4f641165,CC_BY_NC_4_0,,Habitats,II
3774763520,"Dinaromys bogdanovi (Martino, 1922)",Dinaromys bogdanovi,Balkan Snow Vole,Animalia,Chordata,Mammalia,Rodentia,Cricetidae,Dinaromys,SPECIES,2438502,2438502,VU,Vulnerable,1978-07-13,1978,7,13,42.6578,20.3035,,1800,"20 km N Peć, Žlieb",Pejë / Peć,Pejë / Peć,,,FALSE,PRESERVED_SPECIMEN,,,,,ZFMK,MAM,ZFMK-MAM-1993-0655-s,355ffa2e-36ce-44aa-9772-2f433169100c,CC_BY_4_0,CONTINENT_DERIVED_FROM_COORDINATES;INSTITUTION_MATCH_FUZZY;INSTITUTION_COLLECTION_MISMATCH,Habitats,II
3774763518,"Dinaromys bogdanovi (Martino, 1922)",Dinaromys bogdanovi,Balkan Snow Vole,Animalia,Chordata,Mammalia,Rodentia,Cricetidae,Dinaromys,SPECIES,2438502,2438502,VU,Vulnerable,1978-07-13,1978,7,13,42.6578,20.3035,,1800,"20 km N Peć, Žlieb",Pejë / Peć,Pejë / Peć,,,FALSE,PRESERVED_SPECIMEN,,,,,ZFMK,MAM,ZFMK-MAM-1993-0655-sk,355ffa2e-36ce-44aa-9772-2f433169100c,CC_BY_4_0,CONTINENT_DERIVED_FROM_COORDINATES;INSTITUTION_MATCH_FUZZY;INSTITUTION_COLLECTION_MISMATCH,Habitats,II
3774682306,"Paracaloptenus caloptenoides caloptenoides (Brunner von Wattenwyl, 1861)",Paracaloptenus caloptenoides,Balkan Pincer Grasshopper,Animalia,Arthropoda,Insecta,Orthoptera,Acrididae,Paracaloptenus,SUBSPECIES,7197685,1702607,NE,Not Evaluated,1978-07-28,1978,7,28,43,21,,700,Srbija,Mitrovicë e Jugut / Kosovska Mitrovica,Mitrovicë / Kosovska Mitrovica,,,FALSE,PRESERVED_SPECIMEN,,,,D. Rohwedder,ZFMK,ORT,ZFMK-ORT-2003/675,e8e1610d-ca60-413c-8a2b-6e46b9e12057,CC_BY_4_0,CONTINENT_DERIVED_FROM_COORDINATES;INSTITUTION_MATCH_FUZZY;INSTITUTION_COLLECTION_MISMATCH,Habitats,II
3327761762,"Zamenis situla (Linnaeus, 1758)",Zamenis situla,European Ratsnake,Animalia,Chordata,Squamata,,Colubridae,Zamenis,SPECIES,2458374,2458374,LC,Least Concern,2018-05-10T17:37,2018,5,10,42.180306,21.225817,27692,,,Kaçanik / Kačanik,Ferizaj / Uroševac,,,FALSE,HUMAN_OBSERVATION,,,thephoxinus,thephoxinus,iNaturalist,Observations,86367631,50c9509d-22c7-4a22-a47d-8c48425ef4a7,CC_BY_NC_4_0,COORDINATE_ROUNDED;COUNTRY_DERIVED_FROM_COORDINATES;CONTINENT_DERIVED_FROM_COORDINATES;TAXON_ID_NOT_FOUND,Habitats,II
3302320079,Anacamptis pyramidalis (L.) Rich.,Anacamptis pyramidalis,Orchis Pyramidal,Plantae,Tracheophyta,Liliopsida,Asparagales,Orchidaceae,Anacamptis,SPECIES,2808330,2808330,NE,Not Evaluated,2021-05-30T16:11:23,2021,5,30,42.675489,21.201952,1013,,,Prishtinë / Priština,Prishtinë / Priština,Gërmia,Protected Landscape,FALSE,HUMAN_OBSERVATION,,,Albert Krasniqi,Albert Krasniqi,iNaturalist,Observations,81087779,50c9509d-22c7-4a22-a47d-8c48425ef4a7,CC_BY_NC_4_0,COORDINATE_ROUNDED;COUNTRY_DERIVED_FROM_COORDINATES;CONTINENT_DERIVED_FROM_COORDINATES;TAXON_ID_NOT_FOUND,Habitats,II
3117857289,"Morimus funereus Mulsant, 1862",Morimus funereus,Cerambice Funereo,Animalia,Arthropoda,Insecta,Coleoptera,Cerambycidae,Morimus,SPECIES,1119288,1119288,VU,Vulnerable,2021-05-16T16:38:12,2021,5,16,42.675313,21.2129,2038,,,Prishtinë / Priština,Prishtinë / Priština,Gërmia,Protected Landscape,FALSE,HUMAN_OBSERVATION,,,Albert Krasniqi,Albert Krasniqi,iNaturalist,Observations,79202761,50c9509d-22c7-4a22-a47d-8c48425ef4a7,CC_BY_NC_4_0,COORDINATE_ROUNDED;COUNTRY_DERIVED_FROM_COORDINATES;CONTINENT_DERIVED_FROM_COORDINATES;TAXON_ID_NOT_FOUND,Habitats,II
3031582520,"Rhinolophus ferrumequinum (Schreber, 1774)",Rhinolophus ferrumequinum,Greater Horseshoe Bat,Animalia,Chordata,Mammalia,Chiroptera,Rhinolophidae,Rhinolophus,SPECIES,2432655,2432655,LC,Least Concern,2019-09-01T18:02:34,2019,9,1,42.321594,20.449358,,,,Gjakovë / Đakovica,Gjakovë / Đakovica,Shpellat e Kusarit 1 dhe 2,Natural Monument,FALSE,HUMAN_OBSERVATION,,,Liridon Shala,Liridon Shala,iNaturalist,Observations,31955134,50c9509d-22c7-4a22-a47d-8c48425ef4a7,CC_BY_NC_4_0,COORDINATE_ROUNDED;COUNTRY_DERIVED_FROM_COORDINATES;CONTINENT_DERIVED_FROM_COORDINATES;TAXON_ID_NOT_FOUND,Habitats,II
2999059939,"Bombina variegata (Linnaeus, 1758)",Bombina variegata,Yellow-Bellied Toad,Animalia,Chordata,Amphibia,Anura,Bombinatoridae,Bombina,SPECIES,2423435,2423435,LC,Least Concern,2018-05-07T11:11,2018,5,7,42.514311,20.984633,250,,,Lipjan / Lipljan,Prishtinë / Priština,,,FALSE,HUMAN_OBSERVATION,,,thephoxinus,thephoxinus,iNaturalist,Observations,66259981,50c9509d-22c7-4a22-a47d-8c48425ef4a7,CC_BY_NC_4_0,COORDINATE_ROUNDED;COUNTRY_DERIVED_FROM_COORDINATES;CONTINENT_DERIVED_FROM_COORDINATES;TAXON_ID_NOT_FOUND,Habitats,II
2992870115,"Testudo hermanni boettgeri Mojsisovics, 1889",Testudo hermanni,Hermann's Tortoise,Animalia,Chordata,Testudines,,Testudinidae,Testudo,SUBSPECIES,6156781,2441454,VU,Vulnerable,2019-07-29T12:57,2019,7,29,42.250255,20.486384,27661,,,Prizren,Prizren,Mali Pashtrik dhe Liqeni i Vërmices,Nature Park,FALSE,HUMAN_OBSERVATION,,,Christian Kropf,Christian Kropf,iNaturalist,Observations,66049538,50c9509d-22c7-4a22-a47d-8c48425ef4a7,CC_BY_NC_4_0,COORDINATE_ROUNDED;COUNTRY_DERIVED_FROM_COORDINATES;CONTINENT_DERIVED_FROM_COORDINATES;TAXON_ID_NOT_FOUND,Habitats,II
2992767091,"Lucanus cervus (Linnaeus, 1758)",Lucanus cervus,Stag Beetle,Animalia,Arthropoda,Insecta,Coleoptera,Lucanidae,Lucanus,SPECIES,5743122,5743122,NE,Not Evaluated,2019-07-29T12:49,2019,7,29,42.286712,20.52636,,,,Gjakovë / Đakovica,Gjakovë / Đakovica,,,FALSE,HUMAN_OBSERVATION,,,Christian Kropf,fabian0,iNaturalist,Observations,66049484,50c9509d-22c7-4a22-a47d-8c48425ef4a7,CC_BY_NC_4_0,COORDINATE_ROUNDED;COUNTRY_DERIVED_FROM_COORDINATES;CONTINENT_DERIVED_FROM_COORDINATES;TAXON_ID_NOT_FOUND,Habitats,II
2988591876,"Testudo hermanni Gmelin, 1789",Testudo hermanni,Hermann's Tortoise,Animalia,Chordata,Testudines,,Testudinidae,Testudo,SPECIES,2441454,2441454,VU,Vulnerable,2020-11-11T16:33,2020,11,11,42.959301,20.927684,27568,,,Mitrovicë e Jugut / Kosovska Mitrovica,Mitrovicë / Kosovska Mitrovica,,,FALSE,HUMAN_OBSERVATION,,,Kseniia Marianna Prondzynska,Kseniia Marianna Prondzynska,iNaturalist,Observations,64673716,50c9509d-22c7-4a22-a47d-8c48425ef4a7,CC_BY_4_0,COORDINATE_ROUNDED;COUNTRY_DERIVED_FROM_COORDINATES;CONTINENT_DERIVED_FROM_COORDINATES;TAXON_ID_NOT_FOUND,Habitats,II
2901688770,"Capra hircus Linnaeus, 1758",Capra hircus,Domestic Goat,Animalia,Chordata,Mammalia,Artiodactyla,Bovidae,Capra,SPECIES,2441056,2441056,NE,Not Evaluated,2018-04-02T11:13,2018,4,2,42.772752,20.474737,1000,,,Istog / Istok,Pejë / Peć,,,FALSE,HUMAN_OBSERVATION,,,thephoxinus,odocoileus,iNaturalist,Observations,62820511,50c9509d-22c7-4a22-a47d-8c48425ef4a7,CC_BY_NC_4_0,COORDINATE_ROUNDED;COUNTRY_DERIVED_FROM_COORDINATES;CONTINENT_DERIVED_FROM_COORDINATES;TAXON_ID_NOT_FOUND,Habitats,II
2856736725,"Testudo hermanni Gmelin, 1789",Testudo hermanni,Hermann's Tortoise,Animalia,Chordata,Testudines,,Testudinidae,Testudo,SPECIES,2441454,2441454,VU,Vulnerable,2019-10-13T07:57:45,2019,10,13,42.747538,20.740546,27599,,,Skenderaj / Srbica,Mitrovicë / Kosovska Mitrovica,,,FALSE,HUMAN_OBSERVATION,,,arsimi,arsimi,iNaturalist,Observations,57200082,50c9509d-22c7-4a22-a47d-8c48425ef4a7,CC_BY_NC_4_0,COORDINATE_ROUNDED;COUNTRY_DERIVED_FROM_COORDINATES;CONTINENT_DERIVED_FROM_COORDINATES;TAXON_ID_NOT_FOUND,Habitats,II
2835709806,"Aricia anteros (Freyer, 1838)",Polyommatus eros,Eros Blue,Animalia,Arthropoda,Insecta,Lepidoptera,Lycaenidae,Polyommatus,SPECIES,9195563,5140244,NE,Not Evaluated,2013-05-29,2013,5,29,42.730882,20.058467,10,,Pec,Pejë / Peć,Pejë / Peć,"Parku Kombëtar ""Bjeshkët e Nemuna""",National Park,FALSE,HUMAN_OBSERVATION,1,,User 11292,,,,,8a863029-f435-446a-821e-275f4f641165,CC_BY_NC_4_0,,Habitats,II
2802624816,"Morimus funereus Mulsant, 1862",Morimus funereus,Cerambice Funereo,Animalia,Arthropoda,Insecta,Coleoptera,Cerambycidae,Morimus,SPECIES,1119288,1119288,VU,Vulnerable,2020-06-20T15:47:11,2020,6,20,42.675679,21.20691,9,,,Prishtinë / Priština,Prishtinë / Priština,Gërmia,Protected Landscape,FALSE,HUMAN_OBSERVATION,,,flokqi,flokqi,iNaturalist,Observations,50264200,50c9509d-22c7-4a22-a47d-8c48425ef4a7,CC_BY_NC_4_0,COORDINATE_ROUNDED;COUNTRY_DERIVED_FROM_COORDINATES;CONTINENT_DERIVED_FROM_COORDINATES;TAXON_ID_NOT_FOUND,Habitats,II
2648056511,Anacamptis pyramidalis (L.) Rich.,Anacamptis pyramidalis,Orchis Pyramidal,Plantae,Tracheophyta,Liliopsida,Asparagales,Orchidaceae,Anacamptis,SPECIES,2808330,2808330,NE,Not Evaluated,2019-05-31T20:21:43.340Z,2019,5,31,42.690711,21.161226,24,,,Prishtinë / Priština,Prishtinë / Priština,,,FALSE,HUMAN_OBSERVATION,1,,,,,,,14d5676a-2c54-4f94-9023-1e8dcd822aa0,CC_BY_4_0,COORDINATE_ROUNDED;COUNTRY_DERIVED_FROM_COORDINATES;CONTINENT_DERIVED_FROM_COORDINATES,Habitats,II
2645417439,Anacamptis pyramidalis (L.) Rich.,Anacamptis pyramidalis,Orchis Pyramidal,Plantae,Tracheophyta,Liliopsida,Asparagales,Orchidaceae,Anacamptis,SPECIES,2808330,2808330,NE,Not Evaluated,2019-05-31T20:16:44.098Z,2019,5,31,42.690665,21.161286,30,,,Prishtinë / Priština,Prishtinë / Priština,,,FALSE,HUMAN_OBSERVATION,1,,,,,,,14d5676a-2c54-4f94-9023-1e8dcd822aa0,CC_BY_4_0,COORDINATE_ROUNDED;COUNTRY_DERIVED_FROM_COORDINATES;CONTINENT_DERIVED_FROM_COORDINATES,Habitats,II
2641297362,"Lucanus cervus (Linnaeus, 1758)",Lucanus cervus,Stag Beetle,Animalia,Arthropoda,Insecta,Coleoptera,Lucanidae,Lucanus,SPECIES,5743122,5743122,NE,Not Evaluated,2019-07-13T17:52:01,2019,7,13,42.673049,21.215037,4208,,,Prishtinë / Priština,Prishtinë / Priština,Gërmia,Protected Landscape,FALSE,HUMAN_OBSERVATION,,,Albert Krasniqi,jmmaes,iNaturalist,Observations,28762489,50c9509d-22c7-4a22-a47d-8c48425ef4a7,CC_BY_NC_4_0,COORDINATE_ROUNDED;COUNTRY_DERIVED_FROM_COORDINATES;CONTINENT_DERIVED_FROM_COORDINATES;TAXON_ID_NOT_FOUND,Habitats,II
2626243489,"Euphydryas aurinia (Rottemburg, 1775)",Euphydryas aurinia,Marsh Fritillary,Animalia,Arthropoda,Insecta,Lepidoptera,Nymphalidae,Euphydryas,SPECIES,4535809,4535809,NE,Not Evaluated,2020-05-09T03:49,2020,5,9,42.582574,21.058821,43,,,Graçanicë / Gračanica,Prishtinë / Priština,,,FALSE,HUMAN_OBSERVATION,,,Shawn Waddoups,Pekka Malinen,iNaturalist,Observations,45395774,50c9509d-22c7-4a22-a47d-8c48425ef4a7,CC_BY_NC_4_0,COORDINATE_ROUNDED;COUNTRY_DERIVED_FROM_COORDINATES;CONTINENT_DERIVED_FROM_COORDINATES;TAXON_ID_NOT_FOUND,Habitats,II
2460030609,"Ursus arctos arctos Linnaeus, 1758",Ursus arctos,Brown Bear,Animalia,Chordata,Mammalia,Carnivora,Ursidae,Ursus,SUBSPECIES,7193950,2433433,LC,Least Concern,2019-11-21T02:39:57,2019,11,21,42.202435,20.988426,,,,Shtërpcë / Štrpce,Ferizaj / Uroševac,"Parku Kombëtar ""Sharri""",National Park,FALSE,HUMAN_OBSERVATION,,,Liridon Shala,fishlegsingerman,iNaturalist,Observations,35915758,50c9509d-22c7-4a22-a47d-8c48425ef4a7,CC_BY_NC_4_0,COORDINATE_ROUNDED;COUNTRY_DERIVED_FROM_COORDINATES;CONTINENT_DERIVED_FROM_COORDINATES;TAXON_ID_NOT_FOUND,Habitats,II
2451693787,"Lucanus cervus (Linnaeus, 1758)",Lucanus cervus,Stag Beetle,Animalia,Arthropoda,Insecta,Coleoptera,Lucanidae,Lucanus,SPECIES,5743122,5743122,NE,Not Evaluated,2017-07-08T20:37,2017,7,8,42.737475,20.308697,434,,,Pejë / Peć,Pejë / Peć,Burimi i Drinit të Bardhë me Shpellën dhe Ujëvarën në Radavc,Natural Monument,FALSE,HUMAN_OBSERVATION,,,thephoxinus,thephoxinus,iNaturalist,Observations,35196452,50c9509d-22c7-4a22-a47d-8c48425ef4a7,CC_BY_NC_4_0,COORDINATE_ROUNDED;COUNTRY_DERIVED_FROM_COORDINATES;CONTINENT_DERIVED_FROM_COORDINATES;TAXON_ID_NOT_FOUND,Habitats,II
2451693378,"Lucanus cervus (Linnaeus, 1758)",Lucanus cervus,Stag Beetle,Animalia,Arthropoda,Insecta,Coleoptera,Lucanidae,Lucanus,SPECIES,5743122,5743122,NE,Not Evaluated,2017-07-06T19:11,2017,7,6,42.531717,20.594213,57,,,Klinë / Klina,Pejë / Peć,Ujëvarat e Mirushës,Natural Monument,FALSE,HUMAN_OBSERVATION,,,thephoxinus,thephoxinus,iNaturalist,Observations,35192173,50c9509d-22c7-4a22-a47d-8c48425ef4a7,CC_BY_NC_4_0,COORDINATE_ROUNDED;COUNTRY_DERIVED_FROM_COORDINATES;CONTINENT_DERIVED_FROM_COORDINATES;TAXON_ID_NOT_FOUND,Habitats,II
2397644622,"Morimus funereus Mulsant, 1862",Morimus funereus,Cerambice Funereo,Animalia,Arthropoda,Insecta,Coleoptera,Cerambycidae,Morimus,SPECIES,1119288,1119288,VU,Vulnerable,2017-04-16,2017,4,16,42.662076,21.221552,1094,,,Prishtinë / Priština,Prishtinë / Priština,Gërmia,Protected Landscape,FALSE,HUMAN_OBSERVATION,,,thephoxinus,thephoxinus,iNaturalist,Observations,31839067,50c9509d-22c7-4a22-a47d-8c48425ef4a7,CC_BY_NC_4_0,COORDINATE_ROUNDED;COUNTRY_DERIVED_FROM_COORDINATES;CONTINENT_DERIVED_FROM_COORDINATES;TAXON_ID_NOT_FOUND,Habitats,II
2397642321,"Lucanus cervus (Linnaeus, 1758)",Lucanus cervus,Stag Beetle,Animalia,Arthropoda,Insecta,Coleoptera,Lucanidae,Lucanus,SPECIES,5743122,5743122,NE,Not Evaluated,2018-05-28,2018,5,28,42.367526,21.032114,250,,,Ferizaj / Uroševac,Ferizaj / Uroševac,,,FALSE,HUMAN_OBSERVATION,,,thephoxinus,thephoxinus,iNaturalist,Observations,31831574,50c9509d-22c7-4a22-a47d-8c48425ef4a7,CC_BY_NC_4_0,COORDINATE_ROUNDED;COUNTRY_DERIVED_FROM_COORDINATES;CONTINENT_DERIVED_FROM_COORDINATES;TAXON_ID_NOT_FOUND,Habitats,II
2311368690,"Erebia ottomana Herrich-Schäffer, 1847",Erebia tyndarus,Swiss Brassy Ringlet,Animalia,Arthropoda,Insecta,Lepidoptera,Nymphalidae,Erebia,SPECIES,5134917,8233062,LC,Least Concern,2019-06-27T11:34,2019,6,27,41.967178,20.711372,122,,,Dragash / Dragaš,Prizren,"Parku Kombëtar ""Sharri""",National Park,FALSE,HUMAN_OBSERVATION,,,joopverbrugh,joopverbrugh,iNaturalist,Observations,29771159,50c9509d-22c7-4a22-a47d-8c48425ef4a7,CC_BY_NC_4_0,COORDINATE_ROUNDED;COUNTRY_DERIVED_FROM_COORDINATES;CONTINENT_DERIVED_FROM_COORDINATES;TAXON_ID_NOT_FOUND,Habitats,II
2283214245,Anacamptis pyramidalis (L.) Rich.,Anacamptis pyramidalis,Orchis Pyramidal,Plantae,Tracheophyta,Liliopsida,Asparagales,Orchidaceae,Anacamptis,SPECIES,2808330,2808330,NE,Not Evaluated,2019-06-11,2019,6,11,42.661935,20.263656,66,,,Pejë / Peć,Pejë / Peć,,,FALSE,HUMAN_OBSERVATION,,,nadifarkas,nadifarkas,iNaturalist,Observations,28393201,50c9509d-22c7-4a22-a47d-8c48425ef4a7,CC_BY_NC_4_0,COORDINATE_ROUNDED;COUNTRY_DERIVED_FROM_COORDINATES;CONTINENT_DERIVED_FROM_COORDINATES;TAXON_ID_NOT_FOUND,Habitats,II
2283092687,"Morimus funereus Mulsant, 1862",Morimus funereus,Cerambice Funereo,Animalia,Arthropoda,Insecta,Coleoptera,Cerambycidae,Morimus,SPECIES,1119288,1119288,VU,Vulnerable,2019-05-12T23:40,2019,5,12,42.671793,21.215654,155,,,Prishtinë / Priština,Prishtinë / Priština,Gërmia,Protected Landscape,FALSE,HUMAN_OBSERVATION,,,franciscodocampo,Francesco Vitali,iNaturalist,Observations,27959114,50c9509d-22c7-4a22-a47d-8c48425ef4a7,CC_BY_4_0,COORDINATE_ROUNDED;COUNTRY_DERIVED_FROM_COORDINATES;CONTINENT_DERIVED_FROM_COORDINATES;TAXON_ID_NOT_FOUND,Habitats,II
2265904319,"Lucanus cervus (Linnaeus, 1758)",Lucanus cervus,Stag Beetle,Animalia,Arthropoda,Insecta,Coleoptera,Lucanidae,Lucanus,SPECIES,5743122,5743122,NE,Not Evaluated,2019-06-13T18:08,2019,6,13,42.669626,21.215676,488,,,Prishtinë / Priština,Prishtinë / Priština,Gërmia,Protected Landscape,FALSE,HUMAN_OBSERVATION,,,Albert Krasniqi,Albert Krasniqi,iNaturalist,Observations,26937676,50c9509d-22c7-4a22-a47d-8c48425ef4a7,CC_BY_NC_4_0,COORDINATE_ROUNDED;COUNTRY_DERIVED_FROM_COORDINATES;CONTINENT_DERIVED_FROM_COORDINATES;TAXON_ID_NOT_FOUND,Habitats,II
2265881944,"Morimus funereus Mulsant, 1862",Morimus funereus,Cerambice Funereo,Animalia,Arthropoda,Insecta,Coleoptera,Cerambycidae,Morimus,SPECIES,1119288,1119288,VU,Vulnerable,2019-06-10T09:22:35,2019,6,10,42.515862,20.983061,,,,Lipjan / Lipljan,Prishtinë / Priština,,,FALSE,HUMAN_OBSERVATION,,,Liridon Shala,TOUROULT Julien,iNaturalist,Observations,26831266,50c9509d-22c7-4a22-a47d-8c48425ef4a7,CC_BY_NC_4_0,COORDINATE_ROUNDED;COUNTRY_DERIVED_FROM_COORDINATES;CONTINENT_DERIVED_FROM_COORDINATES;TAXON_ID_NOT_FOUND,Habitats,II
2252017818,"Morimus funereus Mulsant, 1862",Morimus funereus,Cerambice Funereo,Animalia,Arthropoda,Insecta,Coleoptera,Cerambycidae,Morimus,SPECIES,1119288,1119288,VU,Vulnerable,2019-06-02T18:45,2019,6,2,42.902955,21.030198,526,,,Vushtrri / Vučitrn,Mitrovicë / Kosovska Mitrovica,,,FALSE,HUMAN_OBSERVATION,,,Rieff Perçuku,TOUROULT Julien,iNaturalist,Observations,26258887,50c9509d-22c7-4a22-a47d-8c48425ef4a7,CC_BY_NC_4_0,COORDINATE_ROUNDED;COUNTRY_DERIVED_FROM_COORDINATES;CONTINENT_DERIVED_FROM_COORDINATES;TAXON_ID_NOT_FOUND,Habitats,II
2251955666,"Morimus funereus Mulsant, 1862",Morimus funereus,Cerambice Funereo,Animalia,Arthropoda,Insecta,Coleoptera,Cerambycidae,Morimus,SPECIES,1119288,1119288,VU,Vulnerable,2019-05-29T02:51:08,2019,5,29,42.671266,21.221466,4208,,,Prishtinë / Priština,Prishtinë / Priština,Gërmia,Protected Landscape,FALSE,HUMAN_OBSERVATION,,,Albert Krasniqi,Albert Krasniqi,iNaturalist,Observations,26006525,50c9509d-22c7-4a22-a47d-8c48425ef4a7,CC_BY_NC_4_0,COORDINATE_ROUNDED;COUNTRY_DERIVED_FROM_COORDINATES;CONTINENT_DERIVED_FROM_COORDINATES;TAXON_ID_NOT_FOUND,Habitats,II
2249942958,BOLD:ACE5396,Polyommatus eros,Eros Blue,Animalia,Arthropoda,Insecta,Lepidoptera,Lycaenidae,Polyommatus,UNRANKED,10615721,5140244,NE,Not Evaluated,2008-06-22,2008,6,22,43,20.7,,,Debelo Brdo,Zubin Potok,Mitrovicë / Kosovska Mitrovica,,,FALSE,MATERIAL_SAMPLE,,,,,"Mined from GenBank, NCBI",,,040c5662-da76-4782-a48e-cdea1892d14c,CC_BY_4_0,GEODETIC_DATUM_ASSUMED_WGS84;CONTINENT_DERIVED_FROM_COORDINATES;INSTITUTION_MATCH_NONE;TAXON_CONCEPT_ID_NOT_FOUND;TAXON_ID_NOT_FOUND,Habitats,II
2249496893,BOLD:ACI1995,Austropotamobius torrentium,Steinkrebs,Animalia,Arthropoda,Malacostraca,Decapoda,Astacidae,Austropotamobius,UNRANKED,9851843,4417555,LC,Least Concern,,,,,42.602634,20.902977,,,,Gllogoc / Glogovac,Prishtinë / Priština,,,FALSE,MATERIAL_SAMPLE,,,,,"Mined from GenBank, NCBI",,JN683353,040c5662-da76-4782-a48e-cdea1892d14c,CC_BY_4_0,GEODETIC_DATUM_ASSUMED_WGS84;CONTINENT_DERIVED_FROM_COORDINATES;INSTITUTION_MATCH_NONE;TAXON_ID_NOT_FOUND;TAXON_CONCEPT_ID_NOT_FOUND,Habitats,II
2249495624,BOLD:ACI1994,Austropotamobius torrentium,Steinkrebs,Animalia,Arthropoda,Malacostraca,Decapoda,Astacidae,Austropotamobius,UNRANKED,10491039,4417555,LC,Least Concern,,,,,42.602634,20.902977,,,,Gllogoc / Glogovac,Prishtinë / Priština,,,FALSE,MATERIAL_SAMPLE,,,,,"Mined from GenBank, NCBI",,JF293439,040c5662-da76-4782-a48e-cdea1892d14c,CC_BY_4_0,GEODETIC_DATUM_ASSUMED_WGS84;CONTINENT_DERIVED_FROM_COORDINATES;INSTITUTION_MATCH_NONE;TAXON_ID_NOT_FOUND;TAXON_CONCEPT_ID_NOT_FOUND,Habitats,II
2005267812,"Lucanus cervus (Linnaeus, 1758)",Lucanus cervus,Stag Beetle,Animalia,Arthropoda,Insecta,Coleoptera,Lucanidae,Lucanus,SPECIES,5743122,5743122,NE,Not Evaluated,2018-08-12T13:47:08,2018,8,12,42.661185,21.243347,2104,,,Prishtinë / Priština,Prishtinë / Priština,Gërmia,Protected Landscape,FALSE,HUMAN_OBSERVATION,,,Albert Krasniqi,jmmaes,iNaturalist,Observations,16643863,50c9509d-22c7-4a22-a47d-8c48425ef4a7,CC_BY_NC_4_0,COORDINATE_ROUNDED;COUNTRY_DERIVED_FROM_COORDINATES;CONTINENT_DERIVED_FROM_COORDINATES;TAXON_ID_NOT_FOUND,Habitats,II
1913668134,"Euplagia quadripunctaria (Poda, 1761)",Euplagia quadripunctaria,Jersey Tiger,Animalia,Arthropoda,Insecta,Lepidoptera,Erebidae,Euplagia,SPECIES,4532532,4532532,NE,Not Evaluated,2018-08-05T06:07,2018,8,5,42.674713,21.201352,244,,,Prishtinë / Priština,Prishtinë / Priština,Gërmia,Protected Landscape,FALSE,HUMAN_OBSERVATION,,,Albert Krasniqi,Albert Krasniqi,iNaturalist,Observations,16525146,50c9509d-22c7-4a22-a47d-8c48425ef4a7,CC_BY_NC_4_0,COORDINATE_ROUNDED;COUNTRY_DERIVED_FROM_COORDINATES;CONTINENT_DERIVED_FROM_COORDINATES;TAXON_ID_NOT_FOUND,Habitats,II
1899781821,"Bombina variegata (Linnaeus, 1758)",Bombina variegata,Yellow-Bellied Toad,Animalia,Chordata,Amphibia,Anura,Bombinatoridae,Bombina,SPECIES,2423435,2423435,LC,Least Concern,2018-08-26T13:20,2018,8,26,42.728432,21.289003,488,,,Prishtinë / Priština,Prishtinë / Priština,,,FALSE,HUMAN_OBSERVATION,,,Albert Krasniqi,Ilias Strachinis,iNaturalist,Observations,15928194,50c9509d-22c7-4a22-a47d-8c48425ef4a7,CC_BY_NC_4_0,COORDINATE_ROUNDED;COUNTRY_DERIVED_FROM_COORDINATES;CONTINENT_DERIVED_FROM_COORDINATES;TAXON_ID_NOT_FOUND,Habitats,II
1880500021,"Lucanus cervus (Linnaeus, 1758)",Lucanus cervus,Stag Beetle,Animalia,Arthropoda,Insecta,Coleoptera,Lucanidae,Lucanus,SPECIES,5743122,5743122,NE,Not Evaluated,2018-06-17T18:14:56,2018,6,17,42.669445,21.218056,,,,Prishtinë / Priština,Prishtinë / Priština,Gërmia,Protected Landscape,FALSE,HUMAN_OBSERVATION,,,Rieff Perçuku,Rieff Perçuku,iNaturalist,Observations,13519028,50c9509d-22c7-4a22-a47d-8c48425ef4a7,CC_BY_NC_4_0,COORDINATE_ROUNDED;COUNTRY_DERIVED_FROM_COORDINATES;CONTINENT_DERIVED_FROM_COORDINATES;TAXON_ID_NOT_FOUND,Habitats,II
1880498488,"Lucanus cervus (Linnaeus, 1758)",Lucanus cervus,Stag Beetle,Animalia,Arthropoda,Insecta,Coleoptera,Lucanidae,Lucanus,SPECIES,5743122,5743122,NE,Not Evaluated,2018-05-07T21:28,2018,5,7,42.583792,21.571256,488,,,Kamenicë / Kamenica,Gjilan / Gnjilane,,,FALSE,HUMAN_OBSERVATION,,,Qendrim Saqipi,Qendrim Saqipi,iNaturalist,Observations,13513063,50c9509d-22c7-4a22-a47d-8c48425ef4a7,CC_BY_NC_4_0,COORDINATE_ROUNDED;COUNTRY_DERIVED_FROM_COORDINATES;CONTINENT_DERIVED_FROM_COORDINATES;TAXON_ID_NOT_FOUND,Habitats,II
1880498478,"Lucanus cervus (Linnaeus, 1758)",Lucanus cervus,Stag Beetle,Animalia,Arthropoda,Insecta,Coleoptera,Lucanidae,Lucanus,SPECIES,5743122,5743122,NE,Not Evaluated,2018-05-07T21:15,2018,5,7,42.585561,21.574346,488,,,Kamenicë / Kamenica,Gjilan / Gnjilane,,,FALSE,HUMAN_OBSERVATION,,,Qendrim Saqipi,Qendrim Saqipi,iNaturalist,Observations,13513062,50c9509d-22c7-4a22-a47d-8c48425ef4a7,CC_BY_NC_4_0,COORDINATE_ROUNDED;COUNTRY_DERIVED_FROM_COORDINATES;CONTINENT_DERIVED_FROM_COORDINATES;TAXON_ID_NOT_FOUND,Habitats,II
1880498455,"Lucanus cervus (Linnaeus, 1758)",Lucanus cervus,Stag Beetle,Animalia,Arthropoda,Insecta,Coleoptera,Lucanidae,Lucanus,SPECIES,5743122,5743122,NE,Not Evaluated,2018-05-07T21:30,2018,5,7,42.582781,21.578466,488,,,Kamenicë / Kamenica,Gjilan / Gnjilane,,,FALSE,HUMAN_OBSERVATION,,,Qendrim Saqipi,Qendrim Saqipi,iNaturalist,Observations,13513064,50c9509d-22c7-4a22-a47d-8c48425ef4a7,CC_BY_NC_4_0,COORDINATE_ROUNDED;COUNTRY_DERIVED_FROM_COORDINATES;CONTINENT_DERIVED_FROM_COORDINATES;TAXON_ID_NOT_FOUND,Habitats,II
1880498397,"Lucanus cervus (Linnaeus, 1758)",Lucanus cervus,Stag Beetle,Animalia,Arthropoda,Insecta,Coleoptera,Lucanidae,Lucanus,SPECIES,5743122,5743122,NE,Not Evaluated,2018-05-07T21:11,2018,5,7,42.584803,21.567823,488,,,Kamenicë / Kamenica,Gjilan / Gnjilane,,,FALSE,HUMAN_OBSERVATION,,,Qendrim Saqipi,Qendrim Saqipi,iNaturalist,Observations,13513061,50c9509d-22c7-4a22-a47d-8c48425ef4a7,CC_BY_NC_4_0,COORDINATE_ROUNDED;COUNTRY_DERIVED_FROM_COORDINATES;CONTINENT_DERIVED_FROM_COORDINATES;TAXON_ID_NOT_FOUND,Habitats,II
1880498395,"Lucanus cervus (Linnaeus, 1758)",Lucanus cervus,Stag Beetle,Animalia,Arthropoda,Insecta,Coleoptera,Lucanidae,Lucanus,SPECIES,5743122,5743122,NE,Not Evaluated,2018-05-07T21:05,2018,5,7,42.586319,21.572286,488,,,Kamenicë / Kamenica,Gjilan / Gnjilane,,,FALSE,HUMAN_OBSERVATION,,,Qendrim Saqipi,Qendrim Saqipi,iNaturalist,Observations,13513060,50c9509d-22c7-4a22-a47d-8c48425ef4a7,CC_BY_NC_4_0,COORDINATE_ROUNDED;COUNTRY_DERIVED_FROM_COORDINATES;CONTINENT_DERIVED_FROM_COORDINATES;TAXON_ID_NOT_FOUND,Habitats,II
1848803647,"Euphydryas aurinia (Rottemburg, 1775)",Euphydryas aurinia,Marsh Fritillary,Animalia,Arthropoda,Insecta,Lepidoptera,Nymphalidae,Euphydryas,SPECIES,4535809,4535809,NE,Not Evaluated,2018-05-13T11:29:40,2018,5,13,42.633057,21.249445,,,,Prishtinë / Priština,Prishtinë / Priština,Gërmia,Protected Landscape,FALSE,HUMAN_OBSERVATION,,,Rieff Perçuku,Rieff Perçuku,iNaturalist,Observations,13092656,50c9509d-22c7-4a22-a47d-8c48425ef4a7,CC_BY_NC_4_0,COORDINATE_ROUNDED;COUNTRY_DERIVED_FROM_COORDINATES;CONTINENT_DERIVED_FROM_COORDINATES;TAXON_ID_NOT_FOUND,Habitats,II
1848778977,"Rupicapra rupicapra balcanica Bolkay, 1925",Rupicapra rupicapra,Chamois,Animalia,Chordata,Mammalia,Artiodactyla,Bovidae,Rupicapra,SUBSPECIES,5706429,5220170,LC,Least Concern,2018-04-29T01:13,2018,4,29,42.664512,20.207979,488,,,Pejë / Peć,Pejë / Peć,Gryka e Rugovës,Natural Monument,FALSE,HUMAN_OBSERVATION,,,Granit Hyseni,Agapakis Georgios,iNaturalist,Observations,12981285,50c9509d-22c7-4a22-a47d-8c48425ef4a7,CC_BY_NC_4_0,COORDINATE_ROUNDED;COUNTRY_DERIVED_FROM_COORDINATES;CONTINENT_DERIVED_FROM_COORDINATES;TAXON_ID_NOT_FOUND,Habitats,II
1610511098,"Salmo marmoratus Cuvier, 1829",Salmo marmoratus,Trota Marmorata,Animalia,Chordata,,Salmoniformes,Salmonidae,Salmo,SPECIES,2351630,2351630,VU,Vulnerable,1992,1992,,,42.169972,20.561806,,,Beli Drim river,Prizren,Prizren,Mali Pashtrik dhe Liqeni i Vërmices,Nature Park,FALSE,OCCURRENCE,,,,,"Institute for Multidisciplinary Research, University of Belgrade",,,9c4e36c1-d3f9-49ce-8ec1-8c434fa9e6eb,CC0_1_0,COORDINATE_ROUNDED;GEODETIC_DATUM_ASSUMED_WGS84;CONTINENT_DERIVED_FROM_COORDINATES,Habitats,II
1610511061,"Cottus gobio Linnaeus, 1758",Cottus gobio,Groppe,Animalia,Chordata,,Scorpaeniformes,Cottidae,Cottus,SPECIES,7807208,7807208,LC,Least Concern,1992,1992,,,42.169972,20.561806,,,Beli Drim river,Prizren,Prizren,Mali Pashtrik dhe Liqeni i Vërmices,Nature Park,FALSE,OCCURRENCE,,,,,"Institute for Multidisciplinary Research, University of Belgrade",,,9c4e36c1-d3f9-49ce-8ec1-8c434fa9e6eb,CC0_1_0,COORDINATE_ROUNDED;GEODETIC_DATUM_ASSUMED_WGS84;CONTINENT_DERIVED_FROM_COORDINATES,Habitats,II
1610510618,"Lampetra planeri (Bloch, 1784)",Lampetra planeri,Bachneunauge,Animalia,Chordata,Petromyzonti,Petromyzontiformes,Petromyzontidae,Lampetra,SPECIES,2421402,2421402,NT,Near Threatened,1998,1998,,,42.597139,20.529889,,,Pećka Bistrica river,Klinë / Klina,Pejë / Peć,,,FALSE,OCCURRENCE,,,,,"Institute for Multidisciplinary Research, University of Belgrade",,,9c4e36c1-d3f9-49ce-8ec1-8c434fa9e6eb,CC0_1_0,COORDINATE_ROUNDED;GEODETIC_DATUM_ASSUMED_WGS84;CONTINENT_DERIVED_FROM_COORDINATES,Habitats,II
1610510609,"Lampetra planeri (Bloch, 1784)",Lampetra planeri,Bachneunauge,Animalia,Chordata,Petromyzonti,Petromyzontiformes,Petromyzontidae,Lampetra,SPECIES,2421402,2421402,NT,Near Threatened,1998,1998,,,42.691528,20.503917,,,Istočka river,Istog / Istok,Pejë / Peć,,,FALSE,OCCURRENCE,,,,,"Institute for Multidisciplinary Research, University of Belgrade",,,9c4e36c1-d3f9-49ce-8ec1-8c434fa9e6eb,CC0_1_0,COORDINATE_ROUNDED;GEODETIC_DATUM_ASSUMED_WGS84;CONTINENT_DERIVED_FROM_COORDINATES,Habitats,II
1562870823,Anacamptis pyramidalis (L.) Rich.,Anacamptis pyramidalis,Orchis Pyramidal,Plantae,Tracheophyta,Liliopsida,Asparagales,Orchidaceae,Anacamptis,SPECIES,2808330,2808330,NE,Not Evaluated,2015-05-27,2015,5,27,42.674319,21.202154,619,,,Prishtinë / Priština,Prishtinë / Priština,Gërmia,Protected Landscape,FALSE,HUMAN_OBSERVATION,,,Michael,Michael,iNaturalist,Observations,1619095,50c9509d-22c7-4a22-a47d-8c48425ef4a7,CC_BY_NC_4_0,COUNTRY_DERIVED_FROM_COORDINATES;CONTINENT_DERIVED_FROM_COORDINATES;TAXON_ID_NOT_FOUND,Habitats,II
1453544604,"Euphydryas aurinia (Rottemburg, 1775)",Euphydryas aurinia,Marsh Fritillary,Animalia,Arthropoda,Insecta,Lepidoptera,Nymphalidae,Euphydryas,SPECIES,4535809,4535809,NE,Not Evaluated,2014-05-11,2014,5,11,42.675329,21.211081,1603,,,Prishtinë / Priština,Prishtinë / Priština,Gërmia,Protected Landscape,FALSE,HUMAN_OBSERVATION,,,Michael,Michael,iNaturalist,Observations,764374,50c9509d-22c7-4a22-a47d-8c48425ef4a7,CC_BY_NC_4_0,COUNTRY_DERIVED_FROM_COORDINATES;CONTINENT_DERIVED_FROM_COORDINATES;TAXON_ID_NOT_FOUND,Habitats,II
1453528901,"Rupicapra rupicapra balcanica Bolkay, 1925",Rupicapra rupicapra,Chamois,Animalia,Chordata,Mammalia,Artiodactyla,Bovidae,Rupicapra,SUBSPECIES,5706429,5220170,LC,Least Concern,2017-03-19T14:25:39,2017,3,19,42.710653,20.223355,7002,,,Pejë / Peć,Pejë / Peć,"Parku Kombëtar ""Bjeshkët e Nemuna""",National Park,FALSE,HUMAN_OBSERVATION,,,aristonlipa,Agapakis Georgios,iNaturalist,Observations,5408459,50c9509d-22c7-4a22-a47d-8c48425ef4a7,CC_BY_NC_4_0,COORDINATE_ROUNDED;COUNTRY_DERIVED_FROM_COORDINATES;CONTINENT_DERIVED_FROM_COORDINATES;TAXON_ID_NOT_FOUND,Habitats,II
1453057615,"Euphydryas aurinia (Rottemburg, 1775)",Euphydryas aurinia,Marsh Fritillary,Animalia,Arthropoda,Insecta,Lepidoptera,Nymphalidae,Euphydryas,SPECIES,4535809,4535809,NE,Not Evaluated,2015-05-29,2015,5,29,42.674319,21.202154,619,,,Prishtinë / Priština,Prishtinë / Priština,Gërmia,Protected Landscape,FALSE,HUMAN_OBSERVATION,,,Michael,Michael,iNaturalist,Observations,1619149,50c9509d-22c7-4a22-a47d-8c48425ef4a7,CC_BY_NC_4_0,COUNTRY_DERIVED_FROM_COORDINATES;CONTINENT_DERIVED_FROM_COORDINATES;TAXON_ID_NOT_FOUND,Habitats,II
1227719338,"Bombina variegata (Linnaeus, 1758)",Bombina variegata,Yellow-Bellied Toad,Animalia,Chordata,Amphibia,Anura,Bombinatoridae,Bombina,SPECIES,2423435,2423435,LC,Least Concern,2015-08-06,2015,8,6,42.477595,20.266348,473,,,Junik,Gjakovë / Đakovica,,,FALSE,HUMAN_OBSERVATION,,,Michael,Michael,iNaturalist,Observations,1841206,50c9509d-22c7-4a22-a47d-8c48425ef4a7,CC_BY_NC_4_0,COUNTRY_DERIVED_FROM_COORDINATES;CONTINENT_DERIVED_FROM_COORDINATES;TAXON_ID_NOT_FOUND,Habitats,II
1133934827,"Cottus gobio Linnaeus, 1758",Cottus gobio,Groppe,Animalia,Chordata,,Scorpaeniformes,Cottidae,Cottus,SPECIES,7807208,7807208,LC,Least Concern,,,,,42.16773,20.56778,,,White Drin [Drini i Bardhë] River at village Vermica.,Prizren,Prizren,Mali Pashtrik dhe Liqeni i Vërmices,Nature Park,FALSE,OCCURRENCE,,native,,bng,Dinaric Research Institute,BIB West Balkans,3339,fc77b814-5596-4959-a779-30027a6507de,CC0_1_0,GEODETIC_DATUM_ASSUMED_WGS84;CONTINENT_DERIVED_FROM_COORDINATES,Habitats,II
1133934797,"Salmo marmoratus Cuvier, 1829",Salmo marmoratus,Trota Marmorata,Animalia,Chordata,,Salmoniformes,Salmonidae,Salmo,SPECIES,2351630,2351630,VU,Vulnerable,,,,,42.74449,20.21347,,,White Drin [Drini i Bardhë] River at waterfall in Radavc Village.,Pejë / Peć,Pejë / Peć,"Parku Kombëtar ""Bjeshkët e Nemuna""",National Park,FALSE,OCCURRENCE,,native,,bng,Dinaric Research Institute,BIB West Balkans,3295,fc77b814-5596-4959-a779-30027a6507de,CC0_1_0,GEODETIC_DATUM_ASSUMED_WGS84;CONTINENT_DERIVED_FROM_COORDINATES,Habitats,II
1133934787,"Salmo marmoratus Cuvier, 1829",Salmo marmoratus,Trota Marmorata,Animalia,Chordata,,Salmoniformes,Salmonidae,Salmo,SPECIES,2351630,2351630,VU,Vulnerable,,,,,42.66275,20.53568,,,White Drin [Drini i Bardhë] River at waterfall in Zllakuqan Village.,Klinë / Klina,Pejë / Peć,,,FALSE,OCCURRENCE,,,,bng,Dinaric Research Institute,BIB West Balkans,3296,fc77b814-5596-4959-a779-30027a6507de,CC0_1_0,GEODETIC_DATUM_ASSUMED_WGS84;CONTINENT_DERIVED_FROM_COORDINATES,Habitats,II
1133934773,"Cottus gobio Linnaeus, 1758",Cottus gobio,Groppe,Animalia,Chordata,,Scorpaeniformes,Cottidae,Cottus,SPECIES,7807208,7807208,LC,Least Concern,,,,,42.25902,20.64812,,,White Drin [Drini i Bardhë] River at village Gjonaj.,Prizren,Prizren,,,FALSE,OCCURRENCE,,native,,bng,Dinaric Research Institute,BIB West Balkans,3311,fc77b814-5596-4959-a779-30027a6507de,CC0_1_0,GEODETIC_DATUM_ASSUMED_WGS84;CONTINENT_DERIVED_FROM_COORDINATES,Habitats,II
1133934275,"Cottus gobio Linnaeus, 1758",Cottus gobio,Groppe,Animalia,Chordata,,Scorpaeniformes,Cottidae,Cottus,SPECIES,7807208,7807208,LC,Least Concern,1983,1983,,,43.10543,20.7964,,,Ibr River at Leposavić.,Leposaviq / Leposavić,Mitrovicë / Kosovska Mitrovica,,,FALSE,OCCURRENCE,,native,,bng,Dinaric Research Institute,BIB West Balkans,2772,fc77b814-5596-4959-a779-30027a6507de,CC0_1_0,GEODETIC_DATUM_ASSUMED_WGS84;CONTINENT_DERIVED_FROM_COORDINATES,Habitats,II
1133934250,"Aspius aspius (Linnaeus, 1758)",Leuciscus aspius,Asp,Animalia,Chordata,,Cypriniformes,Cyprinidae,Leuciscus,SPECIES,2360181,5851603,LC,Least Concern,1983,1983,,,43.10543,20.7964,,,Ibr River at Leposavić.,Leposaviq / Leposavić,Mitrovicë / Kosovska Mitrovica,,,FALSE,OCCURRENCE,,native,,bng,Dinaric Research Institute,BIB West Balkans,2753,fc77b814-5596-4959-a779-30027a6507de,CC0_1_0,GEODETIC_DATUM_ASSUMED_WGS84;CONTINENT_DERIVED_FROM_COORDINATES,Habitats,II
1133934223,"Cottus gobio Linnaeus, 1758",Cottus gobio,Groppe,Animalia,Chordata,,Scorpaeniformes,Cottidae,Cottus,SPECIES,7807208,7807208,LC,Least Concern,1983,1983,,,42.97344,20.81386,,,Ibr River at mouth of Bistrica River.,Zveçan / Zvečan,Mitrovicë / Kosovska Mitrovica,,,FALSE,OCCURRENCE,,native,,bng,Dinaric Research Institute,BIB West Balkans,2743,fc77b814-5596-4959-a779-30027a6507de,CC0_1_0,GEODETIC_DATUM_ASSUMED_WGS84;CONTINENT_DERIVED_FROM_COORDINATES,Habitats,II
1133934210,"Aspius aspius (Linnaeus, 1758)",Leuciscus aspius,Asp,Animalia,Chordata,,Cypriniformes,Cyprinidae,Leuciscus,SPECIES,2360181,5851603,LC,Least Concern,1983,1983,,,42.97344,20.81386,,,Ibr River at mouth of Bistrica River.,Zveçan / Zvečan,Mitrovicë / Kosovska Mitrovica,,,FALSE,OCCURRENCE,,native,,bng,Dinaric Research Institute,BIB West Balkans,2724,fc77b814-5596-4959-a779-30027a6507de,CC0_1_0,GEODETIC_DATUM_ASSUMED_WGS84;CONTINENT_DERIVED_FROM_COORDINATES,Habitats,II
1133934208,"Cottus gobio Linnaeus, 1758",Cottus gobio,Groppe,Animalia,Chordata,,Scorpaeniformes,Cottidae,Cottus,SPECIES,7807208,7807208,LC,Least Concern,1983,1983,,,42.91629,20.83573,,,Ibr River at Zvečan.,Zveçan / Zvečan,Mitrovicë / Kosovska Mitrovica,,,FALSE,OCCURRENCE,,native,,bng,Dinaric Research Institute,BIB West Balkans,2714,fc77b814-5596-4959-a779-30027a6507de,CC0_1_0,GEODETIC_DATUM_ASSUMED_WGS84;CONTINENT_DERIVED_FROM_COORDINATES,Habitats,II
1133934196,"Cottus gobio Linnaeus, 1758",Cottus gobio,Groppe,Animalia,Chordata,,Scorpaeniformes,Cottidae,Cottus,SPECIES,7807208,7807208,LC,Least Concern,,,,,42.8825,20.8475,,,Ibr River in Titova Mitrovica [Kosovska Mitrovica].,Mitrovicë e Jugut / Kosovska Mitrovica,Mitrovicë / Kosovska Mitrovica,,,FALSE,OCCURRENCE,,native,,bng,Dinaric Research Institute,BIB West Balkans,2685,fc77b814-5596-4959-a779-30027a6507de,CC0_1_0,GEODETIC_DATUM_ASSUMED_WGS84;CONTINENT_DERIVED_FROM_COORDINATES,Habitats,II
1133934181,"Aspius aspius (Linnaeus, 1758)",Leuciscus aspius,Asp,Animalia,Chordata,,Cypriniformes,Cyprinidae,Leuciscus,SPECIES,2360181,5851603,LC,Least Concern,1983,1983,,,42.91629,20.83573,,,Ibr River at Zvečan.,Zveçan / Zvečan,Mitrovicë / Kosovska Mitrovica,,,FALSE,OCCURRENCE,,native,,bng,Dinaric Research Institute,BIB West Balkans,2695,fc77b814-5596-4959-a779-30027a6507de,CC0_1_0,GEODETIC_DATUM_ASSUMED_WGS84;CONTINENT_DERIVED_FROM_COORDINATES,Habitats,II
1133934134,"Aspius aspius (Linnaeus, 1758)",Leuciscus aspius,Asp,Animalia,Chordata,,Cypriniformes,Cyprinidae,Leuciscus,SPECIES,2360181,5851603,LC,Least Concern,,,,,42.8825,20.8475,,,Ibr River in Titova Mitrovica [Kosovska Mitrovica].,Mitrovicë e Jugut / Kosovska Mitrovica,Mitrovicë / Kosovska Mitrovica,,,FALSE,OCCURRENCE,,native,,bng,Dinaric Research Institute,BIB West Balkans,2666,fc77b814-5596-4959-a779-30027a6507de,CC0_1_0,GEODETIC_DATUM_ASSUMED_WGS84;CONTINENT_DERIVED_FROM_COORDINATES,Habitats,II
891151638,"Testudo hermanni Gmelin, 1789",Testudo hermanni,Hermann's Tortoise,Animalia,Chordata,Testudines,,Testudinidae,Testudo,SPECIES,2441454,2441454,VU,Vulnerable,2013-05-05,2013,5,5,42.755371,21.113146,27599,,,Prishtinë / Priština,Prishtinë / Priština,,,FALSE,HUMAN_OBSERVATION,,,Michael,Michael,iNaturalist,Observations,264802,50c9509d-22c7-4a22-a47d-8c48425ef4a7,CC_BY_NC_4_0,COORDINATE_ROUNDED;COUNTRY_DERIVED_FROM_COORDINATES;CONTINENT_DERIVED_FROM_COORDINATES;TAXON_ID_NOT_FOUND,Habitats,II
