gbifID,scientificName,species,vernacularName,kingdom,phylum,class,order,family,genus,taxonRank,taxonKey,speciesKey,iucnRedListCategory,iucnRedListStatus,eventDate,year,month,day,decimalLatitude,decimalLongitude,coordinateUncertaintyInMeters,elevation,locality,municipality,district,protectedArea,protectedAreaDesignation,strictlyProtected,basisOfRecord,individualCount,establishmentMeans,recordedBy,identifiedBy,institutionCode,collectionCode,catalogNumber,datasetKey,license,issue
6481446425,"Testudo hermanni Gmelin, 1789",Testudo hermanni,Hermann's Tortoise,Animalia,Chordata,Testudines,,Testudinidae,Testudo,SPECIES,2441454,2441454,VU,Vulnerable,2026-08-01T09:14:47,2026,8,1,43.24128,20.770875,27505,,,Leposaviq / Leposavić,Mitrovicë / Kosovska Mitrovica,,,FALSE,HUMAN_OBSERVATION,,,Miloš Kostić,Miloš Kostić,iNaturalist,Observations,387115393,50c9509d-22c7-4a22-a47d-8c48425ef4a7,CC_BY_NC_4_0,COORDINATE_ROUNDED;CONTINENT_DERIVED_FROM_COORDINATES;TAXON_ID_NOT_FOUND
6480300875,"Morimus funereus Mulsant, 1862",Morimus funereus,Cerambice Funereo,Animalia,Arthropoda,Insecta,Coleoptera,Cerambycidae,Morimus,SPECIES,1119288,1119288,VU,Vulnerable,2026-08-07T09:42:27,2026,8,7,42.197729,20.7763,13930,,,Prizreni / Prizren,Prizren,Gryka e lumit Bistrica,Natural Monument,FALSE,HUMAN_OBSERVATION,,,Jona,cpu,iNaturalist,Observations,389003457,50c9509d-22c7-4a22-a47d-8c48425ef4a7,CC_BY_NC_4_0,COORDINATE_ROUNDED;COUNTRY_DERIVED_FROM_COORDINATES;CONTINENT_DERIVED_FROM_COORDINATES;TAXON_ID_NOT_FOUND
6469735218,"Salamandra salamandra (Linnaeus, 1758)",Salamandra salamandra,Fire Salamander,Animalia,Chordata,Amphibia,Caudata,Salamandridae,Salamandra,SPECIES,2431776,2431776,VU,Vulnerable,2026-07-22T09:01:16,2026,7,22,42.729938,20.163069,2598,,,Pejë / Peć,Pejë / Peć,"Parku Kombëtar ""Bjeshkët e Nemuna""",National Park,FALSE,HUMAN_OBSERVATION,,,SILVIA SORBI,Keemy Wille,iNaturalist,Observations,383958312,50c9509d-22c7-4a22-a47d-8c48425ef4a7,CC_BY_NC_4_0,COORDINATE_ROUNDED;COUNTRY_DERIVED_FROM_COORDINATES;CONTINENT_DERIVED_FROM_COORDINATES;TAXON_ID_NOT_FOUND
6452475949,"Testudo hermanni Gmelin, 1789",Testudo hermanni,Hermann's Tortoise,Animalia,Chordata,Testudines,,Testudinidae,Testudo,SPECIES,2441454,2441454,VU,Vulnerable,2026-06-20T11:41,2026,6,20,42.684013,21.201878,27599,,,Prishtinë / Priština,Prishtinë / Priština,,,FALSE,HUMAN_OBSERVATION,,,Chris Springsfeld,Chris Springsfeld,iNaturalist,Observations,374606825,50c9509d-22c7-4a22-a47d-8c48425ef4a7,CC_BY_NC_4_0,COORDINATE_ROUNDED;COUNTRY_DERIVED_FROM_COORDINATES;CONTINENT_DERIVED_FROM_COORDINATES;TAXON_ID_NOT_FOUND
6447711053,"Falco vespertinus Linnaeus, 1766",Falco vespertinus,Red-Footed Falcon,Animalia,Chordata,Aves,Falconiformes,Falconidae,Falco,SPECIES,2481062,2481062,VU,Vulnerable,2026-05-03,2026,5,3,42.813415,20.980078,3,,Vucitrn,Vushtrri / Vucitrn,Mitrovicë / Kosovska Mitrovica,,,FALSE,HUMAN_OBSERVATION,1,,User 1304767,,,,,8a863029-f435-446a-821e-275f4f641165,CC_BY_NC_4_0,
6441790552,"Salamandra salamandra (Linnaeus, 1758)",Salamandra salamandra,Fire Salamander,Animalia,Chordata,Amphibia,Caudata,Salamandridae,Salamandra,SPECIES,2431776,2431776,VU,Vulnerable,2026-07-10T15:55,2026,7,10,42.717438,20.007589,4,,,Pejë / Peć,Pejë / Peć,,,FALSE,HUMAN_OBSERVATION,,,Andre Hosper,Andre Hosper,iNaturalist,Observations,380036878,50c9509d-22c7-4a22-a47d-8c48425ef4a7,CC_BY_NC_4_0,COORDINATE_ROUNDED;COUNTRY_DERIVED_FROM_COORDINATES;CONTINENT_DERIVED_FROM_COORDINATES;TAXON_ID_NOT_FOUND
6441405925,"Salamandra salamandra (Linnaeus, 1758)",Salamandra salamandra,Fire Salamander,Animalia,Chordata,Amphibia,Caudata,Salamandridae,Salamandra,SPECIES,2431776,2431776,VU,Vulnerable,2026-07-10T15:54:55,2026,7,10,42.717438,20.007586,13,,,Pejë / Peć,Pejë / Peć,,,FALSE,HUMAN_OBSERVATION,,,Andre Hosper,Andre Hosper,iNaturalist,Observations,380090201,50c9509d-22c7-4a22-a47d-8c48425ef4a7,CC_BY_NC_4_0,COORDINATE_ROUNDED;COUNTRY_DERIVED_FROM_COORDINATES;CONTINENT_DERIVED_FROM_COORDINATES;TAXON_ID_NOT_FOUND
6431031734,"Morimus funereus Mulsant, 1862",Morimus funereus,Cerambice Funereo,Animalia,Arthropoda,Insecta,Coleoptera,Cerambycidae,Morimus,SPECIES,1119288,1119288,VU,Vulnerable,2026-05-06T08:36:27,2026,5,6,42.208145,20.751617,,,,Prizreni / Prizren,Prizren,,,FALSE,HUMAN_OBSERVATION,,,Paulius Rupšas,dendzoscarab,iNaturalist,Observations,362289821,50c9509d-22c7-4a22-a47d-8c48425ef4a7,CC_BY_4_0,COORDINATE_ROUNDED;COUNTRY_DERIVED_FROM_COORDINATES;CONTINENT_DERIVED_FROM_COORDINATES;TAXON_ID_NOT_FOUND
6424692341,"Falco vespertinus Linnaeus, 1766",Falco vespertinus,Red-Footed Falcon,Animalia,Chordata,Aves,Falconiformes,Falconidae,Falco,SPECIES,2481062,2481062,VU,Vulnerable,2026-05-03,2026,5,3,42.590171,21.60912,71,,Kosovska Kamenica,Kamenicë / Kosovska Kamenica,Gjilan / Gnjilane,,,FALSE,HUMAN_OBSERVATION,1,,User 1062993,,,,,8a863029-f435-446a-821e-275f4f641165,CC_BY_NC_4_0,
6424689347,"Aythya ferina (Linnaeus, 1758)",Aythya ferina,Common Pochard,Animalia,Chordata,Aves,Anseriformes,Anatidae,Aythya,SPECIES,2498255,2498255,VU,Vulnerable,2026-02-08,2026,2,8,42.579813,21.048453,35,,"Lake 1, RSBAT01",Fushë Kosovë / Kosovo Polje,Prishtinë / Priština,Ligatina e Hencit/ Radevës,Wetlands,FALSE,HUMAN_OBSERVATION,21,,User 1062993,,,,,8a863029-f435-446a-821e-275f4f641165,CC_BY_NC_4_0,
6424641647,"Streptopelia turtur (Linnaeus, 1758)",Streptopelia turtur,European Turtle-Dove,Animalia,Chordata,Aves,Columbiformes,Columbidae,Streptopelia,SPECIES,2495708,2495708,VU,Vulnerable,2025-07-20,2025,7,20,42.783239,20.815288,15,,Srbica,Skënderaj / Srbica,Mitrovicë / Kosovska Mitrovica,,,FALSE,HUMAN_OBSERVATION,1,,User 1222333,,,,,8a863029-f435-446a-821e-275f4f641165,CC_BY_NC_4_0,
6424575391,"Streptopelia turtur (Linnaeus, 1758)",Streptopelia turtur,European Turtle-Dove,Animalia,Chordata,Aves,Columbiformes,Columbidae,Streptopelia,SPECIES,2495708,2495708,VU,Vulnerable,2026-05-09,2026,5,9,42.578549,21.046822,35,,Kosovo Polje,Fushë Kosovë / Kosovo Polje,Prishtinë / Priština,Ligatina e Hencit/ Radevës,Wetlands,FALSE,HUMAN_OBSERVATION,2,,User 1062993,,,,,8a863029-f435-446a-821e-275f4f641165,CC_BY_NC_4_0,
6424347713,"Aythya ferina (Linnaeus, 1758)",Aythya ferina,Common Pochard,Animalia,Chordata,Aves,Anseriformes,Anatidae,Aythya,SPECIES,2498255,2498255,VU,Vulnerable,2026-04-05,2026,4,5,42.582512,21.05401,141,,"Lake 6, RSBAT06",Fushë Kosovë / Kosovo Polje,Prishtinë / Priština,Ligatina e Hencit/ Radevës,Wetlands,FALSE,HUMAN_OBSERVATION,3,,User 1062993,,,,,8a863029-f435-446a-821e-275f4f641165,CC_BY_NC_4_0,
6424258617,"Falco vespertinus Linnaeus, 1766",Falco vespertinus,Red-Footed Falcon,Animalia,Chordata,Aves,Falconiformes,Falconidae,Falco,SPECIES,2481062,2481062,VU,Vulnerable,2026-04-26,2026,4,26,42.57975,21.046567,15,,"Lake 5, RSBAT05",Fushë Kosovë / Kosovo Polje,Prishtinë / Priština,Ligatina e Hencit/ Radevës,Wetlands,FALSE,HUMAN_OBSERVATION,1,,User 1222333,,,,,8a863029-f435-446a-821e-275f4f641165,CC_BY_NC_4_0,
6424169700,"Streptopelia turtur (Linnaeus, 1758)",Streptopelia turtur,European Turtle-Dove,Animalia,Chordata,Aves,Columbiformes,Columbidae,Streptopelia,SPECIES,2495708,2495708,VU,Vulnerable,2026-05-07,2026,5,7,42.581804,21.052659,35,,"Lake 4, RSBAT04",Fushë Kosovë / Kosovo Polje,Prishtinë / Priština,Ligatina e Hencit/ Radevës,Wetlands,FALSE,HUMAN_OBSERVATION,6,,User 1062993,,,,,8a863029-f435-446a-821e-275f4f641165,CC_BY_NC_4_0,
6423991586,"Aythya ferina (Linnaeus, 1758)",Aythya ferina,Common Pochard,Animalia,Chordata,Aves,Anseriformes,Anatidae,Aythya,SPECIES,2498255,2498255,VU,Vulnerable,2026-05-01,2026,5,1,42.579352,21.048174,141,,"Lake 1, RSBAT01",Fushë Kosovë / Kosovo Polje,Prishtinë / Priština,Ligatina e Hencit/ Radevës,Wetlands,FALSE,HUMAN_OBSERVATION,4,,User 1062993,,,,,8a863029-f435-446a-821e-275f4f641165,CC_BY_NC_4_0,
6423912329,"Aythya ferina (Linnaeus, 1758)",Aythya ferina,Common Pochard,Animalia,Chordata,Aves,Anseriformes,Anatidae,Aythya,SPECIES,2498255,2498255,VU,Vulnerable,2026-02-08,2026,2,8,42.579908,21.048539,35,,"Lake 1, RSBAT01",Fushë Kosovë / Kosovo Polje,Prishtinë / Priština,Ligatina e Hencit/ Radevës,Wetlands,FALSE,HUMAN_OBSERVATION,1,,User 1062993,,,,,8a863029-f435-446a-821e-275f4f641165,CC_BY_NC_4_0,
6423903649,"Aythya ferina (Linnaeus, 1758)",Aythya ferina,Common Pochard,Animalia,Chordata,Aves,Anseriformes,Anatidae,Aythya,SPECIES,2498255,2498255,VU,Vulnerable,2025-08-13,2025,8,13,42.578329,21.046456,15,,"Lake 2, RSBAT02",Fushë Kosovë / Kosovo Polje,Prishtinë / Priština,Ligatina e Hencit/ Radevës,Wetlands,FALSE,HUMAN_OBSERVATION,1,,User 1102276,,,,,8a863029-f435-446a-821e-275f4f641165,CC_BY_NC_4_0,
6423841572,"Aythya ferina (Linnaeus, 1758)",Aythya ferina,Common Pochard,Animalia,Chordata,Aves,Anseriformes,Anatidae,Aythya,SPECIES,2498255,2498255,VU,Vulnerable,2026-06-06,2026,6,6,42.57798,21.046607,35,,"Lake 2, RSBAT02",Fushë Kosovë / Kosovo Polje,Prishtinë / Priština,Ligatina e Hencit/ Radevës,Wetlands,FALSE,HUMAN_OBSERVATION,2,,User 1062993,,,,,8a863029-f435-446a-821e-275f4f641165,CC_BY_NC_4_0,
6414127510,"Salamandra salamandra (Linnaeus, 1758)",Salamandra salamandra,Fire Salamander,Animalia,Chordata,Amphibia,Caudata,Salamandridae,Salamandra,SPECIES,2431776,2431776,VU,Vulnerable,2026-06-16T19:41:32,2026,6,16,42.586688,20.0707,14,,,Deçan / Dečani,Gjakovë / Đakovica,,,FALSE,HUMAN_OBSERVATION,,,denpet,denpet,iNaturalist,Observations,372385732,50c9509d-22c7-4a22-a47d-8c48425ef4a7,CC_BY_NC_4_0,COORDINATE_ROUNDED;COUNTRY_DERIVED_FROM_COORDINATES;CONTINENT_DERIVED_FROM_COORDINATES;TAXON_ID_NOT_FOUND
6413869573,"Salamandra salamandra (Linnaeus, 1758)",Salamandra salamandra,Fire Salamander,Animalia,Chordata,Amphibia,Caudata,Salamandridae,Salamandra,SPECIES,2431776,2431776,VU,Vulnerable,2026-06-17T18:56:53,2026,6,17,42.576783,20.070678,4,,,Deçan / Dečani,Gjakovë / Đakovica,,,FALSE,HUMAN_OBSERVATION,,,denpet,denpet,iNaturalist,Observations,373018345,50c9509d-22c7-4a22-a47d-8c48425ef4a7,CC_BY_NC_4_0,COORDINATE_ROUNDED;COUNTRY_DERIVED_FROM_COORDINATES;CONTINENT_DERIVED_FROM_COORDINATES;TAXON_ID_NOT_FOUND
6412472218,"Rosalia alpina (Linnaeus, 1758)",Rosalia alpina,Alpbock,Animalia,Arthropoda,Insecta,Coleoptera,Cerambycidae,Rosalia,SPECIES,7569075,7569075,VU,Vulnerable,2025-10-04,2025,10,4,42.8,20.95,5000,,Vucitrn,Vushtrri / Vucitrn,Mitrovicë / Kosovska Mitrovica,,,FALSE,HUMAN_OBSERVATION,1,,User 1192070,,,,,8a863029-f435-446a-821e-275f4f641165,CC_BY_NC_4_0,
6399579242,"Morimus funereus Mulsant, 1862",Morimus funereus,Cerambice Funereo,Animalia,Arthropoda,Insecta,Coleoptera,Cerambycidae,Morimus,SPECIES,1119288,1119288,VU,Vulnerable,2026-06-14T15:59:59,2026,6,14,42.206842,20.749667,,,,Prizreni / Prizren,Prizren,,,FALSE,HUMAN_OBSERVATION,,,formicacid,formicacid,iNaturalist,Observations,371682695,50c9509d-22c7-4a22-a47d-8c48425ef4a7,CC0_1_0,COORDINATE_ROUNDED;COUNTRY_DERIVED_FROM_COORDINATES;CONTINENT_DERIVED_FROM_COORDINATES;TAXON_ID_NOT_FOUND
6320945396,"Morimus funereus Mulsant, 1862",Morimus funereus,Cerambice Funereo,Animalia,Arthropoda,Insecta,Coleoptera,Cerambycidae,Morimus,SPECIES,1119288,1119288,VU,Vulnerable,2026-05-07T16:20:45,2026,5,7,42.200443,20.751442,4,,,Prizreni / Prizren,Prizren,,,FALSE,HUMAN_OBSERVATION,,,Paulius Rupšas,TOUROULT Julien,iNaturalist,Observations,361384335,50c9509d-22c7-4a22-a47d-8c48425ef4a7,CC_BY_4_0,COORDINATE_ROUNDED;COUNTRY_DERIVED_FROM_COORDINATES;CONTINENT_DERIVED_FROM_COORDINATES;TAXON_ID_NOT_FOUND
6320520827,"Morimus funereus Mulsant, 1862",Morimus funereus,Cerambice Funereo,Animalia,Arthropoda,Insecta,Coleoptera,Cerambycidae,Morimus,SPECIES,1119288,1119288,VU,Vulnerable,2026-05-07T17:09:28,2026,5,7,42.207932,20.746845,4,,,Prizreni / Prizren,Prizren,,,FALSE,HUMAN_OBSERVATION,,,Paulius Rupšas,Paulius Rupšas,iNaturalist,Observations,361377856,50c9509d-22c7-4a22-a47d-8c48425ef4a7,CC_BY_4_0,COORDINATE_ROUNDED;COUNTRY_DERIVED_FROM_COORDINATES;CONTINENT_DERIVED_FROM_COORDINATES;TAXON_ID_NOT_FOUND
6320110079,"Morimus funereus Mulsant, 1862",Morimus funereus,Cerambice Funereo,Animalia,Arthropoda,Insecta,Coleoptera,Cerambycidae,Morimus,SPECIES,1119288,1119288,VU,Vulnerable,2026-05-07T16:27:56,2026,5,7,42.201988,20.752172,4,,,Prizreni / Prizren,Prizren,,,FALSE,HUMAN_OBSERVATION,,,Paulius Rupšas,TOUROULT Julien,iNaturalist,Observations,361383229,50c9509d-22c7-4a22-a47d-8c48425ef4a7,CC_BY_4_0,COORDINATE_ROUNDED;COUNTRY_DERIVED_FROM_COORDINATES;CONTINENT_DERIVED_FROM_COORDINATES;TAXON_ID_NOT_FOUND
6273629634,Aesculus hippocastanum L.,Aesculus hippocastanum,Horse-Chestnut,Plantae,Tracheophyta,Magnoliopsida,Sapindales,Sapindaceae,Aesculus,SPECIES,3189815,3189815,VU,Vulnerable,2026-04-25T14:33:28,2026,4,25,42.661913,21.168113,3,,,Prishtinë / Priština,Prishtinë / Priština,,,FALSE,HUMAN_OBSERVATION,,,Lola Kytka,Lola Kytka,iNaturalist,Observations,358900761,50c9509d-22c7-4a22-a47d-8c48425ef4a7,CC_BY_NC_4_0,COORDINATE_ROUNDED;COUNTRY_DERIVED_FROM_COORDINATES;CONTINENT_DERIVED_FROM_COORDINATES;TAXON_ID_NOT_FOUND
6252733111,"Morimus funereus Mulsant, 1862",Morimus funereus,Cerambice Funereo,Animalia,Arthropoda,Insecta,Coleoptera,Cerambycidae,Morimus,SPECIES,1119288,1119288,VU,Vulnerable,2026-04-26T17:24:32,2026,4,26,42.677292,21.203292,4,,,Prishtinë / Priština,Prishtinë / Priština,Gërmia,Protected Landscape,FALSE,HUMAN_OBSERVATION,,,Lola Kytka,Lola Kytka,iNaturalist,Observations,355249436,50c9509d-22c7-4a22-a47d-8c48425ef4a7,CC_BY_NC_4_0,COORDINATE_ROUNDED;COUNTRY_DERIVED_FROM_COORDINATES;CONTINENT_DERIVED_FROM_COORDINATES;TAXON_ID_NOT_FOUND
6252073936,"Morimus funereus Mulsant, 1862",Morimus funereus,Cerambice Funereo,Animalia,Arthropoda,Insecta,Coleoptera,Cerambycidae,Morimus,SPECIES,1119288,1119288,VU,Vulnerable,2026-04-19T18:08:34,2026,4,19,42.202317,20.752475,20,,,Prizreni / Prizren,Prizren,,,FALSE,HUMAN_OBSERVATION,,,robertosoriente,Tina Mitic,iNaturalist,Observations,356236123,50c9509d-22c7-4a22-a47d-8c48425ef4a7,CC_BY_NC_4_0,COORDINATE_ROUNDED;COUNTRY_DERIVED_FROM_COORDINATES;CONTINENT_DERIVED_FROM_COORDINATES;TAXON_ID_NOT_FOUND
5920424979,"Testudo hermanni boettgeri Mojsisovics, 1889",Testudo hermanni,Hermann's Tortoise,Animalia,Chordata,Testudines,,Testudinidae,Testudo,SUBSPECIES,6156781,2441454,VU,Vulnerable,2016-07-09T10:33,2016,7,9,42.1874,21.360189,27692,,,Kaçanik / Kačanik,Ferizaj / Uroševac,,,FALSE,HUMAN_OBSERVATION,,,hristovskis,hristovskis,iNaturalist,Observations,329436762,50c9509d-22c7-4a22-a47d-8c48425ef4a7,CC_BY_NC_4_0,COORDINATE_ROUNDED;CONTINENT_DERIVED_FROM_COORDINATES;TAXON_ID_NOT_FOUND
5920359399,"Testudo hermanni boettgeri Mojsisovics, 1889",Testudo hermanni,Hermann's Tortoise,Animalia,Chordata,Testudines,,Testudinidae,Testudo,SUBSPECIES,6156781,2441454,VU,Vulnerable,2022-03-27T12:29,2022,3,27,42.191917,21.218544,27692,,,Kaçanik / Kačanik,Ferizaj / Uroševac,,,FALSE,HUMAN_OBSERVATION,,,hristovskis,hristovskis,iNaturalist,Observations,329541494,50c9509d-22c7-4a22-a47d-8c48425ef4a7,CC_BY_NC_4_0,COORDINATE_ROUNDED;CONTINENT_DERIVED_FROM_COORDINATES;TAXON_ID_NOT_FOUND
5901498308,"Salamandra salamandra (Linnaeus, 1758)",Salamandra salamandra,Fire Salamander,Animalia,Chordata,Amphibia,Caudata,Salamandridae,Salamandra,SPECIES,2431776,2431776,VU,Vulnerable,2025-10-27,2025,10,27,42.738356,20.311514,,,Istok,Istog / Istok,Pejë / Peć,Burimi i Drinit të Bardhë me Shpellën dhe Ujëvarën në Radavc,Natural Monument,FALSE,HUMAN_OBSERVATION,1,,User 1009922,,,,,8a863029-f435-446a-821e-275f4f641165,CC_BY_NC_4_0,
5897006709,"Testudo hermanni boettgeri Mojsisovics, 1889",Testudo hermanni,Hermann's Tortoise,Animalia,Chordata,Testudines,,Testudinidae,Testudo,SUBSPECIES,6156781,2441454,VU,Vulnerable,2013-04-23T00:00,2013,4,23,42.525379,20.588379,250,,Mirusha Wasserfälle und Canion - Ujevarat e Murushes,Klinë / Klina,Pejë / Peć,Ujëvarat e Mirushës,Natural Monument,FALSE,HUMAN_OBSERVATION,,,539637721,,NABU|naturgucker,NABU|naturgucker,-905805378,6ac3f774-d9fb-4796-b3e9-92bf6c81c084,CC_BY_4_0,COORDINATE_ROUNDED;GEODETIC_DATUM_ASSUMED_WGS84;COUNTRY_DERIVED_FROM_COORDINATES;CONTINENT_DERIVED_FROM_COORDINATES
5897000798,"Testudo hermanni boettgeri Mojsisovics, 1889",Testudo hermanni,Hermann's Tortoise,Animalia,Chordata,Testudines,,Testudinidae,Testudo,SUBSPECIES,6156781,2441454,VU,Vulnerable,2013-04-23T00:00,2013,4,23,42.675999,21.20739,250,,Parku i Germise,Prishtinë / Priština,Prishtinë / Priština,Gërmia,Protected Landscape,FALSE,HUMAN_OBSERVATION,,,539637721,,NABU|naturgucker,NABU|naturgucker,1996600783,6ac3f774-d9fb-4796-b3e9-92bf6c81c084,CC_BY_4_0,COORDINATE_ROUNDED;GEODETIC_DATUM_ASSUMED_WGS84;COUNTRY_DERIVED_FROM_COORDINATES;CONTINENT_DERIVED_FROM_COORDINATES
5889614751,"Salamandra salamandra (Linnaeus, 1758)",Salamandra salamandra,Fire Salamander,Animalia,Chordata,Amphibia,Caudata,Salamandridae,Salamandra,SPECIES,2431776,2431776,VU,Vulnerable,2025-10-21T13:54:25,2025,10,21,42.59755,20.155978,3,,,Deçan / Dečani,Gjakovë / Đakovica,"Parku Kombëtar ""Bjeshkët e Nemuna""",National Park,FALSE,HUMAN_OBSERVATION,,,Lola Kytka,Lola Kytka,iNaturalist,Observations,323455340,50c9509d-22c7-4a22-a47d-8c48425ef4a7,CC_BY_NC_4_0,COORDINATE_ROUNDED;COUNTRY_DERIVED_FROM_COORDINATES;CONTINENT_DERIVED_FROM_COORDINATES;TAXON_ID_NOT_FOUND
5830904065,"Salamandra salamandra (Linnaeus, 1758)",Salamandra salamandra,Fire Salamander,Animalia,Chordata,Amphibia,Caudata,Salamandridae,Salamandra,SPECIES,2431776,2431776,VU,Vulnerable,2025-09-06T18:37:38,2025,9,6,42.120925,20.785308,3,,,Prizreni / Prizren,Prizren,"Parku Kombëtar ""Sharri""",National Park,FALSE,HUMAN_OBSERVATION,,,Szabolcs Márton,Szabolcs Márton,iNaturalist,Observations,312025846,50c9509d-22c7-4a22-a47d-8c48425ef4a7,CC_BY_NC_4_0,COORDINATE_ROUNDED;COUNTRY_DERIVED_FROM_COORDINATES;CONTINENT_DERIVED_FROM_COORDINATES;TAXON_ID_NOT_FOUND
5828161233,"Salamandra salamandra (Linnaeus, 1758)",Salamandra salamandra,Fire Salamander,Animalia,Chordata,Amphibia,Caudata,Salamandridae,Salamandra,SPECIES,2431776,2431776,VU,Vulnerable,2025-09-06T07:13:45,2025,9,6,42.235539,21.020519,1102,,,Shtërpcë / Štrpce,Ferizaj / Uroševac,,,FALSE,HUMAN_OBSERVATION,,,Szabolcs Márton,Szabolcs Márton,iNaturalist,Observations,311859133,50c9509d-22c7-4a22-a47d-8c48425ef4a7,CC_BY_NC_4_0,COORDINATE_ROUNDED;COUNTRY_DERIVED_FROM_COORDINATES;CONTINENT_DERIVED_FROM_COORDINATES;TAXON_ID_NOT_FOUND
5796911017,"Salamandra salamandra (Linnaeus, 1758)",Salamandra salamandra,Fire Salamander,Animalia,Chordata,Amphibia,Caudata,Salamandridae,Salamandra,SPECIES,2431776,2431776,VU,Vulnerable,2025-09-11,2025,9,11,42.716083,20.103425,,,Pec,Pejë / Peć,Pejë / Peć,"Parku Kombëtar ""Bjeshkët e Nemuna""",National Park,FALSE,HUMAN_OBSERVATION,1,,User 121143,,,,,8a863029-f435-446a-821e-275f4f641165,CC_BY_NC_4_0,
5762031571,"Salamandra salamandra (Linnaeus, 1758)",Salamandra salamandra,Fire Salamander,Animalia,Chordata,Amphibia,Caudata,Salamandridae,Salamandra,SPECIES,2431776,2431776,VU,Vulnerable,2025-09-04,2025,9,4,42.616853,20.085358,5,,Decani,Deçan / Dečani,Gjakovë / Đakovica,"Parku Kombëtar ""Bjeshkët e Nemuna""",National Park,FALSE,HUMAN_OBSERVATION,1,,User 1079548,,,,,8a863029-f435-446a-821e-275f4f641165,CC_BY_NC_4_0,
5656589230,"Streptopelia turtur (Linnaeus, 1758)",Streptopelia turtur,European Turtle-Dove,Animalia,Chordata,Aves,Columbiformes,Columbidae,Streptopelia,SPECIES,2495708,2495708,VU,Vulnerable,2024-05-26,2024,5,26,42.752464,20.556166,,,"Rrugë pa emër, Veriq (42.752, 20.556)",Istog / Istok,Pejë / Peć,,,FALSE,HUMAN_OBSERVATION,1,,obsr891783,,CLO,EBIRD,OBS2192325870,4fa7b334-ce0d-4e88-aaae-2e0c138d049e,CC_BY_4_0,CONTINENT_DERIVED_FROM_COORDINATES;TAXON_CONCEPT_ID_NOT_FOUND
5652843705,"Streptopelia turtur (Linnaeus, 1758)",Streptopelia turtur,European Turtle-Dove,Animalia,Chordata,Aves,Columbiformes,Columbidae,Streptopelia,SPECIES,2495708,2495708,VU,Vulnerable,2024-04-28,2024,4,28,42.595234,21.1074,,,Gračanica,Prishtinë / Priština,Prishtinë / Priština,,,FALSE,HUMAN_OBSERVATION,1,,obsr4241512,,CLO,EBIRD,OBS2099888407,4fa7b334-ce0d-4e88-aaae-2e0c138d049e,CC_BY_4_0,CONTINENT_DERIVED_FROM_COORDINATES;TAXON_CONCEPT_ID_NOT_FOUND
5650030283,"Streptopelia turtur (Linnaeus, 1758)",Streptopelia turtur,European Turtle-Dove,Animalia,Chordata,Aves,Columbiformes,Columbidae,Streptopelia,SPECIES,2495708,2495708,VU,Vulnerable,2024-06-17,2024,6,17,42.44687,21.193317,,,"Auto selected 42.44687, 21.19332",Ferizaj / Uroševac,Ferizaj / Uroševac,,,FALSE,HUMAN_OBSERVATION,1,,obsr172876,,CLO,EBIRD,OBS2250821483,4fa7b334-ce0d-4e88-aaae-2e0c138d049e,CC_BY_4_0,CONTINENT_DERIVED_FROM_COORDINATES;TAXON_CONCEPT_ID_NOT_FOUND
5641586204,"Streptopelia turtur (Linnaeus, 1758)",Streptopelia turtur,European Turtle-Dove,Animalia,Chordata,Aves,Columbiformes,Columbidae,Streptopelia,SPECIES,2495708,2495708,VU,Vulnerable,2024-08-30,2024,8,30,42.218155,20.75458,,,"ITP, Prizren (42,218, 20,755)",Prizreni / Prizren,Prizren,,,FALSE,HUMAN_OBSERVATION,1,,obsr3632928,,CLO,EBIRD,OBS2424159664,4fa7b334-ce0d-4e88-aaae-2e0c138d049e,CC_BY_4_0,CONTINENT_DERIVED_FROM_COORDINATES;TAXON_CONCEPT_ID_NOT_FOUND
5599796773,"Streptopelia turtur (Linnaeus, 1758)",Streptopelia turtur,European Turtle-Dove,Animalia,Chordata,Aves,Columbiformes,Columbidae,Streptopelia,SPECIES,2495708,2495708,VU,Vulnerable,2019-09-06,2019,9,6,42.11009,21.25923,,,near Kervenik,Kaçanik / Kačanik,Ferizaj / Uroševac,,,FALSE,HUMAN_OBSERVATION,,,obsr3459667,,CLO,EBIRD,OBS1983668137,4fa7b334-ce0d-4e88-aaae-2e0c138d049e,CC_BY_4_0,CONTINENT_DERIVED_FROM_COORDINATES;TAXON_CONCEPT_ID_NOT_FOUND
5578853705,"Aythya ferina (Linnaeus, 1758)",Aythya ferina,Common Pochard,Animalia,Chordata,Aves,Anseriformes,Anatidae,Aythya,SPECIES,2498255,2498255,VU,Vulnerable,2009-04-05,2009,4,5,42.579243,21.048304,,,Ligatinat e Henc (Henc Wetland),Fushë Kosovë / Kosovo Polje,Prishtinë / Priština,Ligatina e Hencit/ Radevës,Wetlands,FALSE,HUMAN_OBSERVATION,1,,obsr1159605,,CLO,EBIRD,OBS2696711005,4fa7b334-ce0d-4e88-aaae-2e0c138d049e,CC_BY_4_0,CONTINENT_DERIVED_FROM_COORDINATES;TAXON_CONCEPT_ID_NOT_FOUND
5576462500,"Falco vespertinus Linnaeus, 1766",Falco vespertinus,Red-Footed Falcon,Animalia,Chordata,Aves,Falconiformes,Falconidae,Falco,SPECIES,2481062,2481062,VU,Vulnerable,2019-08-30,2019,8,30,42.653603,21.100462,,,Ashfields,Prishtinë / Priština,Prishtinë / Priština,,,FALSE,HUMAN_OBSERVATION,2,,obsr3459667,,CLO,EBIRD,OBS1983583758,4fa7b334-ce0d-4e88-aaae-2e0c138d049e,CC_BY_4_0,CONTINENT_DERIVED_FROM_COORDINATES;TAXON_CONCEPT_ID_NOT_FOUND
5552128506,"Streptopelia turtur (Linnaeus, 1758)",Streptopelia turtur,European Turtle-Dove,Animalia,Chordata,Aves,Columbiformes,Columbidae,Streptopelia,SPECIES,2495708,2495708,VU,Vulnerable,2024-06-19,2024,6,19,42.653778,21.663984,,,"Auto selected 42.65378, 21.66398",Kamenicë / Kosovska Kamenica,Gjilan / Gnjilane,,,FALSE,HUMAN_OBSERVATION,1,,obsr172876,,CLO,EBIRD,OBS2255563864,4fa7b334-ce0d-4e88-aaae-2e0c138d049e,CC_BY_4_0,CONTINENT_DERIVED_FROM_COORDINATES;TAXON_CONCEPT_ID_NOT_FOUND
5525621742,"Streptopelia turtur (Linnaeus, 1758)",Streptopelia turtur,European Turtle-Dove,Animalia,Chordata,Aves,Columbiformes,Columbidae,Streptopelia,SPECIES,2495708,2495708,VU,Vulnerable,2024-08-26,2024,8,26,42.35902,20.509405,,,"Bishtazhin (42,359, 20,509)",Rahovec / Orahovac,Gjakovë / Đakovica,,,FALSE,HUMAN_OBSERVATION,1,,obsr3632928,,CLO,EBIRD,OBS2415145693,4fa7b334-ce0d-4e88-aaae-2e0c138d049e,CC_BY_4_0,CONTINENT_DERIVED_FROM_COORDINATES;TAXON_CONCEPT_ID_NOT_FOUND
5476199162,"Streptopelia turtur (Linnaeus, 1758)",Streptopelia turtur,European Turtle-Dove,Animalia,Chordata,Aves,Columbiformes,Columbidae,Streptopelia,SPECIES,2495708,2495708,VU,Vulnerable,2018-06-11,2018,6,11,42.29295,20.671844,,,"Piranë, Kosovo, XK (general area)",Prizreni / Prizren,Prizren,,,FALSE,HUMAN_OBSERVATION,,,obsr1209677,,CLO,EBIRD,OBS2088345177,4fa7b334-ce0d-4e88-aaae-2e0c138d049e,CC_BY_4_0,CONTINENT_DERIVED_FROM_COORDINATES;TAXON_CONCEPT_ID_NOT_FOUND
5475748442,"Falco vespertinus Linnaeus, 1766",Falco vespertinus,Red-Footed Falcon,Animalia,Chordata,Aves,Falconiformes,Falconidae,Falco,SPECIES,2481062,2481062,VU,Vulnerable,2024-05-19,2024,5,19,42.579243,21.048304,,,Ligatinat e Henc (Henc Wetland),Fushë Kosovë / Kosovo Polje,Prishtinë / Priština,Ligatina e Hencit/ Radevës,Wetlands,FALSE,HUMAN_OBSERVATION,4,,obsr4241512,,CLO,EBIRD,OBS2171636640,4fa7b334-ce0d-4e88-aaae-2e0c138d049e,CC_BY_4_0,CONTINENT_DERIVED_FROM_COORDINATES;TAXON_CONCEPT_ID_NOT_FOUND
5428229498,"Streptopelia turtur (Linnaeus, 1758)",Streptopelia turtur,European Turtle-Dove,Animalia,Chordata,Aves,Columbiformes,Columbidae,Streptopelia,SPECIES,2495708,2495708,VU,Vulnerable,2019-09-01,2019,9,1,42.172684,20.570513,,,Drin i bardh near Vermica,Prizreni / Prizren,Prizren,Mali Pashtrik dhe Liqeni i Vërmices,Nature Park,FALSE,HUMAN_OBSERVATION,,,obsr3459667,,CLO,EBIRD,OBS1983619323,4fa7b334-ce0d-4e88-aaae-2e0c138d049e,CC_BY_4_0,CONTINENT_DERIVED_FROM_COORDINATES;TAXON_CONCEPT_ID_NOT_FOUND
5419258150,"Streptopelia turtur (Linnaeus, 1758)",Streptopelia turtur,European Turtle-Dove,Animalia,Chordata,Aves,Columbiformes,Columbidae,Streptopelia,SPECIES,2495708,2495708,VU,Vulnerable,2024-07-21,2024,7,21,42.752464,20.556166,,,"Rrugë pa emër, Veriq (42.752, 20.556)",Istog / Istok,Pejë / Peć,,,FALSE,HUMAN_OBSERVATION,2,,obsr891783,,CLO,EBIRD,OBS2331514387,4fa7b334-ce0d-4e88-aaae-2e0c138d049e,CC_BY_4_0,CONTINENT_DERIVED_FROM_COORDINATES;TAXON_CONCEPT_ID_NOT_FOUND
5414774516,"Streptopelia turtur (Linnaeus, 1758)",Streptopelia turtur,European Turtle-Dove,Animalia,Chordata,Aves,Columbiformes,Columbidae,Streptopelia,SPECIES,2495708,2495708,VU,Vulnerable,2024-08-25,2024,8,25,42.278164,20.66655,,,"Drinauen, Prizren-42,278, 20,667",Prizreni / Prizren,Prizren,,,FALSE,HUMAN_OBSERVATION,1,,obsr3632928,,CLO,EBIRD,OBS2412511123,4fa7b334-ce0d-4e88-aaae-2e0c138d049e,CC_BY_4_0,CONTINENT_DERIVED_FROM_COORDINATES;TAXON_CONCEPT_ID_NOT_FOUND
5366257869,"Aythya ferina (Linnaeus, 1758)",Aythya ferina,Common Pochard,Animalia,Chordata,Aves,Anseriformes,Anatidae,Aythya,SPECIES,2498255,2498255,VU,Vulnerable,2024-09-13,2024,9,13,42.579243,21.048304,,,Ligatinat e Henc (Henc Wetland),Fushë Kosovë / Kosovo Polje,Prishtinë / Priština,Ligatina e Hencit/ Radevës,Wetlands,FALSE,HUMAN_OBSERVATION,2,,obsr1065938,,CLO,EBIRD,OBS2463885198,4fa7b334-ce0d-4e88-aaae-2e0c138d049e,CC_BY_4_0,CONTINENT_DERIVED_FROM_COORDINATES;TAXON_CONCEPT_ID_NOT_FOUND
5360264234,"Streptopelia turtur (Linnaeus, 1758)",Streptopelia turtur,European Turtle-Dove,Animalia,Chordata,Aves,Columbiformes,Columbidae,Streptopelia,SPECIES,2495708,2495708,VU,Vulnerable,2019-08-30,2019,8,30,42.653603,21.100462,,,Ashfields,Prishtinë / Priština,Prishtinë / Priština,,,FALSE,HUMAN_OBSERVATION,2,,obsr3459667,,CLO,EBIRD,OBS1983587546,4fa7b334-ce0d-4e88-aaae-2e0c138d049e,CC_BY_4_0,CONTINENT_DERIVED_FROM_COORDINATES;TAXON_CONCEPT_ID_NOT_FOUND
5355614819,"Streptopelia turtur (Linnaeus, 1758)",Streptopelia turtur,European Turtle-Dove,Animalia,Chordata,Aves,Columbiformes,Columbidae,Streptopelia,SPECIES,2495708,2495708,VU,Vulnerable,2024-06-19,2024,6,19,42.627842,21.596367,,,"Auto selected 42.62784, 21.59637",Kamenicë / Kosovska Kamenica,Gjilan / Gnjilane,,,FALSE,HUMAN_OBSERVATION,1,,obsr172876,,CLO,EBIRD,OBS2255230087,4fa7b334-ce0d-4e88-aaae-2e0c138d049e,CC_BY_4_0,CONTINENT_DERIVED_FROM_COORDINATES;TAXON_CONCEPT_ID_NOT_FOUND
5347100113,"Aythya ferina (Linnaeus, 1758)",Aythya ferina,Common Pochard,Animalia,Chordata,Aves,Anseriformes,Anatidae,Aythya,SPECIES,2498255,2498255,VU,Vulnerable,2024-03-10,2024,3,10,42.579243,21.048304,,,Ligatinat e Henc (Henc Wetland),Fushë Kosovë / Kosovo Polje,Prishtinë / Priština,Ligatina e Hencit/ Radevës,Wetlands,FALSE,HUMAN_OBSERVATION,19,,obsr4241512,,CLO,EBIRD,OBS1978109718,4fa7b334-ce0d-4e88-aaae-2e0c138d049e,CC_BY_4_0,CONTINENT_DERIVED_FROM_COORDINATES;TAXON_CONCEPT_ID_NOT_FOUND
5333972057,"Streptopelia turtur (Linnaeus, 1758)",Streptopelia turtur,European Turtle-Dove,Animalia,Chordata,Aves,Columbiformes,Columbidae,Streptopelia,SPECIES,2495708,2495708,VU,Vulnerable,2019-08-30,2019,8,30,42.629173,20.974058,,,Liqeni i Vasileves,Fushë Kosovë / Kosovo Polje,Prishtinë / Priština,,,FALSE,HUMAN_OBSERVATION,,,obsr3459667,,CLO,EBIRD,OBS1983606970,4fa7b334-ce0d-4e88-aaae-2e0c138d049e,CC_BY_4_0,CONTINENT_DERIVED_FROM_COORDINATES;TAXON_CONCEPT_ID_NOT_FOUND
5332142450,"Aythya ferina (Linnaeus, 1758)",Aythya ferina,Common Pochard,Animalia,Chordata,Aves,Anseriformes,Anatidae,Aythya,SPECIES,2498255,2498255,VU,Vulnerable,2024-04-07,2024,4,7,42.526882,21.512232,,,"Liqeni i Përlepnicës, Gnjilane",Kamenicë / Kosovska Kamenica,Gjilan / Gnjilane,,,FALSE,HUMAN_OBSERVATION,15,,obsr675612,,CLO,EBIRD,OBS2034516409,4fa7b334-ce0d-4e88-aaae-2e0c138d049e,CC_BY_4_0,CONTINENT_DERIVED_FROM_COORDINATES;TAXON_CONCEPT_ID_NOT_FOUND
5330151664,"Streptopelia turtur (Linnaeus, 1758)",Streptopelia turtur,European Turtle-Dove,Animalia,Chordata,Aves,Columbiformes,Columbidae,Streptopelia,SPECIES,2495708,2495708,VU,Vulnerable,2024-06-08,2024,6,8,42.750164,20.556496,,,"Rrugë pa emër, Veriq (42.75, 20.556)",Istog / Istok,Pejë / Peć,,,FALSE,HUMAN_OBSERVATION,1,,obsr891783,,CLO,EBIRD,OBS2227479033,4fa7b334-ce0d-4e88-aaae-2e0c138d049e,CC_BY_4_0,CONTINENT_DERIVED_FROM_COORDINATES;TAXON_CONCEPT_ID_NOT_FOUND
5284961794,"Morimus funereus Mulsant, 1862",Morimus funereus,Cerambice Funereo,Animalia,Arthropoda,Insecta,Coleoptera,Cerambycidae,Morimus,SPECIES,1119288,1119288,VU,Vulnerable,2024-05-10,2024,5,10,42.586106,21.548423,7071,766,,Kamenicë / Kosovska Kamenica,Gjilan / Gnjilane,,,FALSE,HUMAN_OBSERVATION,,,Jules Domalain,,HabiProt,,,d92e92e0-8d20-4756-a60b-3746f408c14c,CC_BY_NC_4_0,COORDINATE_ROUNDED;CONTINENT_DERIVED_FROM_COORDINATES
5284930185,"Morimus funereus Mulsant, 1862",Morimus funereus,Cerambice Funereo,Animalia,Arthropoda,Insecta,Coleoptera,Cerambycidae,Morimus,SPECIES,1119288,1119288,VU,Vulnerable,2022-06-22,2022,6,22,42.495406,21.669325,7071,462,,Kamenicë / Kosovska Kamenica,Gjilan / Gnjilane,,,FALSE,HUMAN_OBSERVATION,1,,Marko Šćiban,,HabiProt,,,d92e92e0-8d20-4756-a60b-3746f408c14c,CC_BY_NC_4_0,COORDINATE_ROUNDED;CONTINENT_DERIVED_FROM_COORDINATES;OCCURRENCE_STATUS_INFERRED_FROM_INDIVIDUAL_COUNT
5284900745,"Merodon virgatus Vujić & Radenković, 2016",Merodon virgatus,,Animalia,Arthropoda,Insecta,Diptera,Syrphidae,Merodon,SPECIES,9559371,9559371,VU,Vulnerable,1994-11-30,1994,11,30,42.227162,21.06059,7071,0,,Shtërpcë / Štrpce,Ferizaj / Uroševac,"Parku Kombëtar ""Sharri""",National Park,FALSE,HUMAN_OBSERVATION,,,"Šašić, Lj., et al. (2016) Merodon aureus group",,HabiProt,,,d92e92e0-8d20-4756-a60b-3746f408c14c,CC_BY_NC_4_0,COORDINATE_ROUNDED;CONTINENT_DERIVED_FROM_COORDINATES
5284874329,"Montana macedonica (Berland & Chopard, 1922)",Montana macedonica,Macedonian Steppe Bush-Cricket,Animalia,Arthropoda,Insecta,Orthoptera,Tettigoniidae,Montana,SPECIES,1693928,1693928,VU,Vulnerable,1966-07-20,1966,7,20,42.677459,21.061025,7071,554,,Obiliq / Obilić,Prishtinë / Priština,,,FALSE,HUMAN_OBSERVATION,,,ZZDBE,,HabiProt,,,d92e92e0-8d20-4756-a60b-3746f408c14c,CC_BY_NC_4_0,COORDINATE_ROUNDED;CONTINENT_DERIVED_FROM_COORDINATES
5284868171,"Montana macedonica (Berland & Chopard, 1922)",Montana macedonica,Macedonian Steppe Bush-Cricket,Animalia,Arthropoda,Insecta,Orthoptera,Tettigoniidae,Montana,SPECIES,1693928,1693928,VU,Vulnerable,1966-07-20,1966,7,20,42.677459,21.061025,7071,557,,Obiliq / Obilić,Prishtinë / Priština,,,FALSE,HUMAN_OBSERVATION,,,"Pavićević D, Karaman I. (2001) New evidence",,HabiProt,,,d92e92e0-8d20-4756-a60b-3746f408c14c,CC_BY_NC_4_0,COORDINATE_ROUNDED;CONTINENT_DERIVED_FROM_COORDINATES
5284853661,"Diaphora sordida (Hübner, 1803)",Diaphora sordida,Petite Mendiante,Animalia,Arthropoda,Insecta,Lepidoptera,Erebidae,Diaphora,SPECIES,8302139,8302139,VU,Vulnerable,1995-11-30,1995,11,30,42.226394,20.575878,7071,0,,Prizreni / Prizren,Prizren,,,FALSE,HUMAN_OBSERVATION,,,"Jakšić, P., Ristić, G. (1999) Rare. AES 4",,HabiProt,,,d92e92e0-8d20-4756-a60b-3746f408c14c,CC_BY_NC_4_0,COORDINATE_ROUNDED;CONTINENT_DERIVED_FROM_COORDINATES
5284853617,"Perizoma lugdunaria (Herrich-Schäffer, 1855)",Perizoma lugdunaria,,Animalia,Arthropoda,Insecta,Lepidoptera,Geometridae,Perizoma,SPECIES,1972374,1972374,VU,Vulnerable,1981-11-30,1981,11,30,42.677329,21.183075,7071,0,,Prishtinë / Priština,Prishtinë / Priština,,,FALSE,HUMAN_OBSERVATION,,,"Zečević, M. (2002) Leptiri Timočke Krajine",,HabiProt,,,d92e92e0-8d20-4756-a60b-3746f408c14c,CC_BY_NC_4_0,COORDINATE_ROUNDED;CONTINENT_DERIVED_FROM_COORDINATES
5284841324,Eupithecia undata (Freyer),Eupithecia undata,,Animalia,Arthropoda,Insecta,Lepidoptera,Geometridae,Eupithecia,SPECIES,1982445,1982445,VU,Vulnerable,1979-11-30,1979,11,30,42.677329,21.183075,7071,0,,Prishtinë / Priština,Prishtinë / Priština,,,FALSE,HUMAN_OBSERVATION,,,"Tomić, D. i sar. (2002) Zemljomerke Srbije",,HabiProt,,,d92e92e0-8d20-4756-a60b-3746f408c14c,CC_BY_NC_4_0,COORDINATE_ROUNDED;CONTINENT_DERIVED_FROM_COORDINATES
5284840909,"Nebula nebulata (Treitschke, 1828)",Nebula nebulata,Rjavkasti Meglar,Animalia,Arthropoda,Insecta,Lepidoptera,Geometridae,Nebula,SPECIES,7755220,7755220,VU,Vulnerable,,,,,42.226394,20.575878,7071,0,,Prizreni / Prizren,Prizren,,,FALSE,HUMAN_OBSERVATION,,,"Tomić, D. i sar. (2002) Zemljomerke Srbije",,HabiProt,,,d92e92e0-8d20-4756-a60b-3746f408c14c,CC_BY_NC_4_0,COORDINATE_ROUNDED;CONTINENT_DERIVED_FROM_COORDINATES
5284840865,"Diaphora sordida (Hübner, 1803)",Diaphora sordida,Petite Mendiante,Animalia,Arthropoda,Insecta,Lepidoptera,Erebidae,Diaphora,SPECIES,8302139,8302139,VU,Vulnerable,1972-11-30,1972,11,30,42.677329,21.183075,7071,0,,Prishtinë / Priština,Prishtinë / Priština,,,FALSE,HUMAN_OBSERVATION,,,"Jakšić, P., Ristić, G. (1999) Rare. AES 4",,HabiProt,,,d92e92e0-8d20-4756-a60b-3746f408c14c,CC_BY_NC_4_0,COORDINATE_ROUNDED;CONTINENT_DERIVED_FROM_COORDINATES
5284837142,"Schistostege decussata (Denis & Schiffermüller) , 1775",Schistostege decussata,,Animalia,Arthropoda,Insecta,Lepidoptera,Geometridae,Schistostege,SPECIES,1967143,1967143,EN,Endangered,,,,,42.226394,20.575878,7071,0,,Prizreni / Prizren,Prizren,,,FALSE,HUMAN_OBSERVATION,,,"Tomić, D. i sar. (2002) Zemljomerke Srbije",,HabiProt,,,d92e92e0-8d20-4756-a60b-3746f408c14c,CC_BY_NC_4_0,COORDINATE_ROUNDED;CONTINENT_DERIVED_FROM_COORDINATES
5284833543,"Panchrysia vargenteum (Esper, 1798)",Panchrysia vargenteum,Espers Wiesenrauten-Silbereule,Animalia,Arthropoda,Insecta,Lepidoptera,Noctuidae,Panchrysia,SPECIES,4532919,4532919,VU,Vulnerable,1979-11-30,1979,11,30,42.58468,20.207852,7071,0,,Deçan / Dečani,Gjakovë / Đakovica,"Parku Kombëtar ""Bjeshkët e Nemuna""",National Park,FALSE,HUMAN_OBSERVATION,,,"Vasić, K. i sar. (2002) Sovice Srbije",,HabiProt,,,d92e92e0-8d20-4756-a60b-3746f408c14c,CC_BY_NC_4_0,COORDINATE_ROUNDED;CONTINENT_DERIVED_FROM_COORDINATES;TAXON_MATCH_FUZZY
5284833469,"Schistostege decussata (Denis & Schiffermüller) , 1775",Schistostege decussata,,Animalia,Arthropoda,Insecta,Lepidoptera,Geometridae,Schistostege,SPECIES,1967143,1967143,EN,Endangered,1979-11-30,1979,11,30,42.677329,21.183075,7071,0,,Prishtinë / Priština,Prishtinë / Priština,,,FALSE,HUMAN_OBSERVATION,,,"Tomić, D. i sar. (2002) Zemljomerke Srbije",,HabiProt,,,d92e92e0-8d20-4756-a60b-3746f408c14c,CC_BY_NC_4_0,COORDINATE_ROUNDED;CONTINENT_DERIVED_FROM_COORDINATES
5284826647,"Cerambyx cerdo Linnaeus, 1758",Cerambyx cerdo,Stor Ekbock,Animalia,Arthropoda,Insecta,Coleoptera,Cerambycidae,Cerambyx,SPECIES,5820507,5820507,VU,Vulnerable,,,,,42.675509,20.328745,7071,0,,Pejë / Peć,Pejë / Peć,,,FALSE,HUMAN_OBSERVATION,,,"Ilić, N. (2005) Strižibube Srbije",,HabiProt,,,d92e92e0-8d20-4756-a60b-3746f408c14c,CC_BY_NC_4_0,COORDINATE_ROUNDED;CONTINENT_DERIVED_FROM_COORDINATES
5284824195,"Morimus funereus Mulsant, 1862",Morimus funereus,Cerambice Funereo,Animalia,Arthropoda,Insecta,Coleoptera,Cerambycidae,Morimus,SPECIES,1119288,1119288,VU,Vulnerable,1954-05-13,1954,5,13,42.76621,20.449991,7071,436,,Istog / Istok,Pejë / Peć,,,FALSE,HUMAN_OBSERVATION,,,Dragan Pavićević,Dragan Pavićević,HabiProt,,,d92e92e0-8d20-4756-a60b-3746f408c14c,CC_BY_NC_4_0,COORDINATE_ROUNDED;CONTINENT_DERIVED_FROM_COORDINATES
5284813505,"Morimus funereus Mulsant, 1862",Morimus funereus,Cerambice Funereo,Animalia,Arthropoda,Insecta,Coleoptera,Cerambycidae,Morimus,SPECIES,1119288,1119288,VU,Vulnerable,1954-05-12,1954,5,12,42.676159,20.450786,7071,424,,Istog / Istok,Pejë / Peć,,,FALSE,HUMAN_OBSERVATION,,,Dragan Pavićević,Dragan Pavićević,HabiProt,,,d92e92e0-8d20-4756-a60b-3746f408c14c,CC_BY_NC_4_0,COORDINATE_ROUNDED;CONTINENT_DERIVED_FROM_COORDINATES
5284785712,"Rosalia alpina (Linnaeus, 1758)",Rosalia alpina,Alpbock,Animalia,Arthropoda,Insecta,Coleoptera,Cerambycidae,Rosalia,SPECIES,7569075,7569075,VU,Vulnerable,2009-08-02,2009,8,2,43.217637,20.815317,7071,1099,,Leposaviq / Leposavić,Mitrovicë / Kosovska Mitrovica,,,FALSE,HUMAN_OBSERVATION,,,Milan Đurić,,HabiProt,,,d92e92e0-8d20-4756-a60b-3746f408c14c,CC_BY_NC_4_0,COORDINATE_ROUNDED;CONTINENT_DERIVED_FROM_COORDINATES
5284594274,"Cheilosia balkana Vujić, 1994",Cheilosia balkana,,Animalia,Arthropoda,Insecta,Diptera,Syrphidae,Cheilosia,SPECIES,1540272,1540272,EN,Endangered,1997-05-14,1997,5,14,42.227162,20.93941,7071,997,,Shtërpcë / Štrpce,Ferizaj / Uroševac,"Parku Kombëtar ""Sharri""",National Park,FALSE,HUMAN_OBSERVATION,1,,"Radenković, S. (2008) Eristalinae Srbije dokt. dis",,HabiProt,,,d92e92e0-8d20-4756-a60b-3746f408c14c,CC_BY_NC_4_0,COORDINATE_ROUNDED;CONTINENT_DERIVED_FROM_COORDINATES;OCCURRENCE_STATUS_INFERRED_FROM_INDIVIDUAL_COUNT
5284572266,"Oropodisma macedonica Ramme, 1951",Oropodisma macedonica,Macedonian Mountain Grasshopper,Animalia,Arthropoda,Insecta,Orthoptera,Acrididae,Oropodisma,SPECIES,1704559,1704559,VU,Vulnerable,1995-08-25,1995,8,25,42.227162,21.06059,7071,2461,,Shtërpcë / Štrpce,Ferizaj / Uroševac,"Parku Kombëtar ""Sharri""",National Park,FALSE,HUMAN_OBSERVATION,,,"Pavićević D, Karaman I. (2016) Orthoptera Šara",,HabiProt,,,d92e92e0-8d20-4756-a60b-3746f408c14c,CC_BY_NC_4_0,COORDINATE_ROUNDED;CONTINENT_DERIVED_FROM_COORDINATES
5284539408,"Morimus funereus Mulsant, 1862",Morimus funereus,Cerambice Funereo,Animalia,Arthropoda,Insecta,Coleoptera,Cerambycidae,Morimus,SPECIES,1119288,1119288,VU,Vulnerable,,,,,42.675509,20.328745,7071,0,,Pejë / Peć,Pejë / Peć,,,FALSE,HUMAN_OBSERVATION,,,"Ilić, N. (2005) Strižibube Srbije",,HabiProt,,,d92e92e0-8d20-4756-a60b-3746f408c14c,CC_BY_NC_4_0,COORDINATE_ROUNDED;CONTINENT_DERIVED_FROM_COORDINATES
5284536956,"Heliothis maritima Graslin, 1855",Heliothis maritima,Shoulder-Striped Clover,Animalia,Arthropoda,Insecta,Lepidoptera,Noctuidae,Heliothis,SPECIES,4534676,4534676,VU,Vulnerable,1979-11-30,1979,11,30,42.675509,20.328745,7071,0,,Pejë / Peć,Pejë / Peć,,,FALSE,HUMAN_OBSERVATION,,,"Vasić, K. i sar. (2002) Sovice Srbije",,HabiProt,,,d92e92e0-8d20-4756-a60b-3746f408c14c,CC_BY_NC_4_0,COORDINATE_ROUNDED;CONTINENT_DERIVED_FROM_COORDINATES
5284533329,"Heliothis maritima Graslin, 1855",Heliothis maritima,Shoulder-Striped Clover,Animalia,Arthropoda,Insecta,Lepidoptera,Noctuidae,Heliothis,SPECIES,4534676,4534676,VU,Vulnerable,1979-11-30,1979,11,30,42.226778,20.697054,7071,0,,Prizreni / Prizren,Prizren,,,FALSE,HUMAN_OBSERVATION,,,"Vasić, K. i sar. (2002) Sovice Srbije",,HabiProt,,,d92e92e0-8d20-4756-a60b-3746f408c14c,CC_BY_NC_4_0,COORDINATE_ROUNDED;CONTINENT_DERIVED_FROM_COORDINATES
5284508503,"Cerambyx cerdo Linnaeus, 1758",Cerambyx cerdo,Stor Ekbock,Animalia,Arthropoda,Insecta,Coleoptera,Cerambycidae,Cerambyx,SPECIES,5820507,5820507,VU,Vulnerable,,,,,42.677329,21.183075,7071,0,,Prishtinë / Priština,Prishtinë / Priština,,,FALSE,HUMAN_OBSERVATION,,,"Ilić, N. (2005) Strižibube Srbije",,HabiProt,,,d92e92e0-8d20-4756-a60b-3746f408c14c,CC_BY_NC_4_0,COORDINATE_ROUNDED;CONTINENT_DERIVED_FROM_COORDINATES
5284508270,"Rosalia alpina (Linnaeus, 1758)",Rosalia alpina,Alpbock,Animalia,Arthropoda,Insecta,Coleoptera,Cerambycidae,Rosalia,SPECIES,7569075,7569075,VU,Vulnerable,,,,,42.227162,21.06059,7071,0,,Shtërpcë / Štrpce,Ferizaj / Uroševac,"Parku Kombëtar ""Sharri""",National Park,FALSE,HUMAN_OBSERVATION,,,"Ilić, N. (2005) Strižibube Srbije",,HabiProt,,,d92e92e0-8d20-4756-a60b-3746f408c14c,CC_BY_NC_4_0,COORDINATE_ROUNDED;CONTINENT_DERIVED_FROM_COORDINATES
5284500072,"Heliothis maritima Graslin, 1855",Heliothis maritima,Shoulder-Striped Clover,Animalia,Arthropoda,Insecta,Lepidoptera,Noctuidae,Heliothis,SPECIES,4534676,4534676,VU,Vulnerable,1979-11-30,1979,11,30,42.58468,20.207852,7071,0,,Deçan / Dečani,Gjakovë / Đakovica,"Parku Kombëtar ""Bjeshkët e Nemuna""",National Park,FALSE,HUMAN_OBSERVATION,,,"Vasić, K. i sar. (2002) Sovice Srbije",,HabiProt,,,d92e92e0-8d20-4756-a60b-3746f408c14c,CC_BY_NC_4_0,COORDINATE_ROUNDED;CONTINENT_DERIVED_FROM_COORDINATES
5282525650,"Salamandra salamandra (Linnaeus, 1758)",Salamandra salamandra,Fire Salamander,Animalia,Chordata,Amphibia,Caudata,Salamandridae,Salamandra,SPECIES,2431776,2431776,VU,Vulnerable,2025-07-29T11:20:26,2025,7,29,42.562815,20.065324,4047,,,Deçan / Dečani,Gjakovë / Đakovica,,,FALSE,HUMAN_OBSERVATION,,,eliskabendova,eliskabendova,iNaturalist,Observations,303999891,50c9509d-22c7-4a22-a47d-8c48425ef4a7,CC_BY_NC_4_0,COORDINATE_ROUNDED;COUNTRY_DERIVED_FROM_COORDINATES;CONTINENT_DERIVED_FROM_COORDINATES;TAXON_ID_NOT_FOUND
5234716292,Anser cygnoides f. domesticus,Anser cygnoides,Swan Goose,Animalia,Chordata,Aves,Anseriformes,Anatidae,Anser,FORM,9576332,2498034,EN,Endangered,2025-07-17,2025,7,17,42.660595,20.252983,15,,Pec,Pejë / Peć,Pejë / Peć,Gryka e Rugovës,Natural Monument,FALSE,HUMAN_OBSERVATION,1,,User 194593,,,,,8a863029-f435-446a-821e-275f4f641165,CC_BY_NC_4_0,
5234640626,"Streptopelia turtur (Linnaeus, 1758)",Streptopelia turtur,European Turtle-Dove,Animalia,Chordata,Aves,Columbiformes,Columbidae,Streptopelia,SPECIES,2495708,2495708,VU,Vulnerable,2025-07-18,2025,7,18,42.473515,20.27242,5,,Decani,Deçan / Dečani,Gjakovë / Đakovica,,,FALSE,HUMAN_OBSERVATION,1,,User 194593,,,,,8a863029-f435-446a-821e-275f4f641165,CC_BY_NC_4_0,
5234170401,"Aythya ferina (Linnaeus, 1758)",Aythya ferina,Common Pochard,Animalia,Chordata,Aves,Anseriformes,Anatidae,Aythya,SPECIES,2498255,2498255,VU,Vulnerable,2018-04-03,2018,4,3,42.576923,21.044914,18,,"Lake 2, RSBAT02",Fushë Kosovë / Kosovo Polje,Prishtinë / Priština,Ligatina e Hencit/ Radevës,Wetlands,FALSE,HUMAN_OBSERVATION,1,,User 6210,,,,,8a863029-f435-446a-821e-275f4f641165,CC_BY_NC_4_0,
5234117394,"Aythya ferina (Linnaeus, 1758)",Aythya ferina,Common Pochard,Animalia,Chordata,Aves,Anseriformes,Anatidae,Aythya,SPECIES,2498255,2498255,VU,Vulnerable,2018-03-28,2018,3,28,42.576923,21.044914,18,,"Lake 2, RSBAT02",Fushë Kosovë / Kosovo Polje,Prishtinë / Priština,Ligatina e Hencit/ Radevës,Wetlands,FALSE,HUMAN_OBSERVATION,6,,User 6210,,,,,8a863029-f435-446a-821e-275f4f641165,CC_BY_NC_4_0,
5231659596,"Salamandra salamandra (Linnaeus, 1758)",Salamandra salamandra,Fire Salamander,Animalia,Chordata,Amphibia,Caudata,Salamandridae,Salamandra,SPECIES,2431776,2431776,VU,Vulnerable,2025-07-18T14:49:19,2025,7,18,42.385162,21.014144,4,,,Shtime / Štimlje,Ferizaj / Uroševac,,,FALSE,HUMAN_OBSERVATION,,,crbeck19,Max Olson,iNaturalist,Observations,298925489,50c9509d-22c7-4a22-a47d-8c48425ef4a7,CC_BY_NC_4_0,COORDINATE_ROUNDED;COUNTRY_DERIVED_FROM_COORDINATES;CONTINENT_DERIVED_FROM_COORDINATES;TAXON_ID_NOT_FOUND
5131870431,"Triturus macedonicus (Karaman, 1922)",Triturus macedonicus,Macedonian Crested Newt,Animalia,Chordata,Amphibia,Caudata,Salamandridae,Triturus,SPECIES,2431888,2431888,VU,Vulnerable,2023-10-17,2023,10,17,42.46,21.13,1000,,Lipljan,Lipjan / Lipljan,Prishtinë / Priština,,,FALSE,HUMAN_OBSERVATION,1,,User 111965,,,,,8a863029-f435-446a-821e-275f4f641165,CC_BY_NC_4_0,
5108135930,"Salamandra salamandra (Linnaeus, 1758)",Salamandra salamandra,Fire Salamander,Animalia,Chordata,Amphibia,Caudata,Salamandridae,Salamandra,SPECIES,2431776,2431776,VU,Vulnerable,2020-06-19,2020,6,19,42.481242,20.306546,27630,,,Deçan / Dečani,Gjakovë / Đakovica,,,FALSE,HUMAN_OBSERVATION,,,Marsel Mersinaj,Marsel Mersinaj,iNaturalist,Observations,267114163,50c9509d-22c7-4a22-a47d-8c48425ef4a7,CC_BY_NC_4_0,COORDINATE_ROUNDED;COUNTRY_DERIVED_FROM_COORDINATES;CONTINENT_DERIVED_FROM_COORDINATES;TAXON_ID_NOT_FOUND
5028030953,"Testudo hermanni Gmelin, 1789",Testudo hermanni,Hermann's Tortoise,Animalia,Chordata,Testudines,,Testudinidae,Testudo,SPECIES,2441454,2441454,VU,Vulnerable,2013-05-08T00:00,2013,5,8,42.51273,20.98011,250,,Blinaja,Lipjan / Lipljan,Prishtinë / Priština,,,FALSE,HUMAN_OBSERVATION,,,2119813591,,NABU|naturgucker,NABU|naturgucker,-919727411,6ac3f774-d9fb-4796-b3e9-92bf6c81c084,CC_BY_4_0,COORDINATE_ROUNDED;GEODETIC_DATUM_ASSUMED_WGS84;COUNTRY_DERIVED_FROM_COORDINATES;CONTINENT_DERIVED_FROM_COORDINATES
5024604668,"Testudo hermanni Gmelin, 1789",Testudo hermanni,Hermann's Tortoise,Animalia,Chordata,Testudines,,Testudinidae,Testudo,SPECIES,2441454,2441454,VU,Vulnerable,2014-05-11T00:00,2014,5,11,42.679153,21.193314,250,,Germia,Prishtinë / Priština,Prishtinë / Priština,,,FALSE,HUMAN_OBSERVATION,,,2119813591,,NABU|naturgucker,NABU|naturgucker,-1943838324,6ac3f774-d9fb-4796-b3e9-92bf6c81c084,CC_BY_4_0,COORDINATE_ROUNDED;GEODETIC_DATUM_ASSUMED_WGS84;COUNTRY_DERIVED_FROM_COORDINATES;CONTINENT_DERIVED_FROM_COORDINATES
5022474094,"Testudo hermanni Gmelin, 1789",Testudo hermanni,Hermann's Tortoise,Animalia,Chordata,Testudines,,Testudinidae,Testudo,SPECIES,2441454,2441454,VU,Vulnerable,2013-05-04T00:00,2013,5,4,42.679153,21.193314,250,,Germia,Prishtinë / Priština,Prishtinë / Priština,,,FALSE,HUMAN_OBSERVATION,,,2119813591,,NABU|naturgucker,NABU|naturgucker,2125044367,6ac3f774-d9fb-4796-b3e9-92bf6c81c084,CC_BY_4_0,COORDINATE_ROUNDED;GEODETIC_DATUM_ASSUMED_WGS84;COUNTRY_DERIVED_FROM_COORDINATES;CONTINENT_DERIVED_FROM_COORDINATES
5021473362,"Testudo hermanni Gmelin, 1789",Testudo hermanni,Hermann's Tortoise,Animalia,Chordata,Testudines,,Testudinidae,Testudo,SPECIES,2441454,2441454,VU,Vulnerable,2013-05-05T00:00,2013,5,5,42.679153,21.193314,250,,Germia,Prishtinë / Priština,Prishtinë / Priština,,,FALSE,HUMAN_OBSERVATION,,,2119813591,,NABU|naturgucker,NABU|naturgucker,-985383033,6ac3f774-d9fb-4796-b3e9-92bf6c81c084,CC_BY_4_0,COORDINATE_ROUNDED;GEODETIC_DATUM_ASSUMED_WGS84;COUNTRY_DERIVED_FROM_COORDINATES;CONTINENT_DERIVED_FROM_COORDINATES
5020963527,"Testudo hermanni Gmelin, 1789",Testudo hermanni,Hermann's Tortoise,Animalia,Chordata,Testudines,,Testudinidae,Testudo,SPECIES,2441454,2441454,VU,Vulnerable,2013-05-06T00:00,2013,5,6,42.679153,21.193314,250,,Germia,Prishtinë / Priština,Prishtinë / Priština,,,FALSE,HUMAN_OBSERVATION,,,2119813591,,NABU|naturgucker,NABU|naturgucker,-836671718,6ac3f774-d9fb-4796-b3e9-92bf6c81c084,CC_BY_4_0,COORDINATE_ROUNDED;GEODETIC_DATUM_ASSUMED_WGS84;COUNTRY_DERIVED_FROM_COORDINATES;CONTINENT_DERIVED_FROM_COORDINATES
5020412630,"Falco vespertinus Linnaeus, 1766",Falco vespertinus,Red-Footed Falcon,Animalia,Chordata,Aves,Falconiformes,Falconidae,Falco,SPECIES,2481062,2481062,VU,Vulnerable,2015-05-25T00:00,2015,5,25,42.679153,21.193314,250,,Germia,Prishtinë / Priština,Prishtinë / Priština,,,FALSE,HUMAN_OBSERVATION,,,2119813591,,NABU|naturgucker,NABU|naturgucker,-1976206126,6ac3f774-d9fb-4796-b3e9-92bf6c81c084,CC_BY_4_0,COORDINATE_ROUNDED;GEODETIC_DATUM_ASSUMED_WGS84;COUNTRY_DERIVED_FROM_COORDINATES;CONTINENT_DERIVED_FROM_COORDINATES
5017171131,"Streptopelia turtur (Linnaeus, 1758)",Streptopelia turtur,European Turtle-Dove,Animalia,Chordata,Aves,Columbiformes,Columbidae,Streptopelia,SPECIES,2495708,2495708,VU,Vulnerable,2013-04-21T00:00,2013,4,21,42.600483,21.190481,250,,Gracanice Stadtrand (bei Hotel Gracanica),Prishtinë / Priština,Prishtinë / Priština,,,FALSE,HUMAN_OBSERVATION,,,539637721,,NABU|naturgucker,NABU|naturgucker,2133437343,6ac3f774-d9fb-4796-b3e9-92bf6c81c084,CC_BY_4_0,COORDINATE_ROUNDED;GEODETIC_DATUM_ASSUMED_WGS84;COUNTRY_DERIVED_FROM_COORDINATES;CONTINENT_DERIVED_FROM_COORDINATES
5013415078,"Testudo hermanni Gmelin, 1789",Testudo hermanni,Hermann's Tortoise,Animalia,Chordata,Testudines,,Testudinidae,Testudo,SPECIES,2441454,2441454,VU,Vulnerable,2015-08-02T00:00,2015,8,2,42.679153,21.193314,250,,Germia,Prishtinë / Priština,Prishtinë / Priština,,,FALSE,HUMAN_OBSERVATION,,,2119813591,,NABU|naturgucker,NABU|naturgucker,-678390240,6ac3f774-d9fb-4796-b3e9-92bf6c81c084,CC_BY_4_0,COORDINATE_ROUNDED;GEODETIC_DATUM_ASSUMED_WGS84;COUNTRY_DERIVED_FROM_COORDINATES;CONTINENT_DERIVED_FROM_COORDINATES
5012643779,"Salamandra salamandra (Linnaeus, 1758)",Salamandra salamandra,Fire Salamander,Animalia,Chordata,Amphibia,Caudata,Salamandridae,Salamandra,SPECIES,2431776,2431776,VU,Vulnerable,2015-03-24T00:00,2015,3,24,42.842922,20.729795,250,,Dubocak,Mitrovica / Kosovska Mitrovica,Mitrovicë / Kosovska Mitrovica,,,FALSE,HUMAN_OBSERVATION,,,2119813591,,NABU|naturgucker,NABU|naturgucker,-136793730,6ac3f774-d9fb-4796-b3e9-92bf6c81c084,CC_BY_4_0,COORDINATE_ROUNDED;GEODETIC_DATUM_ASSUMED_WGS84;COUNTRY_DERIVED_FROM_COORDINATES;CONTINENT_DERIVED_FROM_COORDINATES
4995663313,"Streptopelia turtur (Linnaeus, 1758)",Streptopelia turtur,European Turtle-Dove,Animalia,Chordata,Aves,Columbiformes,Columbidae,Streptopelia,SPECIES,2495708,2495708,VU,Vulnerable,2018-04-20,2018,4,20,42.575041,21.054273,71,,Kosovo Polje,Fushë Kosovë / Kosovo Polje,Prishtinë / Priština,,,FALSE,HUMAN_OBSERVATION,1,,User 6210,,,,,8a863029-f435-446a-821e-275f4f641165,CC_BY_NC_4_0,
4994006297,"Testudo hermanni Gmelin, 1789",Testudo hermanni,Hermann's Tortoise,Animalia,Chordata,Testudines,,Testudinidae,Testudo,SPECIES,2441454,2441454,VU,Vulnerable,2007-06-10T16:34,2007,6,10,42.76266,21.305258,27599,,,Prishtinë / Priština,Prishtinë / Priština,,,FALSE,HUMAN_OBSERVATION,,,Edmundas Greimas,Edmundas Greimas,iNaturalist,Observations,253431380,50c9509d-22c7-4a22-a47d-8c48425ef4a7,CC_BY_4_0,COORDINATE_ROUNDED;COUNTRY_DERIVED_FROM_COORDINATES;CONTINENT_DERIVED_FROM_COORDINATES;TAXON_ID_NOT_FOUND
4982090107,"Morimus funereus Mulsant, 1862",Morimus funereus,Cerambice Funereo,Animalia,Arthropoda,Insecta,Coleoptera,Cerambycidae,Morimus,SPECIES,1119288,1119288,VU,Vulnerable,2019-06-22T14:44,2019,6,22,42.674773,21.212667,61,,,Prishtinë / Priština,Prishtinë / Priština,Gërmia,Protected Landscape,FALSE,HUMAN_OBSERVATION,,,laura_kgj,SalineLagooner,iNaturalist,Observations,251553584,50c9509d-22c7-4a22-a47d-8c48425ef4a7,CC_BY_NC_4_0,COORDINATE_ROUNDED;COUNTRY_DERIVED_FROM_COORDINATES;CONTINENT_DERIVED_FROM_COORDINATES;TAXON_ID_NOT_FOUND
4981980031,"Testudo hermanni Gmelin, 1789",Testudo hermanni,Hermann's Tortoise,Animalia,Chordata,Testudines,,Testudinidae,Testudo,SPECIES,2441454,2441454,VU,Vulnerable,2018-04-14T18:16,2018,4,14,42.721343,21.209674,27599,,,Prishtinë / Priština,Prishtinë / Priština,,,FALSE,HUMAN_OBSERVATION,,,laura_kgj,Kseniia Marianna Prondzynska,iNaturalist,Observations,251572536,50c9509d-22c7-4a22-a47d-8c48425ef4a7,CC_BY_NC_4_0,COORDINATE_ROUNDED;COUNTRY_DERIVED_FROM_COORDINATES;CONTINENT_DERIVED_FROM_COORDINATES;TAXON_ID_NOT_FOUND
4981945430,"Salamandra salamandra (Linnaeus, 1758)",Salamandra salamandra,Fire Salamander,Animalia,Chordata,Amphibia,Caudata,Salamandridae,Salamandra,SPECIES,2431776,2431776,VU,Vulnerable,2018-06-20T14:36,2018,6,20,42.676019,21.204153,61,,,Prishtinë / Priština,Prishtinë / Priština,Gërmia,Protected Landscape,FALSE,HUMAN_OBSERVATION,,,laura_kgj,Gergely Nigg,iNaturalist,Observations,251552767,50c9509d-22c7-4a22-a47d-8c48425ef4a7,CC_BY_NC_4_0,COORDINATE_ROUNDED;COUNTRY_DERIVED_FROM_COORDINATES;CONTINENT_DERIVED_FROM_COORDINATES;TAXON_ID_NOT_FOUND
4957312935,"Salamandra salamandra (Linnaeus, 1758)",Salamandra salamandra,Fire Salamander,Animalia,Chordata,Amphibia,Caudata,Salamandridae,Salamandra,SPECIES,2431776,2431776,VU,Vulnerable,2024-09-10,2024,9,10,42.595903,20.075347,9,,Plav,Deçan / Dečani,Gjakovë / Đakovica,,,FALSE,HUMAN_OBSERVATION,1,,User 169137,,,,,8a863029-f435-446a-821e-275f4f641165,CC_BY_NC_4_0,
4947508117,"Dinaromys bogdanovi (Martino, 1922)",Dinaromys bogdanovi,Balkan Snow Vole,Animalia,Chordata,Mammalia,Rodentia,Cricetidae,Dinaromys,SPECIES,2438502,2438502,VU,Vulnerable,,,,,42.673823,20.084679,7071,,,Pejë / Peć,Pejë / Peć,,,FALSE,MATERIAL_SAMPLE,1,,Belgrade : Natural History Museum,,Belgrade : Natural History Museum,,,9d44512b-1bc3-47e9-b186-73b2aff9f38e,CC0_1_0,COORDINATE_ROUNDED;COUNTRY_INVALID;COUNTRY_DERIVED_FROM_COORDINATES;CONTINENT_DERIVED_FROM_COORDINATES;INSTITUTION_MATCH_NONE;TAXON_MATCH_FUZZY
4947508108,"Dinaromys bogdanovi (Martino, 1922)",Dinaromys bogdanovi,Balkan Snow Vole,Animalia,Chordata,Mammalia,Rodentia,Cricetidae,Dinaromys,SPECIES,2438502,2438502,VU,Vulnerable,,,,,42.584685,20.207853,7071,,,Deçan / Dečani,Gjakovë / Đakovica,"Parku Kombëtar ""Bjeshkët e Nemuna""",National Park,FALSE,MATERIAL_SAMPLE,1,,Belgrade : Natural History Museum,,Belgrade : Natural History Museum,,,9d44512b-1bc3-47e9-b186-73b2aff9f38e,CC0_1_0,COORDINATE_ROUNDED;COUNTRY_INVALID;COUNTRY_DERIVED_FROM_COORDINATES;CONTINENT_DERIVED_FROM_COORDINATES;INSTITUTION_MATCH_NONE;TAXON_MATCH_FUZZY
4947508105,"Dinaromys bogdanovi (Martino, 1922)",Dinaromys bogdanovi,Balkan Snow Vole,Animalia,Chordata,Mammalia,Rodentia,Cricetidae,Dinaromys,SPECIES,2438502,2438502,VU,Vulnerable,,,,,42.765563,20.327774,7071,,,Istog / Istok,Pejë / Peć,,,FALSE,MATERIAL_SAMPLE,1,,Belgrade : Natural History Museum,,Belgrade : Natural History Museum,,,9d44512b-1bc3-47e9-b186-73b2aff9f38e,CC0_1_0,COORDINATE_ROUNDED;COUNTRY_INVALID;COUNTRY_DERIVED_FROM_COORDINATES;CONTINENT_DERIVED_FROM_COORDINATES;INSTITUTION_MATCH_NONE;TAXON_MATCH_FUZZY
4947508096,"Dinaromys bogdanovi (Martino, 1922)",Dinaromys bogdanovi,Balkan Snow Vole,Animalia,Chordata,Mammalia,Rodentia,Cricetidae,Dinaromys,SPECIES,2438502,2438502,VU,Vulnerable,,,,,42.136337,20.57648,7071,,,Prizreni / Prizren,Prizren,,,FALSE,MATERIAL_SAMPLE,1,,Belgrade : Natural History Museum,,Belgrade : Natural History Museum,,,9d44512b-1bc3-47e9-b186-73b2aff9f38e,CC0_1_0,COORDINATE_ROUNDED;COUNTRY_INVALID;COUNTRY_DERIVED_FROM_COORDINATES;CONTINENT_DERIVED_FROM_COORDINATES;INSTITUTION_MATCH_NONE;TAXON_MATCH_FUZZY
4947508081,"Dinaromys bogdanovi (Martino, 1922)",Dinaromys bogdanovi,Balkan Snow Vole,Animalia,Chordata,Mammalia,Rodentia,Cricetidae,Dinaromys,SPECIES,2438502,2438502,VU,Vulnerable,,,,,42.137103,20.939496,7071,,,Prizreni / Prizren,Prizren,"Parku Kombëtar ""Sharri""",National Park,FALSE,MATERIAL_SAMPLE,1,,Belgrade : Natural History Museum,,Belgrade : Natural History Museum,,,9d44512b-1bc3-47e9-b186-73b2aff9f38e,CC0_1_0,COORDINATE_ROUNDED;COUNTRY_INVALID;COUNTRY_DERIVED_FROM_COORDINATES;CONTINENT_DERIVED_FROM_COORDINATES;INSTITUTION_MATCH_NONE;TAXON_MATCH_FUZZY
4947508078,"Dinaromys bogdanovi (Martino, 1922)",Dinaromys bogdanovi,Balkan Snow Vole,Animalia,Chordata,Mammalia,Rodentia,Cricetidae,Dinaromys,SPECIES,2438502,2438502,VU,Vulnerable,,,,,42.227141,20.909051,7071,,,Shtërpcë / Štrpce,Ferizaj / Uroševac,"Parku Kombëtar ""Sharri""",National Park,FALSE,MATERIAL_SAMPLE,1,,Belgrade : Natural History Museum,,Belgrade : Natural History Museum,,,9d44512b-1bc3-47e9-b186-73b2aff9f38e,CC0_1_0,COORDINATE_ROUNDED;COUNTRY_INVALID;COUNTRY_DERIVED_FROM_COORDINATES;CONTINENT_DERIVED_FROM_COORDINATES;INSTITUTION_MATCH_NONE;TAXON_MATCH_FUZZY
4909212328,"Salamandra salamandra (Linnaeus, 1758)",Salamandra salamandra,Fire Salamander,Animalia,Chordata,Amphibia,Caudata,Salamandridae,Salamandra,SPECIES,2431776,2431776,VU,Vulnerable,2012-06-06T09:44,2012,6,6,42.211699,21.077559,50,,,Shtërpcë / Štrpce,Ferizaj / Uroševac,"Parku Kombëtar ""Sharri""",National Park,FALSE,HUMAN_OBSERVATION,,,F. Bemmerlein-Lux,F. Bemmerlein-Lux,iNaturalist,Observations,227742064,50c9509d-22c7-4a22-a47d-8c48425ef4a7,CC_BY_4_0,COORDINATE_ROUNDED;COUNTRY_DERIVED_FROM_COORDINATES;CONTINENT_DERIVED_FROM_COORDINATES;TAXON_ID_NOT_FOUND
4903738703,"Testudo hermanni boettgeri Mojsisovics, 1889",Testudo hermanni,Hermann's Tortoise,Animalia,Chordata,Testudines,,Testudinidae,Testudo,SUBSPECIES,6156781,2441454,VU,Vulnerable,2023-09-08T20:35:31,2023,9,8,42.713099,21.322498,27599,,,Prishtinë / Priština,Prishtinë / Priština,,,FALSE,HUMAN_OBSERVATION,,,Sarah and Chad Smiley,Carole Bloom,iNaturalist,Observations,225451302,50c9509d-22c7-4a22-a47d-8c48425ef4a7,CC_BY_NC_4_0,COORDINATE_ROUNDED;COUNTRY_DERIVED_FROM_COORDINATES;CONTINENT_DERIVED_FROM_COORDINATES;TAXON_ID_NOT_FOUND
4901794704,"Salamandra salamandra (Linnaeus, 1758)",Salamandra salamandra,Fire Salamander,Animalia,Chordata,Amphibia,Caudata,Salamandridae,Salamandra,SPECIES,2431776,2431776,VU,Vulnerable,2019-06-15T13:44:48,2019,6,15,42.670904,21.222888,4208,,,Prishtinë / Priština,Prishtinë / Priština,Gërmia,Protected Landscape,FALSE,HUMAN_OBSERVATION,,,Albert Krasniqi,Benjamin Monod-Broca,iNaturalist,Observations,27121312,50c9509d-22c7-4a22-a47d-8c48425ef4a7,CC_BY_NC_4_0,COORDINATE_ROUNDED;COUNTRY_DERIVED_FROM_COORDINATES;CONTINENT_DERIVED_FROM_COORDINATES;TAXON_ID_NOT_FOUND
4892028007,"Testudo hermanni Gmelin, 1789",Testudo hermanni,Hermann's Tortoise,Animalia,Chordata,Testudines,,Testudinidae,Testudo,SPECIES,2441454,2441454,VU,Vulnerable,2024-06-05T10:14,2024,6,5,42.217897,21.324505,27661,,,Kaçanik / Kačanik,Ferizaj / Uroševac,,,FALSE,HUMAN_OBSERVATION,,,tiwi,tiwi,iNaturalist,Observations,221798002,50c9509d-22c7-4a22-a47d-8c48425ef4a7,CC_BY_NC_4_0,COORDINATE_ROUNDED;COUNTRY_DERIVED_FROM_COORDINATES;CONTINENT_DERIVED_FROM_COORDINATES;TAXON_ID_NOT_FOUND
4874999763,"Salamandra salamandra (Linnaeus, 1758)",Salamandra salamandra,Fire Salamander,Animalia,Chordata,Amphibia,Caudata,Salamandridae,Salamandra,SPECIES,2431776,2431776,VU,Vulnerable,2024-05-31T12:29:02,2024,5,31,42.171478,20.95897,4,,,Shtërpcë / Štrpce,Ferizaj / Uroševac,"Parku Kombëtar ""Sharri""",National Park,FALSE,HUMAN_OBSERVATION,,,Natural Locasian,Natural Locasian,iNaturalist,Observations,219521185,50c9509d-22c7-4a22-a47d-8c48425ef4a7,CC_BY_NC_4_0,COORDINATE_ROUNDED;COUNTRY_DERIVED_FROM_COORDINATES;CONTINENT_DERIVED_FROM_COORDINATES;TAXON_ID_NOT_FOUND
4834720823,"Streptopelia turtur (Linnaeus, 1758)",Streptopelia turtur,European Turtle-Dove,Animalia,Chordata,Aves,Columbiformes,Columbidae,Streptopelia,SPECIES,2495708,2495708,VU,Vulnerable,2023-04-29,2023,4,29,42.579243,21.048304,,,Ligatinat e Henc (Henc Wetland),Fushë Kosovë / Kosovo Polje,Prishtinë / Priština,Ligatina e Hencit/ Radevës,Wetlands,FALSE,HUMAN_OBSERVATION,1,,obsr1505715,,CLO,EBIRD,OBS1702046681,4fa7b334-ce0d-4e88-aaae-2e0c138d049e,CC_BY_4_0,CONTINENT_DERIVED_FROM_COORDINATES;TAXON_CONCEPT_ID_NOT_FOUND
4811306349,"Aythya ferina (Linnaeus, 1758)",Aythya ferina,Common Pochard,Animalia,Chordata,Aves,Anseriformes,Anatidae,Aythya,SPECIES,2498255,2498255,VU,Vulnerable,2023-04-27,2023,4,27,42.579243,21.048304,,,Ligatinat e Henc (Henc Wetland),Fushë Kosovë / Kosovo Polje,Prishtinë / Priština,Ligatina e Hencit/ Radevës,Wetlands,FALSE,HUMAN_OBSERVATION,33,,obsr1505715,,CLO,EBIRD,OBS1700137696,4fa7b334-ce0d-4e88-aaae-2e0c138d049e,CC_BY_4_0,CONTINENT_DERIVED_FROM_COORDINATES;TAXON_CONCEPT_ID_NOT_FOUND
4803534054,"Streptopelia turtur (Linnaeus, 1758)",Streptopelia turtur,European Turtle-Dove,Animalia,Chordata,Aves,Columbiformes,Columbidae,Streptopelia,SPECIES,2495708,2495708,VU,Vulnerable,2023-04-27,2023,4,27,42.579243,21.048304,,,Ligatinat e Henc (Henc Wetland),Fushë Kosovë / Kosovo Polje,Prishtinë / Priština,Ligatina e Hencit/ Radevës,Wetlands,FALSE,HUMAN_OBSERVATION,2,,obsr1505715,,CLO,EBIRD,OBS1699794571,4fa7b334-ce0d-4e88-aaae-2e0c138d049e,CC_BY_4_0,CONTINENT_DERIVED_FROM_COORDINATES;TAXON_CONCEPT_ID_NOT_FOUND
4801273812,"Aythya ferina (Linnaeus, 1758)",Aythya ferina,Common Pochard,Animalia,Chordata,Aves,Anseriformes,Anatidae,Aythya,SPECIES,2498255,2498255,VU,Vulnerable,2023-04-27,2023,4,27,42.579243,21.048304,,,Ligatinat e Henc (Henc Wetland),Fushë Kosovë / Kosovo Polje,Prishtinë / Priština,Ligatina e Hencit/ Radevës,Wetlands,FALSE,HUMAN_OBSERVATION,4,,obsr1505715,,CLO,EBIRD,OBS1699794577,4fa7b334-ce0d-4e88-aaae-2e0c138d049e,CC_BY_4_0,CONTINENT_DERIVED_FROM_COORDINATES;TAXON_CONCEPT_ID_NOT_FOUND
4800877623,"Streptopelia turtur (Linnaeus, 1758)",Streptopelia turtur,European Turtle-Dove,Animalia,Chordata,Aves,Columbiformes,Columbidae,Streptopelia,SPECIES,2495708,2495708,VU,Vulnerable,2019-05-06,2019,5,6,42.653603,21.100462,,,Ashfields,Prishtinë / Priština,Prishtinë / Priština,,,FALSE,HUMAN_OBSERVATION,15,,obsr3459667,,CLO,EBIRD,OBS1814469488,4fa7b334-ce0d-4e88-aaae-2e0c138d049e,CC_BY_4_0,CONTINENT_DERIVED_FROM_COORDINATES;TAXON_CONCEPT_ID_NOT_FOUND
4800553172,"Streptopelia turtur (Linnaeus, 1758)",Streptopelia turtur,European Turtle-Dove,Animalia,Chordata,Aves,Columbiformes,Columbidae,Streptopelia,SPECIES,2495708,2495708,VU,Vulnerable,2023-08-31,2023,8,31,42.517094,20.923254,,,Upper Lumi Drenica Area,Lipjan / Lipljan,Prishtinë / Priština,,,FALSE,HUMAN_OBSERVATION,1,,obsr1017996,,CLO,EBIRD,OBS1821584601,4fa7b334-ce0d-4e88-aaae-2e0c138d049e,CC_BY_4_0,CONTINENT_DERIVED_FROM_COORDINATES;TAXON_CONCEPT_ID_NOT_FOUND
4790008297,"Aythya ferina (Linnaeus, 1758)",Aythya ferina,Common Pochard,Animalia,Chordata,Aves,Anseriformes,Anatidae,Aythya,SPECIES,2498255,2498255,VU,Vulnerable,2019-05-05,2019,5,5,42.579243,21.048304,,,Ligatinat e Henc (Henc Wetland),Fushë Kosovë / Kosovo Polje,Prishtinë / Priština,Ligatina e Hencit/ Radevës,Wetlands,FALSE,HUMAN_OBSERVATION,,,obsr3459667,,CLO,EBIRD,OBS1814457598,4fa7b334-ce0d-4e88-aaae-2e0c138d049e,CC_BY_4_0,CONTINENT_DERIVED_FROM_COORDINATES;TAXON_CONCEPT_ID_NOT_FOUND
4784788964,"Aythya ferina (Linnaeus, 1758)",Aythya ferina,Common Pochard,Animalia,Chordata,Aves,Anseriformes,Anatidae,Aythya,SPECIES,2498255,2498255,VU,Vulnerable,2001-09-28,2001,9,28,42.578274,21.051619,,,Radevo/Pristina Airport Area,Fushë Kosovë / Kosovo Polje,Prishtinë / Priština,Ligatina e Hencit/ Radevës,Wetlands,FALSE,HUMAN_OBSERVATION,10,,obsr1662567,,CLO,EBIRD,OBS1822690818,4fa7b334-ce0d-4e88-aaae-2e0c138d049e,CC_BY_4_0,CONTINENT_DERIVED_FROM_COORDINATES;TAXON_CONCEPT_ID_NOT_FOUND
4784512751,"Streptopelia turtur (Linnaeus, 1758)",Streptopelia turtur,European Turtle-Dove,Animalia,Chordata,Aves,Columbiformes,Columbidae,Streptopelia,SPECIES,2495708,2495708,VU,Vulnerable,2019-05-10,2019,5,10,42.54557,21.53377,,,near Bozhefc,Kamenicë / Kosovska Kamenica,Gjilan / Gnjilane,,,FALSE,HUMAN_OBSERVATION,2,,obsr3459667,,CLO,EBIRD,OBS1814500901,4fa7b334-ce0d-4e88-aaae-2e0c138d049e,CC_BY_4_0,CONTINENT_DERIVED_FROM_COORDINATES;TAXON_CONCEPT_ID_NOT_FOUND
4773555640,"Streptopelia turtur (Linnaeus, 1758)",Streptopelia turtur,European Turtle-Dove,Animalia,Chordata,Aves,Columbiformes,Columbidae,Streptopelia,SPECIES,2495708,2495708,VU,Vulnerable,2023-06-29,2023,6,29,42.209354,20.745396,,,Kalaja e Prizrenit (Prizren Fortress),Prizreni / Prizren,Prizren,,,FALSE,HUMAN_OBSERVATION,1,,obsr1156738,,CLO,EBIRD,OBS1771068761,4fa7b334-ce0d-4e88-aaae-2e0c138d049e,CC_BY_4_0,CONTINENT_DERIVED_FROM_COORDINATES;TAXON_CONCEPT_ID_NOT_FOUND
4749907112,"Falco vespertinus Linnaeus, 1766",Falco vespertinus,Red-Footed Falcon,Animalia,Chordata,Aves,Falconiformes,Falconidae,Falco,SPECIES,2481062,2481062,VU,Vulnerable,2023-04-26,2023,4,26,42.579243,21.048304,,,Ligatinat e Henc (Henc Wetland),Fushë Kosovë / Kosovo Polje,Prishtinë / Priština,Ligatina e Hencit/ Radevës,Wetlands,FALSE,HUMAN_OBSERVATION,9,,obsr1505715,,CLO,EBIRD,OBS1698703448,4fa7b334-ce0d-4e88-aaae-2e0c138d049e,CC_BY_4_0,CONTINENT_DERIVED_FROM_COORDINATES;TAXON_CONCEPT_ID_NOT_FOUND
4734139906,"Falco vespertinus Linnaeus, 1766",Falco vespertinus,Red-Footed Falcon,Animalia,Chordata,Aves,Falconiformes,Falconidae,Falco,SPECIES,2481062,2481062,VU,Vulnerable,2023-04-28,2023,4,28,42.690643,21.123772,,,Gazimestan (Battle of Kosovo Monument),Prishtinë / Priština,Prishtinë / Priština,,,FALSE,HUMAN_OBSERVATION,6,,obsr1505715,,CLO,EBIRD,OBS1700910428,4fa7b334-ce0d-4e88-aaae-2e0c138d049e,CC_BY_4_0,CONTINENT_DERIVED_FROM_COORDINATES;TAXON_CONCEPT_ID_NOT_FOUND
4728792910,"Aythya ferina (Linnaeus, 1758)",Aythya ferina,Common Pochard,Animalia,Chordata,Aves,Anseriformes,Anatidae,Aythya,SPECIES,2498255,2498255,VU,Vulnerable,2023-04-30,2023,4,30,42.579243,21.048304,,,Ligatinat e Henc (Henc Wetland),Fushë Kosovë / Kosovo Polje,Prishtinë / Priština,Ligatina e Hencit/ Radevës,Wetlands,FALSE,HUMAN_OBSERVATION,22,,obsr1505715,,CLO,EBIRD,OBS1703568604,4fa7b334-ce0d-4e88-aaae-2e0c138d049e,CC_BY_4_0,CONTINENT_DERIVED_FROM_COORDINATES;TAXON_CONCEPT_ID_NOT_FOUND
4691487685,"Streptopelia turtur (Linnaeus, 1758)",Streptopelia turtur,European Turtle-Dove,Animalia,Chordata,Aves,Columbiformes,Columbidae,Streptopelia,SPECIES,2495708,2495708,VU,Vulnerable,2023-06-29,2023,6,29,42.66031,20.270985,,,Peja Upper River Valley,Pejë / Peć,Pejë / Peć,,,FALSE,HUMAN_OBSERVATION,1,,obsr1282815,,CLO,EBIRD,OBS1771253979,4fa7b334-ce0d-4e88-aaae-2e0c138d049e,CC_BY_4_0,CONTINENT_DERIVED_FROM_COORDINATES;TAXON_CONCEPT_ID_NOT_FOUND
4680886348,"Streptopelia turtur (Linnaeus, 1758)",Streptopelia turtur,European Turtle-Dove,Animalia,Chordata,Aves,Columbiformes,Columbidae,Streptopelia,SPECIES,2495708,2495708,VU,Vulnerable,2023-08-09,2023,8,9,42.5471,21.533972,,,"Rruga Bozhefc (42,547, 21,534)",Kamenicë / Kosovska Kamenica,Gjilan / Gnjilane,,,FALSE,HUMAN_OBSERVATION,,,obsr3633560,,CLO,EBIRD,OBS1801576171,4fa7b334-ce0d-4e88-aaae-2e0c138d049e,CC_BY_4_0,CONTINENT_DERIVED_FROM_COORDINATES;TAXON_CONCEPT_ID_NOT_FOUND
4672795575,"Aythya ferina (Linnaeus, 1758)",Aythya ferina,Common Pochard,Animalia,Chordata,Aves,Anseriformes,Anatidae,Aythya,SPECIES,2498255,2498255,VU,Vulnerable,2023-04-29,2023,4,29,42.579243,21.048304,,,Ligatinat e Henc (Henc Wetland),Fushë Kosovë / Kosovo Polje,Prishtinë / Priština,Ligatina e Hencit/ Radevës,Wetlands,FALSE,HUMAN_OBSERVATION,20,,obsr1505715,,CLO,EBIRD,OBS1702046711,4fa7b334-ce0d-4e88-aaae-2e0c138d049e,CC_BY_4_0,CONTINENT_DERIVED_FROM_COORDINATES;TAXON_CONCEPT_ID_NOT_FOUND
4662945235,"Falco vespertinus Linnaeus, 1766",Falco vespertinus,Red-Footed Falcon,Animalia,Chordata,Aves,Falconiformes,Falconidae,Falco,SPECIES,2481062,2481062,VU,Vulnerable,2019-05-05,2019,5,5,42.579243,21.048304,,,Ligatinat e Henc (Henc Wetland),Fushë Kosovë / Kosovo Polje,Prishtinë / Priština,Ligatina e Hencit/ Radevës,Wetlands,FALSE,HUMAN_OBSERVATION,1,,obsr3459667,,CLO,EBIRD,OBS1814457610,4fa7b334-ce0d-4e88-aaae-2e0c138d049e,CC_BY_4_0,CONTINENT_DERIVED_FROM_COORDINATES;TAXON_CONCEPT_ID_NOT_FOUND
4655556958,"Streptopelia turtur (Linnaeus, 1758)",Streptopelia turtur,European Turtle-Dove,Animalia,Chordata,Aves,Columbiformes,Columbidae,Streptopelia,SPECIES,2495708,2495708,VU,Vulnerable,2023-08-29,2023,8,29,42.867664,20.811522,,,Ibar River near Koshtuvë,Mitrovica / Kosovska Mitrovica,Mitrovicë / Kosovska Mitrovica,,,FALSE,HUMAN_OBSERVATION,1,,obsr1017996,,CLO,EBIRD,OBS1821600013,4fa7b334-ce0d-4e88-aaae-2e0c138d049e,CC_BY_4_0,CONTINENT_DERIVED_FROM_COORDINATES;TAXON_CONCEPT_ID_NOT_FOUND
4650850609,"Aythya ferina (Linnaeus, 1758)",Aythya ferina,Common Pochard,Animalia,Chordata,Aves,Anseriformes,Anatidae,Aythya,SPECIES,2498255,2498255,VU,Vulnerable,2023-04-26,2023,4,26,42.605972,21.060795,,,M9 Bridge over Sitnica River,Fushë Kosovë / Kosovo Polje,Prishtinë / Priština,,,FALSE,HUMAN_OBSERVATION,4,,obsr1505715,,CLO,EBIRD,OBS1698968710,4fa7b334-ce0d-4e88-aaae-2e0c138d049e,CC_BY_4_0,CONTINENT_DERIVED_FROM_COORDINATES;TAXON_CONCEPT_ID_NOT_FOUND
4643142730,"Aythya ferina (Linnaeus, 1758)",Aythya ferina,Common Pochard,Animalia,Chordata,Aves,Anseriformes,Anatidae,Aythya,SPECIES,2498255,2498255,VU,Vulnerable,2023-04-26,2023,4,26,42.579243,21.048304,,,Ligatinat e Henc (Henc Wetland),Fushë Kosovë / Kosovo Polje,Prishtinë / Priština,Ligatina e Hencit/ Radevës,Wetlands,FALSE,HUMAN_OBSERVATION,18,,obsr1505715,,CLO,EBIRD,OBS1698703447,4fa7b334-ce0d-4e88-aaae-2e0c138d049e,CC_BY_4_0,CONTINENT_DERIVED_FROM_COORDINATES;TAXON_CONCEPT_ID_NOT_FOUND
4632473467,"Streptopelia turtur (Linnaeus, 1758)",Streptopelia turtur,European Turtle-Dove,Animalia,Chordata,Aves,Columbiformes,Columbidae,Streptopelia,SPECIES,2495708,2495708,VU,Vulnerable,2023-08-08,2023,8,8,42.595234,21.1074,,,Gračanica,Prishtinë / Priština,Prishtinë / Priština,,,FALSE,HUMAN_OBSERVATION,2,,obsr4241512,,CLO,EBIRD,OBS1799622371,4fa7b334-ce0d-4e88-aaae-2e0c138d049e,CC_BY_4_0,CONTINENT_DERIVED_FROM_COORDINATES;TAXON_CONCEPT_ID_NOT_FOUND
4627102973,"Streptopelia turtur (Linnaeus, 1758)",Streptopelia turtur,European Turtle-Dove,Animalia,Chordata,Aves,Columbiformes,Columbidae,Streptopelia,SPECIES,2495708,2495708,VU,Vulnerable,2023-08-06,2023,8,6,42.595234,21.1074,,,Gračanica,Prishtinë / Priština,Prishtinë / Priština,,,FALSE,HUMAN_OBSERVATION,1,,obsr4241512,,CLO,EBIRD,OBS1798141838,4fa7b334-ce0d-4e88-aaae-2e0c138d049e,CC_BY_4_0,CONTINENT_DERIVED_FROM_COORDINATES;TAXON_CONCEPT_ID_NOT_FOUND
4622422551,"Falco vespertinus Linnaeus, 1766",Falco vespertinus,Red-Footed Falcon,Animalia,Chordata,Aves,Falconiformes,Falconidae,Falco,SPECIES,2481062,2481062,VU,Vulnerable,2018-05-06,2018,5,6,42.572514,21.060448,,,near Radeve,Fushë Kosovë / Kosovo Polje,Prishtinë / Priština,,,FALSE,HUMAN_OBSERVATION,1,,obsr3459667,,CLO,EBIRD,OBS1813822993,4fa7b334-ce0d-4e88-aaae-2e0c138d049e,CC_BY_4_0,CONTINENT_DERIVED_FROM_COORDINATES;TAXON_CONCEPT_ID_NOT_FOUND
4606750594,"Salamandra salamandra (Linnaeus, 1758)",Salamandra salamandra,Fire Salamander,Animalia,Chordata,Amphibia,Caudata,Salamandridae,Salamandra,SPECIES,2431776,2431776,VU,Vulnerable,2024-03-27T15:16:06,2024,3,27,42.579347,20.200789,5,,,Deçan / Dečani,Gjakovë / Đakovica,"Parku Kombëtar ""Bjeshkët e Nemuna""",National Park,FALSE,HUMAN_OBSERVATION,,,Thomas Ellmauer,Thomas Ellmauer,iNaturalist,Observations,204169243,50c9509d-22c7-4a22-a47d-8c48425ef4a7,CC0_1_0,COORDINATE_ROUNDED;COUNTRY_DERIVED_FROM_COORDINATES;CONTINENT_DERIVED_FROM_COORDINATES;TAXON_ID_NOT_FOUND
4507973065,"Testudo hermanni Gmelin, 1789",Testudo hermanni,Hermann's Tortoise,Animalia,Chordata,Testudines,,Testudinidae,Testudo,SPECIES,2441454,2441454,VU,Vulnerable,2012-06-16T12:29,2012,6,16,42.257776,20.48353,27661,,,Prizreni / Prizren,Prizren,Mali Pashtrik dhe Liqeni i Vërmices,Nature Park,FALSE,HUMAN_OBSERVATION,,,F. Bemmerlein-Lux,F. Bemmerlein-Lux,iNaturalist,Observations,195466523,50c9509d-22c7-4a22-a47d-8c48425ef4a7,CC_BY_4_0,COORDINATE_ROUNDED;COUNTRY_DERIVED_FROM_COORDINATES;CONTINENT_DERIVED_FROM_COORDINATES;TAXON_ID_NOT_FOUND
4459362313,"Salamandra salamandra (Linnaeus, 1758)",Salamandra salamandra,Fire Salamander,Animalia,Chordata,Amphibia,Caudata,Salamandridae,Salamandra,SPECIES,2431776,2431776,VU,Vulnerable,2013-10-08,2013,10,8,42.669682,20.199544,35,,Pec,Pejë / Peć,Pejë / Peć,Gryka e Rugovës,Natural Monument,FALSE,HUMAN_OBSERVATION,1,,User 762012,,,,,8a863029-f435-446a-821e-275f4f641165,CC_BY_NC_4_0,
4451688995,BOLD:AAJ9249,Astacus astacus,Noble Crayfish,Animalia,Arthropoda,Malacostraca,Decapoda,Astacidae,Astacus,UNRANKED,10002316,2226998,VU,Vulnerable,2014-06-01,2014,6,1,42.942,20.648,,,"Gazivode Lake, Kosovska Mitrovica",Zubin Potoku / Zubin Potok,Mitrovicë / Kosovska Mitrovica,,,FALSE,MATERIAL_SAMPLE,,,Simona Kovacevic Duretanovic,Simona Kovacevic Duretanovic,"University of Zagreb, Faculty of Science, Dept of Biology, Div of Zoology",,JGRZ03,040c5662-da76-4782-a48e-cdea1892d14c,CC_BY_4_0,GEODETIC_DATUM_ASSUMED_WGS84;COORDINATE_PRECISION_INVALID;CONTINENT_DERIVED_FROM_COORDINATES;INSTITUTION_MATCH_NONE;TAXON_ID_NOT_FOUND;TAXON_CONCEPT_ID_NOT_FOUND
4451602347,BOLD:AAJ9249,Astacus astacus,Noble Crayfish,Animalia,Arthropoda,Malacostraca,Decapoda,Astacidae,Astacus,UNRANKED,10002316,2226998,VU,Vulnerable,2009-06-01,2009,6,1,42.37,21.148,,,Unnamed stream Ferizaj (Urosevac),Ferizaj / Uroševac,Ferizaj / Uroševac,,,FALSE,MATERIAL_SAMPLE,,,Ivana Maguire,Ivana Maguire,"University of Zagreb, Faculty of Science, Dept of Biology, Div of Zoology",,AA59_FARIZEJ,040c5662-da76-4782-a48e-cdea1892d14c,CC_BY_4_0,GEODETIC_DATUM_ASSUMED_WGS84;COORDINATE_PRECISION_INVALID;CONTINENT_DERIVED_FROM_COORDINATES;INSTITUTION_MATCH_NONE;TAXON_CONCEPT_ID_NOT_FOUND;TAXON_ID_NOT_FOUND
4451581125,BOLD:AAJ9249,Astacus astacus,Noble Crayfish,Animalia,Arthropoda,Malacostraca,Decapoda,Astacidae,Astacus,UNRANKED,10002316,2226998,VU,Vulnerable,2014-06-01,2014,6,1,42.942,20.648,,,"Gazivode Lake, Kosovska Mitrovica",Zubin Potoku / Zubin Potok,Mitrovicë / Kosovska Mitrovica,,,FALSE,MATERIAL_SAMPLE,,,Simona Kovacevic Duretanovic,Simona Kovacevic Duretanovic,"University of Zagreb, Faculty of Science, Dept of Biology, Div of Zoology",,JGRZ11,040c5662-da76-4782-a48e-cdea1892d14c,CC_BY_4_0,GEODETIC_DATUM_ASSUMED_WGS84;COORDINATE_PRECISION_INVALID;CONTINENT_DERIVED_FROM_COORDINATES;INSTITUTION_MATCH_NONE;TAXON_ID_NOT_FOUND;TAXON_CONCEPT_ID_NOT_FOUND
4451504045,BOLD:AAJ9249,Astacus astacus,Noble Crayfish,Animalia,Arthropoda,Malacostraca,Decapoda,Astacidae,Astacus,UNRANKED,10002316,2226998,VU,Vulnerable,2014-06-01,2014,6,1,42.942,20.648,,,"Gazivode Lake, Kosovska Mitrovica",Zubin Potoku / Zubin Potok,Mitrovicë / Kosovska Mitrovica,,,FALSE,MATERIAL_SAMPLE,,,Simona Kovacevic Duretanovic,Simona Kovacevic Duretanovic,"University of Zagreb, Faculty of Science, Dept of Biology, Div of Zoology",,JGRZ06,040c5662-da76-4782-a48e-cdea1892d14c,CC_BY_4_0,GEODETIC_DATUM_ASSUMED_WGS84;COORDINATE_PRECISION_INVALID;CONTINENT_DERIVED_FROM_COORDINATES;INSTITUTION_MATCH_NONE;TAXON_CONCEPT_ID_NOT_FOUND;TAXON_ID_NOT_FOUND
4446936980,BOLD:AAJ9249,Astacus astacus,Noble Crayfish,Animalia,Arthropoda,Malacostraca,Decapoda,Astacidae,Astacus,UNRANKED,10002316,2226998,VU,Vulnerable,2014-06-01,2014,6,1,42.942,20.648,,,"Gazivode Lake, Kosovska Mitrovica",Zubin Potoku / Zubin Potok,Mitrovicë / Kosovska Mitrovica,,,FALSE,MATERIAL_SAMPLE,,,Simona Kovacevic Duretanovic,Simona Kovacevic Duretanovic,"University of Zagreb, Faculty of Science, Dept of Biology, Div of Zoology",,JGRZ02,040c5662-da76-4782-a48e-cdea1892d14c,CC_BY_4_0,GEODETIC_DATUM_ASSUMED_WGS84;COORDINATE_PRECISION_INVALID;CONTINENT_DERIVED_FROM_COORDINATES;INSTITUTION_MATCH_NONE;TAXON_ID_NOT_FOUND;TAXON_CONCEPT_ID_NOT_FOUND
4446922944,BOLD:AAJ9249,Astacus astacus,Noble Crayfish,Animalia,Arthropoda,Malacostraca,Decapoda,Astacidae,Astacus,UNRANKED,10002316,2226998,VU,Vulnerable,2014-06-01,2014,6,1,42.942,20.648,,,"Gazivode Lake, Kosovska Mitrovica",Zubin Potoku / Zubin Potok,Mitrovicë / Kosovska Mitrovica,,,FALSE,MATERIAL_SAMPLE,,,Simona Kovacevic Duretanovic,Simona Kovacevic Duretanovic,"University of Zagreb, Faculty of Science, Dept of Biology, Div of Zoology",,JGRZ09,040c5662-da76-4782-a48e-cdea1892d14c,CC_BY_4_0,GEODETIC_DATUM_ASSUMED_WGS84;COORDINATE_PRECISION_INVALID;CONTINENT_DERIVED_FROM_COORDINATES;INSTITUTION_MATCH_NONE;TAXON_CONCEPT_ID_NOT_FOUND;TAXON_ID_NOT_FOUND
4446903026,BOLD:AAJ9249,Astacus astacus,Noble Crayfish,Animalia,Arthropoda,Malacostraca,Decapoda,Astacidae,Astacus,UNRANKED,10002316,2226998,VU,Vulnerable,2014-06-01,2014,6,1,42.942,20.648,,,"Gazivode Lake, Kosovska Mitrovica",Zubin Potoku / Zubin Potok,Mitrovicë / Kosovska Mitrovica,,,FALSE,MATERIAL_SAMPLE,,,Simona Kovacevic Duretanovic,Simona Kovacevic Duretanovic,"University of Zagreb, Faculty of Science, Dept of Biology, Div of Zoology",,JGRZ05,040c5662-da76-4782-a48e-cdea1892d14c,CC_BY_4_0,GEODETIC_DATUM_ASSUMED_WGS84;COORDINATE_PRECISION_INVALID;CONTINENT_DERIVED_FROM_COORDINATES;INSTITUTION_MATCH_NONE;TAXON_ID_NOT_FOUND;TAXON_CONCEPT_ID_NOT_FOUND
4446886522,BOLD:AAJ9249,Astacus astacus,Noble Crayfish,Animalia,Arthropoda,Malacostraca,Decapoda,Astacidae,Astacus,UNRANKED,10002316,2226998,VU,Vulnerable,2014-06-01,2014,6,1,42.942,20.648,,,"Gazivode Lake, Kosovska Mitrovica",Zubin Potoku / Zubin Potok,Mitrovicë / Kosovska Mitrovica,,,FALSE,MATERIAL_SAMPLE,,,Simona Kovacevic Duretanovic,Simona Kovacevic Duretanovic,"University of Zagreb, Faculty of Science, Dept of Biology, Div of Zoology",,JGRZ10,040c5662-da76-4782-a48e-cdea1892d14c,CC_BY_4_0,GEODETIC_DATUM_ASSUMED_WGS84;COORDINATE_PRECISION_INVALID;CONTINENT_DERIVED_FROM_COORDINATES;INSTITUTION_MATCH_NONE;TAXON_ID_NOT_FOUND;TAXON_CONCEPT_ID_NOT_FOUND
4446863020,BOLD:AAJ9249,Astacus astacus,Noble Crayfish,Animalia,Arthropoda,Malacostraca,Decapoda,Astacidae,Astacus,UNRANKED,10002316,2226998,VU,Vulnerable,2014-06-01,2014,6,1,42.942,20.648,,,"Gazivode Lake, Kosovska Mitrovica",Zubin Potoku / Zubin Potok,Mitrovicë / Kosovska Mitrovica,,,FALSE,MATERIAL_SAMPLE,,,Simona Kovacevic Duretanovic,Simona Kovacevic Duretanovic,"University of Zagreb, Faculty of Science, Dept of Biology, Div of Zoology",,JGRZ12,040c5662-da76-4782-a48e-cdea1892d14c,CC_BY_4_0,GEODETIC_DATUM_ASSUMED_WGS84;COORDINATE_PRECISION_INVALID;CONTINENT_DERIVED_FROM_COORDINATES;INSTITUTION_MATCH_NONE;TAXON_ID_NOT_FOUND;TAXON_CONCEPT_ID_NOT_FOUND
4446850963,BOLD:AAJ9249,Astacus astacus,Noble Crayfish,Animalia,Arthropoda,Malacostraca,Decapoda,Astacidae,Astacus,UNRANKED,10002316,2226998,VU,Vulnerable,2014-06-01,2014,6,1,42.942,20.648,,,"Gazivode Lake, Kosovska Mitrovica",Zubin Potoku / Zubin Potok,Mitrovicë / Kosovska Mitrovica,,,FALSE,MATERIAL_SAMPLE,,,Simona Kovacevic Duretanovic,Simona Kovacevic Duretanovic,"University of Zagreb, Faculty of Science, Dept of Biology, Div of Zoology",,JGRZ04,040c5662-da76-4782-a48e-cdea1892d14c,CC_BY_4_0,GEODETIC_DATUM_ASSUMED_WGS84;COORDINATE_PRECISION_INVALID;CONTINENT_DERIVED_FROM_COORDINATES;INSTITUTION_MATCH_NONE;TAXON_CONCEPT_ID_NOT_FOUND;TAXON_ID_NOT_FOUND
4446835080,BOLD:AAJ9249,Astacus astacus,Noble Crayfish,Animalia,Arthropoda,Malacostraca,Decapoda,Astacidae,Astacus,UNRANKED,10002316,2226998,VU,Vulnerable,2014-06-01,2014,6,1,42.942,20.648,,,"Gazivode Lake, Kosovska Mitrovica",Zubin Potoku / Zubin Potok,Mitrovicë / Kosovska Mitrovica,,,FALSE,MATERIAL_SAMPLE,,,Simona Kovacevic Duretanovic,Simona Kovacevic Duretanovic,"University of Zagreb, Faculty of Science, Dept of Biology, Div of Zoology",,JGRZ07,040c5662-da76-4782-a48e-cdea1892d14c,CC_BY_4_0,GEODETIC_DATUM_ASSUMED_WGS84;COORDINATE_PRECISION_INVALID;CONTINENT_DERIVED_FROM_COORDINATES;INSTITUTION_MATCH_NONE;TAXON_CONCEPT_ID_NOT_FOUND;TAXON_ID_NOT_FOUND
4446829512,BOLD:AAJ9249,Astacus astacus,Noble Crayfish,Animalia,Arthropoda,Malacostraca,Decapoda,Astacidae,Astacus,UNRANKED,10002316,2226998,VU,Vulnerable,2014-06-01,2014,6,1,42.942,20.648,,,"Gazivode Lake, Kosovska Mitrovica",Zubin Potoku / Zubin Potok,Mitrovicë / Kosovska Mitrovica,,,FALSE,MATERIAL_SAMPLE,,,Simona Kovacevic Duretanovic,Simona Kovacevic Duretanovic,"University of Zagreb, Faculty of Science, Dept of Biology, Div of Zoology",,JGRZ08,040c5662-da76-4782-a48e-cdea1892d14c,CC_BY_4_0,GEODETIC_DATUM_ASSUMED_WGS84;COORDINATE_PRECISION_INVALID;CONTINENT_DERIVED_FROM_COORDINATES;INSTITUTION_MATCH_NONE;TAXON_ID_NOT_FOUND;TAXON_CONCEPT_ID_NOT_FOUND
4440786772,Salamandra salamandra salamandra,Salamandra salamandra,Fire Salamander,Animalia,Chordata,Amphibia,Caudata,Salamandridae,Salamandra,SUBSPECIES,7342585,2431776,VU,Vulnerable,2023-10-27T16:28,2023,10,27,42.593786,20.120165,488,,,Deçan / Dečani,Gjakovë / Đakovica,"Parku Kombëtar ""Bjeshkët e Nemuna""",National Park,FALSE,HUMAN_OBSERVATION,,,Dr. Fabio Mao Valletta,Philippe Geniez,iNaturalist,Observations,190391390,50c9509d-22c7-4a22-a47d-8c48425ef4a7,CC_BY_4_0,COORDINATE_ROUNDED;COUNTRY_DERIVED_FROM_COORDINATES;CONTINENT_DERIVED_FROM_COORDINATES;TAXON_ID_NOT_FOUND
4396128261,"Aythya ferina (Linnaeus, 1758)",Aythya ferina,Common Pochard,Animalia,Chordata,Aves,Anseriformes,Anatidae,Aythya,SPECIES,2498255,2498255,VU,Vulnerable,2022-08-15,2022,8,15,42.579243,21.048304,,,Ligatinat e Henc (Henc Wetland),Fushë Kosovë / Kosovo Polje,Prishtinë / Priština,Ligatina e Hencit/ Radevës,Wetlands,FALSE,HUMAN_OBSERVATION,6,,obsr1505715,,CLO,EBIRD,OBS1498449272,4fa7b334-ce0d-4e88-aaae-2e0c138d049e,CC_BY_4_0,CONTINENT_DERIVED_FROM_COORDINATES;TAXON_CONCEPT_ID_NOT_FOUND
4395524454,"Streptopelia turtur (Linnaeus, 1758)",Streptopelia turtur,European Turtle-Dove,Animalia,Chordata,Aves,Columbiformes,Columbidae,Streptopelia,SPECIES,2495708,2495708,VU,Vulnerable,2022-08-06,2022,8,6,42.579243,21.048304,,,Ligatinat e Henc (Henc Wetland),Fushë Kosovë / Kosovo Polje,Prishtinë / Priština,Ligatina e Hencit/ Radevës,Wetlands,FALSE,HUMAN_OBSERVATION,1,,obsr1505715,,CLO,EBIRD,OBS1492768696,4fa7b334-ce0d-4e88-aaae-2e0c138d049e,CC_BY_4_0,CONTINENT_DERIVED_FROM_COORDINATES;TAXON_CONCEPT_ID_NOT_FOUND
4394766883,"Streptopelia turtur (Linnaeus, 1758)",Streptopelia turtur,European Turtle-Dove,Animalia,Chordata,Aves,Columbiformes,Columbidae,Streptopelia,SPECIES,2495708,2495708,VU,Vulnerable,2022-07-24,2022,7,24,42.605972,21.060795,,,M9 Bridge over Sitnica River,Fushë Kosovë / Kosovo Polje,Prishtinë / Priština,,,FALSE,HUMAN_OBSERVATION,1,,obsr1505715,,CLO,EBIRD,OBS1485008957,4fa7b334-ce0d-4e88-aaae-2e0c138d049e,CC_BY_4_0,CONTINENT_DERIVED_FROM_COORDINATES;TAXON_CONCEPT_ID_NOT_FOUND
4393997426,"Streptopelia turtur (Linnaeus, 1758)",Streptopelia turtur,European Turtle-Dove,Animalia,Chordata,Aves,Columbiformes,Columbidae,Streptopelia,SPECIES,2495708,2495708,VU,Vulnerable,2022-08-13,2022,8,13,42.579243,21.048304,,,Ligatinat e Henc (Henc Wetland),Fushë Kosovë / Kosovo Polje,Prishtinë / Priština,Ligatina e Hencit/ Radevës,Wetlands,FALSE,HUMAN_OBSERVATION,2,,obsr300729,,CLO,EBIRD,OBS1497269300,4fa7b334-ce0d-4e88-aaae-2e0c138d049e,CC_BY_4_0,CONTINENT_DERIVED_FROM_COORDINATES;TAXON_CONCEPT_ID_NOT_FOUND
4382966803,"Aythya ferina (Linnaeus, 1758)",Aythya ferina,Common Pochard,Animalia,Chordata,Aves,Anseriformes,Anatidae,Aythya,SPECIES,2498255,2498255,VU,Vulnerable,2022-08-26,2022,8,26,42.579243,21.048304,,,Ligatinat e Henc (Henc Wetland),Fushë Kosovë / Kosovo Polje,Prishtinë / Priština,Ligatina e Hencit/ Radevës,Wetlands,FALSE,HUMAN_OBSERVATION,6,,obsr1505715,,CLO,EBIRD,OBS1505396890,4fa7b334-ce0d-4e88-aaae-2e0c138d049e,CC_BY_4_0,CONTINENT_DERIVED_FROM_COORDINATES;TAXON_CONCEPT_ID_NOT_FOUND
4381923539,"Aythya ferina (Linnaeus, 1758)",Aythya ferina,Common Pochard,Animalia,Chordata,Aves,Anseriformes,Anatidae,Aythya,SPECIES,2498255,2498255,VU,Vulnerable,2022-07-28,2022,7,28,42.579243,21.048304,,,Ligatinat e Henc (Henc Wetland),Fushë Kosovë / Kosovo Polje,Prishtinë / Priština,Ligatina e Hencit/ Radevës,Wetlands,FALSE,HUMAN_OBSERVATION,7,,obsr1505715,,CLO,EBIRD,OBS1487322352,4fa7b334-ce0d-4e88-aaae-2e0c138d049e,CC_BY_4_0,CONTINENT_DERIVED_FROM_COORDINATES;TAXON_CONCEPT_ID_NOT_FOUND
4378977924,"Streptopelia turtur (Linnaeus, 1758)",Streptopelia turtur,European Turtle-Dove,Animalia,Chordata,Aves,Columbiformes,Columbidae,Streptopelia,SPECIES,2495708,2495708,VU,Vulnerable,2022-08-12,2022,8,12,42.579243,21.048304,,,Ligatinat e Henc (Henc Wetland),Fushë Kosovë / Kosovo Polje,Prishtinë / Priština,Ligatina e Hencit/ Radevës,Wetlands,FALSE,HUMAN_OBSERVATION,1,,obsr300729,,CLO,EBIRD,OBS1496741002,4fa7b334-ce0d-4e88-aaae-2e0c138d049e,CC_BY_4_0,CONTINENT_DERIVED_FROM_COORDINATES;TAXON_CONCEPT_ID_NOT_FOUND
4375629267,"Aythya ferina (Linnaeus, 1758)",Aythya ferina,Common Pochard,Animalia,Chordata,Aves,Anseriformes,Anatidae,Aythya,SPECIES,2498255,2498255,VU,Vulnerable,2022-04-25,2022,4,25,42.579243,21.048304,,,Ligatinat e Henc (Henc Wetland),Fushë Kosovë / Kosovo Polje,Prishtinë / Priština,Ligatina e Hencit/ Radevës,Wetlands,FALSE,HUMAN_OBSERVATION,8,,obsr1505715,,CLO,EBIRD,OBS1403492066,4fa7b334-ce0d-4e88-aaae-2e0c138d049e,CC_BY_4_0,CONTINENT_DERIVED_FROM_COORDINATES;TAXON_CONCEPT_ID_NOT_FOUND
4372430912,"Aythya ferina (Linnaeus, 1758)",Aythya ferina,Common Pochard,Animalia,Chordata,Aves,Anseriformes,Anatidae,Aythya,SPECIES,2498255,2498255,VU,Vulnerable,2022-04-03,2022,4,3,42.579243,21.048304,,,Ligatinat e Henc (Henc Wetland),Fushë Kosovë / Kosovo Polje,Prishtinë / Priština,Ligatina e Hencit/ Radevës,Wetlands,FALSE,HUMAN_OBSERVATION,46,,obsr1505715,,CLO,EBIRD,OBS1381489679,4fa7b334-ce0d-4e88-aaae-2e0c138d049e,CC_BY_4_0,CONTINENT_DERIVED_FROM_COORDINATES;TAXON_CONCEPT_ID_NOT_FOUND
4371017749,"Aythya ferina (Linnaeus, 1758)",Aythya ferina,Common Pochard,Animalia,Chordata,Aves,Anseriformes,Anatidae,Aythya,SPECIES,2498255,2498255,VU,Vulnerable,2022-05-21,2022,5,21,42.579243,21.048304,,,Ligatinat e Henc (Henc Wetland),Fushë Kosovë / Kosovo Polje,Prishtinë / Priština,Ligatina e Hencit/ Radevës,Wetlands,FALSE,HUMAN_OBSERVATION,7,,obsr1505715,,CLO,EBIRD,OBS1437322440,4fa7b334-ce0d-4e88-aaae-2e0c138d049e,CC_BY_4_0,CONTINENT_DERIVED_FROM_COORDINATES;TAXON_CONCEPT_ID_NOT_FOUND
4370707357,"Streptopelia turtur (Linnaeus, 1758)",Streptopelia turtur,European Turtle-Dove,Animalia,Chordata,Aves,Columbiformes,Columbidae,Streptopelia,SPECIES,2495708,2495708,VU,Vulnerable,2022-07-11,2022,7,11,42.605972,21.060795,,,M9 Bridge over Sitnica River,Fushë Kosovë / Kosovo Polje,Prishtinë / Priština,,,FALSE,HUMAN_OBSERVATION,2,,obsr1505715,,CLO,EBIRD,OBS1477399115,4fa7b334-ce0d-4e88-aaae-2e0c138d049e,CC_BY_4_0,CONTINENT_DERIVED_FROM_COORDINATES;TAXON_CONCEPT_ID_NOT_FOUND
4369479656,"Aythya ferina (Linnaeus, 1758)",Aythya ferina,Common Pochard,Animalia,Chordata,Aves,Anseriformes,Anatidae,Aythya,SPECIES,2498255,2498255,VU,Vulnerable,2022-08-26,2022,8,26,42.605972,21.060795,,,M9 Bridge over Sitnica River,Fushë Kosovë / Kosovo Polje,Prishtinë / Priština,,,FALSE,HUMAN_OBSERVATION,4,,obsr1505715,,CLO,EBIRD,OBS1505420123,4fa7b334-ce0d-4e88-aaae-2e0c138d049e,CC_BY_4_0,CONTINENT_DERIVED_FROM_COORDINATES;TAXON_CONCEPT_ID_NOT_FOUND
4367458778,"Streptopelia turtur (Linnaeus, 1758)",Streptopelia turtur,European Turtle-Dove,Animalia,Chordata,Aves,Columbiformes,Columbidae,Streptopelia,SPECIES,2495708,2495708,VU,Vulnerable,1984-06-27,1984,6,27,42.580135,21.048737,,,Ligatinat e Henc,Fushë Kosovë / Kosovo Polje,Prishtinë / Priština,Ligatina e Hencit/ Radevës,Wetlands,FALSE,HUMAN_OBSERVATION,2,,obsr690849,,CLO,EBIRD,OBS1434809215,4fa7b334-ce0d-4e88-aaae-2e0c138d049e,CC_BY_4_0,CONTINENT_DERIVED_FROM_COORDINATES;TAXON_CONCEPT_ID_NOT_FOUND
4362862726,"Streptopelia turtur (Linnaeus, 1758)",Streptopelia turtur,European Turtle-Dove,Animalia,Chordata,Aves,Columbiformes,Columbidae,Streptopelia,SPECIES,2495708,2495708,VU,Vulnerable,2022-08-06,2022,8,6,42.605972,21.060795,,,M9 Bridge over Sitnica River,Fushë Kosovë / Kosovo Polje,Prishtinë / Priština,,,FALSE,HUMAN_OBSERVATION,6,,obsr1505715,,CLO,EBIRD,OBS1492837573,4fa7b334-ce0d-4e88-aaae-2e0c138d049e,CC_BY_4_0,CONTINENT_DERIVED_FROM_COORDINATES;TAXON_CONCEPT_ID_NOT_FOUND
4360504291,"Aythya ferina (Linnaeus, 1758)",Aythya ferina,Common Pochard,Animalia,Chordata,Aves,Anseriformes,Anatidae,Aythya,SPECIES,2498255,2498255,VU,Vulnerable,2022-07-16,2022,7,16,42.605972,21.060795,,,M9 Bridge over Sitnica River,Fushë Kosovë / Kosovo Polje,Prishtinë / Priština,,,FALSE,HUMAN_OBSERVATION,7,,obsr1505715,,CLO,EBIRD,OBS1480178742,4fa7b334-ce0d-4e88-aaae-2e0c138d049e,CC_BY_4_0,CONTINENT_DERIVED_FROM_COORDINATES;TAXON_CONCEPT_ID_NOT_FOUND
4360148255,"Streptopelia turtur (Linnaeus, 1758)",Streptopelia turtur,European Turtle-Dove,Animalia,Chordata,Aves,Columbiformes,Columbidae,Streptopelia,SPECIES,2495708,2495708,VU,Vulnerable,2022-08-13,2022,8,13,42.579243,21.048304,,,Ligatinat e Henc (Henc Wetland),Fushë Kosovë / Kosovo Polje,Prishtinë / Priština,Ligatina e Hencit/ Radevës,Wetlands,FALSE,HUMAN_OBSERVATION,1,,obsr1505715,,CLO,EBIRD,OBS1497032898,4fa7b334-ce0d-4e88-aaae-2e0c138d049e,CC_BY_4_0,CONTINENT_DERIVED_FROM_COORDINATES;TAXON_CONCEPT_ID_NOT_FOUND
4356954598,"Streptopelia turtur (Linnaeus, 1758)",Streptopelia turtur,European Turtle-Dove,Animalia,Chordata,Aves,Columbiformes,Columbidae,Streptopelia,SPECIES,2495708,2495708,VU,Vulnerable,2022-07-31,2022,7,31,42.605972,21.060795,,,M9 Bridge over Sitnica River,Fushë Kosovë / Kosovo Polje,Prishtinë / Priština,,,FALSE,HUMAN_OBSERVATION,2,,obsr1505715,,CLO,EBIRD,OBS1489382375,4fa7b334-ce0d-4e88-aaae-2e0c138d049e,CC_BY_4_0,CONTINENT_DERIVED_FROM_COORDINATES;TAXON_CONCEPT_ID_NOT_FOUND
4355029226,"Streptopelia turtur (Linnaeus, 1758)",Streptopelia turtur,European Turtle-Dove,Animalia,Chordata,Aves,Columbiformes,Columbidae,Streptopelia,SPECIES,2495708,2495708,VU,Vulnerable,2022-08-10,2022,8,10,42.591385,20.580626,,,Kosovo M9 West towards Peja,Klinë / Klina,Pejë / Peć,,,FALSE,HUMAN_OBSERVATION,2,,obsr300729,,CLO,EBIRD,OBS1495370325,4fa7b334-ce0d-4e88-aaae-2e0c138d049e,CC_BY_4_0,CONTINENT_DERIVED_FROM_COORDINATES;TAXON_CONCEPT_ID_NOT_FOUND
4351295089,"Aythya ferina (Linnaeus, 1758)",Aythya ferina,Common Pochard,Animalia,Chordata,Aves,Anseriformes,Anatidae,Aythya,SPECIES,2498255,2498255,VU,Vulnerable,2022-07-11,2022,7,11,42.579243,21.048304,,,Ligatinat e Henc (Henc Wetland),Fushë Kosovë / Kosovo Polje,Prishtinë / Priština,Ligatina e Hencit/ Radevës,Wetlands,FALSE,HUMAN_OBSERVATION,4,,obsr1505715,,CLO,EBIRD,OBS1477476473,4fa7b334-ce0d-4e88-aaae-2e0c138d049e,CC_BY_4_0,CONTINENT_DERIVED_FROM_COORDINATES;TAXON_CONCEPT_ID_NOT_FOUND
4349057076,"Aythya ferina (Linnaeus, 1758)",Aythya ferina,Common Pochard,Animalia,Chordata,Aves,Anseriformes,Anatidae,Aythya,SPECIES,2498255,2498255,VU,Vulnerable,2022-07-02,2022,7,2,42.579243,21.048304,,,Ligatinat e Henc (Henc Wetland),Fushë Kosovë / Kosovo Polje,Prishtinë / Priština,Ligatina e Hencit/ Radevës,Wetlands,FALSE,HUMAN_OBSERVATION,7,,obsr1505715,,CLO,EBIRD,OBS1471275526,4fa7b334-ce0d-4e88-aaae-2e0c138d049e,CC_BY_4_0,CONTINENT_DERIVED_FROM_COORDINATES;TAXON_CONCEPT_ID_NOT_FOUND
4345737365,"Streptopelia turtur (Linnaeus, 1758)",Streptopelia turtur,European Turtle-Dove,Animalia,Chordata,Aves,Columbiformes,Columbidae,Streptopelia,SPECIES,2495708,2495708,VU,Vulnerable,2022-07-04,2022,7,4,42.605972,21.060795,,,M9 Bridge over Sitnica River,Fushë Kosovë / Kosovo Polje,Prishtinë / Priština,,,FALSE,HUMAN_OBSERVATION,3,,obsr1505715,,CLO,EBIRD,OBS1472768649,4fa7b334-ce0d-4e88-aaae-2e0c138d049e,CC_BY_4_0,CONTINENT_DERIVED_FROM_COORDINATES;TAXON_CONCEPT_ID_NOT_FOUND
4343500426,"Aythya ferina (Linnaeus, 1758)",Aythya ferina,Common Pochard,Animalia,Chordata,Aves,Anseriformes,Anatidae,Aythya,SPECIES,2498255,2498255,VU,Vulnerable,2022-03-21,2022,3,21,42.579243,21.048304,,,Ligatinat e Henc (Henc Wetland),Fushë Kosovë / Kosovo Polje,Prishtinë / Priština,Ligatina e Hencit/ Radevës,Wetlands,FALSE,HUMAN_OBSERVATION,50,,obsr1505715,,CLO,EBIRD,OBS1371172519,4fa7b334-ce0d-4e88-aaae-2e0c138d049e,CC_BY_4_0,CONTINENT_DERIVED_FROM_COORDINATES;TAXON_CONCEPT_ID_NOT_FOUND
4343179428,"Aythya ferina (Linnaeus, 1758)",Aythya ferina,Common Pochard,Animalia,Chordata,Aves,Anseriformes,Anatidae,Aythya,SPECIES,2498255,2498255,VU,Vulnerable,2022-06-04,2022,6,4,42.605972,21.060795,,,M9 Bridge over Sitnica River,Fushë Kosovë / Kosovo Polje,Prishtinë / Priština,,,FALSE,HUMAN_OBSERVATION,22,,obsr1505715,,CLO,EBIRD,OBS1450743969,4fa7b334-ce0d-4e88-aaae-2e0c138d049e,CC_BY_4_0,CONTINENT_DERIVED_FROM_COORDINATES;TAXON_CONCEPT_ID_NOT_FOUND
4343021167,"Aythya ferina (Linnaeus, 1758)",Aythya ferina,Common Pochard,Animalia,Chordata,Aves,Anseriformes,Anatidae,Aythya,SPECIES,2498255,2498255,VU,Vulnerable,2022-07-31,2022,7,31,42.605972,21.060795,,,M9 Bridge over Sitnica River,Fushë Kosovë / Kosovo Polje,Prishtinë / Priština,,,FALSE,HUMAN_OBSERVATION,6,,obsr1505715,,CLO,EBIRD,OBS1489382364,4fa7b334-ce0d-4e88-aaae-2e0c138d049e,CC_BY_4_0,CONTINENT_DERIVED_FROM_COORDINATES;TAXON_CONCEPT_ID_NOT_FOUND
4341020589,"Streptopelia turtur (Linnaeus, 1758)",Streptopelia turtur,European Turtle-Dove,Animalia,Chordata,Aves,Columbiformes,Columbidae,Streptopelia,SPECIES,2495708,2495708,VU,Vulnerable,2022-06-05,2022,6,5,42.580338,21.58548,,,Kamenica Little Ringed Plover nest site,Kamenicë / Kosovska Kamenica,Gjilan / Gnjilane,,,FALSE,HUMAN_OBSERVATION,1,,obsr1505715,,CLO,EBIRD,OBS1451772967,4fa7b334-ce0d-4e88-aaae-2e0c138d049e,CC_BY_4_0,CONTINENT_DERIVED_FROM_COORDINATES;TAXON_CONCEPT_ID_NOT_FOUND
4339710620,"Aythya ferina (Linnaeus, 1758)",Aythya ferina,Common Pochard,Animalia,Chordata,Aves,Anseriformes,Anatidae,Aythya,SPECIES,2498255,2498255,VU,Vulnerable,2022-06-26,2022,6,26,42.579243,21.048304,,,Ligatinat e Henc (Henc Wetland),Fushë Kosovë / Kosovo Polje,Prishtinë / Priština,Ligatina e Hencit/ Radevës,Wetlands,FALSE,HUMAN_OBSERVATION,34,,obsr1505715,,CLO,EBIRD,OBS1467273088,4fa7b334-ce0d-4e88-aaae-2e0c138d049e,CC_BY_4_0,CONTINENT_DERIVED_FROM_COORDINATES;TAXON_CONCEPT_ID_NOT_FOUND
4338186880,"Aythya ferina (Linnaeus, 1758)",Aythya ferina,Common Pochard,Animalia,Chordata,Aves,Anseriformes,Anatidae,Aythya,SPECIES,2498255,2498255,VU,Vulnerable,2022-08-18,2022,8,18,42.579243,21.048304,,,Ligatinat e Henc (Henc Wetland),Fushë Kosovë / Kosovo Polje,Prishtinë / Priština,Ligatina e Hencit/ Radevës,Wetlands,FALSE,HUMAN_OBSERVATION,6,,obsr1505715,,CLO,EBIRD,OBS1500273966,4fa7b334-ce0d-4e88-aaae-2e0c138d049e,CC_BY_4_0,CONTINENT_DERIVED_FROM_COORDINATES;TAXON_CONCEPT_ID_NOT_FOUND
4337881654,"Streptopelia turtur (Linnaeus, 1758)",Streptopelia turtur,European Turtle-Dove,Animalia,Chordata,Aves,Columbiformes,Columbidae,Streptopelia,SPECIES,2495708,2495708,VU,Vulnerable,2022-08-12,2022,8,12,42.60393,21.059322,,,M9 Bridge over Sitnica River,Fushë Kosovë / Kosovo Polje,Prishtinë / Priština,,,FALSE,HUMAN_OBSERVATION,1,,obsr300729,,CLO,EBIRD,OBS1496746537,4fa7b334-ce0d-4e88-aaae-2e0c138d049e,CC_BY_4_0,CONTINENT_DERIVED_FROM_COORDINATES;TAXON_CONCEPT_ID_NOT_FOUND
4334247735,"Aythya ferina (Linnaeus, 1758)",Aythya ferina,Common Pochard,Animalia,Chordata,Aves,Anseriformes,Anatidae,Aythya,SPECIES,2498255,2498255,VU,Vulnerable,2022-06-14,2022,6,14,42.60548,21.060678,,,"Rrugë pa emër, Vragoli (42.605, 21.061)",Fushë Kosovë / Kosovo Polje,Prishtinë / Priština,,,FALSE,HUMAN_OBSERVATION,3,,obsr509935,,CLO,EBIRD,OBS1459002210,4fa7b334-ce0d-4e88-aaae-2e0c138d049e,CC_BY_4_0,CONTINENT_DERIVED_FROM_COORDINATES;TAXON_CONCEPT_ID_NOT_FOUND
4331746387,"Streptopelia turtur (Linnaeus, 1758)",Streptopelia turtur,European Turtle-Dove,Animalia,Chordata,Aves,Columbiformes,Columbidae,Streptopelia,SPECIES,2495708,2495708,VU,Vulnerable,2022-09-11,2022,9,11,42.579243,21.048304,,,Ligatinat e Henc (Henc Wetland),Fushë Kosovë / Kosovo Polje,Prishtinë / Priština,Ligatina e Hencit/ Radevës,Wetlands,FALSE,HUMAN_OBSERVATION,1,,obsr1505715,,CLO,EBIRD,OBS1515972286,4fa7b334-ce0d-4e88-aaae-2e0c138d049e,CC_BY_4_0,CONTINENT_DERIVED_FROM_COORDINATES;TAXON_CONCEPT_ID_NOT_FOUND
4329546962,"Aythya ferina (Linnaeus, 1758)",Aythya ferina,Common Pochard,Animalia,Chordata,Aves,Anseriformes,Anatidae,Aythya,SPECIES,2498255,2498255,VU,Vulnerable,2022-09-15,2022,9,15,42.579243,21.048304,,,Ligatinat e Henc (Henc Wetland),Fushë Kosovë / Kosovo Polje,Prishtinë / Priština,Ligatina e Hencit/ Radevës,Wetlands,FALSE,HUMAN_OBSERVATION,2,,obsr1505715,,CLO,EBIRD,OBS1518640904,4fa7b334-ce0d-4e88-aaae-2e0c138d049e,CC_BY_4_0,CONTINENT_DERIVED_FROM_COORDINATES;TAXON_CONCEPT_ID_NOT_FOUND
4326474991,"Aythya ferina (Linnaeus, 1758)",Aythya ferina,Common Pochard,Animalia,Chordata,Aves,Anseriformes,Anatidae,Aythya,SPECIES,2498255,2498255,VU,Vulnerable,2022-08-19,2022,8,19,42.579243,21.048304,,,Ligatinat e Henc (Henc Wetland),Fushë Kosovë / Kosovo Polje,Prishtinë / Priština,Ligatina e Hencit/ Radevës,Wetlands,FALSE,HUMAN_OBSERVATION,1,,obsr1505715,,CLO,EBIRD,OBS1500951050,4fa7b334-ce0d-4e88-aaae-2e0c138d049e,CC_BY_4_0,CONTINENT_DERIVED_FROM_COORDINATES;TAXON_CONCEPT_ID_NOT_FOUND
4326474940,"Streptopelia turtur (Linnaeus, 1758)",Streptopelia turtur,European Turtle-Dove,Animalia,Chordata,Aves,Columbiformes,Columbidae,Streptopelia,SPECIES,2495708,2495708,VU,Vulnerable,2022-08-19,2022,8,19,42.605972,21.060795,,,M9 Bridge over Sitnica River,Fushë Kosovë / Kosovo Polje,Prishtinë / Priština,,,FALSE,HUMAN_OBSERVATION,18,,obsr1505715,,CLO,EBIRD,OBS1500932042,4fa7b334-ce0d-4e88-aaae-2e0c138d049e,CC_BY_4_0,CONTINENT_DERIVED_FROM_COORDINATES;TAXON_CONCEPT_ID_NOT_FOUND
4325481107,"Streptopelia turtur (Linnaeus, 1758)",Streptopelia turtur,European Turtle-Dove,Animalia,Chordata,Aves,Columbiformes,Columbidae,Streptopelia,SPECIES,2495708,2495708,VU,Vulnerable,2022-07-30,2022,7,30,42.579243,21.048304,,,Ligatinat e Henc (Henc Wetland),Fushë Kosovë / Kosovo Polje,Prishtinë / Priština,Ligatina e Hencit/ Radevës,Wetlands,FALSE,HUMAN_OBSERVATION,1,,obsr1505715,,CLO,EBIRD,OBS1488509970,4fa7b334-ce0d-4e88-aaae-2e0c138d049e,CC_BY_4_0,CONTINENT_DERIVED_FROM_COORDINATES;TAXON_CONCEPT_ID_NOT_FOUND
4324389925,"Aythya ferina (Linnaeus, 1758)",Aythya ferina,Common Pochard,Animalia,Chordata,Aves,Anseriformes,Anatidae,Aythya,SPECIES,2498255,2498255,VU,Vulnerable,2022-02-19,2022,2,19,42.579243,21.048304,,,Ligatinat e Henc (Henc Wetland),Fushë Kosovë / Kosovo Polje,Prishtinë / Priština,Ligatina e Hencit/ Radevës,Wetlands,FALSE,HUMAN_OBSERVATION,5,,obsr1505715,,CLO,EBIRD,OBS1345462496,4fa7b334-ce0d-4e88-aaae-2e0c138d049e,CC_BY_4_0,CONTINENT_DERIVED_FROM_COORDINATES;TAXON_CONCEPT_ID_NOT_FOUND
4316524338,"Aythya ferina (Linnaeus, 1758)",Aythya ferina,Common Pochard,Animalia,Chordata,Aves,Anseriformes,Anatidae,Aythya,SPECIES,2498255,2498255,VU,Vulnerable,2022-07-17,2022,7,17,42.579243,21.048304,,,Ligatinat e Henc (Henc Wetland),Fushë Kosovë / Kosovo Polje,Prishtinë / Priština,Ligatina e Hencit/ Radevës,Wetlands,FALSE,HUMAN_OBSERVATION,6,,obsr1505715,,CLO,EBIRD,OBS1480829142,4fa7b334-ce0d-4e88-aaae-2e0c138d049e,CC_BY_4_0,CONTINENT_DERIVED_FROM_COORDINATES;TAXON_CONCEPT_ID_NOT_FOUND
4315232871,"Streptopelia turtur (Linnaeus, 1758)",Streptopelia turtur,European Turtle-Dove,Animalia,Chordata,Aves,Columbiformes,Columbidae,Streptopelia,SPECIES,2495708,2495708,VU,Vulnerable,2022-08-16,2022,8,16,42.579243,21.048304,,,Ligatinat e Henc (Henc Wetland),Fushë Kosovë / Kosovo Polje,Prishtinë / Priština,Ligatina e Hencit/ Radevës,Wetlands,FALSE,HUMAN_OBSERVATION,1,,obsr1505715,,CLO,EBIRD,OBS1499072052,4fa7b334-ce0d-4e88-aaae-2e0c138d049e,CC_BY_4_0,CONTINENT_DERIVED_FROM_COORDINATES;TAXON_CONCEPT_ID_NOT_FOUND
4313781700,"Aythya ferina (Linnaeus, 1758)",Aythya ferina,Common Pochard,Animalia,Chordata,Aves,Anseriformes,Anatidae,Aythya,SPECIES,2498255,2498255,VU,Vulnerable,2022-08-23,2022,8,23,42.579243,21.048304,,,Ligatinat e Henc (Henc Wetland),Fushë Kosovë / Kosovo Polje,Prishtinë / Priština,Ligatina e Hencit/ Radevës,Wetlands,FALSE,HUMAN_OBSERVATION,9,,obsr1505715,,CLO,EBIRD,OBS1503564053,4fa7b334-ce0d-4e88-aaae-2e0c138d049e,CC_BY_4_0,CONTINENT_DERIVED_FROM_COORDINATES;TAXON_CONCEPT_ID_NOT_FOUND
4312068764,"Aythya ferina (Linnaeus, 1758)",Aythya ferina,Common Pochard,Animalia,Chordata,Aves,Anseriformes,Anatidae,Aythya,SPECIES,2498255,2498255,VU,Vulnerable,2022-05-15,2022,5,15,42.579243,21.048304,,,Ligatinat e Henc (Henc Wetland),Fushë Kosovë / Kosovo Polje,Prishtinë / Priština,Ligatina e Hencit/ Radevës,Wetlands,FALSE,HUMAN_OBSERVATION,20,,obsr1505715,,CLO,EBIRD,OBS1430023176,4fa7b334-ce0d-4e88-aaae-2e0c138d049e,CC_BY_4_0,CONTINENT_DERIVED_FROM_COORDINATES;TAXON_CONCEPT_ID_NOT_FOUND
4311448349,"Aythya ferina (Linnaeus, 1758)",Aythya ferina,Common Pochard,Animalia,Chordata,Aves,Anseriformes,Anatidae,Aythya,SPECIES,2498255,2498255,VU,Vulnerable,2022-03-27,2022,3,27,42.579243,21.048304,,,Ligatinat e Henc (Henc Wetland),Fushë Kosovë / Kosovo Polje,Prishtinë / Priština,Ligatina e Hencit/ Radevës,Wetlands,FALSE,HUMAN_OBSERVATION,45,,obsr1505715,,CLO,EBIRD,OBS1375836471,4fa7b334-ce0d-4e88-aaae-2e0c138d049e,CC_BY_4_0,CONTINENT_DERIVED_FROM_COORDINATES;TAXON_CONCEPT_ID_NOT_FOUND
4308975647,"Aythya ferina (Linnaeus, 1758)",Aythya ferina,Common Pochard,Animalia,Chordata,Aves,Anseriformes,Anatidae,Aythya,SPECIES,2498255,2498255,VU,Vulnerable,2022-05-15,2022,5,15,42.605972,21.060795,,,M9 Bridge over Sitnica River,Fushë Kosovë / Kosovo Polje,Prishtinë / Priština,,,FALSE,HUMAN_OBSERVATION,17,,obsr1505715,,CLO,EBIRD,OBS1429892240,4fa7b334-ce0d-4e88-aaae-2e0c138d049e,CC_BY_4_0,CONTINENT_DERIVED_FROM_COORDINATES;TAXON_CONCEPT_ID_NOT_FOUND
4308396829,"Aythya ferina (Linnaeus, 1758)",Aythya ferina,Common Pochard,Animalia,Chordata,Aves,Anseriformes,Anatidae,Aythya,SPECIES,2498255,2498255,VU,Vulnerable,2022-06-14,2022,6,14,42.60548,21.060678,,,"Rrugë pa emër, Vragoli (42.605, 21.061)",Fushë Kosovë / Kosovo Polje,Prishtinë / Priština,,,FALSE,HUMAN_OBSERVATION,3,,obsr1505715,,CLO,EBIRD,OBS1488729368,4fa7b334-ce0d-4e88-aaae-2e0c138d049e,CC_BY_4_0,CONTINENT_DERIVED_FROM_COORDINATES;TAXON_CONCEPT_ID_NOT_FOUND
4308196541,"Aythya ferina (Linnaeus, 1758)",Aythya ferina,Common Pochard,Animalia,Chordata,Aves,Anseriformes,Anatidae,Aythya,SPECIES,2498255,2498255,VU,Vulnerable,2022-07-04,2022,7,4,42.579243,21.048304,,,Ligatinat e Henc (Henc Wetland),Fushë Kosovë / Kosovo Polje,Prishtinë / Priština,Ligatina e Hencit/ Radevës,Wetlands,FALSE,HUMAN_OBSERVATION,5,,obsr1505715,,CLO,EBIRD,OBS1472736200,4fa7b334-ce0d-4e88-aaae-2e0c138d049e,CC_BY_4_0,CONTINENT_DERIVED_FROM_COORDINATES;TAXON_CONCEPT_ID_NOT_FOUND
4297803853,"Streptopelia turtur (Linnaeus, 1758)",Streptopelia turtur,European Turtle-Dove,Animalia,Chordata,Aves,Columbiformes,Columbidae,Streptopelia,SPECIES,2495708,2495708,VU,Vulnerable,2018-05-13,2018,5,13,42.579243,21.048304,,,Ligatinat e Henc (Henc Wetland),Fushë Kosovë / Kosovo Polje,Prishtinë / Priština,Ligatina e Hencit/ Radevës,Wetlands,FALSE,HUMAN_OBSERVATION,,,obsr3459667,,CLO,EBIRD,OBS1612839802,4fa7b334-ce0d-4e88-aaae-2e0c138d049e,CC_BY_4_0,CONTINENT_DERIVED_FROM_COORDINATES;TAXON_CONCEPT_ID_NOT_FOUND
4292334725,"Aythya ferina (Linnaeus, 1758)",Aythya ferina,Common Pochard,Animalia,Chordata,Aves,Anseriformes,Anatidae,Aythya,SPECIES,2498255,2498255,VU,Vulnerable,2022-06-14,2022,6,14,42.587215,21.068747,,,"Batushë (42.587, 21.069)",Fushë Kosovë / Kosovo Polje,Prishtinë / Priština,,,FALSE,HUMAN_OBSERVATION,10,,obsr1505715,,CLO,EBIRD,OBS1488729319,4fa7b334-ce0d-4e88-aaae-2e0c138d049e,CC_BY_4_0,CONTINENT_DERIVED_FROM_COORDINATES;TAXON_CONCEPT_ID_NOT_FOUND
4290725281,"Aythya ferina (Linnaeus, 1758)",Aythya ferina,Common Pochard,Animalia,Chordata,Aves,Anseriformes,Anatidae,Aythya,SPECIES,2498255,2498255,VU,Vulnerable,2018-05-13,2018,5,13,42.579243,21.048304,,,Ligatinat e Henc (Henc Wetland),Fushë Kosovë / Kosovo Polje,Prishtinë / Priština,Ligatina e Hencit/ Radevës,Wetlands,FALSE,HUMAN_OBSERVATION,,,obsr3459667,,CLO,EBIRD,OBS1612839799,4fa7b334-ce0d-4e88-aaae-2e0c138d049e,CC_BY_4_0,CONTINENT_DERIVED_FROM_COORDINATES;TAXON_CONCEPT_ID_NOT_FOUND
4290026533,"Aythya ferina (Linnaeus, 1758)",Aythya ferina,Common Pochard,Animalia,Chordata,Aves,Anseriformes,Anatidae,Aythya,SPECIES,2498255,2498255,VU,Vulnerable,2022-07-02,2022,7,2,42.605972,21.060795,,,M9 Bridge over Sitnica River,Fushë Kosovë / Kosovo Polje,Prishtinë / Priština,,,FALSE,HUMAN_OBSERVATION,5,,obsr1505715,,CLO,EBIRD,OBS1471242127,4fa7b334-ce0d-4e88-aaae-2e0c138d049e,CC_BY_4_0,CONTINENT_DERIVED_FROM_COORDINATES;TAXON_CONCEPT_ID_NOT_FOUND
4289341357,"Aythya ferina (Linnaeus, 1758)",Aythya ferina,Common Pochard,Animalia,Chordata,Aves,Anseriformes,Anatidae,Aythya,SPECIES,2498255,2498255,VU,Vulnerable,2022-07-24,2022,7,24,42.605972,21.060795,,,M9 Bridge over Sitnica River,Fushë Kosovë / Kosovo Polje,Prishtinë / Priština,,,FALSE,HUMAN_OBSERVATION,7,,obsr1505715,,CLO,EBIRD,OBS1485008946,4fa7b334-ce0d-4e88-aaae-2e0c138d049e,CC_BY_4_0,CONTINENT_DERIVED_FROM_COORDINATES;TAXON_CONCEPT_ID_NOT_FOUND
4287485458,"Streptopelia turtur (Linnaeus, 1758)",Streptopelia turtur,European Turtle-Dove,Animalia,Chordata,Aves,Columbiformes,Columbidae,Streptopelia,SPECIES,2495708,2495708,VU,Vulnerable,2022-07-03,2022,7,3,42.605972,21.060795,,,M9 Bridge over Sitnica River,Fushë Kosovë / Kosovo Polje,Prishtinë / Priština,,,FALSE,HUMAN_OBSERVATION,1,,obsr1505715,,CLO,EBIRD,OBS1471990158,4fa7b334-ce0d-4e88-aaae-2e0c138d049e,CC_BY_4_0,CONTINENT_DERIVED_FROM_COORDINATES;TAXON_CONCEPT_ID_NOT_FOUND
4286326627,"Aythya ferina (Linnaeus, 1758)",Aythya ferina,Common Pochard,Animalia,Chordata,Aves,Anseriformes,Anatidae,Aythya,SPECIES,2498255,2498255,VU,Vulnerable,2022-08-11,2022,8,11,42.579243,21.048304,,,Ligatinat e Henc (Henc Wetland),Fushë Kosovë / Kosovo Polje,Prishtinë / Priština,Ligatina e Hencit/ Radevës,Wetlands,FALSE,HUMAN_OBSERVATION,10,,obsr1505715,,CLO,EBIRD,OBS1495852294,4fa7b334-ce0d-4e88-aaae-2e0c138d049e,CC_BY_4_0,CONTINENT_DERIVED_FROM_COORDINATES;TAXON_CONCEPT_ID_NOT_FOUND
4281778204,"Calidris ferruginea (Pontoppidan, 1763)",Calidris ferruginea,Curlew Sandpiper,Animalia,Chordata,Aves,Charadriiformes,Scolopacidae,Calidris,SPECIES,2481741,2481741,VU,Vulnerable,2022-05-15,2022,5,15,42.605972,21.060795,,,M9 Bridge over Sitnica River,Fushë Kosovë / Kosovo Polje,Prishtinë / Priština,,,FALSE,HUMAN_OBSERVATION,6,,obsr1505715,,CLO,EBIRD,OBS1429892255,4fa7b334-ce0d-4e88-aaae-2e0c138d049e,CC_BY_4_0,CONTINENT_DERIVED_FROM_COORDINATES;TAXON_CONCEPT_ID_NOT_FOUND
4278265404,"Streptopelia turtur (Linnaeus, 1758)",Streptopelia turtur,European Turtle-Dove,Animalia,Chordata,Aves,Columbiformes,Columbidae,Streptopelia,SPECIES,2495708,2495708,VU,Vulnerable,2022-04-27,2022,4,27,42.53132,20.271832,,,"Rrugë pa emër, Hulaj (42.531, 20.272)",Deçan / Dečani,Gjakovë / Đakovica,,,FALSE,HUMAN_OBSERVATION,2,,obsr890558,,CLO,EBIRD,OBS1410704655,4fa7b334-ce0d-4e88-aaae-2e0c138d049e,CC_BY_4_0,CONTINENT_DERIVED_FROM_COORDINATES;TAXON_CONCEPT_ID_NOT_FOUND
4277659692,"Aythya ferina (Linnaeus, 1758)",Aythya ferina,Common Pochard,Animalia,Chordata,Aves,Anseriformes,Anatidae,Aythya,SPECIES,2498255,2498255,VU,Vulnerable,2022-04-25,2022,4,25,42.605972,21.060795,,,M9 Bridge over Sitnica River,Fushë Kosovë / Kosovo Polje,Prishtinë / Priština,,,FALSE,HUMAN_OBSERVATION,15,,obsr1505715,,CLO,EBIRD,OBS1403463217,4fa7b334-ce0d-4e88-aaae-2e0c138d049e,CC_BY_4_0,CONTINENT_DERIVED_FROM_COORDINATES;TAXON_CONCEPT_ID_NOT_FOUND
4274148619,"Aythya ferina (Linnaeus, 1758)",Aythya ferina,Common Pochard,Animalia,Chordata,Aves,Anseriformes,Anatidae,Aythya,SPECIES,2498255,2498255,VU,Vulnerable,2022-07-11,2022,7,11,42.605972,21.060795,,,M9 Bridge over Sitnica River,Fushë Kosovë / Kosovo Polje,Prishtinë / Priština,,,FALSE,HUMAN_OBSERVATION,7,,obsr1505715,,CLO,EBIRD,OBS1477399132,4fa7b334-ce0d-4e88-aaae-2e0c138d049e,CC_BY_4_0,CONTINENT_DERIVED_FROM_COORDINATES;TAXON_CONCEPT_ID_NOT_FOUND
4272567203,"Aythya ferina (Linnaeus, 1758)",Aythya ferina,Common Pochard,Animalia,Chordata,Aves,Anseriformes,Anatidae,Aythya,SPECIES,2498255,2498255,VU,Vulnerable,2022-07-31,2022,7,31,42.579243,21.048304,,,Ligatinat e Henc (Henc Wetland),Fushë Kosovë / Kosovo Polje,Prishtinë / Priština,Ligatina e Hencit/ Radevës,Wetlands,FALSE,HUMAN_OBSERVATION,1,,obsr1505715,,CLO,EBIRD,OBS1489173461,4fa7b334-ce0d-4e88-aaae-2e0c138d049e,CC_BY_4_0,CONTINENT_DERIVED_FROM_COORDINATES;TAXON_CONCEPT_ID_NOT_FOUND
4272340982,"Aythya ferina (Linnaeus, 1758)",Aythya ferina,Common Pochard,Animalia,Chordata,Aves,Anseriformes,Anatidae,Aythya,SPECIES,2498255,2498255,VU,Vulnerable,2022-03-06,2022,3,6,42.579243,21.048304,,,Ligatinat e Henc (Henc Wetland),Fushë Kosovë / Kosovo Polje,Prishtinë / Priština,Ligatina e Hencit/ Radevës,Wetlands,FALSE,HUMAN_OBSERVATION,27,,obsr1505715,,CLO,EBIRD,OBS1358978389,4fa7b334-ce0d-4e88-aaae-2e0c138d049e,CC_BY_4_0,CONTINENT_DERIVED_FROM_COORDINATES;TAXON_CONCEPT_ID_NOT_FOUND
4270311430,"Streptopelia turtur (Linnaeus, 1758)",Streptopelia turtur,European Turtle-Dove,Animalia,Chordata,Aves,Columbiformes,Columbidae,Streptopelia,SPECIES,2495708,2495708,VU,Vulnerable,2022-07-02,2022,7,2,42.605972,21.060795,,,M9 Bridge over Sitnica River,Fushë Kosovë / Kosovo Polje,Prishtinë / Priština,,,FALSE,HUMAN_OBSERVATION,2,,obsr1505715,,CLO,EBIRD,OBS1471242107,4fa7b334-ce0d-4e88-aaae-2e0c138d049e,CC_BY_4_0,CONTINENT_DERIVED_FROM_COORDINATES;TAXON_CONCEPT_ID_NOT_FOUND
4265587106,"Aythya ferina (Linnaeus, 1758)",Aythya ferina,Common Pochard,Animalia,Chordata,Aves,Anseriformes,Anatidae,Aythya,SPECIES,2498255,2498255,VU,Vulnerable,2022-08-12,2022,8,12,42.579243,21.048304,,,Ligatinat e Henc (Henc Wetland),Fushë Kosovë / Kosovo Polje,Prishtinë / Priština,Ligatina e Hencit/ Radevës,Wetlands,FALSE,HUMAN_OBSERVATION,1,,obsr300729,,CLO,EBIRD,OBS1496740991,4fa7b334-ce0d-4e88-aaae-2e0c138d049e,CC_BY_4_0,CONTINENT_DERIVED_FROM_COORDINATES;TAXON_CONCEPT_ID_NOT_FOUND
4264941700,"Aythya ferina (Linnaeus, 1758)",Aythya ferina,Common Pochard,Animalia,Chordata,Aves,Anseriformes,Anatidae,Aythya,SPECIES,2498255,2498255,VU,Vulnerable,2022-09-26,2022,9,26,42.579243,21.048304,,,Ligatinat e Henc (Henc Wetland),Fushë Kosovë / Kosovo Polje,Prishtinë / Priština,Ligatina e Hencit/ Radevës,Wetlands,FALSE,HUMAN_OBSERVATION,5,,obsr1505715,,CLO,EBIRD,OBS1527641656,4fa7b334-ce0d-4e88-aaae-2e0c138d049e,CC_BY_4_0,CONTINENT_DERIVED_FROM_COORDINATES;TAXON_CONCEPT_ID_NOT_FOUND
4258505904,"Aythya ferina (Linnaeus, 1758)",Aythya ferina,Common Pochard,Animalia,Chordata,Aves,Anseriformes,Anatidae,Aythya,SPECIES,2498255,2498255,VU,Vulnerable,2022-06-14,2022,6,14,42.587215,21.068747,,,"Batushë (42.587, 21.069)",Fushë Kosovë / Kosovo Polje,Prishtinë / Priština,,,FALSE,HUMAN_OBSERVATION,10,,obsr509935,,CLO,EBIRD,OBS1459672194,4fa7b334-ce0d-4e88-aaae-2e0c138d049e,CC_BY_4_0,CONTINENT_DERIVED_FROM_COORDINATES;TAXON_CONCEPT_ID_NOT_FOUND
4257599903,"Aythya ferina (Linnaeus, 1758)",Aythya ferina,Common Pochard,Animalia,Chordata,Aves,Anseriformes,Anatidae,Aythya,SPECIES,2498255,2498255,VU,Vulnerable,2022-08-24,2022,8,24,42.579243,21.048304,,,Ligatinat e Henc (Henc Wetland),Fushë Kosovë / Kosovo Polje,Prishtinë / Priština,Ligatina e Hencit/ Radevës,Wetlands,FALSE,HUMAN_OBSERVATION,100,,obsr1505715,,CLO,EBIRD,OBS1504125434,4fa7b334-ce0d-4e88-aaae-2e0c138d049e,CC_BY_4_0,CONTINENT_DERIVED_FROM_COORDINATES;TAXON_CONCEPT_ID_NOT_FOUND
4255447679,"Aythya ferina (Linnaeus, 1758)",Aythya ferina,Common Pochard,Animalia,Chordata,Aves,Anseriformes,Anatidae,Aythya,SPECIES,2498255,2498255,VU,Vulnerable,2022-08-10,2022,8,10,42.579243,21.048304,,,Ligatinat e Henc (Henc Wetland),Fushë Kosovë / Kosovo Polje,Prishtinë / Priština,Ligatina e Hencit/ Radevës,Wetlands,FALSE,HUMAN_OBSERVATION,20,,obsr1505715,,CLO,EBIRD,OBS1495241492,4fa7b334-ce0d-4e88-aaae-2e0c138d049e,CC_BY_4_0,CONTINENT_DERIVED_FROM_COORDINATES;TAXON_CONCEPT_ID_NOT_FOUND
4254992983,"Aythya ferina (Linnaeus, 1758)",Aythya ferina,Common Pochard,Animalia,Chordata,Aves,Anseriformes,Anatidae,Aythya,SPECIES,2498255,2498255,VU,Vulnerable,2022-05-28,2022,5,28,42.579243,21.048304,,,Ligatinat e Henc (Henc Wetland),Fushë Kosovë / Kosovo Polje,Prishtinë / Priština,Ligatina e Hencit/ Radevës,Wetlands,FALSE,HUMAN_OBSERVATION,25,,obsr1505715,,CLO,EBIRD,OBS1444467089,4fa7b334-ce0d-4e88-aaae-2e0c138d049e,CC_BY_4_0,CONTINENT_DERIVED_FROM_COORDINATES;TAXON_CONCEPT_ID_NOT_FOUND
4253626320,"Aythya ferina (Linnaeus, 1758)",Aythya ferina,Common Pochard,Animalia,Chordata,Aves,Anseriformes,Anatidae,Aythya,SPECIES,2498255,2498255,VU,Vulnerable,2022-08-13,2022,8,13,42.579243,21.048304,,,Ligatinat e Henc (Henc Wetland),Fushë Kosovë / Kosovo Polje,Prishtinë / Priština,Ligatina e Hencit/ Radevës,Wetlands,FALSE,HUMAN_OBSERVATION,1,,obsr1505715,,CLO,EBIRD,OBS1497032908,4fa7b334-ce0d-4e88-aaae-2e0c138d049e,CC_BY_4_0,CONTINENT_DERIVED_FROM_COORDINATES;TAXON_CONCEPT_ID_NOT_FOUND
4249630641,"Aythya ferina (Linnaeus, 1758)",Aythya ferina,Common Pochard,Animalia,Chordata,Aves,Anseriformes,Anatidae,Aythya,SPECIES,2498255,2498255,VU,Vulnerable,2022-08-25,2022,8,25,42.579243,21.048304,,,Ligatinat e Henc (Henc Wetland),Fushë Kosovë / Kosovo Polje,Prishtinë / Priština,Ligatina e Hencit/ Radevës,Wetlands,FALSE,HUMAN_OBSERVATION,9,,obsr1505715,,CLO,EBIRD,OBS1504700745,4fa7b334-ce0d-4e88-aaae-2e0c138d049e,CC_BY_4_0,CONTINENT_DERIVED_FROM_COORDINATES;TAXON_CONCEPT_ID_NOT_FOUND
4240466579,"Aythya ferina (Linnaeus, 1758)",Aythya ferina,Common Pochard,Animalia,Chordata,Aves,Anseriformes,Anatidae,Aythya,SPECIES,2498255,2498255,VU,Vulnerable,2022-08-27,2022,8,27,42.579243,21.048304,,,Ligatinat e Henc (Henc Wetland),Fushë Kosovë / Kosovo Polje,Prishtinë / Priština,Ligatina e Hencit/ Radevës,Wetlands,FALSE,HUMAN_OBSERVATION,3,,obsr1505715,,CLO,EBIRD,OBS1505951743,4fa7b334-ce0d-4e88-aaae-2e0c138d049e,CC_BY_4_0,CONTINENT_DERIVED_FROM_COORDINATES;TAXON_CONCEPT_ID_NOT_FOUND
4239976387,"Aythya ferina (Linnaeus, 1758)",Aythya ferina,Common Pochard,Animalia,Chordata,Aves,Anseriformes,Anatidae,Aythya,SPECIES,2498255,2498255,VU,Vulnerable,2022-06-04,2022,6,4,42.579243,21.048304,,,Ligatinat e Henc (Henc Wetland),Fushë Kosovë / Kosovo Polje,Prishtinë / Priština,Ligatina e Hencit/ Radevës,Wetlands,FALSE,HUMAN_OBSERVATION,20,,obsr1505715,,CLO,EBIRD,OBS1450776150,4fa7b334-ce0d-4e88-aaae-2e0c138d049e,CC_BY_4_0,CONTINENT_DERIVED_FROM_COORDINATES;TAXON_CONCEPT_ID_NOT_FOUND
4239519458,"Aythya ferina (Linnaeus, 1758)",Aythya ferina,Common Pochard,Animalia,Chordata,Aves,Anseriformes,Anatidae,Aythya,SPECIES,2498255,2498255,VU,Vulnerable,2022-07-30,2022,7,30,42.605972,21.060795,,,M9 Bridge over Sitnica River,Fushë Kosovë / Kosovo Polje,Prishtinë / Priština,,,FALSE,HUMAN_OBSERVATION,7,,obsr1505715,,CLO,EBIRD,OBS1488474755,4fa7b334-ce0d-4e88-aaae-2e0c138d049e,CC_BY_4_0,CONTINENT_DERIVED_FROM_COORDINATES;TAXON_CONCEPT_ID_NOT_FOUND
4238918080,"Aythya ferina (Linnaeus, 1758)",Aythya ferina,Common Pochard,Animalia,Chordata,Aves,Anseriformes,Anatidae,Aythya,SPECIES,2498255,2498255,VU,Vulnerable,2022-03-26,2022,3,26,42.579243,21.048304,,,Ligatinat e Henc (Henc Wetland),Fushë Kosovë / Kosovo Polje,Prishtinë / Priština,Ligatina e Hencit/ Radevës,Wetlands,FALSE,HUMAN_OBSERVATION,100,,obsr1505715,,CLO,EBIRD,OBS1374853818,4fa7b334-ce0d-4e88-aaae-2e0c138d049e,CC_BY_4_0,CONTINENT_DERIVED_FROM_COORDINATES;TAXON_CONCEPT_ID_NOT_FOUND
4237129283,"Aythya ferina (Linnaeus, 1758)",Aythya ferina,Common Pochard,Animalia,Chordata,Aves,Anseriformes,Anatidae,Aythya,SPECIES,2498255,2498255,VU,Vulnerable,2022-08-07,2022,8,7,42.579243,21.048304,,,Ligatinat e Henc (Henc Wetland),Fushë Kosovë / Kosovo Polje,Prishtinë / Priština,Ligatina e Hencit/ Radevës,Wetlands,FALSE,HUMAN_OBSERVATION,1,,obsr1505715,,CLO,EBIRD,OBS1493378487,4fa7b334-ce0d-4e88-aaae-2e0c138d049e,CC_BY_4_0,CONTINENT_DERIVED_FROM_COORDINATES;TAXON_CONCEPT_ID_NOT_FOUND
4237094694,"Aythya ferina (Linnaeus, 1758)",Aythya ferina,Common Pochard,Animalia,Chordata,Aves,Anseriformes,Anatidae,Aythya,SPECIES,2498255,2498255,VU,Vulnerable,2022-05-21,2022,5,21,42.605972,21.060795,,,M9 Bridge over Sitnica River,Fushë Kosovë / Kosovo Polje,Prishtinë / Priština,,,FALSE,HUMAN_OBSERVATION,9,,obsr1505715,,CLO,EBIRD,OBS1437291345,4fa7b334-ce0d-4e88-aaae-2e0c138d049e,CC_BY_4_0,CONTINENT_DERIVED_FROM_COORDINATES;TAXON_CONCEPT_ID_NOT_FOUND
4236825667,"Aythya ferina (Linnaeus, 1758)",Aythya ferina,Common Pochard,Animalia,Chordata,Aves,Anseriformes,Anatidae,Aythya,SPECIES,2498255,2498255,VU,Vulnerable,2022-03-13,2022,3,13,42.579243,21.048304,,,Ligatinat e Henc (Henc Wetland),Fushë Kosovë / Kosovo Polje,Prishtinë / Priština,Ligatina e Hencit/ Radevës,Wetlands,FALSE,HUMAN_OBSERVATION,37,,obsr1505715,,CLO,EBIRD,OBS1364454746,4fa7b334-ce0d-4e88-aaae-2e0c138d049e,CC_BY_4_0,CONTINENT_DERIVED_FROM_COORDINATES;TAXON_CONCEPT_ID_NOT_FOUND
4236514614,"Aythya ferina (Linnaeus, 1758)",Aythya ferina,Common Pochard,Animalia,Chordata,Aves,Anseriformes,Anatidae,Aythya,SPECIES,2498255,2498255,VU,Vulnerable,2022-05-28,2022,5,28,42.605972,21.060795,,,M9 Bridge over Sitnica River,Fushë Kosovë / Kosovo Polje,Prishtinë / Priština,,,FALSE,HUMAN_OBSERVATION,23,,obsr1505715,,CLO,EBIRD,OBS1444444420,4fa7b334-ce0d-4e88-aaae-2e0c138d049e,CC_BY_4_0,CONTINENT_DERIVED_FROM_COORDINATES;TAXON_CONCEPT_ID_NOT_FOUND
4230172375,"Aythya ferina (Linnaeus, 1758)",Aythya ferina,Common Pochard,Animalia,Chordata,Aves,Anseriformes,Anatidae,Aythya,SPECIES,2498255,2498255,VU,Vulnerable,2022-05-14,2022,5,14,42.579243,21.048304,,,Ligatinat e Henc (Henc Wetland),Fushë Kosovë / Kosovo Polje,Prishtinë / Priština,Ligatina e Hencit/ Radevës,Wetlands,FALSE,HUMAN_OBSERVATION,27,,obsr1505715,,CLO,EBIRD,OBS1427166836,4fa7b334-ce0d-4e88-aaae-2e0c138d049e,CC_BY_4_0,CONTINENT_DERIVED_FROM_COORDINATES;TAXON_CONCEPT_ID_NOT_FOUND
4221064915,"Aythya ferina (Linnaeus, 1758)",Aythya ferina,Common Pochard,Animalia,Chordata,Aves,Anseriformes,Anatidae,Aythya,SPECIES,2498255,2498255,VU,Vulnerable,2022-02-21,2022,2,21,42.579243,21.048304,,,Ligatinat e Henc (Henc Wetland),Fushë Kosovë / Kosovo Polje,Prishtinë / Priština,Ligatina e Hencit/ Radevës,Wetlands,FALSE,HUMAN_OBSERVATION,5,,obsr1505715,,CLO,EBIRD,OBS1348279213,4fa7b334-ce0d-4e88-aaae-2e0c138d049e,CC_BY_4_0,CONTINENT_DERIVED_FROM_COORDINATES;TAXON_CONCEPT_ID_NOT_FOUND
4219926748,"Aythya ferina (Linnaeus, 1758)",Aythya ferina,Common Pochard,Animalia,Chordata,Aves,Anseriformes,Anatidae,Aythya,SPECIES,2498255,2498255,VU,Vulnerable,2022-02-20,2022,2,20,42.579243,21.048304,,,Ligatinat e Henc (Henc Wetland),Fushë Kosovë / Kosovo Polje,Prishtinë / Priština,Ligatina e Hencit/ Radevës,Wetlands,FALSE,HUMAN_OBSERVATION,6,,obsr1505715,,CLO,EBIRD,OBS1346855339,4fa7b334-ce0d-4e88-aaae-2e0c138d049e,CC_BY_4_0,CONTINENT_DERIVED_FROM_COORDINATES;TAXON_CONCEPT_ID_NOT_FOUND
4219301411,"Streptopelia turtur (Linnaeus, 1758)",Streptopelia turtur,European Turtle-Dove,Animalia,Chordata,Aves,Columbiformes,Columbidae,Streptopelia,SPECIES,2495708,2495708,VU,Vulnerable,2022-07-06,2022,7,6,42.66031,20.270985,,,Peja Upper River Valley,Pejë / Peć,Pejë / Peć,,,FALSE,HUMAN_OBSERVATION,2,,obsr648811,,CLO,EBIRD,OBS1474368320,4fa7b334-ce0d-4e88-aaae-2e0c138d049e,CC_BY_4_0,CONTINENT_DERIVED_FROM_COORDINATES;TAXON_CONCEPT_ID_NOT_FOUND
4214010060,"Aythya ferina (Linnaeus, 1758)",Aythya ferina,Common Pochard,Animalia,Chordata,Aves,Anseriformes,Anatidae,Aythya,SPECIES,2498255,2498255,VU,Vulnerable,2022-08-13,2022,8,13,42.579243,21.048304,,,Ligatinat e Henc (Henc Wetland),Fushë Kosovë / Kosovo Polje,Prishtinë / Priština,Ligatina e Hencit/ Radevës,Wetlands,FALSE,HUMAN_OBSERVATION,2,,obsr300729,,CLO,EBIRD,OBS1497270302,4fa7b334-ce0d-4e88-aaae-2e0c138d049e,CC_BY_4_0,CONTINENT_DERIVED_FROM_COORDINATES;TAXON_CONCEPT_ID_NOT_FOUND
4211691075,"Streptopelia turtur (Linnaeus, 1758)",Streptopelia turtur,European Turtle-Dove,Animalia,Chordata,Aves,Columbiformes,Columbidae,Streptopelia,SPECIES,2495708,2495708,VU,Vulnerable,2022-08-13,2022,8,13,42.548103,21.043095,,,Kosovo fields South of Pristina airport,Lipjan / Lipljan,Prishtinë / Priština,,,FALSE,HUMAN_OBSERVATION,2,,obsr300729,,CLO,EBIRD,OBS1497268184,4fa7b334-ce0d-4e88-aaae-2e0c138d049e,CC_BY_4_0,CONTINENT_DERIVED_FROM_COORDINATES;TAXON_CONCEPT_ID_NOT_FOUND
4209110265,"Aythya ferina (Linnaeus, 1758)",Aythya ferina,Common Pochard,Animalia,Chordata,Aves,Anseriformes,Anatidae,Aythya,SPECIES,2498255,2498255,VU,Vulnerable,2022-08-09,2022,8,9,42.579243,21.048304,,,Ligatinat e Henc (Henc Wetland),Fushë Kosovë / Kosovo Polje,Prishtinë / Priština,Ligatina e Hencit/ Radevës,Wetlands,FALSE,HUMAN_OBSERVATION,8,,obsr1505715,,CLO,EBIRD,OBS1494601586,4fa7b334-ce0d-4e88-aaae-2e0c138d049e,CC_BY_4_0,CONTINENT_DERIVED_FROM_COORDINATES;TAXON_CONCEPT_ID_NOT_FOUND
4195168372,"Aythya ferina (Linnaeus, 1758)",Aythya ferina,Common Pochard,Animalia,Chordata,Aves,Anseriformes,Anatidae,Aythya,SPECIES,2498255,2498255,VU,Vulnerable,2022-08-06,2022,8,6,42.579243,21.048304,,,Ligatinat e Henc (Henc Wetland),Fushë Kosovë / Kosovo Polje,Prishtinë / Priština,Ligatina e Hencit/ Radevës,Wetlands,FALSE,HUMAN_OBSERVATION,9,,obsr1505715,,CLO,EBIRD,OBS1492768699,4fa7b334-ce0d-4e88-aaae-2e0c138d049e,CC_BY_4_0,CONTINENT_DERIVED_FROM_COORDINATES;TAXON_CONCEPT_ID_NOT_FOUND
4193312620,"Aythya ferina (Linnaeus, 1758)",Aythya ferina,Common Pochard,Animalia,Chordata,Aves,Anseriformes,Anatidae,Aythya,SPECIES,2498255,2498255,VU,Vulnerable,2022-08-17,2022,8,17,42.579243,21.048304,,,Ligatinat e Henc (Henc Wetland),Fushë Kosovë / Kosovo Polje,Prishtinë / Priština,Ligatina e Hencit/ Radevës,Wetlands,FALSE,HUMAN_OBSERVATION,17,,obsr1505715,,CLO,EBIRD,OBS1499716945,4fa7b334-ce0d-4e88-aaae-2e0c138d049e,CC_BY_4_0,CONTINENT_DERIVED_FROM_COORDINATES;TAXON_CONCEPT_ID_NOT_FOUND
4188952987,"Streptopelia turtur (Linnaeus, 1758)",Streptopelia turtur,European Turtle-Dove,Animalia,Chordata,Aves,Columbiformes,Columbidae,Streptopelia,SPECIES,2495708,2495708,VU,Vulnerable,2022-08-13,2022,8,13,42.568893,21.048882,,,"Auto selected 42.56889, 21.04888",Fushë Kosovë / Kosovo Polje,Prishtinë / Priština,,,FALSE,HUMAN_OBSERVATION,2,,obsr1505715,,CLO,EBIRD,OBS1497038522,4fa7b334-ce0d-4e88-aaae-2e0c138d049e,CC_BY_4_0,CONTINENT_DERIVED_FROM_COORDINATES;TAXON_CONCEPT_ID_NOT_FOUND
4184522049,"Aythya ferina (Linnaeus, 1758)",Aythya ferina,Common Pochard,Animalia,Chordata,Aves,Anseriformes,Anatidae,Aythya,SPECIES,2498255,2498255,VU,Vulnerable,2022-08-28,2022,8,28,42.579243,21.048304,,,Ligatinat e Henc (Henc Wetland),Fushë Kosovë / Kosovo Polje,Prishtinë / Priština,Ligatina e Hencit/ Radevës,Wetlands,FALSE,HUMAN_OBSERVATION,3,,obsr1505715,,CLO,EBIRD,OBS1506638744,4fa7b334-ce0d-4e88-aaae-2e0c138d049e,CC_BY_4_0,CONTINENT_DERIVED_FROM_COORDINATES;TAXON_CONCEPT_ID_NOT_FOUND
4183700184,"Streptopelia turtur (Linnaeus, 1758)",Streptopelia turtur,European Turtle-Dove,Animalia,Chordata,Aves,Columbiformes,Columbidae,Streptopelia,SPECIES,2495708,2495708,VU,Vulnerable,2022-08-12,2022,8,12,42.605972,21.060795,,,M9 Bridge over Sitnica River,Fushë Kosovë / Kosovo Polje,Prishtinë / Priština,,,FALSE,HUMAN_OBSERVATION,2,,obsr1505715,,CLO,EBIRD,OBS1496563596,4fa7b334-ce0d-4e88-aaae-2e0c138d049e,CC_BY_4_0,CONTINENT_DERIVED_FROM_COORDINATES;TAXON_CONCEPT_ID_NOT_FOUND
4183161064,"Aythya ferina (Linnaeus, 1758)",Aythya ferina,Common Pochard,Animalia,Chordata,Aves,Anseriformes,Anatidae,Aythya,SPECIES,2498255,2498255,VU,Vulnerable,2022-08-16,2022,8,16,42.579243,21.048304,,,Ligatinat e Henc (Henc Wetland),Fushë Kosovë / Kosovo Polje,Prishtinë / Priština,Ligatina e Hencit/ Radevës,Wetlands,FALSE,HUMAN_OBSERVATION,6,,obsr1505715,,CLO,EBIRD,OBS1499072038,4fa7b334-ce0d-4e88-aaae-2e0c138d049e,CC_BY_4_0,CONTINENT_DERIVED_FROM_COORDINATES;TAXON_CONCEPT_ID_NOT_FOUND
4180733213,"Aythya ferina (Linnaeus, 1758)",Aythya ferina,Common Pochard,Animalia,Chordata,Aves,Anseriformes,Anatidae,Aythya,SPECIES,2498255,2498255,VU,Vulnerable,2022-07-30,2022,7,30,42.579243,21.048304,,,Ligatinat e Henc (Henc Wetland),Fushë Kosovë / Kosovo Polje,Prishtinë / Priština,Ligatina e Hencit/ Radevës,Wetlands,FALSE,HUMAN_OBSERVATION,8,,obsr1505715,,CLO,EBIRD,OBS1488440452,4fa7b334-ce0d-4e88-aaae-2e0c138d049e,CC_BY_4_0,CONTINENT_DERIVED_FROM_COORDINATES;TAXON_CONCEPT_ID_NOT_FOUND
4145205884,"Morimus funereus Mulsant, 1862",Morimus funereus,Cerambice Funereo,Animalia,Arthropoda,Insecta,Coleoptera,Cerambycidae,Morimus,SPECIES,1119288,1119288,VU,Vulnerable,2007-01-01T02:41,2007,1,1,42.664523,21.156803,5705,,,Prishtinë / Priština,Prishtinë / Priština,,,FALSE,HUMAN_OBSERVATION,,,sunshynne,sunshynne,iNaturalist,Observations,170309052,50c9509d-22c7-4a22-a47d-8c48425ef4a7,CC_BY_NC_4_0,COORDINATE_ROUNDED;COUNTRY_DERIVED_FROM_COORDINATES;CONTINENT_DERIVED_FROM_COORDINATES;TAXON_ID_NOT_FOUND
4103952043,"Plagigeyeria steffeki Grego, Glöer, Erőss & Fehér, 2017",Plagigeyeria steffeki,,Animalia,Mollusca,Gastropoda,Littorinimorpha,Hydrobiidae,Plagigeyeria,SPECIES,9237842,9237842,VU,Vulnerable,,,,,42.2873,20.5136,,,"Gjakova/Ðakovica District, Kosovo, Serbia",Gjakova / Đakovica,Gjakovë / Đakovica,,,FALSE,PRESERVED_SPECIMEN,,,Z. P. Eross,,SBMNH,IZ,632719,a004778c-d113-479e-a77f-990041283a51,CC_BY_NC_4_0,GEODETIC_DATUM_ASSUMED_WGS84;RECORDED_DATE_INVALID;INSTITUTION_MATCH_FUZZY;INSTITUTION_COLLECTION_MISMATCH
4018236338,"Unio carneus Küster, 1854",Unio carneus,,Animalia,Mollusca,Bivalvia,Unionida,Unionidae,Unio,SPECIES,9413415,9413415,VU,Vulnerable,2017-07-12T14:59,2017,7,12,42.370103,20.420772,143,,,Gjakova / Đakovica,Gjakovë / Đakovica,,,FALSE,HUMAN_OBSERVATION,,,thephoxinus,amr_mn,iNaturalist,Observations,36982110,50c9509d-22c7-4a22-a47d-8c48425ef4a7,CC_BY_NC_4_0,COORDINATE_ROUNDED;COUNTRY_DERIVED_FROM_COORDINATES;CONTINENT_DERIVED_FROM_COORDINATES;TAXON_ID_NOT_FOUND
3959260214,Aesculus hippocastanum L.,Aesculus hippocastanum,Horse-Chestnut,Plantae,Tracheophyta,Magnoliopsida,Sapindales,Sapindaceae,Aesculus,SPECIES,3189815,3189815,VU,Vulnerable,2022-05-11T09:38:18.187Z,2022,5,11,42.651,21.164,86,626.26,,Prishtinë / Priština,Prishtinë / Priština,,,FALSE,HUMAN_OBSERVATION,1,,,,,,,14d5676a-2c54-4f94-9023-1e8dcd822aa0,CC_BY_4_0,COUNTRY_DERIVED_FROM_COORDINATES;CONTINENT_DERIVED_FROM_COORDINATES
3959065172,Aesculus hippocastanum L.,Aesculus hippocastanum,Horse-Chestnut,Plantae,Tracheophyta,Magnoliopsida,Sapindales,Sapindaceae,Aesculus,SPECIES,3189815,3189815,VU,Vulnerable,2022-05-11T21:51:22.971Z,2022,5,11,42.651,21.164,86,626.26,,Prishtinë / Priština,Prishtinë / Priština,,,FALSE,HUMAN_OBSERVATION,1,,,,,,,14d5676a-2c54-4f94-9023-1e8dcd822aa0,CC_BY_4_0,COUNTRY_DERIVED_FROM_COORDINATES;CONTINENT_DERIVED_FROM_COORDINATES
3955832491,Aesculus hippocastanum L.,Aesculus hippocastanum,Horse-Chestnut,Plantae,Tracheophyta,Magnoliopsida,Sapindales,Sapindaceae,Aesculus,SPECIES,3189815,3189815,VU,Vulnerable,2021-05-14T17:10:02.060Z,2021,5,14,42.648,21.16,98,615.55,,Prishtinë / Priština,Prishtinë / Priština,,,FALSE,HUMAN_OBSERVATION,1,,,,,,,14d5676a-2c54-4f94-9023-1e8dcd822aa0,CC_BY_4_0,COUNTRY_DERIVED_FROM_COORDINATES;CONTINENT_DERIVED_FROM_COORDINATES
3903300304,"Andreiniimon nuptialis (Karny, 1918)",Andreiniimon nuptialis,Splendid Bush-Cricket,Animalia,Arthropoda,Insecta,Orthoptera,Tettigoniidae,Andreiniimon,SPECIES,1692644,1692644,VU,Vulnerable,2022-08-20T12:53:59,2022,8,20,42.617247,21.23555,5,,,Prishtinë / Priština,Prishtinë / Priština,,,FALSE,HUMAN_OBSERVATION,,,Liridon Hoxha,slobodanmarko,iNaturalist,Observations,133440136,50c9509d-22c7-4a22-a47d-8c48425ef4a7,CC_BY_NC_4_0,COORDINATE_ROUNDED;COUNTRY_DERIVED_FROM_COORDINATES;CONTINENT_DERIVED_FROM_COORDINATES;TAXON_ID_NOT_FOUND
3892288083,"Salamandra salamandra (Linnaeus, 1758)",Salamandra salamandra,Fire Salamander,Animalia,Chordata,Amphibia,Caudata,Salamandridae,Salamandra,SPECIES,2431776,2431776,VU,Vulnerable,2022-08-08T19:31:14,2022,8,8,42.757686,20.04997,,,,Pejë / Peć,Pejë / Peć,"Parku Kombëtar ""Bjeshkët e Nemuna""",National Park,FALSE,HUMAN_OBSERVATION,,,Octávio Mateus,Octávio Mateus,iNaturalist,Observations,130886249,50c9509d-22c7-4a22-a47d-8c48425ef4a7,CC_BY_NC_4_0,COORDINATE_ROUNDED;COUNTRY_DERIVED_FROM_COORDINATES;CONTINENT_DERIVED_FROM_COORDINATES;TAXON_ID_NOT_FOUND
3858958845,"Testudo hermanni Gmelin, 1789",Testudo hermanni,Hermann's Tortoise,Animalia,Chordata,Testudines,,Testudinidae,Testudo,SPECIES,2441454,2441454,VU,Vulnerable,2022-06-15T13:02:17,2022,6,15,42.778593,21.286777,27599,,,Prishtinë / Priština,Prishtinë / Priština,,,FALSE,HUMAN_OBSERVATION,,,Cory,Cory,iNaturalist,Observations,121869072,50c9509d-22c7-4a22-a47d-8c48425ef4a7,CC_BY_NC_4_0,COORDINATE_ROUNDED;COUNTRY_DERIVED_FROM_COORDINATES;CONTINENT_DERIVED_FROM_COORDINATES;TAXON_ID_NOT_FOUND
3774763520,"Dinaromys bogdanovi (Martino, 1922)",Dinaromys bogdanovi,Balkan Snow Vole,Animalia,Chordata,Mammalia,Rodentia,Cricetidae,Dinaromys,SPECIES,2438502,2438502,VU,Vulnerable,1978-07-13,1978,7,13,42.6578,20.3035,,1800,"20 km N Peć, Žlieb",Pejë / Peć,Pejë / Peć,,,FALSE,PRESERVED_SPECIMEN,,,,,ZFMK,MAM,ZFMK-MAM-1993-0655-s,355ffa2e-36ce-44aa-9772-2f433169100c,CC_BY_4_0,CONTINENT_DERIVED_FROM_COORDINATES;INSTITUTION_MATCH_FUZZY;INSTITUTION_COLLECTION_MISMATCH
3774763518,"Dinaromys bogdanovi (Martino, 1922)",Dinaromys bogdanovi,Balkan Snow Vole,Animalia,Chordata,Mammalia,Rodentia,Cricetidae,Dinaromys,SPECIES,2438502,2438502,VU,Vulnerable,1978-07-13,1978,7,13,42.6578,20.3035,,1800,"20 km N Peć, Žlieb",Pejë / Peć,Pejë / Peć,,,FALSE,PRESERVED_SPECIMEN,,,,,ZFMK,MAM,ZFMK-MAM-1993-0655-sk,355ffa2e-36ce-44aa-9772-2f433169100c,CC_BY_4_0,CONTINENT_DERIVED_FROM_COORDINATES;INSTITUTION_MATCH_FUZZY;INSTITUTION_COLLECTION_MISMATCH
3695008219,"Aythya ferina (Linnaeus, 1758)",Aythya ferina,Common Pochard,Animalia,Chordata,Aves,Anseriformes,Anatidae,Aythya,SPECIES,2498255,2498255,VU,Vulnerable,2021-10-17,2021,10,17,42.579243,21.048304,,,Ligatinat e Henc (Henc Wetland),Fushë Kosovë / Kosovo Polje,Prishtinë / Priština,Ligatina e Hencit/ Radevës,Wetlands,FALSE,HUMAN_OBSERVATION,31,,obsr1505715,,CLO,EBIRD,OBS1259577768,4fa7b334-ce0d-4e88-aaae-2e0c138d049e,CC_BY_4_0,CONTINENT_DERIVED_FROM_COORDINATES;TAXON_CONCEPT_ID_NOT_FOUND
3691947664,"Aythya ferina (Linnaeus, 1758)",Aythya ferina,Common Pochard,Animalia,Chordata,Aves,Anseriformes,Anatidae,Aythya,SPECIES,2498255,2498255,VU,Vulnerable,2021-07-02,2021,7,2,42.605972,21.060795,,,M9 Bridge over Sitnica River,Fushë Kosovë / Kosovo Polje,Prishtinë / Priština,,,FALSE,HUMAN_OBSERVATION,2,,obsr1505715,,CLO,EBIRD,OBS1193388907,4fa7b334-ce0d-4e88-aaae-2e0c138d049e,CC_BY_4_0,CONTINENT_DERIVED_FROM_COORDINATES;TAXON_CONCEPT_ID_NOT_FOUND
3690113537,"Aythya ferina (Linnaeus, 1758)",Aythya ferina,Common Pochard,Animalia,Chordata,Aves,Anseriformes,Anatidae,Aythya,SPECIES,2498255,2498255,VU,Vulnerable,2021-10-24,2021,10,24,42.579243,21.048304,,,Ligatinat e Henc (Henc Wetland),Fushë Kosovë / Kosovo Polje,Prishtinë / Priština,Ligatina e Hencit/ Radevës,Wetlands,FALSE,HUMAN_OBSERVATION,10,,obsr1505715,,CLO,EBIRD,OBS1264181136,4fa7b334-ce0d-4e88-aaae-2e0c138d049e,CC_BY_4_0,CONTINENT_DERIVED_FROM_COORDINATES;TAXON_CONCEPT_ID_NOT_FOUND
3686527183,"Aythya ferina (Linnaeus, 1758)",Aythya ferina,Common Pochard,Animalia,Chordata,Aves,Anseriformes,Anatidae,Aythya,SPECIES,2498255,2498255,VU,Vulnerable,2021-03-30,2021,3,30,42.605972,21.060795,,,M9 Bridge over Sitnica River,Fushë Kosovë / Kosovo Polje,Prishtinë / Priština,,,FALSE,HUMAN_OBSERVATION,9,,obsr1505715,,CLO,EBIRD,OBS1106945758,4fa7b334-ce0d-4e88-aaae-2e0c138d049e,CC_BY_4_0,CONTINENT_DERIVED_FROM_COORDINATES;TAXON_CONCEPT_ID_NOT_FOUND
3685962230,"Aythya ferina (Linnaeus, 1758)",Aythya ferina,Common Pochard,Animalia,Chordata,Aves,Anseriformes,Anatidae,Aythya,SPECIES,2498255,2498255,VU,Vulnerable,2021-10-22,2021,10,22,42.579243,21.048304,,,Ligatinat e Henc (Henc Wetland),Fushë Kosovë / Kosovo Polje,Prishtinë / Priština,Ligatina e Hencit/ Radevës,Wetlands,FALSE,HUMAN_OBSERVATION,7,,obsr1505715,,CLO,EBIRD,OBS1263018219,4fa7b334-ce0d-4e88-aaae-2e0c138d049e,CC_BY_4_0,CONTINENT_DERIVED_FROM_COORDINATES;TAXON_CONCEPT_ID_NOT_FOUND
3685395137,"Aythya ferina (Linnaeus, 1758)",Aythya ferina,Common Pochard,Animalia,Chordata,Aves,Anseriformes,Anatidae,Aythya,SPECIES,2498255,2498255,VU,Vulnerable,2021-05-13,2021,5,13,42.579243,21.048304,,,Ligatinat e Henc (Henc Wetland),Fushë Kosovë / Kosovo Polje,Prishtinë / Priština,Ligatina e Hencit/ Radevës,Wetlands,FALSE,HUMAN_OBSERVATION,25,,obsr1505715,,CLO,EBIRD,OBS1153582851,4fa7b334-ce0d-4e88-aaae-2e0c138d049e,CC_BY_4_0,CONTINENT_DERIVED_FROM_COORDINATES;TAXON_CONCEPT_ID_NOT_FOUND
3683440231,"Aythya ferina (Linnaeus, 1758)",Aythya ferina,Common Pochard,Animalia,Chordata,Aves,Anseriformes,Anatidae,Aythya,SPECIES,2498255,2498255,VU,Vulnerable,2021-04-21,2021,4,21,42.579243,21.048304,,,Ligatinat e Henc (Henc Wetland),Fushë Kosovë / Kosovo Polje,Prishtinë / Priština,Ligatina e Hencit/ Radevës,Wetlands,FALSE,HUMAN_OBSERVATION,25,,obsr1505715,,CLO,EBIRD,OBS1127423335,4fa7b334-ce0d-4e88-aaae-2e0c138d049e,CC_BY_4_0,CONTINENT_DERIVED_FROM_COORDINATES;TAXON_CONCEPT_ID_NOT_FOUND
3683358493,"Aythya ferina (Linnaeus, 1758)",Aythya ferina,Common Pochard,Animalia,Chordata,Aves,Anseriformes,Anatidae,Aythya,SPECIES,2498255,2498255,VU,Vulnerable,2021-09-06,2021,9,6,42.579243,21.048304,,,Ligatinat e Henc (Henc Wetland),Fushë Kosovë / Kosovo Polje,Prishtinë / Priština,Ligatina e Hencit/ Radevës,Wetlands,FALSE,HUMAN_OBSERVATION,18,,obsr1505715,,CLO,EBIRD,OBS1231497275,4fa7b334-ce0d-4e88-aaae-2e0c138d049e,CC_BY_4_0,CONTINENT_DERIVED_FROM_COORDINATES;TAXON_CONCEPT_ID_NOT_FOUND
3682731387,"Aythya ferina (Linnaeus, 1758)",Aythya ferina,Common Pochard,Animalia,Chordata,Aves,Anseriformes,Anatidae,Aythya,SPECIES,2498255,2498255,VU,Vulnerable,2021-03-26,2021,3,26,42.579243,21.048304,,,Ligatinat e Henc (Henc Wetland),Fushë Kosovë / Kosovo Polje,Prishtinë / Priština,Ligatina e Hencit/ Radevës,Wetlands,FALSE,HUMAN_OBSERVATION,84,,obsr1505715,,CLO,EBIRD,OBS1103568249,4fa7b334-ce0d-4e88-aaae-2e0c138d049e,CC_BY_4_0,CONTINENT_DERIVED_FROM_COORDINATES;TAXON_CONCEPT_ID_NOT_FOUND
3681985591,"Aythya ferina (Linnaeus, 1758)",Aythya ferina,Common Pochard,Animalia,Chordata,Aves,Anseriformes,Anatidae,Aythya,SPECIES,2498255,2498255,VU,Vulnerable,2021-02-27,2021,2,27,42.579243,21.048304,,,Ligatinat e Henc (Henc Wetland),Fushë Kosovë / Kosovo Polje,Prishtinë / Priština,Ligatina e Hencit/ Radevës,Wetlands,FALSE,HUMAN_OBSERVATION,96,,obsr1505715,,CLO,EBIRD,OBS1083431926,4fa7b334-ce0d-4e88-aaae-2e0c138d049e,CC_BY_4_0,CONTINENT_DERIVED_FROM_COORDINATES;TAXON_CONCEPT_ID_NOT_FOUND
3680017414,"Aythya ferina (Linnaeus, 1758)",Aythya ferina,Common Pochard,Animalia,Chordata,Aves,Anseriformes,Anatidae,Aythya,SPECIES,2498255,2498255,VU,Vulnerable,2021-02-06,2021,2,6,42.579243,21.048304,,,Ligatinat e Henc (Henc Wetland),Fushë Kosovë / Kosovo Polje,Prishtinë / Priština,Ligatina e Hencit/ Radevës,Wetlands,FALSE,HUMAN_OBSERVATION,6,,obsr1505715,,CLO,EBIRD,OBS1066782701,4fa7b334-ce0d-4e88-aaae-2e0c138d049e,CC_BY_4_0,CONTINENT_DERIVED_FROM_COORDINATES;TAXON_CONCEPT_ID_NOT_FOUND
3677554677,"Aythya ferina (Linnaeus, 1758)",Aythya ferina,Common Pochard,Animalia,Chordata,Aves,Anseriformes,Anatidae,Aythya,SPECIES,2498255,2498255,VU,Vulnerable,2021-05-26,2021,5,26,42.579243,21.048304,,,Ligatinat e Henc (Henc Wetland),Fushë Kosovë / Kosovo Polje,Prishtinë / Priština,Ligatina e Hencit/ Radevës,Wetlands,FALSE,HUMAN_OBSERVATION,10,,obsr1505715,,CLO,EBIRD,OBS1167500567,4fa7b334-ce0d-4e88-aaae-2e0c138d049e,CC_BY_4_0,CONTINENT_DERIVED_FROM_COORDINATES;TAXON_CONCEPT_ID_NOT_FOUND
3677324809,"Streptopelia turtur (Linnaeus, 1758)",Streptopelia turtur,European Turtle-Dove,Animalia,Chordata,Aves,Columbiformes,Columbidae,Streptopelia,SPECIES,2495708,2495708,VU,Vulnerable,2021-06-25,2021,6,25,42.605972,21.060795,,,M9 Bridge over Sitnica River,Fushë Kosovë / Kosovo Polje,Prishtinë / Priština,,,FALSE,HUMAN_OBSERVATION,1,,obsr1505715,,CLO,EBIRD,OBS1189102323,4fa7b334-ce0d-4e88-aaae-2e0c138d049e,CC_BY_4_0,CONTINENT_DERIVED_FROM_COORDINATES;TAXON_CONCEPT_ID_NOT_FOUND
3676896033,"Aythya ferina (Linnaeus, 1758)",Aythya ferina,Common Pochard,Animalia,Chordata,Aves,Anseriformes,Anatidae,Aythya,SPECIES,2498255,2498255,VU,Vulnerable,2021-06-13,2021,6,13,42.605972,21.060795,,,M9 Bridge over Sitnica River,Fushë Kosovë / Kosovo Polje,Prishtinë / Priština,,,FALSE,HUMAN_OBSERVATION,3,,obsr1505715,,CLO,EBIRD,OBS1181485009,4fa7b334-ce0d-4e88-aaae-2e0c138d049e,CC_BY_4_0,CONTINENT_DERIVED_FROM_COORDINATES;TAXON_CONCEPT_ID_NOT_FOUND
3676548528,"Aythya ferina (Linnaeus, 1758)",Aythya ferina,Common Pochard,Animalia,Chordata,Aves,Anseriformes,Anatidae,Aythya,SPECIES,2498255,2498255,VU,Vulnerable,2021-06-16,2021,6,16,42.605972,21.060795,,,M9 Bridge over Sitnica River,Fushë Kosovë / Kosovo Polje,Prishtinë / Priština,,,FALSE,HUMAN_OBSERVATION,20,,obsr1505715,,CLO,EBIRD,OBS1183427791,4fa7b334-ce0d-4e88-aaae-2e0c138d049e,CC_BY_4_0,CONTINENT_DERIVED_FROM_COORDINATES;TAXON_CONCEPT_ID_NOT_FOUND
3675796706,"Aythya ferina (Linnaeus, 1758)",Aythya ferina,Common Pochard,Animalia,Chordata,Aves,Anseriformes,Anatidae,Aythya,SPECIES,2498255,2498255,VU,Vulnerable,2021-07-17,2021,7,17,42.605972,21.060795,,,M9 Bridge over Sitnica River,Fushë Kosovë / Kosovo Polje,Prishtinë / Priština,,,FALSE,HUMAN_OBSERVATION,1,,obsr1505715,,CLO,EBIRD,OBS1201988964,4fa7b334-ce0d-4e88-aaae-2e0c138d049e,CC_BY_4_0,CONTINENT_DERIVED_FROM_COORDINATES;TAXON_CONCEPT_ID_NOT_FOUND
3674547223,"Aythya ferina (Linnaeus, 1758)",Aythya ferina,Common Pochard,Animalia,Chordata,Aves,Anseriformes,Anatidae,Aythya,SPECIES,2498255,2498255,VU,Vulnerable,2021-02-12,2021,2,12,42.579243,21.048304,,,Ligatinat e Henc (Henc Wetland),Fushë Kosovë / Kosovo Polje,Prishtinë / Priština,Ligatina e Hencit/ Radevës,Wetlands,FALSE,HUMAN_OBSERVATION,8,,obsr1505715,,CLO,EBIRD,OBS1070681315,4fa7b334-ce0d-4e88-aaae-2e0c138d049e,CC_BY_4_0,CONTINENT_DERIVED_FROM_COORDINATES;TAXON_CONCEPT_ID_NOT_FOUND
3673399970,"Aythya ferina (Linnaeus, 1758)",Aythya ferina,Common Pochard,Animalia,Chordata,Aves,Anseriformes,Anatidae,Aythya,SPECIES,2498255,2498255,VU,Vulnerable,2021-05-25,2021,5,25,42.579243,21.048304,,,Ligatinat e Henc (Henc Wetland),Fushë Kosovë / Kosovo Polje,Prishtinë / Priština,Ligatina e Hencit/ Radevës,Wetlands,FALSE,HUMAN_OBSERVATION,8,,obsr1505715,,CLO,EBIRD,OBS1166705296,4fa7b334-ce0d-4e88-aaae-2e0c138d049e,CC_BY_4_0,CONTINENT_DERIVED_FROM_COORDINATES;TAXON_CONCEPT_ID_NOT_FOUND
3673099354,"Aythya ferina (Linnaeus, 1758)",Aythya ferina,Common Pochard,Animalia,Chordata,Aves,Anseriformes,Anatidae,Aythya,SPECIES,2498255,2498255,VU,Vulnerable,2021-06-03,2021,6,3,42.605972,21.060795,,,M9 Bridge over Sitnica River,Fushë Kosovë / Kosovo Polje,Prishtinë / Priština,,,FALSE,HUMAN_OBSERVATION,1,,obsr1505715,,CLO,EBIRD,OBS1174236853,4fa7b334-ce0d-4e88-aaae-2e0c138d049e,CC_BY_4_0,CONTINENT_DERIVED_FROM_COORDINATES;TAXON_CONCEPT_ID_NOT_FOUND
3672315301,"Aythya ferina (Linnaeus, 1758)",Aythya ferina,Common Pochard,Animalia,Chordata,Aves,Anseriformes,Anatidae,Aythya,SPECIES,2498255,2498255,VU,Vulnerable,2021-02-28,2021,2,28,42.579243,21.048304,,,Ligatinat e Henc (Henc Wetland),Fushë Kosovë / Kosovo Polje,Prishtinë / Priština,Ligatina e Hencit/ Radevës,Wetlands,FALSE,HUMAN_OBSERVATION,105,,obsr1505715,,CLO,EBIRD,OBS1084333124,4fa7b334-ce0d-4e88-aaae-2e0c138d049e,CC_BY_4_0,CONTINENT_DERIVED_FROM_COORDINATES;TAXON_CONCEPT_ID_NOT_FOUND
3672293469,"Aythya ferina (Linnaeus, 1758)",Aythya ferina,Common Pochard,Animalia,Chordata,Aves,Anseriformes,Anatidae,Aythya,SPECIES,2498255,2498255,VU,Vulnerable,2021-06-27,2021,6,27,42.605972,21.060795,,,M9 Bridge over Sitnica River,Fushë Kosovë / Kosovo Polje,Prishtinë / Priština,,,FALSE,HUMAN_OBSERVATION,11,,obsr1505715,,CLO,EBIRD,OBS1190497861,4fa7b334-ce0d-4e88-aaae-2e0c138d049e,CC_BY_4_0,CONTINENT_DERIVED_FROM_COORDINATES;TAXON_CONCEPT_ID_NOT_FOUND
3671563990,"Streptopelia turtur (Linnaeus, 1758)",Streptopelia turtur,European Turtle-Dove,Animalia,Chordata,Aves,Columbiformes,Columbidae,Streptopelia,SPECIES,2495708,2495708,VU,Vulnerable,2021-04-23,2021,4,23,42.561417,21.63201,,,"Auto selected 42.56142, 21.63201",Kamenicë / Kosovska Kamenica,Gjilan / Gnjilane,,,FALSE,HUMAN_OBSERVATION,2,,obsr1505715,,CLO,EBIRD,OBS1129298590,4fa7b334-ce0d-4e88-aaae-2e0c138d049e,CC_BY_4_0,CONTINENT_DERIVED_FROM_COORDINATES;TAXON_CONCEPT_ID_NOT_FOUND
3669989072,"Aythya ferina (Linnaeus, 1758)",Aythya ferina,Common Pochard,Animalia,Chordata,Aves,Anseriformes,Anatidae,Aythya,SPECIES,2498255,2498255,VU,Vulnerable,2021-03-21,2021,3,21,42.579243,21.048304,,,Ligatinat e Henc (Henc Wetland),Fushë Kosovë / Kosovo Polje,Prishtinë / Priština,Ligatina e Hencit/ Radevës,Wetlands,FALSE,HUMAN_OBSERVATION,45,,obsr1505715,,CLO,EBIRD,OBS1099609897,4fa7b334-ce0d-4e88-aaae-2e0c138d049e,CC_BY_4_0,CONTINENT_DERIVED_FROM_COORDINATES;TAXON_CONCEPT_ID_NOT_FOUND
3669761721,"Aythya ferina (Linnaeus, 1758)",Aythya ferina,Common Pochard,Animalia,Chordata,Aves,Anseriformes,Anatidae,Aythya,SPECIES,2498255,2498255,VU,Vulnerable,2021-03-20,2021,3,20,42.579243,21.048304,,,Ligatinat e Henc (Henc Wetland),Fushë Kosovë / Kosovo Polje,Prishtinë / Priština,Ligatina e Hencit/ Radevës,Wetlands,FALSE,HUMAN_OBSERVATION,35,,obsr1505715,,CLO,EBIRD,OBS1098653876,4fa7b334-ce0d-4e88-aaae-2e0c138d049e,CC_BY_4_0,CONTINENT_DERIVED_FROM_COORDINATES;TAXON_CONCEPT_ID_NOT_FOUND
3665985633,"Aythya ferina (Linnaeus, 1758)",Aythya ferina,Common Pochard,Animalia,Chordata,Aves,Anseriformes,Anatidae,Aythya,SPECIES,2498255,2498255,VU,Vulnerable,2021-03-12,2021,3,12,42.579243,21.048304,,,Ligatinat e Henc (Henc Wetland),Fushë Kosovë / Kosovo Polje,Prishtinë / Priština,Ligatina e Hencit/ Radevës,Wetlands,FALSE,HUMAN_OBSERVATION,88,,obsr1505715,,CLO,EBIRD,OBS1092890750,4fa7b334-ce0d-4e88-aaae-2e0c138d049e,CC_BY_4_0,CONTINENT_DERIVED_FROM_COORDINATES;TAXON_CONCEPT_ID_NOT_FOUND
3663092395,"Aythya ferina (Linnaeus, 1758)",Aythya ferina,Common Pochard,Animalia,Chordata,Aves,Anseriformes,Anatidae,Aythya,SPECIES,2498255,2498255,VU,Vulnerable,2021-09-04,2021,9,4,42.579243,21.048304,,,Ligatinat e Henc (Henc Wetland),Fushë Kosovë / Kosovo Polje,Prishtinë / Priština,Ligatina e Hencit/ Radevës,Wetlands,FALSE,HUMAN_OBSERVATION,15,,obsr1505715,,CLO,EBIRD,OBS1229994498,4fa7b334-ce0d-4e88-aaae-2e0c138d049e,CC_BY_4_0,CONTINENT_DERIVED_FROM_COORDINATES;TAXON_CONCEPT_ID_NOT_FOUND
3660060060,"Aythya ferina (Linnaeus, 1758)",Aythya ferina,Common Pochard,Animalia,Chordata,Aves,Anseriformes,Anatidae,Aythya,SPECIES,2498255,2498255,VU,Vulnerable,2021-06-25,2021,6,25,42.605972,21.060795,,,M9 Bridge over Sitnica River,Fushë Kosovë / Kosovo Polje,Prishtinë / Priština,,,FALSE,HUMAN_OBSERVATION,13,,obsr1505715,,CLO,EBIRD,OBS1189102314,4fa7b334-ce0d-4e88-aaae-2e0c138d049e,CC_BY_4_0,CONTINENT_DERIVED_FROM_COORDINATES;TAXON_CONCEPT_ID_NOT_FOUND
3658310249,"Aythya ferina (Linnaeus, 1758)",Aythya ferina,Common Pochard,Animalia,Chordata,Aves,Anseriformes,Anatidae,Aythya,SPECIES,2498255,2498255,VU,Vulnerable,2021-05-01,2021,5,1,42.579243,21.048304,,,Ligatinat e Henc (Henc Wetland),Fushë Kosovë / Kosovo Polje,Prishtinë / Priština,Ligatina e Hencit/ Radevës,Wetlands,FALSE,HUMAN_OBSERVATION,23,,obsr1505715,,CLO,EBIRD,OBS1137537936,4fa7b334-ce0d-4e88-aaae-2e0c138d049e,CC_BY_4_0,CONTINENT_DERIVED_FROM_COORDINATES;TAXON_CONCEPT_ID_NOT_FOUND
3655033203,"Aythya ferina (Linnaeus, 1758)",Aythya ferina,Common Pochard,Animalia,Chordata,Aves,Anseriformes,Anatidae,Aythya,SPECIES,2498255,2498255,VU,Vulnerable,2021-03-01,2021,3,1,42.579243,21.048304,,,Ligatinat e Henc (Henc Wetland),Fushë Kosovë / Kosovo Polje,Prishtinë / Priština,Ligatina e Hencit/ Radevës,Wetlands,FALSE,HUMAN_OBSERVATION,41,,obsr1505715,,CLO,EBIRD,OBS1085062914,4fa7b334-ce0d-4e88-aaae-2e0c138d049e,CC_BY_4_0,CONTINENT_DERIVED_FROM_COORDINATES;TAXON_CONCEPT_ID_NOT_FOUND
3654208841,"Aythya ferina (Linnaeus, 1758)",Aythya ferina,Common Pochard,Animalia,Chordata,Aves,Anseriformes,Anatidae,Aythya,SPECIES,2498255,2498255,VU,Vulnerable,2021-04-29,2021,4,29,42.579243,21.048304,,,Ligatinat e Henc (Henc Wetland),Fushë Kosovë / Kosovo Polje,Prishtinë / Priština,Ligatina e Hencit/ Radevës,Wetlands,FALSE,HUMAN_OBSERVATION,23,,obsr1505715,,CLO,EBIRD,OBS1135485951,4fa7b334-ce0d-4e88-aaae-2e0c138d049e,CC_BY_4_0,CONTINENT_DERIVED_FROM_COORDINATES;TAXON_CONCEPT_ID_NOT_FOUND
3654089959,"Aythya ferina (Linnaeus, 1758)",Aythya ferina,Common Pochard,Animalia,Chordata,Aves,Anseriformes,Anatidae,Aythya,SPECIES,2498255,2498255,VU,Vulnerable,2021-10-29,2021,10,29,42.579243,21.048304,,,Ligatinat e Henc (Henc Wetland),Fushë Kosovë / Kosovo Polje,Prishtinë / Priština,Ligatina e Hencit/ Radevës,Wetlands,FALSE,HUMAN_OBSERVATION,100,,obsr1505715,,CLO,EBIRD,OBS1267213586,4fa7b334-ce0d-4e88-aaae-2e0c138d049e,CC_BY_4_0,CONTINENT_DERIVED_FROM_COORDINATES;TAXON_CONCEPT_ID_NOT_FOUND
3639551174,"Streptopelia turtur (Linnaeus, 1758)",Streptopelia turtur,European Turtle-Dove,Animalia,Chordata,Aves,Columbiformes,Columbidae,Streptopelia,SPECIES,2495708,2495708,VU,Vulnerable,2021-06-16,2021,6,16,42.605972,21.060795,,,M9 Bridge over Sitnica River,Fushë Kosovë / Kosovo Polje,Prishtinë / Priština,,,FALSE,HUMAN_OBSERVATION,2,,obsr1505715,,CLO,EBIRD,OBS1183427787,4fa7b334-ce0d-4e88-aaae-2e0c138d049e,CC_BY_4_0,CONTINENT_DERIVED_FROM_COORDINATES;TAXON_CONCEPT_ID_NOT_FOUND
3639297096,"Aythya ferina (Linnaeus, 1758)",Aythya ferina,Common Pochard,Animalia,Chordata,Aves,Anseriformes,Anatidae,Aythya,SPECIES,2498255,2498255,VU,Vulnerable,2021-06-01,2021,6,1,42.579243,21.048304,,,Ligatinat e Henc (Henc Wetland),Fushë Kosovë / Kosovo Polje,Prishtinë / Priština,Ligatina e Hencit/ Radevës,Wetlands,FALSE,HUMAN_OBSERVATION,7,,obsr1505715,,CLO,EBIRD,OBS1172696796,4fa7b334-ce0d-4e88-aaae-2e0c138d049e,CC_BY_4_0,CONTINENT_DERIVED_FROM_COORDINATES;TAXON_CONCEPT_ID_NOT_FOUND
3636815798,"Aythya ferina (Linnaeus, 1758)",Aythya ferina,Common Pochard,Animalia,Chordata,Aves,Anseriformes,Anatidae,Aythya,SPECIES,2498255,2498255,VU,Vulnerable,2021-09-12,2021,9,12,42.579243,21.048304,,,Ligatinat e Henc (Henc Wetland),Fushë Kosovë / Kosovo Polje,Prishtinë / Priština,Ligatina e Hencit/ Radevës,Wetlands,FALSE,HUMAN_OBSERVATION,17,,obsr1505715,,CLO,EBIRD,OBS1235436285,4fa7b334-ce0d-4e88-aaae-2e0c138d049e,CC_BY_4_0,CONTINENT_DERIVED_FROM_COORDINATES;TAXON_CONCEPT_ID_NOT_FOUND
3631974776,"Aythya ferina (Linnaeus, 1758)",Aythya ferina,Common Pochard,Animalia,Chordata,Aves,Anseriformes,Anatidae,Aythya,SPECIES,2498255,2498255,VU,Vulnerable,2021-07-20,2021,7,20,42.605972,21.060795,,,M9 Bridge over Sitnica River,Fushë Kosovë / Kosovo Polje,Prishtinë / Priština,,,FALSE,HUMAN_OBSERVATION,15,,obsr1505715,,CLO,EBIRD,OBS1203775782,4fa7b334-ce0d-4e88-aaae-2e0c138d049e,CC_BY_4_0,CONTINENT_DERIVED_FROM_COORDINATES;TAXON_CONCEPT_ID_NOT_FOUND
3631537280,"Aythya ferina (Linnaeus, 1758)",Aythya ferina,Common Pochard,Animalia,Chordata,Aves,Anseriformes,Anatidae,Aythya,SPECIES,2498255,2498255,VU,Vulnerable,2021-07-11,2021,7,11,42.60597,21.06081,,,"Unnamed Road, Vragoli (42,606, 21,061)",Fushë Kosovë / Kosovo Polje,Prishtinë / Priština,,,FALSE,HUMAN_OBSERVATION,30,,obsr1478938,,CLO,EBIRD,OBS1199383521,4fa7b334-ce0d-4e88-aaae-2e0c138d049e,CC_BY_4_0,CONTINENT_DERIVED_FROM_COORDINATES;TAXON_CONCEPT_ID_NOT_FOUND
3629753967,"Aythya ferina (Linnaeus, 1758)",Aythya ferina,Common Pochard,Animalia,Chordata,Aves,Anseriformes,Anatidae,Aythya,SPECIES,2498255,2498255,VU,Vulnerable,2021-07-22,2021,7,22,42.605972,21.060795,,,M9 Bridge over Sitnica River,Fushë Kosovë / Kosovo Polje,Prishtinë / Priština,,,FALSE,HUMAN_OBSERVATION,12,,obsr1505715,,CLO,EBIRD,OBS1204803878,4fa7b334-ce0d-4e88-aaae-2e0c138d049e,CC_BY_4_0,CONTINENT_DERIVED_FROM_COORDINATES;TAXON_CONCEPT_ID_NOT_FOUND
3628826301,"Streptopelia turtur (Linnaeus, 1758)",Streptopelia turtur,European Turtle-Dove,Animalia,Chordata,Aves,Columbiformes,Columbidae,Streptopelia,SPECIES,2495708,2495708,VU,Vulnerable,2021-05-16,2021,5,16,42.579243,21.048304,,,Ligatinat e Henc (Henc Wetland),Fushë Kosovë / Kosovo Polje,Prishtinë / Priština,Ligatina e Hencit/ Radevës,Wetlands,FALSE,HUMAN_OBSERVATION,1,,obsr1505715,,CLO,EBIRD,OBS1157394029,4fa7b334-ce0d-4e88-aaae-2e0c138d049e,CC_BY_4_0,CONTINENT_DERIVED_FROM_COORDINATES;TAXON_CONCEPT_ID_NOT_FOUND
3625952761,"Aythya ferina (Linnaeus, 1758)",Aythya ferina,Common Pochard,Animalia,Chordata,Aves,Anseriformes,Anatidae,Aythya,SPECIES,2498255,2498255,VU,Vulnerable,2021-03-31,2021,3,31,42.579243,21.048304,,,Ligatinat e Henc (Henc Wetland),Fushë Kosovë / Kosovo Polje,Prishtinë / Priština,Ligatina e Hencit/ Radevës,Wetlands,FALSE,HUMAN_OBSERVATION,27,,obsr1505715,,CLO,EBIRD,OBS1107718569,4fa7b334-ce0d-4e88-aaae-2e0c138d049e,CC_BY_4_0,CONTINENT_DERIVED_FROM_COORDINATES;TAXON_CONCEPT_ID_NOT_FOUND
3625734486,"Falco vespertinus Linnaeus, 1766",Falco vespertinus,Red-Footed Falcon,Animalia,Chordata,Aves,Falconiformes,Falconidae,Falco,SPECIES,2481062,2481062,VU,Vulnerable,2021-05-15,2021,5,15,42.57153,21.06346,,,"Auto selected 42.57153, 21.06346",Fushë Kosovë / Kosovo Polje,Prishtinë / Priština,,,FALSE,HUMAN_OBSERVATION,2,,obsr1505715,,CLO,EBIRD,OBS1155881549,4fa7b334-ce0d-4e88-aaae-2e0c138d049e,CC_BY_4_0,CONTINENT_DERIVED_FROM_COORDINATES;TAXON_CONCEPT_ID_NOT_FOUND
3625096062,"Aythya ferina (Linnaeus, 1758)",Aythya ferina,Common Pochard,Animalia,Chordata,Aves,Anseriformes,Anatidae,Aythya,SPECIES,2498255,2498255,VU,Vulnerable,2021-05-21,2021,5,21,42.605972,21.060795,,,M9 Bridge over Sitnica River,Fushë Kosovë / Kosovo Polje,Prishtinë / Priština,,,FALSE,HUMAN_OBSERVATION,3,,obsr1505715,,CLO,EBIRD,OBS1162671232,4fa7b334-ce0d-4e88-aaae-2e0c138d049e,CC_BY_4_0,CONTINENT_DERIVED_FROM_COORDINATES;TAXON_CONCEPT_ID_NOT_FOUND
3624829017,"Aythya ferina (Linnaeus, 1758)",Aythya ferina,Common Pochard,Animalia,Chordata,Aves,Anseriformes,Anatidae,Aythya,SPECIES,2498255,2498255,VU,Vulnerable,2021-03-07,2021,3,7,42.579243,21.048304,,,Ligatinat e Henc (Henc Wetland),Fushë Kosovë / Kosovo Polje,Prishtinë / Priština,Ligatina e Hencit/ Radevës,Wetlands,FALSE,HUMAN_OBSERVATION,101,,obsr1505715,,CLO,EBIRD,OBS1089417275,4fa7b334-ce0d-4e88-aaae-2e0c138d049e,CC_BY_4_0,CONTINENT_DERIVED_FROM_COORDINATES;TAXON_CONCEPT_ID_NOT_FOUND
3624598036,"Aythya ferina (Linnaeus, 1758)",Aythya ferina,Common Pochard,Animalia,Chordata,Aves,Anseriformes,Anatidae,Aythya,SPECIES,2498255,2498255,VU,Vulnerable,2021-06-03,2021,6,3,42.579243,21.048304,,,Ligatinat e Henc (Henc Wetland),Fushë Kosovë / Kosovo Polje,Prishtinë / Priština,Ligatina e Hencit/ Radevës,Wetlands,FALSE,HUMAN_OBSERVATION,1,,obsr1505715,,CLO,EBIRD,OBS1174221966,4fa7b334-ce0d-4e88-aaae-2e0c138d049e,CC_BY_4_0,CONTINENT_DERIVED_FROM_COORDINATES;TAXON_CONCEPT_ID_NOT_FOUND
3624013348,"Aythya ferina (Linnaeus, 1758)",Aythya ferina,Common Pochard,Animalia,Chordata,Aves,Anseriformes,Anatidae,Aythya,SPECIES,2498255,2498255,VU,Vulnerable,2021-05-18,2021,5,18,42.605972,21.060795,,,M9 Bridge over Sitnica River,Fushë Kosovë / Kosovo Polje,Prishtinë / Priština,,,FALSE,HUMAN_OBSERVATION,4,,obsr1505715,,CLO,EBIRD,OBS1159824352,4fa7b334-ce0d-4e88-aaae-2e0c138d049e,CC_BY_4_0,CONTINENT_DERIVED_FROM_COORDINATES;TAXON_CONCEPT_ID_NOT_FOUND
3623302128,"Aythya ferina (Linnaeus, 1758)",Aythya ferina,Common Pochard,Animalia,Chordata,Aves,Anseriformes,Anatidae,Aythya,SPECIES,2498255,2498255,VU,Vulnerable,2021-07-16,2021,7,16,42.605972,21.060795,,,M9 Bridge over Sitnica River,Fushë Kosovë / Kosovo Polje,Prishtinë / Priština,,,FALSE,HUMAN_OBSERVATION,5,,obsr1505715,,CLO,EBIRD,OBS1201436214,4fa7b334-ce0d-4e88-aaae-2e0c138d049e,CC_BY_4_0,CONTINENT_DERIVED_FROM_COORDINATES;TAXON_CONCEPT_ID_NOT_FOUND
3619833920,"Aythya ferina (Linnaeus, 1758)",Aythya ferina,Common Pochard,Animalia,Chordata,Aves,Anseriformes,Anatidae,Aythya,SPECIES,2498255,2498255,VU,Vulnerable,2021-05-16,2021,5,16,42.579243,21.048304,,,Ligatinat e Henc (Henc Wetland),Fushë Kosovë / Kosovo Polje,Prishtinë / Priština,Ligatina e Hencit/ Radevës,Wetlands,FALSE,HUMAN_OBSERVATION,1,,obsr1505715,,CLO,EBIRD,OBS1157394033,4fa7b334-ce0d-4e88-aaae-2e0c138d049e,CC_BY_4_0,CONTINENT_DERIVED_FROM_COORDINATES;TAXON_CONCEPT_ID_NOT_FOUND
3616902402,"Aythya ferina (Linnaeus, 1758)",Aythya ferina,Common Pochard,Animalia,Chordata,Aves,Anseriformes,Anatidae,Aythya,SPECIES,2498255,2498255,VU,Vulnerable,2021-06-26,2021,6,26,42.579243,21.048304,,,Ligatinat e Henc (Henc Wetland),Fushë Kosovë / Kosovo Polje,Prishtinë / Priština,Ligatina e Hencit/ Radevës,Wetlands,FALSE,HUMAN_OBSERVATION,9,,obsr1505715,,CLO,EBIRD,OBS1189832040,4fa7b334-ce0d-4e88-aaae-2e0c138d049e,CC_BY_4_0,CONTINENT_DERIVED_FROM_COORDINATES;TAXON_CONCEPT_ID_NOT_FOUND
3614164287,"Aythya ferina (Linnaeus, 1758)",Aythya ferina,Common Pochard,Animalia,Chordata,Aves,Anseriformes,Anatidae,Aythya,SPECIES,2498255,2498255,VU,Vulnerable,2021-03-14,2021,3,14,42.579243,21.048304,,,Ligatinat e Henc (Henc Wetland),Fushë Kosovë / Kosovo Polje,Prishtinë / Priština,Ligatina e Hencit/ Radevës,Wetlands,FALSE,HUMAN_OBSERVATION,77,,obsr1505715,,CLO,EBIRD,OBS1094657513,4fa7b334-ce0d-4e88-aaae-2e0c138d049e,CC_BY_4_0,CONTINENT_DERIVED_FROM_COORDINATES;TAXON_CONCEPT_ID_NOT_FOUND
3613283270,"Aythya ferina (Linnaeus, 1758)",Aythya ferina,Common Pochard,Animalia,Chordata,Aves,Anseriformes,Anatidae,Aythya,SPECIES,2498255,2498255,VU,Vulnerable,2021-04-26,2021,4,26,42.579243,21.048304,,,Ligatinat e Henc (Henc Wetland),Fushë Kosovë / Kosovo Polje,Prishtinë / Priština,Ligatina e Hencit/ Radevës,Wetlands,FALSE,HUMAN_OBSERVATION,13,,obsr1505715,,CLO,EBIRD,OBS1132458532,4fa7b334-ce0d-4e88-aaae-2e0c138d049e,CC_BY_4_0,CONTINENT_DERIVED_FROM_COORDINATES;TAXON_CONCEPT_ID_NOT_FOUND
3611950174,"Aythya ferina (Linnaeus, 1758)",Aythya ferina,Common Pochard,Animalia,Chordata,Aves,Anseriformes,Anatidae,Aythya,SPECIES,2498255,2498255,VU,Vulnerable,2021-05-23,2021,5,23,42.605972,21.060795,,,M9 Bridge over Sitnica River,Fushë Kosovë / Kosovo Polje,Prishtinë / Priština,,,FALSE,HUMAN_OBSERVATION,1,,obsr1505715,,CLO,EBIRD,OBS1164758500,4fa7b334-ce0d-4e88-aaae-2e0c138d049e,CC_BY_4_0,CONTINENT_DERIVED_FROM_COORDINATES;TAXON_CONCEPT_ID_NOT_FOUND
3611393370,"Aythya ferina (Linnaeus, 1758)",Aythya ferina,Common Pochard,Animalia,Chordata,Aves,Anseriformes,Anatidae,Aythya,SPECIES,2498255,2498255,VU,Vulnerable,2021-05-16,2021,5,16,42.605972,21.060795,,,M9 Bridge over Sitnica River,Fushë Kosovë / Kosovo Polje,Prishtinë / Priština,,,FALSE,HUMAN_OBSERVATION,4,,obsr1505715,,CLO,EBIRD,OBS1157318696,4fa7b334-ce0d-4e88-aaae-2e0c138d049e,CC_BY_4_0,CONTINENT_DERIVED_FROM_COORDINATES;TAXON_CONCEPT_ID_NOT_FOUND
3610307391,"Aythya ferina (Linnaeus, 1758)",Aythya ferina,Common Pochard,Animalia,Chordata,Aves,Anseriformes,Anatidae,Aythya,SPECIES,2498255,2498255,VU,Vulnerable,2021-04-12,2021,4,12,42.579243,21.048304,,,Ligatinat e Henc (Henc Wetland),Fushë Kosovë / Kosovo Polje,Prishtinë / Priština,Ligatina e Hencit/ Radevës,Wetlands,FALSE,HUMAN_OBSERVATION,31,,obsr1505715,,CLO,EBIRD,OBS1119049275,4fa7b334-ce0d-4e88-aaae-2e0c138d049e,CC_BY_4_0,CONTINENT_DERIVED_FROM_COORDINATES;TAXON_CONCEPT_ID_NOT_FOUND
3607762258,"Aythya ferina (Linnaeus, 1758)",Aythya ferina,Common Pochard,Animalia,Chordata,Aves,Anseriformes,Anatidae,Aythya,SPECIES,2498255,2498255,VU,Vulnerable,2021-04-13,2021,4,13,42.579243,21.048304,,,Ligatinat e Henc (Henc Wetland),Fushë Kosovë / Kosovo Polje,Prishtinë / Priština,Ligatina e Hencit/ Radevës,Wetlands,FALSE,HUMAN_OBSERVATION,65,,obsr1505715,,CLO,EBIRD,OBS1119892846,4fa7b334-ce0d-4e88-aaae-2e0c138d049e,CC_BY_4_0,CONTINENT_DERIVED_FROM_COORDINATES;TAXON_CONCEPT_ID_NOT_FOUND
3605178073,"Calidris ferruginea (Pontoppidan, 1763)",Calidris ferruginea,Curlew Sandpiper,Animalia,Chordata,Aves,Charadriiformes,Scolopacidae,Calidris,SPECIES,2481741,2481741,VU,Vulnerable,2021-05-04,2021,5,4,42.605972,21.060795,,,M9 Bridge over Sitnica River,Fushë Kosovë / Kosovo Polje,Prishtinë / Priština,,,FALSE,HUMAN_OBSERVATION,4,,obsr1505715,,CLO,EBIRD,OBS1141790291,4fa7b334-ce0d-4e88-aaae-2e0c138d049e,CC_BY_4_0,CONTINENT_DERIVED_FROM_COORDINATES;TAXON_CONCEPT_ID_NOT_FOUND
3603909440,"Aythya ferina (Linnaeus, 1758)",Aythya ferina,Common Pochard,Animalia,Chordata,Aves,Anseriformes,Anatidae,Aythya,SPECIES,2498255,2498255,VU,Vulnerable,2021-09-25,2021,9,25,42.579243,21.048304,,,Ligatinat e Henc (Henc Wetland),Fushë Kosovë / Kosovo Polje,Prishtinë / Priština,Ligatina e Hencit/ Radevës,Wetlands,FALSE,HUMAN_OBSERVATION,50,,obsr1505715,,CLO,EBIRD,OBS1243671152,4fa7b334-ce0d-4e88-aaae-2e0c138d049e,CC_BY_4_0,CONTINENT_DERIVED_FROM_COORDINATES;TAXON_CONCEPT_ID_NOT_FOUND
3603742164,"Aythya ferina (Linnaeus, 1758)",Aythya ferina,Common Pochard,Animalia,Chordata,Aves,Anseriformes,Anatidae,Aythya,SPECIES,2498255,2498255,VU,Vulnerable,2021-03-05,2021,3,5,42.579243,21.048304,,,Ligatinat e Henc (Henc Wetland),Fushë Kosovë / Kosovo Polje,Prishtinë / Priština,Ligatina e Hencit/ Radevës,Wetlands,FALSE,HUMAN_OBSERVATION,78,,obsr1505715,,CLO,EBIRD,OBS1087740381,4fa7b334-ce0d-4e88-aaae-2e0c138d049e,CC_BY_4_0,CONTINENT_DERIVED_FROM_COORDINATES;TAXON_CONCEPT_ID_NOT_FOUND
3603192609,"Aythya ferina (Linnaeus, 1758)",Aythya ferina,Common Pochard,Animalia,Chordata,Aves,Anseriformes,Anatidae,Aythya,SPECIES,2498255,2498255,VU,Vulnerable,2021-04-22,2021,4,22,42.579243,21.048304,,,Ligatinat e Henc (Henc Wetland),Fushë Kosovë / Kosovo Polje,Prishtinë / Priština,Ligatina e Hencit/ Radevës,Wetlands,FALSE,HUMAN_OBSERVATION,23,,obsr1505715,,CLO,EBIRD,OBS1128256275,4fa7b334-ce0d-4e88-aaae-2e0c138d049e,CC_BY_4_0,CONTINENT_DERIVED_FROM_COORDINATES;TAXON_CONCEPT_ID_NOT_FOUND
3603013940,"Aythya ferina (Linnaeus, 1758)",Aythya ferina,Common Pochard,Animalia,Chordata,Aves,Anseriformes,Anatidae,Aythya,SPECIES,2498255,2498255,VU,Vulnerable,2021-05-15,2021,5,15,42.605972,21.060795,,,M9 Bridge over Sitnica River,Fushë Kosovë / Kosovo Polje,Prishtinë / Priština,,,FALSE,HUMAN_OBSERVATION,5,,obsr1505715,,CLO,EBIRD,OBS1155848111,4fa7b334-ce0d-4e88-aaae-2e0c138d049e,CC_BY_4_0,CONTINENT_DERIVED_FROM_COORDINATES;TAXON_CONCEPT_ID_NOT_FOUND
3602557910,"Aythya ferina (Linnaeus, 1758)",Aythya ferina,Common Pochard,Animalia,Chordata,Aves,Anseriformes,Anatidae,Aythya,SPECIES,2498255,2498255,VU,Vulnerable,2021-06-23,2021,6,23,42.605972,21.060795,,,M9 Bridge over Sitnica River,Fushë Kosovë / Kosovo Polje,Prishtinë / Priština,,,FALSE,HUMAN_OBSERVATION,4,,obsr1505715,,CLO,EBIRD,OBS1187944292,4fa7b334-ce0d-4e88-aaae-2e0c138d049e,CC_BY_4_0,CONTINENT_DERIVED_FROM_COORDINATES;TAXON_CONCEPT_ID_NOT_FOUND
3602230721,"Aythya ferina (Linnaeus, 1758)",Aythya ferina,Common Pochard,Animalia,Chordata,Aves,Anseriformes,Anatidae,Aythya,SPECIES,2498255,2498255,VU,Vulnerable,2021-04-16,2021,4,16,42.579243,21.048304,,,Ligatinat e Henc (Henc Wetland),Fushë Kosovë / Kosovo Polje,Prishtinë / Priština,Ligatina e Hencit/ Radevës,Wetlands,FALSE,HUMAN_OBSERVATION,49,,obsr1505715,,CLO,EBIRD,OBS1122579685,4fa7b334-ce0d-4e88-aaae-2e0c138d049e,CC_BY_4_0,CONTINENT_DERIVED_FROM_COORDINATES;TAXON_CONCEPT_ID_NOT_FOUND
3602069291,"Aythya ferina (Linnaeus, 1758)",Aythya ferina,Common Pochard,Animalia,Chordata,Aves,Anseriformes,Anatidae,Aythya,SPECIES,2498255,2498255,VU,Vulnerable,2021-03-28,2021,3,28,42.579243,21.048304,,,Ligatinat e Henc (Henc Wetland),Fushë Kosovë / Kosovo Polje,Prishtinë / Priština,Ligatina e Hencit/ Radevës,Wetlands,FALSE,HUMAN_OBSERVATION,40,,obsr1505715,,CLO,EBIRD,OBS1105657155,4fa7b334-ce0d-4e88-aaae-2e0c138d049e,CC_BY_4_0,CONTINENT_DERIVED_FROM_COORDINATES;TAXON_CONCEPT_ID_NOT_FOUND
3601182160,"Aythya ferina (Linnaeus, 1758)",Aythya ferina,Common Pochard,Animalia,Chordata,Aves,Anseriformes,Anatidae,Aythya,SPECIES,2498255,2498255,VU,Vulnerable,2021-03-17,2021,3,17,42.579243,21.048304,,,Ligatinat e Henc (Henc Wetland),Fushë Kosovë / Kosovo Polje,Prishtinë / Priština,Ligatina e Hencit/ Radevës,Wetlands,FALSE,HUMAN_OBSERVATION,67,,obsr1505715,,CLO,EBIRD,OBS1096633695,4fa7b334-ce0d-4e88-aaae-2e0c138d049e,CC_BY_4_0,CONTINENT_DERIVED_FROM_COORDINATES;TAXON_CONCEPT_ID_NOT_FOUND
3598420656,"Aythya ferina (Linnaeus, 1758)",Aythya ferina,Common Pochard,Animalia,Chordata,Aves,Anseriformes,Anatidae,Aythya,SPECIES,2498255,2498255,VU,Vulnerable,2021-05-14,2021,5,14,42.605972,21.060795,,,M9 Bridge over Sitnica River,Fushë Kosovë / Kosovo Polje,Prishtinë / Priština,,,FALSE,HUMAN_OBSERVATION,2,,obsr1505715,,CLO,EBIRD,OBS1154617512,4fa7b334-ce0d-4e88-aaae-2e0c138d049e,CC_BY_4_0,CONTINENT_DERIVED_FROM_COORDINATES;TAXON_CONCEPT_ID_NOT_FOUND
3596164332,"Aythya ferina (Linnaeus, 1758)",Aythya ferina,Common Pochard,Animalia,Chordata,Aves,Anseriformes,Anatidae,Aythya,SPECIES,2498255,2498255,VU,Vulnerable,2021-02-22,2021,2,22,42.579243,21.048304,,,Ligatinat e Henc (Henc Wetland),Fushë Kosovë / Kosovo Polje,Prishtinë / Priština,Ligatina e Hencit/ Radevës,Wetlands,FALSE,HUMAN_OBSERVATION,1,,obsr1505715,,CLO,EBIRD,OBS1080255074,4fa7b334-ce0d-4e88-aaae-2e0c138d049e,CC_BY_4_0,CONTINENT_DERIVED_FROM_COORDINATES;TAXON_CONCEPT_ID_NOT_FOUND
3596084189,"Aythya ferina (Linnaeus, 1758)",Aythya ferina,Common Pochard,Animalia,Chordata,Aves,Anseriformes,Anatidae,Aythya,SPECIES,2498255,2498255,VU,Vulnerable,2021-02-12,2021,2,12,42.605972,21.060795,,,M9 Bridge over Sitnica River,Fushë Kosovë / Kosovo Polje,Prishtinë / Priština,,,FALSE,HUMAN_OBSERVATION,44,,obsr1505715,,CLO,EBIRD,OBS1070691435,4fa7b334-ce0d-4e88-aaae-2e0c138d049e,CC_BY_4_0,CONTINENT_DERIVED_FROM_COORDINATES;TAXON_CONCEPT_ID_NOT_FOUND
3595368244,"Aythya ferina (Linnaeus, 1758)",Aythya ferina,Common Pochard,Animalia,Chordata,Aves,Anseriformes,Anatidae,Aythya,SPECIES,2498255,2498255,VU,Vulnerable,2021-02-13,2021,2,13,42.579243,21.048304,,,Ligatinat e Henc (Henc Wetland),Fushë Kosovë / Kosovo Polje,Prishtinë / Priština,Ligatina e Hencit/ Radevës,Wetlands,FALSE,HUMAN_OBSERVATION,14,,obsr1505715,,CLO,EBIRD,OBS1072059465,4fa7b334-ce0d-4e88-aaae-2e0c138d049e,CC_BY_4_0,CONTINENT_DERIVED_FROM_COORDINATES;TAXON_CONCEPT_ID_NOT_FOUND
3592298189,"Aythya ferina (Linnaeus, 1758)",Aythya ferina,Common Pochard,Animalia,Chordata,Aves,Anseriformes,Anatidae,Aythya,SPECIES,2498255,2498255,VU,Vulnerable,2021-05-23,2021,5,23,42.579243,21.048304,,,Ligatinat e Henc (Henc Wetland),Fushë Kosovë / Kosovo Polje,Prishtinë / Priština,Ligatina e Hencit/ Radevës,Wetlands,FALSE,HUMAN_OBSERVATION,8,,obsr1505715,,CLO,EBIRD,OBS1164827904,4fa7b334-ce0d-4e88-aaae-2e0c138d049e,CC_BY_4_0,CONTINENT_DERIVED_FROM_COORDINATES;TAXON_CONCEPT_ID_NOT_FOUND
3591678051,"Aythya ferina (Linnaeus, 1758)",Aythya ferina,Common Pochard,Animalia,Chordata,Aves,Anseriformes,Anatidae,Aythya,SPECIES,2498255,2498255,VU,Vulnerable,2021-05-04,2021,5,4,42.579243,21.048304,,,Ligatinat e Henc (Henc Wetland),Fushë Kosovë / Kosovo Polje,Prishtinë / Priština,Ligatina e Hencit/ Radevës,Wetlands,FALSE,HUMAN_OBSERVATION,32,,obsr1505715,,CLO,EBIRD,OBS1141546522,4fa7b334-ce0d-4e88-aaae-2e0c138d049e,CC_BY_4_0,CONTINENT_DERIVED_FROM_COORDINATES;TAXON_CONCEPT_ID_NOT_FOUND
3589492297,"Aythya ferina (Linnaeus, 1758)",Aythya ferina,Common Pochard,Animalia,Chordata,Aves,Anseriformes,Anatidae,Aythya,SPECIES,2498255,2498255,VU,Vulnerable,2021-03-02,2021,3,2,42.579243,21.048304,,,Ligatinat e Henc (Henc Wetland),Fushë Kosovë / Kosovo Polje,Prishtinë / Priština,Ligatina e Hencit/ Radevës,Wetlands,FALSE,HUMAN_OBSERVATION,71,,obsr1505715,,CLO,EBIRD,OBS1085755101,4fa7b334-ce0d-4e88-aaae-2e0c138d049e,CC_BY_4_0,CONTINENT_DERIVED_FROM_COORDINATES;TAXON_CONCEPT_ID_NOT_FOUND
3588535647,"Aythya ferina (Linnaeus, 1758)",Aythya ferina,Common Pochard,Animalia,Chordata,Aves,Anseriformes,Anatidae,Aythya,SPECIES,2498255,2498255,VU,Vulnerable,2021-04-15,2021,4,15,42.579243,21.048304,,,Ligatinat e Henc (Henc Wetland),Fushë Kosovë / Kosovo Polje,Prishtinë / Priština,Ligatina e Hencit/ Radevës,Wetlands,FALSE,HUMAN_OBSERVATION,40,,obsr1505715,,CLO,EBIRD,OBS1121651493,4fa7b334-ce0d-4e88-aaae-2e0c138d049e,CC_BY_4_0,CONTINENT_DERIVED_FROM_COORDINATES;TAXON_CONCEPT_ID_NOT_FOUND
3587068517,"Aythya ferina (Linnaeus, 1758)",Aythya ferina,Common Pochard,Animalia,Chordata,Aves,Anseriformes,Anatidae,Aythya,SPECIES,2498255,2498255,VU,Vulnerable,2021-02-07,2021,2,7,42.579243,21.048304,,,Ligatinat e Henc (Henc Wetland),Fushë Kosovë / Kosovo Polje,Prishtinë / Priština,Ligatina e Hencit/ Radevës,Wetlands,FALSE,HUMAN_OBSERVATION,7,,obsr1505715,,CLO,EBIRD,OBS1067621594,4fa7b334-ce0d-4e88-aaae-2e0c138d049e,CC_BY_4_0,CONTINENT_DERIVED_FROM_COORDINATES;TAXON_CONCEPT_ID_NOT_FOUND
3577950070,"Aythya ferina (Linnaeus, 1758)",Aythya ferina,Common Pochard,Animalia,Chordata,Aves,Anseriformes,Anatidae,Aythya,SPECIES,2498255,2498255,VU,Vulnerable,2021-10-06,2021,10,6,42.579243,21.048304,,,Ligatinat e Henc (Henc Wetland),Fushë Kosovë / Kosovo Polje,Prishtinë / Priština,Ligatina e Hencit/ Radevës,Wetlands,FALSE,HUMAN_OBSERVATION,10,,obsr1505715,,CLO,EBIRD,OBS1251146824,4fa7b334-ce0d-4e88-aaae-2e0c138d049e,CC_BY_4_0,CONTINENT_DERIVED_FROM_COORDINATES;TAXON_CONCEPT_ID_NOT_FOUND
3575140665,"Aythya ferina (Linnaeus, 1758)",Aythya ferina,Common Pochard,Animalia,Chordata,Aves,Anseriformes,Anatidae,Aythya,SPECIES,2498255,2498255,VU,Vulnerable,2021-06-25,2021,6,25,42.579243,21.048304,,,Ligatinat e Henc (Henc Wetland),Fushë Kosovë / Kosovo Polje,Prishtinë / Priština,Ligatina e Hencit/ Radevës,Wetlands,FALSE,HUMAN_OBSERVATION,5,,obsr1505715,,CLO,EBIRD,OBS1189122524,4fa7b334-ce0d-4e88-aaae-2e0c138d049e,CC_BY_4_0,CONTINENT_DERIVED_FROM_COORDINATES;TAXON_CONCEPT_ID_NOT_FOUND
3569628240,"Aythya ferina (Linnaeus, 1758)",Aythya ferina,Common Pochard,Animalia,Chordata,Aves,Anseriformes,Anatidae,Aythya,SPECIES,2498255,2498255,VU,Vulnerable,2021-06-13,2021,6,13,42.579243,21.048304,,,Ligatinat e Henc (Henc Wetland),Fushë Kosovë / Kosovo Polje,Prishtinë / Priština,Ligatina e Hencit/ Radevës,Wetlands,FALSE,HUMAN_OBSERVATION,6,,obsr1505715,,CLO,EBIRD,OBS1181616890,4fa7b334-ce0d-4e88-aaae-2e0c138d049e,CC_BY_4_0,CONTINENT_DERIVED_FROM_COORDINATES;TAXON_CONCEPT_ID_NOT_FOUND
3569524596,"Aythya ferina (Linnaeus, 1758)",Aythya ferina,Common Pochard,Animalia,Chordata,Aves,Anseriformes,Anatidae,Aythya,SPECIES,2498255,2498255,VU,Vulnerable,2021-05-16,2021,5,16,42.579243,21.048304,,,Ligatinat e Henc (Henc Wetland),Fushë Kosovë / Kosovo Polje,Prishtinë / Priština,Ligatina e Hencit/ Radevës,Wetlands,FALSE,HUMAN_OBSERVATION,12,,obsr1505715,,CLO,EBIRD,OBS1157360976,4fa7b334-ce0d-4e88-aaae-2e0c138d049e,CC_BY_4_0,CONTINENT_DERIVED_FROM_COORDINATES;TAXON_CONCEPT_ID_NOT_FOUND
3568795232,"Streptopelia turtur (Linnaeus, 1758)",Streptopelia turtur,European Turtle-Dove,Animalia,Chordata,Aves,Columbiformes,Columbidae,Streptopelia,SPECIES,2495708,2495708,VU,Vulnerable,2021-06-02,2021,6,2,42.605972,21.060795,,,M9 Bridge over Sitnica River,Fushë Kosovë / Kosovo Polje,Prishtinë / Priština,,,FALSE,HUMAN_OBSERVATION,1,,obsr1505715,,CLO,EBIRD,OBS1173494857,4fa7b334-ce0d-4e88-aaae-2e0c138d049e,CC_BY_4_0,CONTINENT_DERIVED_FROM_COORDINATES;TAXON_CONCEPT_ID_NOT_FOUND
3565585052,"Aythya ferina (Linnaeus, 1758)",Aythya ferina,Common Pochard,Animalia,Chordata,Aves,Anseriformes,Anatidae,Aythya,SPECIES,2498255,2498255,VU,Vulnerable,2021-03-29,2021,3,29,42.579243,21.048304,,,Ligatinat e Henc (Henc Wetland),Fushë Kosovë / Kosovo Polje,Prishtinë / Priština,Ligatina e Hencit/ Radevës,Wetlands,FALSE,HUMAN_OBSERVATION,9,,obsr1505715,,CLO,EBIRD,OBS1106153159,4fa7b334-ce0d-4e88-aaae-2e0c138d049e,CC_BY_4_0,CONTINENT_DERIVED_FROM_COORDINATES;TAXON_CONCEPT_ID_NOT_FOUND
3565400715,"Aythya ferina (Linnaeus, 1758)",Aythya ferina,Common Pochard,Animalia,Chordata,Aves,Anseriformes,Anatidae,Aythya,SPECIES,2498255,2498255,VU,Vulnerable,2021-06-01,2021,6,1,42.605972,21.060795,,,M9 Bridge over Sitnica River,Fushë Kosovë / Kosovo Polje,Prishtinë / Priština,,,FALSE,HUMAN_OBSERVATION,2,,obsr1505715,,CLO,EBIRD,OBS1172672936,4fa7b334-ce0d-4e88-aaae-2e0c138d049e,CC_BY_4_0,CONTINENT_DERIVED_FROM_COORDINATES;TAXON_CONCEPT_ID_NOT_FOUND
3563215868,"Aythya ferina (Linnaeus, 1758)",Aythya ferina,Common Pochard,Animalia,Chordata,Aves,Anseriformes,Anatidae,Aythya,SPECIES,2498255,2498255,VU,Vulnerable,2021-06-19,2021,6,19,42.579243,21.048304,,,Ligatinat e Henc (Henc Wetland),Fushë Kosovë / Kosovo Polje,Prishtinë / Priština,Ligatina e Hencit/ Radevës,Wetlands,FALSE,HUMAN_OBSERVATION,9,,obsr1505715,,CLO,EBIRD,OBS1185276508,4fa7b334-ce0d-4e88-aaae-2e0c138d049e,CC_BY_4_0,CONTINENT_DERIVED_FROM_COORDINATES;TAXON_CONCEPT_ID_NOT_FOUND
3559481414,"Aythya ferina (Linnaeus, 1758)",Aythya ferina,Common Pochard,Animalia,Chordata,Aves,Anseriformes,Anatidae,Aythya,SPECIES,2498255,2498255,VU,Vulnerable,2021-10-02,2021,10,2,42.579243,21.048304,,,Ligatinat e Henc (Henc Wetland),Fushë Kosovë / Kosovo Polje,Prishtinë / Priština,Ligatina e Hencit/ Radevës,Wetlands,FALSE,HUMAN_OBSERVATION,120,,obsr1505715,,CLO,EBIRD,OBS1248422880,4fa7b334-ce0d-4e88-aaae-2e0c138d049e,CC_BY_4_0,CONTINENT_DERIVED_FROM_COORDINATES;TAXON_CONCEPT_ID_NOT_FOUND
3558416304,"Aythya ferina (Linnaeus, 1758)",Aythya ferina,Common Pochard,Animalia,Chordata,Aves,Anseriformes,Anatidae,Aythya,SPECIES,2498255,2498255,VU,Vulnerable,2021-05-19,2021,5,19,42.605972,21.060795,,,M9 Bridge over Sitnica River,Fushë Kosovë / Kosovo Polje,Prishtinë / Priština,,,FALSE,HUMAN_OBSERVATION,3,,obsr1505715,,CLO,EBIRD,OBS1160816583,4fa7b334-ce0d-4e88-aaae-2e0c138d049e,CC_BY_4_0,CONTINENT_DERIVED_FROM_COORDINATES;TAXON_CONCEPT_ID_NOT_FOUND
3558233668,"Aythya ferina (Linnaeus, 1758)",Aythya ferina,Common Pochard,Animalia,Chordata,Aves,Anseriformes,Anatidae,Aythya,SPECIES,2498255,2498255,VU,Vulnerable,2021-07-24,2021,7,24,42.605972,21.060795,,,M9 Bridge over Sitnica River,Fushë Kosovë / Kosovo Polje,Prishtinë / Priština,,,FALSE,HUMAN_OBSERVATION,8,,obsr1505715,,CLO,EBIRD,OBS1205836457,4fa7b334-ce0d-4e88-aaae-2e0c138d049e,CC_BY_4_0,CONTINENT_DERIVED_FROM_COORDINATES;TAXON_CONCEPT_ID_NOT_FOUND
3558145013,"Aythya ferina (Linnaeus, 1758)",Aythya ferina,Common Pochard,Animalia,Chordata,Aves,Anseriformes,Anatidae,Aythya,SPECIES,2498255,2498255,VU,Vulnerable,2021-06-02,2021,6,2,42.605972,21.060795,,,M9 Bridge over Sitnica River,Fushë Kosovë / Kosovo Polje,Prishtinë / Priština,,,FALSE,HUMAN_OBSERVATION,7,,obsr1505715,,CLO,EBIRD,OBS1173494865,4fa7b334-ce0d-4e88-aaae-2e0c138d049e,CC_BY_4_0,CONTINENT_DERIVED_FROM_COORDINATES;TAXON_CONCEPT_ID_NOT_FOUND
3555671618,"Aythya ferina (Linnaeus, 1758)",Aythya ferina,Common Pochard,Animalia,Chordata,Aves,Anseriformes,Anatidae,Aythya,SPECIES,2498255,2498255,VU,Vulnerable,2021-03-13,2021,3,13,42.579243,21.048304,,,Ligatinat e Henc (Henc Wetland),Fushë Kosovë / Kosovo Polje,Prishtinë / Priština,Ligatina e Hencit/ Radevës,Wetlands,FALSE,HUMAN_OBSERVATION,101,,obsr1505715,,CLO,EBIRD,OBS1093609663,4fa7b334-ce0d-4e88-aaae-2e0c138d049e,CC_BY_4_0,CONTINENT_DERIVED_FROM_COORDINATES;TAXON_CONCEPT_ID_NOT_FOUND
3555372006,"Aythya ferina (Linnaeus, 1758)",Aythya ferina,Common Pochard,Animalia,Chordata,Aves,Anseriformes,Anatidae,Aythya,SPECIES,2498255,2498255,VU,Vulnerable,2021-05-08,2021,5,8,42.605972,21.060795,,,M9 Bridge over Sitnica River,Fushë Kosovë / Kosovo Polje,Prishtinë / Priština,,,FALSE,HUMAN_OBSERVATION,4,,obsr1505715,,CLO,EBIRD,OBS1147034626,4fa7b334-ce0d-4e88-aaae-2e0c138d049e,CC_BY_4_0,CONTINENT_DERIVED_FROM_COORDINATES;TAXON_CONCEPT_ID_NOT_FOUND
3553765419,"Aythya ferina (Linnaeus, 1758)",Aythya ferina,Common Pochard,Animalia,Chordata,Aves,Anseriformes,Anatidae,Aythya,SPECIES,2498255,2498255,VU,Vulnerable,2021-07-23,2021,7,23,42.605972,21.060795,,,M9 Bridge over Sitnica River,Fushë Kosovë / Kosovo Polje,Prishtinë / Priština,,,FALSE,HUMAN_OBSERVATION,18,,obsr1505715,,CLO,EBIRD,OBS1205323130,4fa7b334-ce0d-4e88-aaae-2e0c138d049e,CC_BY_4_0,CONTINENT_DERIVED_FROM_COORDINATES;TAXON_CONCEPT_ID_NOT_FOUND
3552835873,"Aythya ferina (Linnaeus, 1758)",Aythya ferina,Common Pochard,Animalia,Chordata,Aves,Anseriformes,Anatidae,Aythya,SPECIES,2498255,2498255,VU,Vulnerable,2021-06-18,2021,6,18,42.605972,21.060795,,,M9 Bridge over Sitnica River,Fushë Kosovë / Kosovo Polje,Prishtinë / Priština,,,FALSE,HUMAN_OBSERVATION,6,,obsr1505715,,CLO,EBIRD,OBS1184891698,4fa7b334-ce0d-4e88-aaae-2e0c138d049e,CC_BY_4_0,CONTINENT_DERIVED_FROM_COORDINATES;TAXON_CONCEPT_ID_NOT_FOUND
3552686919,"Aythya ferina (Linnaeus, 1758)",Aythya ferina,Common Pochard,Animalia,Chordata,Aves,Anseriformes,Anatidae,Aythya,SPECIES,2498255,2498255,VU,Vulnerable,2021-05-09,2021,5,9,42.579243,21.048304,,,Ligatinat e Henc (Henc Wetland),Fushë Kosovë / Kosovo Polje,Prishtinë / Priština,Ligatina e Hencit/ Radevës,Wetlands,FALSE,HUMAN_OBSERVATION,4,,obsr1505715,,CLO,EBIRD,OBS1148645744,4fa7b334-ce0d-4e88-aaae-2e0c138d049e,CC_BY_4_0,CONTINENT_DERIVED_FROM_COORDINATES;TAXON_CONCEPT_ID_NOT_FOUND
3550210152,"Aythya ferina (Linnaeus, 1758)",Aythya ferina,Common Pochard,Animalia,Chordata,Aves,Anseriformes,Anatidae,Aythya,SPECIES,2498255,2498255,VU,Vulnerable,2021-06-29,2021,6,29,42.605972,21.060795,,,M9 Bridge over Sitnica River,Fushë Kosovë / Kosovo Polje,Prishtinë / Priština,,,FALSE,HUMAN_OBSERVATION,28,,obsr1505715,,CLO,EBIRD,OBS1191743484,4fa7b334-ce0d-4e88-aaae-2e0c138d049e,CC_BY_4_0,CONTINENT_DERIVED_FROM_COORDINATES;TAXON_CONCEPT_ID_NOT_FOUND
3548534059,"Aythya ferina (Linnaeus, 1758)",Aythya ferina,Common Pochard,Animalia,Chordata,Aves,Anseriformes,Anatidae,Aythya,SPECIES,2498255,2498255,VU,Vulnerable,2021-06-04,2021,6,4,42.579243,21.048304,,,Ligatinat e Henc (Henc Wetland),Fushë Kosovë / Kosovo Polje,Prishtinë / Priština,Ligatina e Hencit/ Radevës,Wetlands,FALSE,HUMAN_OBSERVATION,6,,obsr1505715,,CLO,EBIRD,OBS1175037091,4fa7b334-ce0d-4e88-aaae-2e0c138d049e,CC_BY_4_0,CONTINENT_DERIVED_FROM_COORDINATES;TAXON_CONCEPT_ID_NOT_FOUND
3548412609,"Streptopelia turtur (Linnaeus, 1758)",Streptopelia turtur,European Turtle-Dove,Animalia,Chordata,Aves,Columbiformes,Columbidae,Streptopelia,SPECIES,2495708,2495708,VU,Vulnerable,2021-05-27,2021,5,27,42.605972,21.060795,,,M9 Bridge over Sitnica River,Fushë Kosovë / Kosovo Polje,Prishtinë / Priština,,,FALSE,HUMAN_OBSERVATION,2,,obsr1505715,,CLO,EBIRD,OBS1168283184,4fa7b334-ce0d-4e88-aaae-2e0c138d049e,CC_BY_4_0,CONTINENT_DERIVED_FROM_COORDINATES;TAXON_CONCEPT_ID_NOT_FOUND
3547319964,"Aythya ferina (Linnaeus, 1758)",Aythya ferina,Common Pochard,Animalia,Chordata,Aves,Anseriformes,Anatidae,Aythya,SPECIES,2498255,2498255,VU,Vulnerable,2021-09-11,2021,9,11,42.579243,21.048304,,,Ligatinat e Henc (Henc Wetland),Fushë Kosovë / Kosovo Polje,Prishtinë / Priština,Ligatina e Hencit/ Radevës,Wetlands,FALSE,HUMAN_OBSERVATION,29,,obsr1505715,,CLO,EBIRD,OBS1234634553,4fa7b334-ce0d-4e88-aaae-2e0c138d049e,CC_BY_4_0,CONTINENT_DERIVED_FROM_COORDINATES;TAXON_CONCEPT_ID_NOT_FOUND
3545744979,"Aythya ferina (Linnaeus, 1758)",Aythya ferina,Common Pochard,Animalia,Chordata,Aves,Anseriformes,Anatidae,Aythya,SPECIES,2498255,2498255,VU,Vulnerable,2021-03-18,2021,3,18,42.579243,21.048304,,,Ligatinat e Henc (Henc Wetland),Fushë Kosovë / Kosovo Polje,Prishtinë / Priština,Ligatina e Hencit/ Radevës,Wetlands,FALSE,HUMAN_OBSERVATION,70,,obsr1505715,,CLO,EBIRD,OBS1097303939,4fa7b334-ce0d-4e88-aaae-2e0c138d049e,CC_BY_4_0,CONTINENT_DERIVED_FROM_COORDINATES;TAXON_CONCEPT_ID_NOT_FOUND
3545618411,"Aythya ferina (Linnaeus, 1758)",Aythya ferina,Common Pochard,Animalia,Chordata,Aves,Anseriformes,Anatidae,Aythya,SPECIES,2498255,2498255,VU,Vulnerable,2021-05-08,2021,5,8,42.579243,21.048304,,,Ligatinat e Henc (Henc Wetland),Fushë Kosovë / Kosovo Polje,Prishtinë / Priština,Ligatina e Hencit/ Radevës,Wetlands,FALSE,HUMAN_OBSERVATION,24,,obsr1505715,,CLO,EBIRD,OBS1146843516,4fa7b334-ce0d-4e88-aaae-2e0c138d049e,CC_BY_4_0,CONTINENT_DERIVED_FROM_COORDINATES;TAXON_CONCEPT_ID_NOT_FOUND
3544958506,"Aythya ferina (Linnaeus, 1758)",Aythya ferina,Common Pochard,Animalia,Chordata,Aves,Anseriformes,Anatidae,Aythya,SPECIES,2498255,2498255,VU,Vulnerable,2021-10-08,2021,10,8,42.579243,21.048304,,,Ligatinat e Henc (Henc Wetland),Fushë Kosovë / Kosovo Polje,Prishtinë / Priština,Ligatina e Hencit/ Radevës,Wetlands,FALSE,HUMAN_OBSERVATION,2,,obsr1505715,,CLO,EBIRD,OBS1252314464,4fa7b334-ce0d-4e88-aaae-2e0c138d049e,CC_BY_4_0,CONTINENT_DERIVED_FROM_COORDINATES;TAXON_CONCEPT_ID_NOT_FOUND
3544500111,"Aythya ferina (Linnaeus, 1758)",Aythya ferina,Common Pochard,Animalia,Chordata,Aves,Anseriformes,Anatidae,Aythya,SPECIES,2498255,2498255,VU,Vulnerable,2021-03-29,2021,3,29,42.605972,21.060795,,,M9 Bridge over Sitnica River,Fushë Kosovë / Kosovo Polje,Prishtinë / Priština,,,FALSE,HUMAN_OBSERVATION,30,,obsr1505715,,CLO,EBIRD,OBS1106138611,4fa7b334-ce0d-4e88-aaae-2e0c138d049e,CC_BY_4_0,CONTINENT_DERIVED_FROM_COORDINATES;TAXON_CONCEPT_ID_NOT_FOUND
3543957509,"Aythya ferina (Linnaeus, 1758)",Aythya ferina,Common Pochard,Animalia,Chordata,Aves,Anseriformes,Anatidae,Aythya,SPECIES,2498255,2498255,VU,Vulnerable,2021-09-26,2021,9,26,42.579243,21.048304,,,Ligatinat e Henc (Henc Wetland),Fushë Kosovë / Kosovo Polje,Prishtinë / Priština,Ligatina e Hencit/ Radevës,Wetlands,FALSE,HUMAN_OBSERVATION,25,,obsr1505715,,CLO,EBIRD,OBS1244444360,4fa7b334-ce0d-4e88-aaae-2e0c138d049e,CC_BY_4_0,CONTINENT_DERIVED_FROM_COORDINATES;TAXON_CONCEPT_ID_NOT_FOUND
3543750974,"Aythya ferina (Linnaeus, 1758)",Aythya ferina,Common Pochard,Animalia,Chordata,Aves,Anseriformes,Anatidae,Aythya,SPECIES,2498255,2498255,VU,Vulnerable,2021-07-11,2021,7,11,42.605972,21.060795,,,M9 Bridge over Sitnica River,Fushë Kosovë / Kosovo Polje,Prishtinë / Priština,,,FALSE,HUMAN_OBSERVATION,16,,obsr1505715,,CLO,EBIRD,OBS1198700698,4fa7b334-ce0d-4e88-aaae-2e0c138d049e,CC_BY_4_0,CONTINENT_DERIVED_FROM_COORDINATES;TAXON_CONCEPT_ID_NOT_FOUND
3542506771,"Aythya ferina (Linnaeus, 1758)",Aythya ferina,Common Pochard,Animalia,Chordata,Aves,Anseriformes,Anatidae,Aythya,SPECIES,2498255,2498255,VU,Vulnerable,2021-04-24,2021,4,24,42.579243,21.048304,,,Ligatinat e Henc (Henc Wetland),Fushë Kosovë / Kosovo Polje,Prishtinë / Priština,Ligatina e Hencit/ Radevës,Wetlands,FALSE,HUMAN_OBSERVATION,41,,obsr1505715,,CLO,EBIRD,OBS1130127292,4fa7b334-ce0d-4e88-aaae-2e0c138d049e,CC_BY_4_0,CONTINENT_DERIVED_FROM_COORDINATES;TAXON_CONCEPT_ID_NOT_FOUND
3541702049,"Streptopelia turtur (Linnaeus, 1758)",Streptopelia turtur,European Turtle-Dove,Animalia,Chordata,Aves,Columbiformes,Columbidae,Streptopelia,SPECIES,2495708,2495708,VU,Vulnerable,2021-07-18,2021,7,18,42.605972,21.060795,,,M9 Bridge over Sitnica River,Fushë Kosovë / Kosovo Polje,Prishtinë / Priština,,,FALSE,HUMAN_OBSERVATION,1,,obsr1505715,,CLO,EBIRD,OBS1202607688,4fa7b334-ce0d-4e88-aaae-2e0c138d049e,CC_BY_4_0,CONTINENT_DERIVED_FROM_COORDINATES;TAXON_CONCEPT_ID_NOT_FOUND
3539355440,"Streptopelia turtur (Linnaeus, 1758)",Streptopelia turtur,European Turtle-Dove,Animalia,Chordata,Aves,Columbiformes,Columbidae,Streptopelia,SPECIES,2495708,2495708,VU,Vulnerable,2021-04-17,2021,4,17,42.57237,21.060566,,,"Auto selected 42.57237, 21.06057",Fushë Kosovë / Kosovo Polje,Prishtinë / Priština,,,FALSE,HUMAN_OBSERVATION,2,,obsr1505715,,CLO,EBIRD,OBS1123356854,4fa7b334-ce0d-4e88-aaae-2e0c138d049e,CC_BY_4_0,CONTINENT_DERIVED_FROM_COORDINATES;TAXON_CONCEPT_ID_NOT_FOUND
3539252188,"Streptopelia turtur (Linnaeus, 1758)",Streptopelia turtur,European Turtle-Dove,Animalia,Chordata,Aves,Columbiformes,Columbidae,Streptopelia,SPECIES,2495708,2495708,VU,Vulnerable,2021-06-18,2021,6,18,42.605972,21.060795,,,M9 Bridge over Sitnica River,Fushë Kosovë / Kosovo Polje,Prishtinë / Priština,,,FALSE,HUMAN_OBSERVATION,2,,obsr1505715,,CLO,EBIRD,OBS1184891696,4fa7b334-ce0d-4e88-aaae-2e0c138d049e,CC_BY_4_0,CONTINENT_DERIVED_FROM_COORDINATES;TAXON_CONCEPT_ID_NOT_FOUND
3537973026,"Streptopelia turtur (Linnaeus, 1758)",Streptopelia turtur,European Turtle-Dove,Animalia,Chordata,Aves,Columbiformes,Columbidae,Streptopelia,SPECIES,2495708,2495708,VU,Vulnerable,2021-04-22,2021,4,22,42.579243,21.048304,,,Ligatinat e Henc (Henc Wetland),Fushë Kosovë / Kosovo Polje,Prishtinë / Priština,Ligatina e Hencit/ Radevës,Wetlands,FALSE,HUMAN_OBSERVATION,2,,obsr1505715,,CLO,EBIRD,OBS1128256254,4fa7b334-ce0d-4e88-aaae-2e0c138d049e,CC_BY_4_0,CONTINENT_DERIVED_FROM_COORDINATES;TAXON_CONCEPT_ID_NOT_FOUND
3537783381,"Aythya ferina (Linnaeus, 1758)",Aythya ferina,Common Pochard,Animalia,Chordata,Aves,Anseriformes,Anatidae,Aythya,SPECIES,2498255,2498255,VU,Vulnerable,2021-04-18,2021,4,18,42.579243,21.048304,,,Ligatinat e Henc (Henc Wetland),Fushë Kosovë / Kosovo Polje,Prishtinë / Priština,Ligatina e Hencit/ Radevës,Wetlands,FALSE,HUMAN_OBSERVATION,52,,obsr1505715,,CLO,EBIRD,OBS1124491230,4fa7b334-ce0d-4e88-aaae-2e0c138d049e,CC_BY_4_0,CONTINENT_DERIVED_FROM_COORDINATES;TAXON_CONCEPT_ID_NOT_FOUND
3536784983,"Aythya ferina (Linnaeus, 1758)",Aythya ferina,Common Pochard,Animalia,Chordata,Aves,Anseriformes,Anatidae,Aythya,SPECIES,2498255,2498255,VU,Vulnerable,2021-07-17,2021,7,17,42.579243,21.048304,,,Ligatinat e Henc (Henc Wetland),Fushë Kosovë / Kosovo Polje,Prishtinë / Priština,Ligatina e Hencit/ Radevës,Wetlands,FALSE,HUMAN_OBSERVATION,3,,obsr1505715,,CLO,EBIRD,OBS1201976220,4fa7b334-ce0d-4e88-aaae-2e0c138d049e,CC_BY_4_0,CONTINENT_DERIVED_FROM_COORDINATES;TAXON_CONCEPT_ID_NOT_FOUND
3535857673,"Aythya ferina (Linnaeus, 1758)",Aythya ferina,Common Pochard,Animalia,Chordata,Aves,Anseriformes,Anatidae,Aythya,SPECIES,2498255,2498255,VU,Vulnerable,2021-06-23,2021,6,23,42.579243,21.048304,,,Ligatinat e Henc (Henc Wetland),Fushë Kosovë / Kosovo Polje,Prishtinë / Priština,Ligatina e Hencit/ Radevës,Wetlands,FALSE,HUMAN_OBSERVATION,8,,obsr1505715,,CLO,EBIRD,OBS1187950982,4fa7b334-ce0d-4e88-aaae-2e0c138d049e,CC_BY_4_0,CONTINENT_DERIVED_FROM_COORDINATES;TAXON_CONCEPT_ID_NOT_FOUND
3533981917,"Aythya ferina (Linnaeus, 1758)",Aythya ferina,Common Pochard,Animalia,Chordata,Aves,Anseriformes,Anatidae,Aythya,SPECIES,2498255,2498255,VU,Vulnerable,2021-05-20,2021,5,20,42.579243,21.048304,,,Ligatinat e Henc (Henc Wetland),Fushë Kosovë / Kosovo Polje,Prishtinë / Priština,Ligatina e Hencit/ Radevës,Wetlands,FALSE,HUMAN_OBSERVATION,6,,obsr1505715,,CLO,EBIRD,OBS1161748719,4fa7b334-ce0d-4e88-aaae-2e0c138d049e,CC_BY_4_0,CONTINENT_DERIVED_FROM_COORDINATES;TAXON_CONCEPT_ID_NOT_FOUND
3533871793,"Aythya ferina (Linnaeus, 1758)",Aythya ferina,Common Pochard,Animalia,Chordata,Aves,Anseriformes,Anatidae,Aythya,SPECIES,2498255,2498255,VU,Vulnerable,2021-07-21,2021,7,21,42.605972,21.060795,,,M9 Bridge over Sitnica River,Fushë Kosovë / Kosovo Polje,Prishtinë / Priština,,,FALSE,HUMAN_OBSERVATION,9,,obsr1505715,,CLO,EBIRD,OBS1204272808,4fa7b334-ce0d-4e88-aaae-2e0c138d049e,CC_BY_4_0,CONTINENT_DERIVED_FROM_COORDINATES;TAXON_CONCEPT_ID_NOT_FOUND
3533756323,"Aythya ferina (Linnaeus, 1758)",Aythya ferina,Common Pochard,Animalia,Chordata,Aves,Anseriformes,Anatidae,Aythya,SPECIES,2498255,2498255,VU,Vulnerable,2021-03-19,2021,3,19,42.579243,21.048304,,,Ligatinat e Henc (Henc Wetland),Fushë Kosovë / Kosovo Polje,Prishtinë / Priština,Ligatina e Hencit/ Radevës,Wetlands,FALSE,HUMAN_OBSERVATION,70,,obsr1505715,,CLO,EBIRD,OBS1097912075,4fa7b334-ce0d-4e88-aaae-2e0c138d049e,CC_BY_4_0,CONTINENT_DERIVED_FROM_COORDINATES;TAXON_CONCEPT_ID_NOT_FOUND
3533712097,"Aythya ferina (Linnaeus, 1758)",Aythya ferina,Common Pochard,Animalia,Chordata,Aves,Anseriformes,Anatidae,Aythya,SPECIES,2498255,2498255,VU,Vulnerable,2021-05-19,2021,5,19,42.579243,21.048304,,,Ligatinat e Henc (Henc Wetland),Fushë Kosovë / Kosovo Polje,Prishtinë / Priština,Ligatina e Hencit/ Radevës,Wetlands,FALSE,HUMAN_OBSERVATION,8,,obsr1505715,,CLO,EBIRD,OBS1161221984,4fa7b334-ce0d-4e88-aaae-2e0c138d049e,CC_BY_4_0,CONTINENT_DERIVED_FROM_COORDINATES;TAXON_CONCEPT_ID_NOT_FOUND
3533034847,"Aythya ferina (Linnaeus, 1758)",Aythya ferina,Common Pochard,Animalia,Chordata,Aves,Anseriformes,Anatidae,Aythya,SPECIES,2498255,2498255,VU,Vulnerable,2021-09-19,2021,9,19,42.579243,21.048304,,,Ligatinat e Henc (Henc Wetland),Fushë Kosovë / Kosovo Polje,Prishtinë / Priština,Ligatina e Hencit/ Radevës,Wetlands,FALSE,HUMAN_OBSERVATION,57,,obsr1505715,,CLO,EBIRD,OBS1239925092,4fa7b334-ce0d-4e88-aaae-2e0c138d049e,CC_BY_4_0,CONTINENT_DERIVED_FROM_COORDINATES;TAXON_CONCEPT_ID_NOT_FOUND
3532874164,"Streptopelia turtur (Linnaeus, 1758)",Streptopelia turtur,European Turtle-Dove,Animalia,Chordata,Aves,Columbiformes,Columbidae,Streptopelia,SPECIES,2495708,2495708,VU,Vulnerable,2021-07-11,2021,7,11,42.605972,21.060795,,,M9 Bridge over Sitnica River,Fushë Kosovë / Kosovo Polje,Prishtinë / Priština,,,FALSE,HUMAN_OBSERVATION,1,,obsr1505715,,CLO,EBIRD,OBS1198700693,4fa7b334-ce0d-4e88-aaae-2e0c138d049e,CC_BY_4_0,CONTINENT_DERIVED_FROM_COORDINATES;TAXON_CONCEPT_ID_NOT_FOUND
3532335515,"Aythya ferina (Linnaeus, 1758)",Aythya ferina,Common Pochard,Animalia,Chordata,Aves,Anseriformes,Anatidae,Aythya,SPECIES,2498255,2498255,VU,Vulnerable,2021-05-27,2021,5,27,42.605972,21.060795,,,M9 Bridge over Sitnica River,Fushë Kosovë / Kosovo Polje,Prishtinë / Priština,,,FALSE,HUMAN_OBSERVATION,3,,obsr1505715,,CLO,EBIRD,OBS1168283182,4fa7b334-ce0d-4e88-aaae-2e0c138d049e,CC_BY_4_0,CONTINENT_DERIVED_FROM_COORDINATES;TAXON_CONCEPT_ID_NOT_FOUND
3531730674,"Aythya ferina (Linnaeus, 1758)",Aythya ferina,Common Pochard,Animalia,Chordata,Aves,Anseriformes,Anatidae,Aythya,SPECIES,2498255,2498255,VU,Vulnerable,2021-06-12,2021,6,12,42.579243,21.048304,,,Ligatinat e Henc (Henc Wetland),Fushë Kosovë / Kosovo Polje,Prishtinë / Priština,Ligatina e Hencit/ Radevës,Wetlands,FALSE,HUMAN_OBSERVATION,10,,obsr1505715,,CLO,EBIRD,OBS1180686505,4fa7b334-ce0d-4e88-aaae-2e0c138d049e,CC_BY_4_0,CONTINENT_DERIVED_FROM_COORDINATES;TAXON_CONCEPT_ID_NOT_FOUND
3531684552,"Aythya ferina (Linnaeus, 1758)",Aythya ferina,Common Pochard,Animalia,Chordata,Aves,Anseriformes,Anatidae,Aythya,SPECIES,2498255,2498255,VU,Vulnerable,2021-04-30,2021,4,30,42.579243,21.048304,,,Ligatinat e Henc (Henc Wetland),Fushë Kosovë / Kosovo Polje,Prishtinë / Priština,Ligatina e Hencit/ Radevës,Wetlands,FALSE,HUMAN_OBSERVATION,25,,obsr1505715,,CLO,EBIRD,OBS1136509849,4fa7b334-ce0d-4e88-aaae-2e0c138d049e,CC_BY_4_0,CONTINENT_DERIVED_FROM_COORDINATES;TAXON_CONCEPT_ID_NOT_FOUND
3529082402,"Aythya ferina (Linnaeus, 1758)",Aythya ferina,Common Pochard,Animalia,Chordata,Aves,Anseriformes,Anatidae,Aythya,SPECIES,2498255,2498255,VU,Vulnerable,2021-06-27,2021,6,27,42.579243,21.048304,,,Ligatinat e Henc (Henc Wetland),Fushë Kosovë / Kosovo Polje,Prishtinë / Priština,Ligatina e Hencit/ Radevës,Wetlands,FALSE,HUMAN_OBSERVATION,15,,obsr1505715,,CLO,EBIRD,OBS1190551198,4fa7b334-ce0d-4e88-aaae-2e0c138d049e,CC_BY_4_0,CONTINENT_DERIVED_FROM_COORDINATES;TAXON_CONCEPT_ID_NOT_FOUND
3527225416,"Aythya ferina (Linnaeus, 1758)",Aythya ferina,Common Pochard,Animalia,Chordata,Aves,Anseriformes,Anatidae,Aythya,SPECIES,2498255,2498255,VU,Vulnerable,2021-04-17,2021,4,17,42.60923,21.06683,,,Miradi e Poshtme,Fushë Kosovë / Kosovo Polje,Prishtinë / Priština,,,FALSE,HUMAN_OBSERVATION,5,,obsr1505715,,CLO,EBIRD,OBS1123307747,4fa7b334-ce0d-4e88-aaae-2e0c138d049e,CC_BY_4_0,CONTINENT_DERIVED_FROM_COORDINATES;TAXON_CONCEPT_ID_NOT_FOUND
3525235027,"Aythya ferina (Linnaeus, 1758)",Aythya ferina,Common Pochard,Animalia,Chordata,Aves,Anseriformes,Anatidae,Aythya,SPECIES,2498255,2498255,VU,Vulnerable,2021-05-15,2021,5,15,42.579243,21.048304,,,Ligatinat e Henc (Henc Wetland),Fushë Kosovë / Kosovo Polje,Prishtinë / Priština,Ligatina e Hencit/ Radevës,Wetlands,FALSE,HUMAN_OBSERVATION,11,,obsr1505715,,CLO,EBIRD,OBS1155886280,4fa7b334-ce0d-4e88-aaae-2e0c138d049e,CC_BY_4_0,CONTINENT_DERIVED_FROM_COORDINATES;TAXON_CONCEPT_ID_NOT_FOUND
3522761486,"Aythya ferina (Linnaeus, 1758)",Aythya ferina,Common Pochard,Animalia,Chordata,Aves,Anseriformes,Anatidae,Aythya,SPECIES,2498255,2498255,VU,Vulnerable,2021-05-13,2021,5,13,42.605972,21.060795,,,M9 Bridge over Sitnica River,Fushë Kosovë / Kosovo Polje,Prishtinë / Priština,,,FALSE,HUMAN_OBSERVATION,4,,obsr1505715,,CLO,EBIRD,OBS1153522642,4fa7b334-ce0d-4e88-aaae-2e0c138d049e,CC_BY_4_0,CONTINENT_DERIVED_FROM_COORDINATES;TAXON_CONCEPT_ID_NOT_FOUND
3521904132,"Aythya ferina (Linnaeus, 1758)",Aythya ferina,Common Pochard,Animalia,Chordata,Aves,Anseriformes,Anatidae,Aythya,SPECIES,2498255,2498255,VU,Vulnerable,2021-05-24,2021,5,24,42.605972,21.060795,,,M9 Bridge over Sitnica River,Fushë Kosovë / Kosovo Polje,Prishtinë / Priština,,,FALSE,HUMAN_OBSERVATION,4,,obsr1505715,,CLO,EBIRD,OBS1165799003,4fa7b334-ce0d-4e88-aaae-2e0c138d049e,CC_BY_4_0,CONTINENT_DERIVED_FROM_COORDINATES;TAXON_CONCEPT_ID_NOT_FOUND
3521299713,"Aythya ferina (Linnaeus, 1758)",Aythya ferina,Common Pochard,Animalia,Chordata,Aves,Anseriformes,Anatidae,Aythya,SPECIES,2498255,2498255,VU,Vulnerable,2021-05-02,2021,5,2,42.579243,21.048304,,,Ligatinat e Henc (Henc Wetland),Fushë Kosovë / Kosovo Polje,Prishtinë / Priština,Ligatina e Hencit/ Radevës,Wetlands,FALSE,HUMAN_OBSERVATION,10,,obsr1505715,,CLO,EBIRD,OBS1138999123,4fa7b334-ce0d-4e88-aaae-2e0c138d049e,CC_BY_4_0,CONTINENT_DERIVED_FROM_COORDINATES;TAXON_CONCEPT_ID_NOT_FOUND
3521193934,"Aythya ferina (Linnaeus, 1758)",Aythya ferina,Common Pochard,Animalia,Chordata,Aves,Anseriformes,Anatidae,Aythya,SPECIES,2498255,2498255,VU,Vulnerable,2021-04-28,2021,4,28,42.579243,21.048304,,,Ligatinat e Henc (Henc Wetland),Fushë Kosovë / Kosovo Polje,Prishtinë / Priština,Ligatina e Hencit/ Radevës,Wetlands,FALSE,HUMAN_OBSERVATION,28,,obsr1505715,,CLO,EBIRD,OBS1134440294,4fa7b334-ce0d-4e88-aaae-2e0c138d049e,CC_BY_4_0,CONTINENT_DERIVED_FROM_COORDINATES;TAXON_CONCEPT_ID_NOT_FOUND
3521175813,"Aythya ferina (Linnaeus, 1758)",Aythya ferina,Common Pochard,Animalia,Chordata,Aves,Anseriformes,Anatidae,Aythya,SPECIES,2498255,2498255,VU,Vulnerable,2021-05-22,2021,5,22,42.605972,21.060795,,,M9 Bridge over Sitnica River,Fushë Kosovë / Kosovo Polje,Prishtinë / Priština,,,FALSE,HUMAN_OBSERVATION,74,,obsr1505715,,CLO,EBIRD,OBS1163579511,4fa7b334-ce0d-4e88-aaae-2e0c138d049e,CC_BY_4_0,CONTINENT_DERIVED_FROM_COORDINATES;TAXON_CONCEPT_ID_NOT_FOUND
3520879554,"Aythya ferina (Linnaeus, 1758)",Aythya ferina,Common Pochard,Animalia,Chordata,Aves,Anseriformes,Anatidae,Aythya,SPECIES,2498255,2498255,VU,Vulnerable,2021-04-14,2021,4,14,42.579243,21.048304,,,Ligatinat e Henc (Henc Wetland),Fushë Kosovë / Kosovo Polje,Prishtinë / Priština,Ligatina e Hencit/ Radevës,Wetlands,FALSE,HUMAN_OBSERVATION,31,,obsr1505715,,CLO,EBIRD,OBS1120713946,4fa7b334-ce0d-4e88-aaae-2e0c138d049e,CC_BY_4_0,CONTINENT_DERIVED_FROM_COORDINATES;TAXON_CONCEPT_ID_NOT_FOUND
3520812022,"Aythya ferina (Linnaeus, 1758)",Aythya ferina,Common Pochard,Animalia,Chordata,Aves,Anseriformes,Anatidae,Aythya,SPECIES,2498255,2498255,VU,Vulnerable,2021-05-10,2021,5,10,42.579243,21.048304,,,Ligatinat e Henc (Henc Wetland),Fushë Kosovë / Kosovo Polje,Prishtinë / Priština,Ligatina e Hencit/ Radevës,Wetlands,FALSE,HUMAN_OBSERVATION,15,,obsr1505715,,CLO,EBIRD,OBS1150185287,4fa7b334-ce0d-4e88-aaae-2e0c138d049e,CC_BY_4_0,CONTINENT_DERIVED_FROM_COORDINATES;TAXON_CONCEPT_ID_NOT_FOUND
3518449773,"Aythya ferina (Linnaeus, 1758)",Aythya ferina,Common Pochard,Animalia,Chordata,Aves,Anseriformes,Anatidae,Aythya,SPECIES,2498255,2498255,VU,Vulnerable,2021-05-21,2021,5,21,42.579243,21.048304,,,Ligatinat e Henc (Henc Wetland),Fushë Kosovë / Kosovo Polje,Prishtinë / Priština,Ligatina e Hencit/ Radevës,Wetlands,FALSE,HUMAN_OBSERVATION,10,,obsr1505715,,CLO,EBIRD,OBS1162699133,4fa7b334-ce0d-4e88-aaae-2e0c138d049e,CC_BY_4_0,CONTINENT_DERIVED_FROM_COORDINATES;TAXON_CONCEPT_ID_NOT_FOUND
3516995860,"Aythya ferina (Linnaeus, 1758)",Aythya ferina,Common Pochard,Animalia,Chordata,Aves,Anseriformes,Anatidae,Aythya,SPECIES,2498255,2498255,VU,Vulnerable,2021-05-12,2021,5,12,42.605972,21.060795,,,M9 Bridge over Sitnica River,Fushë Kosovë / Kosovo Polje,Prishtinë / Priština,,,FALSE,HUMAN_OBSERVATION,2,,obsr1505715,,CLO,EBIRD,OBS1152414188,4fa7b334-ce0d-4e88-aaae-2e0c138d049e,CC_BY_4_0,CONTINENT_DERIVED_FROM_COORDINATES;TAXON_CONCEPT_ID_NOT_FOUND
3516915358,"Aythya ferina (Linnaeus, 1758)",Aythya ferina,Common Pochard,Animalia,Chordata,Aves,Anseriformes,Anatidae,Aythya,SPECIES,2498255,2498255,VU,Vulnerable,2021-05-03,2021,5,3,42.579243,21.048304,,,Ligatinat e Henc (Henc Wetland),Fushë Kosovë / Kosovo Polje,Prishtinë / Priština,Ligatina e Hencit/ Radevës,Wetlands,FALSE,HUMAN_OBSERVATION,44,,obsr1505715,,CLO,EBIRD,OBS1140412379,4fa7b334-ce0d-4e88-aaae-2e0c138d049e,CC_BY_4_0,CONTINENT_DERIVED_FROM_COORDINATES;TAXON_CONCEPT_ID_NOT_FOUND
3516770138,"Aythya ferina (Linnaeus, 1758)",Aythya ferina,Common Pochard,Animalia,Chordata,Aves,Anseriformes,Anatidae,Aythya,SPECIES,2498255,2498255,VU,Vulnerable,2021-04-27,2021,4,27,42.579243,21.048304,,,Ligatinat e Henc (Henc Wetland),Fushë Kosovë / Kosovo Polje,Prishtinë / Priština,Ligatina e Hencit/ Radevës,Wetlands,FALSE,HUMAN_OBSERVATION,29,,obsr1505715,,CLO,EBIRD,OBS1133425350,4fa7b334-ce0d-4e88-aaae-2e0c138d049e,CC_BY_4_0,CONTINENT_DERIVED_FROM_COORDINATES;TAXON_CONCEPT_ID_NOT_FOUND
3516226865,"Aythya ferina (Linnaeus, 1758)",Aythya ferina,Common Pochard,Animalia,Chordata,Aves,Anseriformes,Anatidae,Aythya,SPECIES,2498255,2498255,VU,Vulnerable,2021-05-10,2021,5,10,42.605972,21.060795,,,M9 Bridge over Sitnica River,Fushë Kosovë / Kosovo Polje,Prishtinë / Priština,,,FALSE,HUMAN_OBSERVATION,2,,obsr1505715,,CLO,EBIRD,OBS1150089064,4fa7b334-ce0d-4e88-aaae-2e0c138d049e,CC_BY_4_0,CONTINENT_DERIVED_FROM_COORDINATES;TAXON_CONCEPT_ID_NOT_FOUND
3512805727,"Aythya ferina (Linnaeus, 1758)",Aythya ferina,Common Pochard,Animalia,Chordata,Aves,Anseriformes,Anatidae,Aythya,SPECIES,2498255,2498255,VU,Vulnerable,2021-04-17,2021,4,17,42.579243,21.048304,,,Ligatinat e Henc (Henc Wetland),Fushë Kosovë / Kosovo Polje,Prishtinë / Priština,Ligatina e Hencit/ Radevës,Wetlands,FALSE,HUMAN_OBSERVATION,65,,obsr1505715,,CLO,EBIRD,OBS1123357692,4fa7b334-ce0d-4e88-aaae-2e0c138d049e,CC_BY_4_0,CONTINENT_DERIVED_FROM_COORDINATES;TAXON_CONCEPT_ID_NOT_FOUND
3510462464,"Aythya ferina (Linnaeus, 1758)",Aythya ferina,Common Pochard,Animalia,Chordata,Aves,Anseriformes,Anatidae,Aythya,SPECIES,2498255,2498255,VU,Vulnerable,2021-03-08,2021,3,8,42.579243,21.048304,,,Ligatinat e Henc (Henc Wetland),Fushë Kosovë / Kosovo Polje,Prishtinë / Priština,Ligatina e Hencit/ Radevës,Wetlands,FALSE,HUMAN_OBSERVATION,75,,obsr1505715,,CLO,EBIRD,OBS1090190131,4fa7b334-ce0d-4e88-aaae-2e0c138d049e,CC_BY_4_0,CONTINENT_DERIVED_FROM_COORDINATES;TAXON_CONCEPT_ID_NOT_FOUND
3509766502,"Aythya ferina (Linnaeus, 1758)",Aythya ferina,Common Pochard,Animalia,Chordata,Aves,Anseriformes,Anatidae,Aythya,SPECIES,2498255,2498255,VU,Vulnerable,2021-04-01,2021,4,1,42.579243,21.048304,,,Ligatinat e Henc (Henc Wetland),Fushë Kosovë / Kosovo Polje,Prishtinë / Priština,Ligatina e Hencit/ Radevës,Wetlands,FALSE,HUMAN_OBSERVATION,36,,obsr1505715,,CLO,EBIRD,OBS1108904141,4fa7b334-ce0d-4e88-aaae-2e0c138d049e,CC_BY_4_0,CONTINENT_DERIVED_FROM_COORDINATES;TAXON_CONCEPT_ID_NOT_FOUND
3509244213,"Aythya ferina (Linnaeus, 1758)",Aythya ferina,Common Pochard,Animalia,Chordata,Aves,Anseriformes,Anatidae,Aythya,SPECIES,2498255,2498255,VU,Vulnerable,2021-03-04,2021,3,4,42.579243,21.048304,,,Ligatinat e Henc (Henc Wetland),Fushë Kosovë / Kosovo Polje,Prishtinë / Priština,Ligatina e Hencit/ Radevës,Wetlands,FALSE,HUMAN_OBSERVATION,75,,obsr1505715,,CLO,EBIRD,OBS1087020096,4fa7b334-ce0d-4e88-aaae-2e0c138d049e,CC_BY_4_0,CONTINENT_DERIVED_FROM_COORDINATES;TAXON_CONCEPT_ID_NOT_FOUND
3509102444,"Aythya ferina (Linnaeus, 1758)",Aythya ferina,Common Pochard,Animalia,Chordata,Aves,Anseriformes,Anatidae,Aythya,SPECIES,2498255,2498255,VU,Vulnerable,2021-03-03,2021,3,3,42.579243,21.048304,,,Ligatinat e Henc (Henc Wetland),Fushë Kosovë / Kosovo Polje,Prishtinë / Priština,Ligatina e Hencit/ Radevës,Wetlands,FALSE,HUMAN_OBSERVATION,81,,obsr1505715,,CLO,EBIRD,OBS1086363134,4fa7b334-ce0d-4e88-aaae-2e0c138d049e,CC_BY_4_0,CONTINENT_DERIVED_FROM_COORDINATES;TAXON_CONCEPT_ID_NOT_FOUND
3508913576,"Aythya ferina (Linnaeus, 1758)",Aythya ferina,Common Pochard,Animalia,Chordata,Aves,Anseriformes,Anatidae,Aythya,SPECIES,2498255,2498255,VU,Vulnerable,2021-03-06,2021,3,6,42.579243,21.048304,,,Ligatinat e Henc (Henc Wetland),Fushë Kosovë / Kosovo Polje,Prishtinë / Priština,Ligatina e Hencit/ Radevës,Wetlands,FALSE,HUMAN_OBSERVATION,115,,obsr1505715,,CLO,EBIRD,OBS1088423570,4fa7b334-ce0d-4e88-aaae-2e0c138d049e,CC_BY_4_0,CONTINENT_DERIVED_FROM_COORDINATES;TAXON_CONCEPT_ID_NOT_FOUND
3415404658,"Triturus macedonicus (Karaman, 1922)",Triturus macedonicus,Macedonian Crested Newt,Animalia,Chordata,Amphibia,Caudata,Salamandridae,Triturus,SPECIES,2431888,2431888,VU,Vulnerable,2018-05-11T16:09,2018,5,11,41.903819,20.634857,546,,,Dragash / Dragaš,Prizren,"Parku Kombëtar ""Sharri""",National Park,FALSE,HUMAN_OBSERVATION,,,Kai,Kai,iNaturalist,Observations,80401469,50c9509d-22c7-4a22-a47d-8c48425ef4a7,CC_BY_NC_4_0,COORDINATE_ROUNDED;COUNTRY_DERIVED_FROM_COORDINATES;CONTINENT_DERIVED_FROM_COORDINATES;TAXON_ID_NOT_FOUND
3415384610,"Triturus macedonicus (Karaman, 1922)",Triturus macedonicus,Macedonian Crested Newt,Animalia,Chordata,Amphibia,Caudata,Salamandridae,Triturus,SPECIES,2431888,2431888,VU,Vulnerable,2018-05-11T16:09,2018,5,11,41.903311,20.639892,500,,,Dragash / Dragaš,Prizren,"Parku Kombëtar ""Sharri""",National Park,FALSE,HUMAN_OBSERVATION,,,thephoxinus,thephoxinus,iNaturalist,Observations,80401536,50c9509d-22c7-4a22-a47d-8c48425ef4a7,CC_BY_NC_4_0,COORDINATE_ROUNDED;COUNTRY_DERIVED_FROM_COORDINATES;CONTINENT_DERIVED_FROM_COORDINATES;TAXON_ID_NOT_FOUND
3384678181,"Testudo hermanni Gmelin, 1789",Testudo hermanni,Hermann's Tortoise,Animalia,Chordata,Testudines,,Testudinidae,Testudo,SPECIES,2441454,2441454,VU,Vulnerable,2021-09-16T11:40:09,2021,9,16,42.194312,21.131798,27692,,,Kaçanik / Kačanik,Ferizaj / Uroševac,,,FALSE,HUMAN_OBSERVATION,,,vratnica,vratnica,iNaturalist,Observations,95121267,50c9509d-22c7-4a22-a47d-8c48425ef4a7,CC_BY_NC_4_0,COORDINATE_ROUNDED;CONTINENT_DERIVED_FROM_COORDINATES;TAXON_ID_NOT_FOUND
3299650327,"Aythya ferina (Linnaeus, 1758)",Aythya ferina,Common Pochard,Animalia,Chordata,Aves,Anseriformes,Anatidae,Aythya,SPECIES,2498255,2498255,VU,Vulnerable,2020-06-18,2020,6,18,42.579243,21.048304,,,Ligatinat e Henc (Henc Wetland),Fushë Kosovë / Kosovo Polje,Prishtinë / Priština,Ligatina e Hencit/ Radevës,Wetlands,FALSE,HUMAN_OBSERVATION,19,,obsr1505715,,CLO,EBIRD,OBS944692092,4fa7b334-ce0d-4e88-aaae-2e0c138d049e,CC_BY_4_0,CONTINENT_DERIVED_FROM_COORDINATES;TAXON_CONCEPT_ID_NOT_FOUND
3296391793,"Aythya ferina (Linnaeus, 1758)",Aythya ferina,Common Pochard,Animalia,Chordata,Aves,Anseriformes,Anatidae,Aythya,SPECIES,2498255,2498255,VU,Vulnerable,2020-09-30,2020,9,30,42.579243,21.048304,,,Ligatinat e Henc (Henc Wetland),Fushë Kosovë / Kosovo Polje,Prishtinë / Priština,Ligatina e Hencit/ Radevës,Wetlands,FALSE,HUMAN_OBSERVATION,6,,obsr1505715,,CLO,EBIRD,OBS988747064,4fa7b334-ce0d-4e88-aaae-2e0c138d049e,CC_BY_4_0,CONTINENT_DERIVED_FROM_COORDINATES;TAXON_CONCEPT_ID_NOT_FOUND
3290966131,"Aythya ferina (Linnaeus, 1758)",Aythya ferina,Common Pochard,Animalia,Chordata,Aves,Anseriformes,Anatidae,Aythya,SPECIES,2498255,2498255,VU,Vulnerable,2020-07-21,2020,7,21,42.579243,21.048304,,,Ligatinat e Henc (Henc Wetland),Fushë Kosovë / Kosovo Polje,Prishtinë / Priština,Ligatina e Hencit/ Radevës,Wetlands,FALSE,HUMAN_OBSERVATION,19,,obsr1505715,,CLO,EBIRD,OBS958777341,4fa7b334-ce0d-4e88-aaae-2e0c138d049e,CC_BY_4_0,CONTINENT_DERIVED_FROM_COORDINATES;TAXON_CONCEPT_ID_NOT_FOUND
3289263340,"Aythya ferina (Linnaeus, 1758)",Aythya ferina,Common Pochard,Animalia,Chordata,Aves,Anseriformes,Anatidae,Aythya,SPECIES,2498255,2498255,VU,Vulnerable,2020-09-01,2020,9,1,42.579243,21.048304,,,Ligatinat e Henc (Henc Wetland),Fushë Kosovë / Kosovo Polje,Prishtinë / Priština,Ligatina e Hencit/ Radevës,Wetlands,FALSE,HUMAN_OBSERVATION,15,,obsr1505715,,CLO,EBIRD,OBS974988649,4fa7b334-ce0d-4e88-aaae-2e0c138d049e,CC_BY_4_0,CONTINENT_DERIVED_FROM_COORDINATES;TAXON_CONCEPT_ID_NOT_FOUND
3287311620,"Aythya ferina (Linnaeus, 1758)",Aythya ferina,Common Pochard,Animalia,Chordata,Aves,Anseriformes,Anatidae,Aythya,SPECIES,2498255,2498255,VU,Vulnerable,2020-08-13,2020,8,13,42.579243,21.048304,,,Ligatinat e Henc (Henc Wetland),Fushë Kosovë / Kosovo Polje,Prishtinë / Priština,Ligatina e Hencit/ Radevës,Wetlands,FALSE,HUMAN_OBSERVATION,12,,obsr1505715,,CLO,EBIRD,OBS967347609,4fa7b334-ce0d-4e88-aaae-2e0c138d049e,CC_BY_4_0,CONTINENT_DERIVED_FROM_COORDINATES;TAXON_CONCEPT_ID_NOT_FOUND
3285527328,"Aythya ferina (Linnaeus, 1758)",Aythya ferina,Common Pochard,Animalia,Chordata,Aves,Anseriformes,Anatidae,Aythya,SPECIES,2498255,2498255,VU,Vulnerable,2020-07-14,2020,7,14,42.579243,21.048304,,,Ligatinat e Henc (Henc Wetland),Fushë Kosovë / Kosovo Polje,Prishtinë / Priština,Ligatina e Hencit/ Radevës,Wetlands,FALSE,HUMAN_OBSERVATION,14,,obsr1505715,,CLO,EBIRD,OBS956080583,4fa7b334-ce0d-4e88-aaae-2e0c138d049e,CC_BY_4_0,CONTINENT_DERIVED_FROM_COORDINATES;TAXON_CONCEPT_ID_NOT_FOUND
3285400179,"Aythya ferina (Linnaeus, 1758)",Aythya ferina,Common Pochard,Animalia,Chordata,Aves,Anseriformes,Anatidae,Aythya,SPECIES,2498255,2498255,VU,Vulnerable,2020-06-13,2020,6,13,42.579243,21.048304,,,Ligatinat e Henc (Henc Wetland),Fushë Kosovë / Kosovo Polje,Prishtinë / Priština,Ligatina e Hencit/ Radevës,Wetlands,FALSE,HUMAN_OBSERVATION,29,,obsr1505715,,CLO,EBIRD,OBS941908186,4fa7b334-ce0d-4e88-aaae-2e0c138d049e,CC_BY_4_0,CONTINENT_DERIVED_FROM_COORDINATES;TAXON_CONCEPT_ID_NOT_FOUND
3282303777,"Aythya ferina (Linnaeus, 1758)",Aythya ferina,Common Pochard,Animalia,Chordata,Aves,Anseriformes,Anatidae,Aythya,SPECIES,2498255,2498255,VU,Vulnerable,2020-05-31,2020,5,31,42.579243,21.048304,,,Ligatinat e Henc (Henc Wetland),Fushë Kosovë / Kosovo Polje,Prishtinë / Priština,Ligatina e Hencit/ Radevës,Wetlands,FALSE,HUMAN_OBSERVATION,41,,obsr1505715,,CLO,EBIRD,OBS935034129,4fa7b334-ce0d-4e88-aaae-2e0c138d049e,CC_BY_4_0,CONTINENT_DERIVED_FROM_COORDINATES;TAXON_CONCEPT_ID_NOT_FOUND
3281012071,"Streptopelia turtur (Linnaeus, 1758)",Streptopelia turtur,European Turtle-Dove,Animalia,Chordata,Aves,Columbiformes,Columbidae,Streptopelia,SPECIES,2495708,2495708,VU,Vulnerable,2020-08-24,2020,8,24,42.579243,21.048304,,,Ligatinat e Henc (Henc Wetland),Fushë Kosovë / Kosovo Polje,Prishtinë / Priština,Ligatina e Hencit/ Radevës,Wetlands,FALSE,HUMAN_OBSERVATION,1,,obsr1505715,,CLO,EBIRD,OBS971668664,4fa7b334-ce0d-4e88-aaae-2e0c138d049e,CC_BY_4_0,CONTINENT_DERIVED_FROM_COORDINATES;TAXON_CONCEPT_ID_NOT_FOUND
3277161315,"Aythya ferina (Linnaeus, 1758)",Aythya ferina,Common Pochard,Animalia,Chordata,Aves,Anseriformes,Anatidae,Aythya,SPECIES,2498255,2498255,VU,Vulnerable,2020-07-07,2020,7,7,42.579243,21.048304,,,Ligatinat e Henc (Henc Wetland),Fushë Kosovë / Kosovo Polje,Prishtinë / Priština,Ligatina e Hencit/ Radevës,Wetlands,FALSE,HUMAN_OBSERVATION,11,,obsr1505715,,CLO,EBIRD,OBS953080508,4fa7b334-ce0d-4e88-aaae-2e0c138d049e,CC_BY_4_0,CONTINENT_DERIVED_FROM_COORDINATES;TAXON_CONCEPT_ID_NOT_FOUND
3276918681,"Aythya ferina (Linnaeus, 1758)",Aythya ferina,Common Pochard,Animalia,Chordata,Aves,Anseriformes,Anatidae,Aythya,SPECIES,2498255,2498255,VU,Vulnerable,2020-07-13,2020,7,13,42.579243,21.048304,,,Ligatinat e Henc (Henc Wetland),Fushë Kosovë / Kosovo Polje,Prishtinë / Priština,Ligatina e Hencit/ Radevës,Wetlands,FALSE,HUMAN_OBSERVATION,15,,obsr1505715,,CLO,EBIRD,OBS955556034,4fa7b334-ce0d-4e88-aaae-2e0c138d049e,CC_BY_4_0,CONTINENT_DERIVED_FROM_COORDINATES;TAXON_CONCEPT_ID_NOT_FOUND
3275317943,"Aythya ferina (Linnaeus, 1758)",Aythya ferina,Common Pochard,Animalia,Chordata,Aves,Anseriformes,Anatidae,Aythya,SPECIES,2498255,2498255,VU,Vulnerable,2020-05-30,2020,5,30,42.579243,21.048304,,,Ligatinat e Henc (Henc Wetland),Fushë Kosovë / Kosovo Polje,Prishtinë / Priština,Ligatina e Hencit/ Radevës,Wetlands,FALSE,HUMAN_OBSERVATION,1,,obsr1505715,,CLO,EBIRD,OBS934272053,4fa7b334-ce0d-4e88-aaae-2e0c138d049e,CC_BY_4_0,CONTINENT_DERIVED_FROM_COORDINATES;TAXON_CONCEPT_ID_NOT_FOUND
3274830686,"Aythya ferina (Linnaeus, 1758)",Aythya ferina,Common Pochard,Animalia,Chordata,Aves,Anseriformes,Anatidae,Aythya,SPECIES,2498255,2498255,VU,Vulnerable,2020-08-25,2020,8,25,42.579243,21.048304,,,Ligatinat e Henc (Henc Wetland),Fushë Kosovë / Kosovo Polje,Prishtinë / Priština,Ligatina e Hencit/ Radevës,Wetlands,FALSE,HUMAN_OBSERVATION,4,,obsr1505715,,CLO,EBIRD,OBS972033136,4fa7b334-ce0d-4e88-aaae-2e0c138d049e,CC_BY_4_0,CONTINENT_DERIVED_FROM_COORDINATES;TAXON_CONCEPT_ID_NOT_FOUND
3272630060,"Streptopelia turtur (Linnaeus, 1758)",Streptopelia turtur,European Turtle-Dove,Animalia,Chordata,Aves,Columbiformes,Columbidae,Streptopelia,SPECIES,2495708,2495708,VU,Vulnerable,2020-07-12,2020,7,12,42.627853,21.596535,,,"Auto selected 42.62785, 21.59653",Kamenicë / Kosovska Kamenica,Gjilan / Gnjilane,,,FALSE,HUMAN_OBSERVATION,3,,obsr1505715,,CLO,EBIRD,OBS955126630,4fa7b334-ce0d-4e88-aaae-2e0c138d049e,CC_BY_4_0,CONTINENT_DERIVED_FROM_COORDINATES;TAXON_CONCEPT_ID_NOT_FOUND
3270339729,"Streptopelia turtur (Linnaeus, 1758)",Streptopelia turtur,European Turtle-Dove,Animalia,Chordata,Aves,Columbiformes,Columbidae,Streptopelia,SPECIES,2495708,2495708,VU,Vulnerable,2020-07-13,2020,7,13,42.579243,21.048304,,,Ligatinat e Henc (Henc Wetland),Fushë Kosovë / Kosovo Polje,Prishtinë / Priština,Ligatina e Hencit/ Radevës,Wetlands,FALSE,HUMAN_OBSERVATION,1,,obsr1505715,,CLO,EBIRD,OBS955556059,4fa7b334-ce0d-4e88-aaae-2e0c138d049e,CC_BY_4_0,CONTINENT_DERIVED_FROM_COORDINATES;TAXON_CONCEPT_ID_NOT_FOUND
3268488954,"Aythya ferina (Linnaeus, 1758)",Aythya ferina,Common Pochard,Animalia,Chordata,Aves,Anseriformes,Anatidae,Aythya,SPECIES,2498255,2498255,VU,Vulnerable,2020-07-10,2020,7,10,42.579243,21.048304,,,Ligatinat e Henc (Henc Wetland),Fushë Kosovë / Kosovo Polje,Prishtinë / Priština,Ligatina e Hencit/ Radevës,Wetlands,FALSE,HUMAN_OBSERVATION,17,,obsr1505715,,CLO,EBIRD,OBS954192994,4fa7b334-ce0d-4e88-aaae-2e0c138d049e,CC_BY_4_0,CONTINENT_DERIVED_FROM_COORDINATES;TAXON_CONCEPT_ID_NOT_FOUND
3267789388,"Aythya ferina (Linnaeus, 1758)",Aythya ferina,Common Pochard,Animalia,Chordata,Aves,Anseriformes,Anatidae,Aythya,SPECIES,2498255,2498255,VU,Vulnerable,2020-06-28,2020,6,28,42.579243,21.048304,,,Ligatinat e Henc (Henc Wetland),Fushë Kosovë / Kosovo Polje,Prishtinë / Priština,Ligatina e Hencit/ Radevës,Wetlands,FALSE,HUMAN_OBSERVATION,20,,obsr1505715,,CLO,EBIRD,OBS949297580,4fa7b334-ce0d-4e88-aaae-2e0c138d049e,CC_BY_4_0,CONTINENT_DERIVED_FROM_COORDINATES;TAXON_CONCEPT_ID_NOT_FOUND
3265325465,"Aythya ferina (Linnaeus, 1758)",Aythya ferina,Common Pochard,Animalia,Chordata,Aves,Anseriformes,Anatidae,Aythya,SPECIES,2498255,2498255,VU,Vulnerable,2020-06-27,2020,6,27,42.579243,21.048304,,,Ligatinat e Henc (Henc Wetland),Fushë Kosovë / Kosovo Polje,Prishtinë / Priština,Ligatina e Hencit/ Radevës,Wetlands,FALSE,HUMAN_OBSERVATION,30,,obsr1505715,,CLO,EBIRD,OBS948571062,4fa7b334-ce0d-4e88-aaae-2e0c138d049e,CC_BY_4_0,CONTINENT_DERIVED_FROM_COORDINATES;TAXON_CONCEPT_ID_NOT_FOUND
3264123577,"Aythya ferina (Linnaeus, 1758)",Aythya ferina,Common Pochard,Animalia,Chordata,Aves,Anseriformes,Anatidae,Aythya,SPECIES,2498255,2498255,VU,Vulnerable,2020-08-05,2020,8,5,42.579243,21.048304,,,Ligatinat e Henc (Henc Wetland),Fushë Kosovë / Kosovo Polje,Prishtinë / Priština,Ligatina e Hencit/ Radevës,Wetlands,FALSE,HUMAN_OBSERVATION,10,,obsr1505715,,CLO,EBIRD,OBS964357685,4fa7b334-ce0d-4e88-aaae-2e0c138d049e,CC_BY_4_0,CONTINENT_DERIVED_FROM_COORDINATES;TAXON_CONCEPT_ID_NOT_FOUND
3263624875,"Streptopelia turtur (Linnaeus, 1758)",Streptopelia turtur,European Turtle-Dove,Animalia,Chordata,Aves,Columbiformes,Columbidae,Streptopelia,SPECIES,2495708,2495708,VU,Vulnerable,2020-05-31,2020,5,31,42.627064,21.595762,,,"Auto selected 42.62706, 21.59576",Kamenicë / Kosovska Kamenica,Gjilan / Gnjilane,,,FALSE,HUMAN_OBSERVATION,1,,obsr1505715,,CLO,EBIRD,OBS935106898,4fa7b334-ce0d-4e88-aaae-2e0c138d049e,CC_BY_4_0,CONTINENT_DERIVED_FROM_COORDINATES;TAXON_CONCEPT_ID_NOT_FOUND
3263239116,"Aythya ferina (Linnaeus, 1758)",Aythya ferina,Common Pochard,Animalia,Chordata,Aves,Anseriformes,Anatidae,Aythya,SPECIES,2498255,2498255,VU,Vulnerable,2020-06-14,2020,6,14,42.579243,21.048304,,,Ligatinat e Henc (Henc Wetland),Fushë Kosovë / Kosovo Polje,Prishtinë / Priština,Ligatina e Hencit/ Radevës,Wetlands,FALSE,HUMAN_OBSERVATION,19,,obsr1505715,,CLO,EBIRD,OBS942472108,4fa7b334-ce0d-4e88-aaae-2e0c138d049e,CC_BY_4_0,CONTINENT_DERIVED_FROM_COORDINATES;TAXON_CONCEPT_ID_NOT_FOUND
3262854379,"Aythya ferina (Linnaeus, 1758)",Aythya ferina,Common Pochard,Animalia,Chordata,Aves,Anseriformes,Anatidae,Aythya,SPECIES,2498255,2498255,VU,Vulnerable,2020-09-25,2020,9,25,42.579243,21.048304,,,Ligatinat e Henc (Henc Wetland),Fushë Kosovë / Kosovo Polje,Prishtinë / Priština,Ligatina e Hencit/ Radevës,Wetlands,FALSE,HUMAN_OBSERVATION,2,,obsr1505715,,CLO,EBIRD,OBS986262346,4fa7b334-ce0d-4e88-aaae-2e0c138d049e,CC_BY_4_0,CONTINENT_DERIVED_FROM_COORDINATES;TAXON_CONCEPT_ID_NOT_FOUND
3262508705,"Streptopelia turtur (Linnaeus, 1758)",Streptopelia turtur,European Turtle-Dove,Animalia,Chordata,Aves,Columbiformes,Columbidae,Streptopelia,SPECIES,2495708,2495708,VU,Vulnerable,2020-05-31,2020,5,31,42.70357,21.4581,,,"Auto selected 42.70357, 21.45810",Prishtinë / Priština,Prishtinë / Priština,,,FALSE,HUMAN_OBSERVATION,3,,obsr1505715,,CLO,EBIRD,OBS935085855,4fa7b334-ce0d-4e88-aaae-2e0c138d049e,CC_BY_4_0,CONTINENT_DERIVED_FROM_COORDINATES;TAXON_CONCEPT_ID_NOT_FOUND
3259605010,"Aythya ferina (Linnaeus, 1758)",Aythya ferina,Common Pochard,Animalia,Chordata,Aves,Anseriformes,Anatidae,Aythya,SPECIES,2498255,2498255,VU,Vulnerable,2020-05-26,2020,5,26,42.579243,21.048304,,,Ligatinat e Henc (Henc Wetland),Fushë Kosovë / Kosovo Polje,Prishtinë / Priština,Ligatina e Hencit/ Radevës,Wetlands,FALSE,HUMAN_OBSERVATION,24,,obsr1505715,,CLO,EBIRD,OBS931966330,4fa7b334-ce0d-4e88-aaae-2e0c138d049e,CC_BY_4_0,CONTINENT_DERIVED_FROM_COORDINATES;TAXON_CONCEPT_ID_NOT_FOUND
3259314136,"Aythya ferina (Linnaeus, 1758)",Aythya ferina,Common Pochard,Animalia,Chordata,Aves,Anseriformes,Anatidae,Aythya,SPECIES,2498255,2498255,VU,Vulnerable,2020-07-24,2020,7,24,42.579243,21.048304,,,Ligatinat e Henc (Henc Wetland),Fushë Kosovë / Kosovo Polje,Prishtinë / Priština,Ligatina e Hencit/ Radevës,Wetlands,FALSE,HUMAN_OBSERVATION,10,,obsr1505715,,CLO,EBIRD,OBS959809930,4fa7b334-ce0d-4e88-aaae-2e0c138d049e,CC_BY_4_0,CONTINENT_DERIVED_FROM_COORDINATES;TAXON_CONCEPT_ID_NOT_FOUND
3258922957,"Streptopelia turtur (Linnaeus, 1758)",Streptopelia turtur,European Turtle-Dove,Animalia,Chordata,Aves,Columbiformes,Columbidae,Streptopelia,SPECIES,2495708,2495708,VU,Vulnerable,2020-05-27,2020,5,27,42.579243,21.048304,,,Ligatinat e Henc (Henc Wetland),Fushë Kosovë / Kosovo Polje,Prishtinë / Priština,Ligatina e Hencit/ Radevës,Wetlands,FALSE,HUMAN_OBSERVATION,2,,obsr1505715,,CLO,EBIRD,OBS932593196,4fa7b334-ce0d-4e88-aaae-2e0c138d049e,CC_BY_4_0,CONTINENT_DERIVED_FROM_COORDINATES;TAXON_CONCEPT_ID_NOT_FOUND
3258327343,"Streptopelia turtur (Linnaeus, 1758)",Streptopelia turtur,European Turtle-Dove,Animalia,Chordata,Aves,Columbiformes,Columbidae,Streptopelia,SPECIES,2495708,2495708,VU,Vulnerable,2020-05-25,2020,5,25,42.52415,20.561918,,,"Auto selected 42.52415, 20.56192",Klinë / Klina,Pejë / Peć,Ujëvarat e Mirushës,Natural Monument,FALSE,HUMAN_OBSERVATION,2,,obsr1505715,,CLO,EBIRD,OBS931332347,4fa7b334-ce0d-4e88-aaae-2e0c138d049e,CC_BY_4_0,CONTINENT_DERIVED_FROM_COORDINATES;TAXON_CONCEPT_ID_NOT_FOUND
3257772574,"Streptopelia turtur (Linnaeus, 1758)",Streptopelia turtur,European Turtle-Dove,Animalia,Chordata,Aves,Columbiformes,Columbidae,Streptopelia,SPECIES,2495708,2495708,VU,Vulnerable,2020-05-09,2020,5,9,42.57319,21.05807,,,"Auto selected 42.57319, 21.05807",Fushë Kosovë / Kosovo Polje,Prishtinë / Priština,,,FALSE,HUMAN_OBSERVATION,1,,obsr1505715,,CLO,EBIRD,OBS915719346,4fa7b334-ce0d-4e88-aaae-2e0c138d049e,CC_BY_4_0,CONTINENT_DERIVED_FROM_COORDINATES;TAXON_CONCEPT_ID_NOT_FOUND
3256261073,"Aythya ferina (Linnaeus, 1758)",Aythya ferina,Common Pochard,Animalia,Chordata,Aves,Anseriformes,Anatidae,Aythya,SPECIES,2498255,2498255,VU,Vulnerable,2020-06-30,2020,6,30,42.579243,21.048304,,,Ligatinat e Henc (Henc Wetland),Fushë Kosovë / Kosovo Polje,Prishtinë / Priština,Ligatina e Hencit/ Radevës,Wetlands,FALSE,HUMAN_OBSERVATION,20,,obsr1505715,,CLO,EBIRD,OBS949962377,4fa7b334-ce0d-4e88-aaae-2e0c138d049e,CC_BY_4_0,CONTINENT_DERIVED_FROM_COORDINATES;TAXON_CONCEPT_ID_NOT_FOUND
3256047624,"Aythya ferina (Linnaeus, 1758)",Aythya ferina,Common Pochard,Animalia,Chordata,Aves,Anseriformes,Anatidae,Aythya,SPECIES,2498255,2498255,VU,Vulnerable,2020-05-09,2020,5,9,42.57319,21.05807,,,"Auto selected 42.57319, 21.05807",Fushë Kosovë / Kosovo Polje,Prishtinë / Priština,,,FALSE,HUMAN_OBSERVATION,1,,obsr1505715,,CLO,EBIRD,OBS915719341,4fa7b334-ce0d-4e88-aaae-2e0c138d049e,CC_BY_4_0,CONTINENT_DERIVED_FROM_COORDINATES;TAXON_CONCEPT_ID_NOT_FOUND
3255811497,"Aythya ferina (Linnaeus, 1758)",Aythya ferina,Common Pochard,Animalia,Chordata,Aves,Anseriformes,Anatidae,Aythya,SPECIES,2498255,2498255,VU,Vulnerable,2020-07-22,2020,7,22,42.579243,21.048304,,,Ligatinat e Henc (Henc Wetland),Fushë Kosovë / Kosovo Polje,Prishtinë / Priština,Ligatina e Hencit/ Radevës,Wetlands,FALSE,HUMAN_OBSERVATION,26,,obsr1505715,,CLO,EBIRD,OBS959119759,4fa7b334-ce0d-4e88-aaae-2e0c138d049e,CC_BY_4_0,CONTINENT_DERIVED_FROM_COORDINATES;TAXON_CONCEPT_ID_NOT_FOUND
3255279654,"Aythya ferina (Linnaeus, 1758)",Aythya ferina,Common Pochard,Animalia,Chordata,Aves,Anseriformes,Anatidae,Aythya,SPECIES,2498255,2498255,VU,Vulnerable,2020-07-08,2020,7,8,42.579243,21.048304,,,Ligatinat e Henc (Henc Wetland),Fushë Kosovë / Kosovo Polje,Prishtinë / Priština,Ligatina e Hencit/ Radevës,Wetlands,FALSE,HUMAN_OBSERVATION,17,,obsr1505715,,CLO,EBIRD,OBS953470699,4fa7b334-ce0d-4e88-aaae-2e0c138d049e,CC_BY_4_0,CONTINENT_DERIVED_FROM_COORDINATES;TAXON_CONCEPT_ID_NOT_FOUND
3255272190,"Aythya ferina (Linnaeus, 1758)",Aythya ferina,Common Pochard,Animalia,Chordata,Aves,Anseriformes,Anatidae,Aythya,SPECIES,2498255,2498255,VU,Vulnerable,2020-09-23,2020,9,23,42.579243,21.048304,,,Ligatinat e Henc (Henc Wetland),Fushë Kosovë / Kosovo Polje,Prishtinë / Priština,Ligatina e Hencit/ Radevës,Wetlands,FALSE,HUMAN_OBSERVATION,7,,obsr1505715,,CLO,EBIRD,OBS985355411,4fa7b334-ce0d-4e88-aaae-2e0c138d049e,CC_BY_4_0,CONTINENT_DERIVED_FROM_COORDINATES;TAXON_CONCEPT_ID_NOT_FOUND
3255258444,"Aythya ferina (Linnaeus, 1758)",Aythya ferina,Common Pochard,Animalia,Chordata,Aves,Anseriformes,Anatidae,Aythya,SPECIES,2498255,2498255,VU,Vulnerable,2020-06-07,2020,6,7,42.579243,21.048304,,,Ligatinat e Henc (Henc Wetland),Fushë Kosovë / Kosovo Polje,Prishtinë / Priština,Ligatina e Hencit/ Radevës,Wetlands,FALSE,HUMAN_OBSERVATION,22,,obsr1505715,,CLO,EBIRD,OBS938922822,4fa7b334-ce0d-4e88-aaae-2e0c138d049e,CC_BY_4_0,CONTINENT_DERIVED_FROM_COORDINATES;TAXON_CONCEPT_ID_NOT_FOUND
3255186149,"Aythya ferina (Linnaeus, 1758)",Aythya ferina,Common Pochard,Animalia,Chordata,Aves,Anseriformes,Anatidae,Aythya,SPECIES,2498255,2498255,VU,Vulnerable,2020-08-26,2020,8,26,42.579243,21.048304,,,Ligatinat e Henc (Henc Wetland),Fushë Kosovë / Kosovo Polje,Prishtinë / Priština,Ligatina e Hencit/ Radevës,Wetlands,FALSE,HUMAN_OBSERVATION,10,,obsr1505715,,CLO,EBIRD,OBS972391037,4fa7b334-ce0d-4e88-aaae-2e0c138d049e,CC_BY_4_0,CONTINENT_DERIVED_FROM_COORDINATES;TAXON_CONCEPT_ID_NOT_FOUND
3254895004,"Aythya ferina (Linnaeus, 1758)",Aythya ferina,Common Pochard,Animalia,Chordata,Aves,Anseriformes,Anatidae,Aythya,SPECIES,2498255,2498255,VU,Vulnerable,2020-06-15,2020,6,15,42.579243,21.048304,,,Ligatinat e Henc (Henc Wetland),Fushë Kosovë / Kosovo Polje,Prishtinë / Priština,Ligatina e Hencit/ Radevës,Wetlands,FALSE,HUMAN_OBSERVATION,11,,obsr1505715,,CLO,EBIRD,OBS943083491,4fa7b334-ce0d-4e88-aaae-2e0c138d049e,CC_BY_4_0,CONTINENT_DERIVED_FROM_COORDINATES;TAXON_CONCEPT_ID_NOT_FOUND
3253860780,"Streptopelia turtur (Linnaeus, 1758)",Streptopelia turtur,European Turtle-Dove,Animalia,Chordata,Aves,Columbiformes,Columbidae,Streptopelia,SPECIES,2495708,2495708,VU,Vulnerable,2020-08-17,2020,8,17,42.579243,21.048304,,,Ligatinat e Henc (Henc Wetland),Fushë Kosovë / Kosovo Polje,Prishtinë / Priština,Ligatina e Hencit/ Radevës,Wetlands,FALSE,HUMAN_OBSERVATION,3,,obsr1505715,,CLO,EBIRD,OBS968918373,4fa7b334-ce0d-4e88-aaae-2e0c138d049e,CC_BY_4_0,CONTINENT_DERIVED_FROM_COORDINATES;TAXON_CONCEPT_ID_NOT_FOUND
3253761883,"Aythya ferina (Linnaeus, 1758)",Aythya ferina,Common Pochard,Animalia,Chordata,Aves,Anseriformes,Anatidae,Aythya,SPECIES,2498255,2498255,VU,Vulnerable,2020-09-24,2020,9,24,42.579243,21.048304,,,Ligatinat e Henc (Henc Wetland),Fushë Kosovë / Kosovo Polje,Prishtinë / Priština,Ligatina e Hencit/ Radevës,Wetlands,FALSE,HUMAN_OBSERVATION,8,,obsr1505715,,CLO,EBIRD,OBS985814626,4fa7b334-ce0d-4e88-aaae-2e0c138d049e,CC_BY_4_0,CONTINENT_DERIVED_FROM_COORDINATES;TAXON_CONCEPT_ID_NOT_FOUND
3253726712,"Aythya ferina (Linnaeus, 1758)",Aythya ferina,Common Pochard,Animalia,Chordata,Aves,Anseriformes,Anatidae,Aythya,SPECIES,2498255,2498255,VU,Vulnerable,2020-07-23,2020,7,23,42.579243,21.048304,,,Ligatinat e Henc (Henc Wetland),Fushë Kosovë / Kosovo Polje,Prishtinë / Priština,Ligatina e Hencit/ Radevës,Wetlands,FALSE,HUMAN_OBSERVATION,7,,obsr1505715,,CLO,EBIRD,OBS959466371,4fa7b334-ce0d-4e88-aaae-2e0c138d049e,CC_BY_4_0,CONTINENT_DERIVED_FROM_COORDINATES;TAXON_CONCEPT_ID_NOT_FOUND
3252637038,"Aythya ferina (Linnaeus, 1758)",Aythya ferina,Common Pochard,Animalia,Chordata,Aves,Anseriformes,Anatidae,Aythya,SPECIES,2498255,2498255,VU,Vulnerable,2020-03-19,2020,3,19,42.579243,21.048304,,,Ligatinat e Henc (Henc Wetland),Fushë Kosovë / Kosovo Polje,Prishtinë / Priština,Ligatina e Hencit/ Radevës,Wetlands,FALSE,HUMAN_OBSERVATION,55,,obsr1505715,,CLO,EBIRD,OBS880567659,4fa7b334-ce0d-4e88-aaae-2e0c138d049e,CC_BY_4_0,CONTINENT_DERIVED_FROM_COORDINATES;TAXON_CONCEPT_ID_NOT_FOUND
3252221028,"Falco vespertinus Linnaeus, 1766",Falco vespertinus,Red-Footed Falcon,Animalia,Chordata,Aves,Falconiformes,Falconidae,Falco,SPECIES,2481062,2481062,VU,Vulnerable,2020-05-26,2020,5,26,42.579243,21.048304,,,Ligatinat e Henc (Henc Wetland),Fushë Kosovë / Kosovo Polje,Prishtinë / Priština,Ligatina e Hencit/ Radevës,Wetlands,FALSE,HUMAN_OBSERVATION,1,,obsr1505715,,CLO,EBIRD,OBS931966333,4fa7b334-ce0d-4e88-aaae-2e0c138d049e,CC_BY_4_0,CONTINENT_DERIVED_FROM_COORDINATES;TAXON_CONCEPT_ID_NOT_FOUND
3251942091,"Aythya ferina (Linnaeus, 1758)",Aythya ferina,Common Pochard,Animalia,Chordata,Aves,Anseriformes,Anatidae,Aythya,SPECIES,2498255,2498255,VU,Vulnerable,2020-08-04,2020,8,4,42.579243,21.048304,,,Ligatinat e Henc (Henc Wetland),Fushë Kosovë / Kosovo Polje,Prishtinë / Priština,Ligatina e Hencit/ Radevës,Wetlands,FALSE,HUMAN_OBSERVATION,5,,obsr1505715,,CLO,EBIRD,OBS964021560,4fa7b334-ce0d-4e88-aaae-2e0c138d049e,CC_BY_4_0,CONTINENT_DERIVED_FROM_COORDINATES;TAXON_CONCEPT_ID_NOT_FOUND
3251824378,"Aythya ferina (Linnaeus, 1758)",Aythya ferina,Common Pochard,Animalia,Chordata,Aves,Anseriformes,Anatidae,Aythya,SPECIES,2498255,2498255,VU,Vulnerable,2020-07-18,2020,7,18,42.579243,21.048304,,,Ligatinat e Henc (Henc Wetland),Fushë Kosovë / Kosovo Polje,Prishtinë / Priština,Ligatina e Hencit/ Radevës,Wetlands,FALSE,HUMAN_OBSERVATION,15,,obsr1505715,,CLO,EBIRD,OBS957583536,4fa7b334-ce0d-4e88-aaae-2e0c138d049e,CC_BY_4_0,CONTINENT_DERIVED_FROM_COORDINATES;TAXON_CONCEPT_ID_NOT_FOUND
3251700096,"Aythya ferina (Linnaeus, 1758)",Aythya ferina,Common Pochard,Animalia,Chordata,Aves,Anseriformes,Anatidae,Aythya,SPECIES,2498255,2498255,VU,Vulnerable,2020-06-05,2020,6,5,42.579243,21.048304,,,Ligatinat e Henc (Henc Wetland),Fushë Kosovë / Kosovo Polje,Prishtinë / Priština,Ligatina e Hencit/ Radevës,Wetlands,FALSE,HUMAN_OBSERVATION,52,,obsr1505715,,CLO,EBIRD,OBS937812798,4fa7b334-ce0d-4e88-aaae-2e0c138d049e,CC_BY_4_0,CONTINENT_DERIVED_FROM_COORDINATES;TAXON_CONCEPT_ID_NOT_FOUND
3251651263,"Aythya ferina (Linnaeus, 1758)",Aythya ferina,Common Pochard,Animalia,Chordata,Aves,Anseriformes,Anatidae,Aythya,SPECIES,2498255,2498255,VU,Vulnerable,2020-05-25,2020,5,25,42.579243,21.048304,,,Ligatinat e Henc (Henc Wetland),Fushë Kosovë / Kosovo Polje,Prishtinë / Priština,Ligatina e Hencit/ Radevës,Wetlands,FALSE,HUMAN_OBSERVATION,7,,obsr1505715,,CLO,EBIRD,OBS931133310,4fa7b334-ce0d-4e88-aaae-2e0c138d049e,CC_BY_4_0,CONTINENT_DERIVED_FROM_COORDINATES;TAXON_CONCEPT_ID_NOT_FOUND
3251062951,"Aythya ferina (Linnaeus, 1758)",Aythya ferina,Common Pochard,Animalia,Chordata,Aves,Anseriformes,Anatidae,Aythya,SPECIES,2498255,2498255,VU,Vulnerable,2020-07-17,2020,7,17,42.579243,21.048304,,,Ligatinat e Henc (Henc Wetland),Fushë Kosovë / Kosovo Polje,Prishtinë / Priština,Ligatina e Hencit/ Radevës,Wetlands,FALSE,HUMAN_OBSERVATION,7,,obsr1505715,,CLO,EBIRD,OBS957229206,4fa7b334-ce0d-4e88-aaae-2e0c138d049e,CC_BY_4_0,CONTINENT_DERIVED_FROM_COORDINATES;TAXON_CONCEPT_ID_NOT_FOUND
3250695180,"Aythya ferina (Linnaeus, 1758)",Aythya ferina,Common Pochard,Animalia,Chordata,Aves,Anseriformes,Anatidae,Aythya,SPECIES,2498255,2498255,VU,Vulnerable,2020-05-15,2020,5,15,42.579243,21.048304,,,Ligatinat e Henc (Henc Wetland),Fushë Kosovë / Kosovo Polje,Prishtinë / Priština,Ligatina e Hencit/ Radevës,Wetlands,FALSE,HUMAN_OBSERVATION,28,,obsr1505715,,CLO,EBIRD,OBS922401412,4fa7b334-ce0d-4e88-aaae-2e0c138d049e,CC_BY_4_0,CONTINENT_DERIVED_FROM_COORDINATES;TAXON_CONCEPT_ID_NOT_FOUND
3250350953,"Aythya ferina (Linnaeus, 1758)",Aythya ferina,Common Pochard,Animalia,Chordata,Aves,Anseriformes,Anatidae,Aythya,SPECIES,2498255,2498255,VU,Vulnerable,2020-06-09,2020,6,9,42.579243,21.048304,,,Ligatinat e Henc (Henc Wetland),Fushë Kosovë / Kosovo Polje,Prishtinë / Priština,Ligatina e Hencit/ Radevës,Wetlands,FALSE,HUMAN_OBSERVATION,32,,obsr1505715,,CLO,EBIRD,OBS940078059,4fa7b334-ce0d-4e88-aaae-2e0c138d049e,CC_BY_4_0,CONTINENT_DERIVED_FROM_COORDINATES;TAXON_CONCEPT_ID_NOT_FOUND
3249007258,"Aythya ferina (Linnaeus, 1758)",Aythya ferina,Common Pochard,Animalia,Chordata,Aves,Anseriformes,Anatidae,Aythya,SPECIES,2498255,2498255,VU,Vulnerable,2020-07-30,2020,7,30,42.579243,21.048304,,,Ligatinat e Henc (Henc Wetland),Fushë Kosovë / Kosovo Polje,Prishtinë / Priština,Ligatina e Hencit/ Radevës,Wetlands,FALSE,HUMAN_OBSERVATION,2,,obsr1505715,,CLO,EBIRD,OBS962097585,4fa7b334-ce0d-4e88-aaae-2e0c138d049e,CC_BY_4_0,CONTINENT_DERIVED_FROM_COORDINATES;TAXON_CONCEPT_ID_NOT_FOUND
3248175991,"Aythya ferina (Linnaeus, 1758)",Aythya ferina,Common Pochard,Animalia,Chordata,Aves,Anseriformes,Anatidae,Aythya,SPECIES,2498255,2498255,VU,Vulnerable,2020-03-21,2020,3,21,42.579243,21.048304,,,Ligatinat e Henc (Henc Wetland),Fushë Kosovë / Kosovo Polje,Prishtinë / Priština,Ligatina e Hencit/ Radevës,Wetlands,FALSE,HUMAN_OBSERVATION,62,,obsr1505715,,CLO,EBIRD,OBS881413037,4fa7b334-ce0d-4e88-aaae-2e0c138d049e,CC_BY_4_0,CONTINENT_DERIVED_FROM_COORDINATES;TAXON_CONCEPT_ID_NOT_FOUND
3247910007,"Aythya ferina (Linnaeus, 1758)",Aythya ferina,Common Pochard,Animalia,Chordata,Aves,Anseriformes,Anatidae,Aythya,SPECIES,2498255,2498255,VU,Vulnerable,2020-05-24,2020,5,24,42.579243,21.048304,,,Ligatinat e Henc (Henc Wetland),Fushë Kosovë / Kosovo Polje,Prishtinë / Priština,Ligatina e Hencit/ Radevës,Wetlands,FALSE,HUMAN_OBSERVATION,1,,obsr1505715,,CLO,EBIRD,OBS930240279,4fa7b334-ce0d-4e88-aaae-2e0c138d049e,CC_BY_4_0,CONTINENT_DERIVED_FROM_COORDINATES;TAXON_CONCEPT_ID_NOT_FOUND
3247101821,"Aythya ferina (Linnaeus, 1758)",Aythya ferina,Common Pochard,Animalia,Chordata,Aves,Anseriformes,Anatidae,Aythya,SPECIES,2498255,2498255,VU,Vulnerable,2020-06-26,2020,6,26,42.579243,21.048304,,,Ligatinat e Henc (Henc Wetland),Fushë Kosovë / Kosovo Polje,Prishtinë / Priština,Ligatina e Hencit/ Radevës,Wetlands,FALSE,HUMAN_OBSERVATION,46,,obsr1505715,,CLO,EBIRD,OBS948122876,4fa7b334-ce0d-4e88-aaae-2e0c138d049e,CC_BY_4_0,CONTINENT_DERIVED_FROM_COORDINATES;TAXON_CONCEPT_ID_NOT_FOUND
3246477481,"Aythya ferina (Linnaeus, 1758)",Aythya ferina,Common Pochard,Animalia,Chordata,Aves,Anseriformes,Anatidae,Aythya,SPECIES,2498255,2498255,VU,Vulnerable,2020-09-14,2020,9,14,42.579243,21.048304,,,Ligatinat e Henc (Henc Wetland),Fushë Kosovë / Kosovo Polje,Prishtinë / Priština,Ligatina e Hencit/ Radevës,Wetlands,FALSE,HUMAN_OBSERVATION,24,,obsr1505715,,CLO,EBIRD,OBS980978515,4fa7b334-ce0d-4e88-aaae-2e0c138d049e,CC_BY_4_0,CONTINENT_DERIVED_FROM_COORDINATES;TAXON_CONCEPT_ID_NOT_FOUND
3246205393,"Aythya ferina (Linnaeus, 1758)",Aythya ferina,Common Pochard,Animalia,Chordata,Aves,Anseriformes,Anatidae,Aythya,SPECIES,2498255,2498255,VU,Vulnerable,2020-08-17,2020,8,17,42.579243,21.048304,,,Ligatinat e Henc (Henc Wetland),Fushë Kosovë / Kosovo Polje,Prishtinë / Priština,Ligatina e Hencit/ Radevës,Wetlands,FALSE,HUMAN_OBSERVATION,20,,obsr1505715,,CLO,EBIRD,OBS968933881,4fa7b334-ce0d-4e88-aaae-2e0c138d049e,CC_BY_4_0,CONTINENT_DERIVED_FROM_COORDINATES;TAXON_CONCEPT_ID_NOT_FOUND
3245826124,"Aythya ferina (Linnaeus, 1758)",Aythya ferina,Common Pochard,Animalia,Chordata,Aves,Anseriformes,Anatidae,Aythya,SPECIES,2498255,2498255,VU,Vulnerable,2020-04-13,2020,4,13,42.579243,21.048304,,,Ligatinat e Henc (Henc Wetland),Fushë Kosovë / Kosovo Polje,Prishtinë / Priština,Ligatina e Hencit/ Radevës,Wetlands,FALSE,HUMAN_OBSERVATION,41,,obsr1505715,,CLO,EBIRD,OBS894163060,4fa7b334-ce0d-4e88-aaae-2e0c138d049e,CC_BY_4_0,CONTINENT_DERIVED_FROM_COORDINATES;TAXON_CONCEPT_ID_NOT_FOUND
3245535609,"Aythya ferina (Linnaeus, 1758)",Aythya ferina,Common Pochard,Animalia,Chordata,Aves,Anseriformes,Anatidae,Aythya,SPECIES,2498255,2498255,VU,Vulnerable,2020-06-12,2020,6,12,42.579243,21.048304,,,Ligatinat e Henc (Henc Wetland),Fushë Kosovë / Kosovo Polje,Prishtinë / Priština,Ligatina e Hencit/ Radevës,Wetlands,FALSE,HUMAN_OBSERVATION,26,,obsr1505715,,CLO,EBIRD,OBS941431918,4fa7b334-ce0d-4e88-aaae-2e0c138d049e,CC_BY_4_0,CONTINENT_DERIVED_FROM_COORDINATES;TAXON_CONCEPT_ID_NOT_FOUND
3245368191,"Aythya ferina (Linnaeus, 1758)",Aythya ferina,Common Pochard,Animalia,Chordata,Aves,Anseriformes,Anatidae,Aythya,SPECIES,2498255,2498255,VU,Vulnerable,2020-06-02,2020,6,2,42.579243,21.048304,,,Ligatinat e Henc (Henc Wetland),Fushë Kosovë / Kosovo Polje,Prishtinë / Priština,Ligatina e Hencit/ Radevës,Wetlands,FALSE,HUMAN_OBSERVATION,29,,obsr1505715,,CLO,EBIRD,OBS936302135,4fa7b334-ce0d-4e88-aaae-2e0c138d049e,CC_BY_4_0,CONTINENT_DERIVED_FROM_COORDINATES;TAXON_CONCEPT_ID_NOT_FOUND
3244918862,"Aythya ferina (Linnaeus, 1758)",Aythya ferina,Common Pochard,Animalia,Chordata,Aves,Anseriformes,Anatidae,Aythya,SPECIES,2498255,2498255,VU,Vulnerable,2020-08-08,2020,8,8,42.579243,21.048304,,,Ligatinat e Henc (Henc Wetland),Fushë Kosovë / Kosovo Polje,Prishtinë / Priština,Ligatina e Hencit/ Radevës,Wetlands,FALSE,HUMAN_OBSERVATION,6,,obsr1505715,,CLO,EBIRD,OBS965433534,4fa7b334-ce0d-4e88-aaae-2e0c138d049e,CC_BY_4_0,CONTINENT_DERIVED_FROM_COORDINATES;TAXON_CONCEPT_ID_NOT_FOUND
3244734400,"Streptopelia turtur (Linnaeus, 1758)",Streptopelia turtur,European Turtle-Dove,Animalia,Chordata,Aves,Columbiformes,Columbidae,Streptopelia,SPECIES,2495708,2495708,VU,Vulnerable,2020-08-09,2020,8,9,42.579243,21.048304,,,Ligatinat e Henc (Henc Wetland),Fushë Kosovë / Kosovo Polje,Prishtinë / Priština,Ligatina e Hencit/ Radevës,Wetlands,FALSE,HUMAN_OBSERVATION,2,,obsr1505715,,CLO,EBIRD,OBS965888117,4fa7b334-ce0d-4e88-aaae-2e0c138d049e,CC_BY_4_0,CONTINENT_DERIVED_FROM_COORDINATES;TAXON_CONCEPT_ID_NOT_FOUND
3244364938,"Streptopelia turtur (Linnaeus, 1758)",Streptopelia turtur,European Turtle-Dove,Animalia,Chordata,Aves,Columbiformes,Columbidae,Streptopelia,SPECIES,2495708,2495708,VU,Vulnerable,2020-08-16,2020,8,16,42.579243,21.048304,,,Ligatinat e Henc (Henc Wetland),Fushë Kosovë / Kosovo Polje,Prishtinë / Priština,Ligatina e Hencit/ Radevës,Wetlands,FALSE,HUMAN_OBSERVATION,2,,obsr1505715,,CLO,EBIRD,OBS968494751,4fa7b334-ce0d-4e88-aaae-2e0c138d049e,CC_BY_4_0,CONTINENT_DERIVED_FROM_COORDINATES;TAXON_CONCEPT_ID_NOT_FOUND
3243749445,"Aythya ferina (Linnaeus, 1758)",Aythya ferina,Common Pochard,Animalia,Chordata,Aves,Anseriformes,Anatidae,Aythya,SPECIES,2498255,2498255,VU,Vulnerable,2020-07-04,2020,7,4,42.579243,21.048304,,,Ligatinat e Henc (Henc Wetland),Fushë Kosovë / Kosovo Polje,Prishtinë / Priština,Ligatina e Hencit/ Radevës,Wetlands,FALSE,HUMAN_OBSERVATION,31,,obsr1505715,,CLO,EBIRD,OBS951686890,4fa7b334-ce0d-4e88-aaae-2e0c138d049e,CC_BY_4_0,CONTINENT_DERIVED_FROM_COORDINATES;TAXON_CONCEPT_ID_NOT_FOUND
3243029390,"Aythya ferina (Linnaeus, 1758)",Aythya ferina,Common Pochard,Animalia,Chordata,Aves,Anseriformes,Anatidae,Aythya,SPECIES,2498255,2498255,VU,Vulnerable,2020-06-04,2020,6,4,42.579243,21.048304,,,Ligatinat e Henc (Henc Wetland),Fushë Kosovë / Kosovo Polje,Prishtinë / Priština,Ligatina e Hencit/ Radevës,Wetlands,FALSE,HUMAN_OBSERVATION,22,,obsr1505715,,CLO,EBIRD,OBS937331228,4fa7b334-ce0d-4e88-aaae-2e0c138d049e,CC_BY_4_0,CONTINENT_DERIVED_FROM_COORDINATES;TAXON_CONCEPT_ID_NOT_FOUND
3242349812,"Streptopelia turtur (Linnaeus, 1758)",Streptopelia turtur,European Turtle-Dove,Animalia,Chordata,Aves,Columbiformes,Columbidae,Streptopelia,SPECIES,2495708,2495708,VU,Vulnerable,2020-07-03,2020,7,3,42.579243,21.048304,,,Ligatinat e Henc (Henc Wetland),Fushë Kosovë / Kosovo Polje,Prishtinë / Priština,Ligatina e Hencit/ Radevës,Wetlands,FALSE,HUMAN_OBSERVATION,1,,obsr1505715,,CLO,EBIRD,OBS951250186,4fa7b334-ce0d-4e88-aaae-2e0c138d049e,CC_BY_4_0,CONTINENT_DERIVED_FROM_COORDINATES;TAXON_CONCEPT_ID_NOT_FOUND
3241837233,"Aythya ferina (Linnaeus, 1758)",Aythya ferina,Common Pochard,Animalia,Chordata,Aves,Anseriformes,Anatidae,Aythya,SPECIES,2498255,2498255,VU,Vulnerable,2020-07-16,2020,7,16,42.579243,21.048304,,,Ligatinat e Henc (Henc Wetland),Fushë Kosovë / Kosovo Polje,Prishtinë / Priština,Ligatina e Hencit/ Radevës,Wetlands,FALSE,HUMAN_OBSERVATION,29,,obsr1505715,,CLO,EBIRD,OBS956881810,4fa7b334-ce0d-4e88-aaae-2e0c138d049e,CC_BY_4_0,CONTINENT_DERIVED_FROM_COORDINATES;TAXON_CONCEPT_ID_NOT_FOUND
3239894621,"Aythya ferina (Linnaeus, 1758)",Aythya ferina,Common Pochard,Animalia,Chordata,Aves,Anseriformes,Anatidae,Aythya,SPECIES,2498255,2498255,VU,Vulnerable,2020-07-26,2020,7,26,42.579243,21.048304,,,Ligatinat e Henc (Henc Wetland),Fushë Kosovë / Kosovo Polje,Prishtinë / Priština,Ligatina e Hencit/ Radevës,Wetlands,FALSE,HUMAN_OBSERVATION,12,,obsr1505715,,CLO,EBIRD,OBS960605965,4fa7b334-ce0d-4e88-aaae-2e0c138d049e,CC_BY_4_0,CONTINENT_DERIVED_FROM_COORDINATES;TAXON_CONCEPT_ID_NOT_FOUND
3238630332,"Aythya ferina (Linnaeus, 1758)",Aythya ferina,Common Pochard,Animalia,Chordata,Aves,Anseriformes,Anatidae,Aythya,SPECIES,2498255,2498255,VU,Vulnerable,2020-06-08,2020,6,8,42.579243,21.048304,,,Ligatinat e Henc (Henc Wetland),Fushë Kosovë / Kosovo Polje,Prishtinë / Priština,Ligatina e Hencit/ Radevës,Wetlands,FALSE,HUMAN_OBSERVATION,36,,obsr1505715,,CLO,EBIRD,OBS939559180,4fa7b334-ce0d-4e88-aaae-2e0c138d049e,CC_BY_4_0,CONTINENT_DERIVED_FROM_COORDINATES;TAXON_CONCEPT_ID_NOT_FOUND
3237683361,"Aythya ferina (Linnaeus, 1758)",Aythya ferina,Common Pochard,Animalia,Chordata,Aves,Anseriformes,Anatidae,Aythya,SPECIES,2498255,2498255,VU,Vulnerable,2020-03-20,2020,3,20,42.579243,21.048304,,,Ligatinat e Henc (Henc Wetland),Fushë Kosovë / Kosovo Polje,Prishtinë / Priština,Ligatina e Hencit/ Radevës,Wetlands,FALSE,HUMAN_OBSERVATION,41,,obsr1505715,,CLO,EBIRD,OBS880981491,4fa7b334-ce0d-4e88-aaae-2e0c138d049e,CC_BY_4_0,CONTINENT_DERIVED_FROM_COORDINATES;TAXON_CONCEPT_ID_NOT_FOUND
3237330865,"Aythya ferina (Linnaeus, 1758)",Aythya ferina,Common Pochard,Animalia,Chordata,Aves,Anseriformes,Anatidae,Aythya,SPECIES,2498255,2498255,VU,Vulnerable,2020-07-03,2020,7,3,42.579243,21.048304,,,Ligatinat e Henc (Henc Wetland),Fushë Kosovë / Kosovo Polje,Prishtinë / Priština,Ligatina e Hencit/ Radevës,Wetlands,FALSE,HUMAN_OBSERVATION,17,,obsr1505715,,CLO,EBIRD,OBS951272234,4fa7b334-ce0d-4e88-aaae-2e0c138d049e,CC_BY_4_0,CONTINENT_DERIVED_FROM_COORDINATES;TAXON_CONCEPT_ID_NOT_FOUND
3236140795,"Aythya ferina (Linnaeus, 1758)",Aythya ferina,Common Pochard,Animalia,Chordata,Aves,Anseriformes,Anatidae,Aythya,SPECIES,2498255,2498255,VU,Vulnerable,2020-03-15,2020,3,15,42.579243,21.048304,,,Ligatinat e Henc (Henc Wetland),Fushë Kosovë / Kosovo Polje,Prishtinë / Priština,Ligatina e Hencit/ Radevës,Wetlands,FALSE,HUMAN_OBSERVATION,65,,obsr1505715,,CLO,EBIRD,OBS878694068,4fa7b334-ce0d-4e88-aaae-2e0c138d049e,CC_BY_4_0,CONTINENT_DERIVED_FROM_COORDINATES;TAXON_CONCEPT_ID_NOT_FOUND
3235729876,"Aythya ferina (Linnaeus, 1758)",Aythya ferina,Common Pochard,Animalia,Chordata,Aves,Anseriformes,Anatidae,Aythya,SPECIES,2498255,2498255,VU,Vulnerable,2020-06-23,2020,6,23,42.571262,21.064478,,,"Auto selected 42.57126, 21.06448",Fushë Kosovë / Kosovo Polje,Prishtinë / Priština,,,FALSE,HUMAN_OBSERVATION,54,,obsr1505715,,CLO,EBIRD,OBS946799263,4fa7b334-ce0d-4e88-aaae-2e0c138d049e,CC_BY_4_0,CONTINENT_DERIVED_FROM_COORDINATES;TAXON_CONCEPT_ID_NOT_FOUND
3234531827,"Aythya ferina (Linnaeus, 1758)",Aythya ferina,Common Pochard,Animalia,Chordata,Aves,Anseriformes,Anatidae,Aythya,SPECIES,2498255,2498255,VU,Vulnerable,2020-05-13,2020,5,13,42.579243,21.048304,,,Ligatinat e Henc (Henc Wetland),Fushë Kosovë / Kosovo Polje,Prishtinë / Priština,Ligatina e Hencit/ Radevës,Wetlands,FALSE,HUMAN_OBSERVATION,5,,obsr1505715,,CLO,EBIRD,OBS920633125,4fa7b334-ce0d-4e88-aaae-2e0c138d049e,CC_BY_4_0,CONTINENT_DERIVED_FROM_COORDINATES;TAXON_CONCEPT_ID_NOT_FOUND
3234011840,"Aythya ferina (Linnaeus, 1758)",Aythya ferina,Common Pochard,Animalia,Chordata,Aves,Anseriformes,Anatidae,Aythya,SPECIES,2498255,2498255,VU,Vulnerable,2020-05-27,2020,5,27,42.579243,21.048304,,,Ligatinat e Henc (Henc Wetland),Fushë Kosovë / Kosovo Polje,Prishtinë / Priština,Ligatina e Hencit/ Radevës,Wetlands,FALSE,HUMAN_OBSERVATION,45,,obsr1505715,,CLO,EBIRD,OBS932593163,4fa7b334-ce0d-4e88-aaae-2e0c138d049e,CC_BY_4_0,CONTINENT_DERIVED_FROM_COORDINATES;TAXON_CONCEPT_ID_NOT_FOUND
3230332233,"Aythya ferina (Linnaeus, 1758)",Aythya ferina,Common Pochard,Animalia,Chordata,Aves,Anseriformes,Anatidae,Aythya,SPECIES,2498255,2498255,VU,Vulnerable,2020-05-21,2020,5,21,42.579243,21.048304,,,Ligatinat e Henc (Henc Wetland),Fushë Kosovë / Kosovo Polje,Prishtinë / Priština,Ligatina e Hencit/ Radevës,Wetlands,FALSE,HUMAN_OBSERVATION,29,,obsr1505715,,CLO,EBIRD,OBS927913395,4fa7b334-ce0d-4e88-aaae-2e0c138d049e,CC_BY_4_0,CONTINENT_DERIVED_FROM_COORDINATES;TAXON_CONCEPT_ID_NOT_FOUND
3227717857,"Aythya ferina (Linnaeus, 1758)",Aythya ferina,Common Pochard,Animalia,Chordata,Aves,Anseriformes,Anatidae,Aythya,SPECIES,2498255,2498255,VU,Vulnerable,2020-04-04,2020,4,4,42.579243,21.048304,,,Ligatinat e Henc (Henc Wetland),Fushë Kosovë / Kosovo Polje,Prishtinë / Priština,Ligatina e Hencit/ Radevës,Wetlands,FALSE,HUMAN_OBSERVATION,43,,obsr1505715,,CLO,EBIRD,OBS888352497,4fa7b334-ce0d-4e88-aaae-2e0c138d049e,CC_BY_4_0,CONTINENT_DERIVED_FROM_COORDINATES;TAXON_CONCEPT_ID_NOT_FOUND
3227241785,"Aythya ferina (Linnaeus, 1758)",Aythya ferina,Common Pochard,Animalia,Chordata,Aves,Anseriformes,Anatidae,Aythya,SPECIES,2498255,2498255,VU,Vulnerable,2020-05-12,2020,5,12,42.579243,21.048304,,,Ligatinat e Henc (Henc Wetland),Fushë Kosovë / Kosovo Polje,Prishtinë / Priština,Ligatina e Hencit/ Radevës,Wetlands,FALSE,HUMAN_OBSERVATION,1,,obsr1505715,,CLO,EBIRD,OBS919739068,4fa7b334-ce0d-4e88-aaae-2e0c138d049e,CC_BY_4_0,CONTINENT_DERIVED_FROM_COORDINATES;TAXON_CONCEPT_ID_NOT_FOUND
3226946937,"Aythya ferina (Linnaeus, 1758)",Aythya ferina,Common Pochard,Animalia,Chordata,Aves,Anseriformes,Anatidae,Aythya,SPECIES,2498255,2498255,VU,Vulnerable,2020-05-12,2020,5,12,42.579243,21.048304,,,Ligatinat e Henc (Henc Wetland),Fushë Kosovë / Kosovo Polje,Prishtinë / Priština,Ligatina e Hencit/ Radevës,Wetlands,FALSE,HUMAN_OBSERVATION,28,,obsr1505715,,CLO,EBIRD,OBS919745326,4fa7b334-ce0d-4e88-aaae-2e0c138d049e,CC_BY_4_0,CONTINENT_DERIVED_FROM_COORDINATES;TAXON_CONCEPT_ID_NOT_FOUND
3226312771,"Aythya ferina (Linnaeus, 1758)",Aythya ferina,Common Pochard,Animalia,Chordata,Aves,Anseriformes,Anatidae,Aythya,SPECIES,2498255,2498255,VU,Vulnerable,2020-05-03,2020,5,3,42.579243,21.048304,,,Ligatinat e Henc (Henc Wetland),Fushë Kosovë / Kosovo Polje,Prishtinë / Priština,Ligatina e Hencit/ Radevës,Wetlands,FALSE,HUMAN_OBSERVATION,10,,obsr1505715,,CLO,EBIRD,OBS910426572,4fa7b334-ce0d-4e88-aaae-2e0c138d049e,CC_BY_4_0,CONTINENT_DERIVED_FROM_COORDINATES;TAXON_CONCEPT_ID_NOT_FOUND
3225166847,"Aythya ferina (Linnaeus, 1758)",Aythya ferina,Common Pochard,Animalia,Chordata,Aves,Anseriformes,Anatidae,Aythya,SPECIES,2498255,2498255,VU,Vulnerable,2020-03-13,2020,3,13,42.579243,21.048304,,,Ligatinat e Henc (Henc Wetland),Fushë Kosovë / Kosovo Polje,Prishtinë / Priština,Ligatina e Hencit/ Radevës,Wetlands,FALSE,HUMAN_OBSERVATION,40,,obsr1505715,,CLO,EBIRD,OBS877802747,4fa7b334-ce0d-4e88-aaae-2e0c138d049e,CC_BY_4_0,CONTINENT_DERIVED_FROM_COORDINATES;TAXON_CONCEPT_ID_NOT_FOUND
3224421423,"Aythya ferina (Linnaeus, 1758)",Aythya ferina,Common Pochard,Animalia,Chordata,Aves,Anseriformes,Anatidae,Aythya,SPECIES,2498255,2498255,VU,Vulnerable,2020-03-23,2020,3,23,42.579243,21.048304,,,Ligatinat e Henc (Henc Wetland),Fushë Kosovë / Kosovo Polje,Prishtinë / Priština,Ligatina e Hencit/ Radevës,Wetlands,FALSE,HUMAN_OBSERVATION,69,,obsr1505715,,CLO,EBIRD,OBS882531303,4fa7b334-ce0d-4e88-aaae-2e0c138d049e,CC_BY_4_0,CONTINENT_DERIVED_FROM_COORDINATES;TAXON_CONCEPT_ID_NOT_FOUND
3224420170,"Aythya ferina (Linnaeus, 1758)",Aythya ferina,Common Pochard,Animalia,Chordata,Aves,Anseriformes,Anatidae,Aythya,SPECIES,2498255,2498255,VU,Vulnerable,2020-04-09,2020,4,9,42.579243,21.048304,,,Ligatinat e Henc (Henc Wetland),Fushë Kosovë / Kosovo Polje,Prishtinë / Priština,Ligatina e Hencit/ Radevës,Wetlands,FALSE,HUMAN_OBSERVATION,42,,obsr1505715,,CLO,EBIRD,OBS891506169,4fa7b334-ce0d-4e88-aaae-2e0c138d049e,CC_BY_4_0,CONTINENT_DERIVED_FROM_COORDINATES;TAXON_CONCEPT_ID_NOT_FOUND
3221936417,"Aythya ferina (Linnaeus, 1758)",Aythya ferina,Common Pochard,Animalia,Chordata,Aves,Anseriformes,Anatidae,Aythya,SPECIES,2498255,2498255,VU,Vulnerable,2020-04-11,2020,4,11,42.579243,21.048304,,,Ligatinat e Henc (Henc Wetland),Fushë Kosovë / Kosovo Polje,Prishtinë / Priština,Ligatina e Hencit/ Radevës,Wetlands,FALSE,HUMAN_OBSERVATION,34,,obsr1505715,,CLO,EBIRD,OBS892700269,4fa7b334-ce0d-4e88-aaae-2e0c138d049e,CC_BY_4_0,CONTINENT_DERIVED_FROM_COORDINATES;TAXON_CONCEPT_ID_NOT_FOUND
3220266117,"Aythya ferina (Linnaeus, 1758)",Aythya ferina,Common Pochard,Animalia,Chordata,Aves,Anseriformes,Anatidae,Aythya,SPECIES,2498255,2498255,VU,Vulnerable,2020-03-08,2020,3,8,42.579243,21.048304,,,Ligatinat e Henc (Henc Wetland),Fushë Kosovë / Kosovo Polje,Prishtinë / Priština,Ligatina e Hencit/ Radevës,Wetlands,FALSE,HUMAN_OBSERVATION,76,,obsr1505715,,CLO,EBIRD,OBS875471725,4fa7b334-ce0d-4e88-aaae-2e0c138d049e,CC_BY_4_0,CONTINENT_DERIVED_FROM_COORDINATES;TAXON_CONCEPT_ID_NOT_FOUND
3205741515,"Anser erythropus (Linnaeus, 1758)",Anser erythropus,Lesser White-Fronted Goose,Animalia,Chordata,Aves,Anseriformes,Anatidae,Anser,SPECIES,2498026,2498026,VU,Vulnerable,2000-10-17,2000,10,17,42.326416,21.40724,,,Bayonet CP,Viti / Vitina,Gjilan / Gnjilane,,,FALSE,HUMAN_OBSERVATION,1,,obsr137282,,CLO,EBIRD,OBS989152102,4fa7b334-ce0d-4e88-aaae-2e0c138d049e,CC_BY_4_0,CONTINENT_DERIVED_FROM_COORDINATES;TAXON_CONCEPT_ID_NOT_FOUND
3203688769,"Aythya ferina (Linnaeus, 1758)",Aythya ferina,Common Pochard,Animalia,Chordata,Aves,Anseriformes,Anatidae,Aythya,SPECIES,2498255,2498255,VU,Vulnerable,2020-08-09,2020,8,9,42.579243,21.048304,,,Ligatinat e Henc (Henc Wetland),Fushë Kosovë / Kosovo Polje,Prishtinë / Priština,Ligatina e Hencit/ Radevës,Wetlands,FALSE,HUMAN_OBSERVATION,40,,obsr1505715,,CLO,EBIRD,OBS965888100,4fa7b334-ce0d-4e88-aaae-2e0c138d049e,CC_BY_4_0,CONTINENT_DERIVED_FROM_COORDINATES;TAXON_CONCEPT_ID_NOT_FOUND
3202422771,"Aythya ferina (Linnaeus, 1758)",Aythya ferina,Common Pochard,Animalia,Chordata,Aves,Anseriformes,Anatidae,Aythya,SPECIES,2498255,2498255,VU,Vulnerable,2020-10-03,2020,10,3,42.579243,21.048304,,,Ligatinat e Henc (Henc Wetland),Fushë Kosovë / Kosovo Polje,Prishtinë / Priština,Ligatina e Hencit/ Radevës,Wetlands,FALSE,HUMAN_OBSERVATION,21,,obsr1505715,,CLO,EBIRD,OBS990095917,4fa7b334-ce0d-4e88-aaae-2e0c138d049e,CC_BY_4_0,CONTINENT_DERIVED_FROM_COORDINATES;TAXON_CONCEPT_ID_NOT_FOUND
3199597928,"Aythya ferina (Linnaeus, 1758)",Aythya ferina,Common Pochard,Animalia,Chordata,Aves,Anseriformes,Anatidae,Aythya,SPECIES,2498255,2498255,VU,Vulnerable,2020-07-27,2020,7,27,42.579243,21.048304,,,Ligatinat e Henc (Henc Wetland),Fushë Kosovë / Kosovo Polje,Prishtinë / Priština,Ligatina e Hencit/ Radevës,Wetlands,FALSE,HUMAN_OBSERVATION,13,,obsr1505715,,CLO,EBIRD,OBS961045872,4fa7b334-ce0d-4e88-aaae-2e0c138d049e,CC_BY_4_0,CONTINENT_DERIVED_FROM_COORDINATES;TAXON_CONCEPT_ID_NOT_FOUND
3198127798,"Aythya ferina (Linnaeus, 1758)",Aythya ferina,Common Pochard,Animalia,Chordata,Aves,Anseriformes,Anatidae,Aythya,SPECIES,2498255,2498255,VU,Vulnerable,2020-07-12,2020,7,12,42.579243,21.048304,,,Ligatinat e Henc (Henc Wetland),Fushë Kosovë / Kosovo Polje,Prishtinë / Priština,Ligatina e Hencit/ Radevës,Wetlands,FALSE,HUMAN_OBSERVATION,14,,obsr1505715,,CLO,EBIRD,OBS955066841,4fa7b334-ce0d-4e88-aaae-2e0c138d049e,CC_BY_4_0,CONTINENT_DERIVED_FROM_COORDINATES;TAXON_CONCEPT_ID_NOT_FOUND
3196788932,"Aythya ferina (Linnaeus, 1758)",Aythya ferina,Common Pochard,Animalia,Chordata,Aves,Anseriformes,Anatidae,Aythya,SPECIES,2498255,2498255,VU,Vulnerable,2020-10-06,2020,10,6,42.579243,21.048304,,,Ligatinat e Henc (Henc Wetland),Fushë Kosovë / Kosovo Polje,Prishtinë / Priština,Ligatina e Hencit/ Radevës,Wetlands,FALSE,HUMAN_OBSERVATION,8,,obsr1505715,,CLO,EBIRD,OBS991794509,4fa7b334-ce0d-4e88-aaae-2e0c138d049e,CC_BY_4_0,CONTINENT_DERIVED_FROM_COORDINATES;TAXON_CONCEPT_ID_NOT_FOUND
3195758054,"Aythya ferina (Linnaeus, 1758)",Aythya ferina,Common Pochard,Animalia,Chordata,Aves,Anseriformes,Anatidae,Aythya,SPECIES,2498255,2498255,VU,Vulnerable,2020-09-08,2020,9,8,42.579243,21.048304,,,Ligatinat e Henc (Henc Wetland),Fushë Kosovë / Kosovo Polje,Prishtinë / Priština,Ligatina e Hencit/ Radevës,Wetlands,FALSE,HUMAN_OBSERVATION,2,,obsr1505715,,CLO,EBIRD,OBS978206199,4fa7b334-ce0d-4e88-aaae-2e0c138d049e,CC_BY_4_0,CONTINENT_DERIVED_FROM_COORDINATES;TAXON_CONCEPT_ID_NOT_FOUND
3194022374,"Falco vespertinus Linnaeus, 1766",Falco vespertinus,Red-Footed Falcon,Animalia,Chordata,Aves,Falconiformes,Falconidae,Falco,SPECIES,2481062,2481062,VU,Vulnerable,2020-07-24,2020,7,24,42.573063,21.057709,,,"Auto selected 42.57306, 21.05771",Fushë Kosovë / Kosovo Polje,Prishtinë / Priština,,,FALSE,HUMAN_OBSERVATION,1,,obsr1505715,,CLO,EBIRD,OBS959796505,4fa7b334-ce0d-4e88-aaae-2e0c138d049e,CC_BY_4_0,CONTINENT_DERIVED_FROM_COORDINATES;TAXON_CONCEPT_ID_NOT_FOUND
3192664674,"Aythya ferina (Linnaeus, 1758)",Aythya ferina,Common Pochard,Animalia,Chordata,Aves,Anseriformes,Anatidae,Aythya,SPECIES,2498255,2498255,VU,Vulnerable,2020-09-28,2020,9,28,42.579243,21.048304,,,Ligatinat e Henc (Henc Wetland),Fushë Kosovë / Kosovo Polje,Prishtinë / Priština,Ligatina e Hencit/ Radevës,Wetlands,FALSE,HUMAN_OBSERVATION,18,,obsr1505715,,CLO,EBIRD,OBS987883083,4fa7b334-ce0d-4e88-aaae-2e0c138d049e,CC_BY_4_0,CONTINENT_DERIVED_FROM_COORDINATES;TAXON_CONCEPT_ID_NOT_FOUND
3192598044,"Aythya ferina (Linnaeus, 1758)",Aythya ferina,Common Pochard,Animalia,Chordata,Aves,Anseriformes,Anatidae,Aythya,SPECIES,2498255,2498255,VU,Vulnerable,2020-10-05,2020,10,5,42.579243,21.048304,,,Ligatinat e Henc (Henc Wetland),Fushë Kosovë / Kosovo Polje,Prishtinë / Priština,Ligatina e Hencit/ Radevës,Wetlands,FALSE,HUMAN_OBSERVATION,5,,obsr1505715,,CLO,EBIRD,OBS991322603,4fa7b334-ce0d-4e88-aaae-2e0c138d049e,CC_BY_4_0,CONTINENT_DERIVED_FROM_COORDINATES;TAXON_CONCEPT_ID_NOT_FOUND
3189720990,"Aythya ferina (Linnaeus, 1758)",Aythya ferina,Common Pochard,Animalia,Chordata,Aves,Anseriformes,Anatidae,Aythya,SPECIES,2498255,2498255,VU,Vulnerable,2020-08-14,2020,8,14,42.579243,21.048304,,,Ligatinat e Henc (Henc Wetland),Fushë Kosovë / Kosovo Polje,Prishtinë / Priština,Ligatina e Hencit/ Radevës,Wetlands,FALSE,HUMAN_OBSERVATION,10,,obsr1505715,,CLO,EBIRD,OBS967688621,4fa7b334-ce0d-4e88-aaae-2e0c138d049e,CC_BY_4_0,CONTINENT_DERIVED_FROM_COORDINATES;TAXON_CONCEPT_ID_NOT_FOUND
3189629063,"Aythya ferina (Linnaeus, 1758)",Aythya ferina,Common Pochard,Animalia,Chordata,Aves,Anseriformes,Anatidae,Aythya,SPECIES,2498255,2498255,VU,Vulnerable,2020-08-16,2020,8,16,42.579243,21.048304,,,Ligatinat e Henc (Henc Wetland),Fushë Kosovë / Kosovo Polje,Prishtinë / Priština,Ligatina e Hencit/ Radevës,Wetlands,FALSE,HUMAN_OBSERVATION,15,,obsr1505715,,CLO,EBIRD,OBS968494737,4fa7b334-ce0d-4e88-aaae-2e0c138d049e,CC_BY_4_0,CONTINENT_DERIVED_FROM_COORDINATES;TAXON_CONCEPT_ID_NOT_FOUND
3189524854,"Streptopelia turtur (Linnaeus, 1758)",Streptopelia turtur,European Turtle-Dove,Animalia,Chordata,Aves,Columbiformes,Columbidae,Streptopelia,SPECIES,2495708,2495708,VU,Vulnerable,2020-08-24,2020,8,24,42.579243,21.048304,,,Ligatinat e Henc (Henc Wetland),Fushë Kosovë / Kosovo Polje,Prishtinë / Priština,Ligatina e Hencit/ Radevës,Wetlands,FALSE,HUMAN_OBSERVATION,1,,obsr1505715,,CLO,EBIRD,OBS971664796,4fa7b334-ce0d-4e88-aaae-2e0c138d049e,CC_BY_4_0,CONTINENT_DERIVED_FROM_COORDINATES;TAXON_CONCEPT_ID_NOT_FOUND
3188836635,"Aythya ferina (Linnaeus, 1758)",Aythya ferina,Common Pochard,Animalia,Chordata,Aves,Anseriformes,Anatidae,Aythya,SPECIES,2498255,2498255,VU,Vulnerable,2020-10-04,2020,10,4,42.579243,21.048304,,,Ligatinat e Henc (Henc Wetland),Fushë Kosovë / Kosovo Polje,Prishtinë / Priština,Ligatina e Hencit/ Radevës,Wetlands,FALSE,HUMAN_OBSERVATION,9,,obsr1505715,,CLO,EBIRD,OBS990710650,4fa7b334-ce0d-4e88-aaae-2e0c138d049e,CC_BY_4_0,CONTINENT_DERIVED_FROM_COORDINATES;TAXON_CONCEPT_ID_NOT_FOUND
3188405756,"Aythya ferina (Linnaeus, 1758)",Aythya ferina,Common Pochard,Animalia,Chordata,Aves,Anseriformes,Anatidae,Aythya,SPECIES,2498255,2498255,VU,Vulnerable,2020-08-03,2020,8,3,42.579243,21.048304,,,Ligatinat e Henc (Henc Wetland),Fushë Kosovë / Kosovo Polje,Prishtinë / Priština,Ligatina e Hencit/ Radevës,Wetlands,FALSE,HUMAN_OBSERVATION,11,,obsr1505715,,CLO,EBIRD,OBS963653862,4fa7b334-ce0d-4e88-aaae-2e0c138d049e,CC_BY_4_0,CONTINENT_DERIVED_FROM_COORDINATES;TAXON_CONCEPT_ID_NOT_FOUND
3188078970,"Aythya ferina (Linnaeus, 1758)",Aythya ferina,Common Pochard,Animalia,Chordata,Aves,Anseriformes,Anatidae,Aythya,SPECIES,2498255,2498255,VU,Vulnerable,2020-08-12,2020,8,12,42.579243,21.048304,,,Ligatinat e Henc (Henc Wetland),Fushë Kosovë / Kosovo Polje,Prishtinë / Priština,Ligatina e Hencit/ Radevës,Wetlands,FALSE,HUMAN_OBSERVATION,7,,obsr1505715,,CLO,EBIRD,OBS967006432,4fa7b334-ce0d-4e88-aaae-2e0c138d049e,CC_BY_4_0,CONTINENT_DERIVED_FROM_COORDINATES;TAXON_CONCEPT_ID_NOT_FOUND
3187385626,"Aythya ferina (Linnaeus, 1758)",Aythya ferina,Common Pochard,Animalia,Chordata,Aves,Anseriformes,Anatidae,Aythya,SPECIES,2498255,2498255,VU,Vulnerable,2020-07-28,2020,7,28,42.579243,21.048304,,,Ligatinat e Henc (Henc Wetland),Fushë Kosovë / Kosovo Polje,Prishtinë / Priština,Ligatina e Hencit/ Radevës,Wetlands,FALSE,HUMAN_OBSERVATION,24,,obsr1505715,,CLO,EBIRD,OBS961393173,4fa7b334-ce0d-4e88-aaae-2e0c138d049e,CC_BY_4_0,CONTINENT_DERIVED_FROM_COORDINATES;TAXON_CONCEPT_ID_NOT_FOUND
3185841108,"Aythya ferina (Linnaeus, 1758)",Aythya ferina,Common Pochard,Animalia,Chordata,Aves,Anseriformes,Anatidae,Aythya,SPECIES,2498255,2498255,VU,Vulnerable,2020-08-24,2020,8,24,42.579243,21.048304,,,Ligatinat e Henc (Henc Wetland),Fushë Kosovë / Kosovo Polje,Prishtinë / Priština,Ligatina e Hencit/ Radevës,Wetlands,FALSE,HUMAN_OBSERVATION,9,,obsr1505715,,CLO,EBIRD,OBS971664813,4fa7b334-ce0d-4e88-aaae-2e0c138d049e,CC_BY_4_0,CONTINENT_DERIVED_FROM_COORDINATES;TAXON_CONCEPT_ID_NOT_FOUND
3185080048,"Aythya ferina (Linnaeus, 1758)",Aythya ferina,Common Pochard,Animalia,Chordata,Aves,Anseriformes,Anatidae,Aythya,SPECIES,2498255,2498255,VU,Vulnerable,2020-10-08,2020,10,8,42.579243,21.048304,,,Ligatinat e Henc (Henc Wetland),Fushë Kosovë / Kosovo Polje,Prishtinë / Priština,Ligatina e Hencit/ Radevës,Wetlands,FALSE,HUMAN_OBSERVATION,3,,obsr1505715,,CLO,EBIRD,OBS992670316,4fa7b334-ce0d-4e88-aaae-2e0c138d049e,CC_BY_4_0,CONTINENT_DERIVED_FROM_COORDINATES;TAXON_CONCEPT_ID_NOT_FOUND
3184802921,"Aythya ferina (Linnaeus, 1758)",Aythya ferina,Common Pochard,Animalia,Chordata,Aves,Anseriformes,Anatidae,Aythya,SPECIES,2498255,2498255,VU,Vulnerable,2020-09-22,2020,9,22,42.579243,21.048304,,,Ligatinat e Henc (Henc Wetland),Fushë Kosovë / Kosovo Polje,Prishtinë / Priština,Ligatina e Hencit/ Radevës,Wetlands,FALSE,HUMAN_OBSERVATION,1,,obsr1505715,,CLO,EBIRD,OBS984919802,4fa7b334-ce0d-4e88-aaae-2e0c138d049e,CC_BY_4_0,CONTINENT_DERIVED_FROM_COORDINATES;TAXON_CONCEPT_ID_NOT_FOUND
3184697339,"Aythya ferina (Linnaeus, 1758)",Aythya ferina,Common Pochard,Animalia,Chordata,Aves,Anseriformes,Anatidae,Aythya,SPECIES,2498255,2498255,VU,Vulnerable,2020-10-01,2020,10,1,42.579243,21.048304,,,Ligatinat e Henc (Henc Wetland),Fushë Kosovë / Kosovo Polje,Prishtinë / Priština,Ligatina e Hencit/ Radevës,Wetlands,FALSE,HUMAN_OBSERVATION,1,,obsr1505715,,CLO,EBIRD,OBS989153174,4fa7b334-ce0d-4e88-aaae-2e0c138d049e,CC_BY_4_0,CONTINENT_DERIVED_FROM_COORDINATES;TAXON_CONCEPT_ID_NOT_FOUND
3184593064,"Aythya ferina (Linnaeus, 1758)",Aythya ferina,Common Pochard,Animalia,Chordata,Aves,Anseriformes,Anatidae,Aythya,SPECIES,2498255,2498255,VU,Vulnerable,2020-09-04,2020,9,4,42.579243,21.048304,,,Ligatinat e Henc (Henc Wetland),Fushë Kosovë / Kosovo Polje,Prishtinë / Priština,Ligatina e Hencit/ Radevës,Wetlands,FALSE,HUMAN_OBSERVATION,5,,obsr1505715,,CLO,EBIRD,OBS976136676,4fa7b334-ce0d-4e88-aaae-2e0c138d049e,CC_BY_4_0,CONTINENT_DERIVED_FROM_COORDINATES;TAXON_CONCEPT_ID_NOT_FOUND
3184216328,"Aythya ferina (Linnaeus, 1758)",Aythya ferina,Common Pochard,Animalia,Chordata,Aves,Anseriformes,Anatidae,Aythya,SPECIES,2498255,2498255,VU,Vulnerable,2020-07-09,2020,7,9,42.579243,21.048304,,,Ligatinat e Henc (Henc Wetland),Fushë Kosovë / Kosovo Polje,Prishtinë / Priština,Ligatina e Hencit/ Radevës,Wetlands,FALSE,HUMAN_OBSERVATION,24,,obsr1505715,,CLO,EBIRD,OBS953839325,4fa7b334-ce0d-4e88-aaae-2e0c138d049e,CC_BY_4_0,CONTINENT_DERIVED_FROM_COORDINATES;TAXON_CONCEPT_ID_NOT_FOUND
3183503003,"Aythya ferina (Linnaeus, 1758)",Aythya ferina,Common Pochard,Animalia,Chordata,Aves,Anseriformes,Anatidae,Aythya,SPECIES,2498255,2498255,VU,Vulnerable,2020-07-06,2020,7,6,42.579243,21.048304,,,Ligatinat e Henc (Henc Wetland),Fushë Kosovë / Kosovo Polje,Prishtinë / Priština,Ligatina e Hencit/ Radevës,Wetlands,FALSE,HUMAN_OBSERVATION,16,,obsr1505715,,CLO,EBIRD,OBS952650498,4fa7b334-ce0d-4e88-aaae-2e0c138d049e,CC_BY_4_0,CONTINENT_DERIVED_FROM_COORDINATES;TAXON_CONCEPT_ID_NOT_FOUND
3182532636,"Aythya ferina (Linnaeus, 1758)",Aythya ferina,Common Pochard,Animalia,Chordata,Aves,Anseriformes,Anatidae,Aythya,SPECIES,2498255,2498255,VU,Vulnerable,2020-07-19,2020,7,19,42.579243,21.048304,,,Ligatinat e Henc (Henc Wetland),Fushë Kosovë / Kosovo Polje,Prishtinë / Priština,Ligatina e Hencit/ Radevës,Wetlands,FALSE,HUMAN_OBSERVATION,21,,obsr1505715,,CLO,EBIRD,OBS957998844,4fa7b334-ce0d-4e88-aaae-2e0c138d049e,CC_BY_4_0,CONTINENT_DERIVED_FROM_COORDINATES;TAXON_CONCEPT_ID_NOT_FOUND
3181751112,"Aythya ferina (Linnaeus, 1758)",Aythya ferina,Common Pochard,Animalia,Chordata,Aves,Anseriformes,Anatidae,Aythya,SPECIES,2498255,2498255,VU,Vulnerable,2020-06-17,2020,6,17,42.579243,21.048304,,,Ligatinat e Henc (Henc Wetland),Fushë Kosovë / Kosovo Polje,Prishtinë / Priština,Ligatina e Hencit/ Radevës,Wetlands,FALSE,HUMAN_OBSERVATION,14,,obsr1505715,,CLO,EBIRD,OBS944053262,4fa7b334-ce0d-4e88-aaae-2e0c138d049e,CC_BY_4_0,CONTINENT_DERIVED_FROM_COORDINATES;TAXON_CONCEPT_ID_NOT_FOUND
3181455953,"Aythya ferina (Linnaeus, 1758)",Aythya ferina,Common Pochard,Animalia,Chordata,Aves,Anseriformes,Anatidae,Aythya,SPECIES,2498255,2498255,VU,Vulnerable,2020-08-11,2020,8,11,42.579243,21.048304,,,Ligatinat e Henc (Henc Wetland),Fushë Kosovë / Kosovo Polje,Prishtinë / Priština,Ligatina e Hencit/ Radevës,Wetlands,FALSE,HUMAN_OBSERVATION,19,,obsr1505715,,CLO,EBIRD,OBS966669651,4fa7b334-ce0d-4e88-aaae-2e0c138d049e,CC_BY_4_0,CONTINENT_DERIVED_FROM_COORDINATES;TAXON_CONCEPT_ID_NOT_FOUND
3180922155,"Aythya ferina (Linnaeus, 1758)",Aythya ferina,Common Pochard,Animalia,Chordata,Aves,Anseriformes,Anatidae,Aythya,SPECIES,2498255,2498255,VU,Vulnerable,2020-06-03,2020,6,3,42.579243,21.048304,,,Ligatinat e Henc (Henc Wetland),Fushë Kosovë / Kosovo Polje,Prishtinë / Priština,Ligatina e Hencit/ Radevës,Wetlands,FALSE,HUMAN_OBSERVATION,28,,obsr1505715,,CLO,EBIRD,OBS936829390,4fa7b334-ce0d-4e88-aaae-2e0c138d049e,CC_BY_4_0,CONTINENT_DERIVED_FROM_COORDINATES;TAXON_CONCEPT_ID_NOT_FOUND
3180780244,"Aythya ferina (Linnaeus, 1758)",Aythya ferina,Common Pochard,Animalia,Chordata,Aves,Anseriformes,Anatidae,Aythya,SPECIES,2498255,2498255,VU,Vulnerable,2020-05-19,2020,5,19,42.579243,21.048304,,,Ligatinat e Henc (Henc Wetland),Fushë Kosovë / Kosovo Polje,Prishtinë / Priština,Ligatina e Hencit/ Radevës,Wetlands,FALSE,HUMAN_OBSERVATION,38,,obsr1505715,,CLO,EBIRD,OBS926399714,4fa7b334-ce0d-4e88-aaae-2e0c138d049e,CC_BY_4_0,CONTINENT_DERIVED_FROM_COORDINATES;TAXON_CONCEPT_ID_NOT_FOUND
3180587046,"Streptopelia turtur (Linnaeus, 1758)",Streptopelia turtur,European Turtle-Dove,Animalia,Chordata,Aves,Columbiformes,Columbidae,Streptopelia,SPECIES,2495708,2495708,VU,Vulnerable,2020-09-12,2020,9,12,42.579243,21.048304,,,Ligatinat e Henc (Henc Wetland),Fushë Kosovë / Kosovo Polje,Prishtinë / Priština,Ligatina e Hencit/ Radevës,Wetlands,FALSE,HUMAN_OBSERVATION,1,,obsr1505715,,CLO,EBIRD,OBS979849313,4fa7b334-ce0d-4e88-aaae-2e0c138d049e,CC_BY_4_0,CONTINENT_DERIVED_FROM_COORDINATES;TAXON_CONCEPT_ID_NOT_FOUND
3180295953,"Aythya ferina (Linnaeus, 1758)",Aythya ferina,Common Pochard,Animalia,Chordata,Aves,Anseriformes,Anatidae,Aythya,SPECIES,2498255,2498255,VU,Vulnerable,2020-07-19,2020,7,19,42.579243,21.048304,,,Ligatinat e Henc (Henc Wetland),Fushë Kosovë / Kosovo Polje,Prishtinë / Priština,Ligatina e Hencit/ Radevës,Wetlands,FALSE,HUMAN_OBSERVATION,16,,obsr1760945,,CLO,EBIRD,OBS958040271,4fa7b334-ce0d-4e88-aaae-2e0c138d049e,CC_BY_4_0,CONTINENT_DERIVED_FROM_COORDINATES;TAXON_CONCEPT_ID_NOT_FOUND
3180277907,"Aythya ferina (Linnaeus, 1758)",Aythya ferina,Common Pochard,Animalia,Chordata,Aves,Anseriformes,Anatidae,Aythya,SPECIES,2498255,2498255,VU,Vulnerable,2020-06-21,2020,6,21,42.579243,21.048304,,,Ligatinat e Henc (Henc Wetland),Fushë Kosovë / Kosovo Polje,Prishtinë / Priština,Ligatina e Hencit/ Radevës,Wetlands,FALSE,HUMAN_OBSERVATION,20,,obsr1505715,,CLO,EBIRD,OBS945876049,4fa7b334-ce0d-4e88-aaae-2e0c138d049e,CC_BY_4_0,CONTINENT_DERIVED_FROM_COORDINATES;TAXON_CONCEPT_ID_NOT_FOUND
3178609064,"Aythya ferina (Linnaeus, 1758)",Aythya ferina,Common Pochard,Animalia,Chordata,Aves,Anseriformes,Anatidae,Aythya,SPECIES,2498255,2498255,VU,Vulnerable,2020-08-18,2020,8,18,42.579243,21.048304,,,Ligatinat e Henc (Henc Wetland),Fushë Kosovë / Kosovo Polje,Prishtinë / Priština,Ligatina e Hencit/ Radevës,Wetlands,FALSE,HUMAN_OBSERVATION,4,,obsr1505715,,CLO,EBIRD,OBS969284025,4fa7b334-ce0d-4e88-aaae-2e0c138d049e,CC_BY_4_0,CONTINENT_DERIVED_FROM_COORDINATES;TAXON_CONCEPT_ID_NOT_FOUND
3178230433,"Streptopelia turtur (Linnaeus, 1758)",Streptopelia turtur,European Turtle-Dove,Animalia,Chordata,Aves,Columbiformes,Columbidae,Streptopelia,SPECIES,2495708,2495708,VU,Vulnerable,2020-08-15,2020,8,15,42.579243,21.048304,,,Ligatinat e Henc (Henc Wetland),Fushë Kosovë / Kosovo Polje,Prishtinë / Priština,Ligatina e Hencit/ Radevës,Wetlands,FALSE,HUMAN_OBSERVATION,3,,obsr1505715,,CLO,EBIRD,OBS968052032,4fa7b334-ce0d-4e88-aaae-2e0c138d049e,CC_BY_4_0,CONTINENT_DERIVED_FROM_COORDINATES;TAXON_CONCEPT_ID_NOT_FOUND
3178159709,"Aythya ferina (Linnaeus, 1758)",Aythya ferina,Common Pochard,Animalia,Chordata,Aves,Anseriformes,Anatidae,Aythya,SPECIES,2498255,2498255,VU,Vulnerable,2020-05-11,2020,5,11,42.579243,21.048304,,,Ligatinat e Henc (Henc Wetland),Fushë Kosovë / Kosovo Polje,Prishtinë / Priština,Ligatina e Hencit/ Radevës,Wetlands,FALSE,HUMAN_OBSERVATION,25,,obsr1505715,,CLO,EBIRD,OBS918897741,4fa7b334-ce0d-4e88-aaae-2e0c138d049e,CC_BY_4_0,CONTINENT_DERIVED_FROM_COORDINATES;TAXON_CONCEPT_ID_NOT_FOUND
3178098563,"Aythya ferina (Linnaeus, 1758)",Aythya ferina,Common Pochard,Animalia,Chordata,Aves,Anseriformes,Anatidae,Aythya,SPECIES,2498255,2498255,VU,Vulnerable,2020-09-03,2020,9,3,42.579243,21.048304,,,Ligatinat e Henc (Henc Wetland),Fushë Kosovë / Kosovo Polje,Prishtinë / Priština,Ligatina e Hencit/ Radevës,Wetlands,FALSE,HUMAN_OBSERVATION,3,,obsr1505715,,CLO,EBIRD,OBS975751944,4fa7b334-ce0d-4e88-aaae-2e0c138d049e,CC_BY_4_0,CONTINENT_DERIVED_FROM_COORDINATES;TAXON_CONCEPT_ID_NOT_FOUND
3177746635,"Aythya ferina (Linnaeus, 1758)",Aythya ferina,Common Pochard,Animalia,Chordata,Aves,Anseriformes,Anatidae,Aythya,SPECIES,2498255,2498255,VU,Vulnerable,2020-07-25,2020,7,25,42.579243,21.048304,,,Ligatinat e Henc (Henc Wetland),Fushë Kosovë / Kosovo Polje,Prishtinë / Priština,Ligatina e Hencit/ Radevës,Wetlands,FALSE,HUMAN_OBSERVATION,14,,obsr1505715,,CLO,EBIRD,OBS960172394,4fa7b334-ce0d-4e88-aaae-2e0c138d049e,CC_BY_4_0,CONTINENT_DERIVED_FROM_COORDINATES;TAXON_CONCEPT_ID_NOT_FOUND
3177460979,"Aythya ferina (Linnaeus, 1758)",Aythya ferina,Common Pochard,Animalia,Chordata,Aves,Anseriformes,Anatidae,Aythya,SPECIES,2498255,2498255,VU,Vulnerable,2020-07-15,2020,7,15,42.579243,21.048304,,,Ligatinat e Henc (Henc Wetland),Fushë Kosovë / Kosovo Polje,Prishtinë / Priština,Ligatina e Hencit/ Radevës,Wetlands,FALSE,HUMAN_OBSERVATION,15,,obsr1505715,,CLO,EBIRD,OBS956538212,4fa7b334-ce0d-4e88-aaae-2e0c138d049e,CC_BY_4_0,CONTINENT_DERIVED_FROM_COORDINATES;TAXON_CONCEPT_ID_NOT_FOUND
3177370216,"Aythya ferina (Linnaeus, 1758)",Aythya ferina,Common Pochard,Animalia,Chordata,Aves,Anseriformes,Anatidae,Aythya,SPECIES,2498255,2498255,VU,Vulnerable,2020-08-31,2020,8,31,42.579243,21.048304,,,Ligatinat e Henc (Henc Wetland),Fushë Kosovë / Kosovo Polje,Prishtinë / Priština,Ligatina e Hencit/ Radevës,Wetlands,FALSE,HUMAN_OBSERVATION,9,,obsr1505715,,CLO,EBIRD,OBS974550893,4fa7b334-ce0d-4e88-aaae-2e0c138d049e,CC_BY_4_0,CONTINENT_DERIVED_FROM_COORDINATES;TAXON_CONCEPT_ID_NOT_FOUND
3177163595,"Aythya ferina (Linnaeus, 1758)",Aythya ferina,Common Pochard,Animalia,Chordata,Aves,Anseriformes,Anatidae,Aythya,SPECIES,2498255,2498255,VU,Vulnerable,2020-06-22,2020,6,22,42.579243,21.048304,,,Ligatinat e Henc (Henc Wetland),Fushë Kosovë / Kosovo Polje,Prishtinë / Priština,Ligatina e Hencit/ Radevës,Wetlands,FALSE,HUMAN_OBSERVATION,38,,obsr1505715,,CLO,EBIRD,OBS946384536,4fa7b334-ce0d-4e88-aaae-2e0c138d049e,CC_BY_4_0,CONTINENT_DERIVED_FROM_COORDINATES;TAXON_CONCEPT_ID_NOT_FOUND
3175779485,"Aythya ferina (Linnaeus, 1758)",Aythya ferina,Common Pochard,Animalia,Chordata,Aves,Anseriformes,Anatidae,Aythya,SPECIES,2498255,2498255,VU,Vulnerable,2020-08-07,2020,8,7,42.579243,21.048304,,,Ligatinat e Henc (Henc Wetland),Fushë Kosovë / Kosovo Polje,Prishtinë / Priština,Ligatina e Hencit/ Radevës,Wetlands,FALSE,HUMAN_OBSERVATION,7,,obsr1505715,,CLO,EBIRD,OBS965075581,4fa7b334-ce0d-4e88-aaae-2e0c138d049e,CC_BY_4_0,CONTINENT_DERIVED_FROM_COORDINATES;TAXON_CONCEPT_ID_NOT_FOUND
3174923772,"Aythya ferina (Linnaeus, 1758)",Aythya ferina,Common Pochard,Animalia,Chordata,Aves,Anseriformes,Anatidae,Aythya,SPECIES,2498255,2498255,VU,Vulnerable,2020-05-16,2020,5,16,42.579243,21.048304,,,Ligatinat e Henc (Henc Wetland),Fushë Kosovë / Kosovo Polje,Prishtinë / Priština,Ligatina e Hencit/ Radevës,Wetlands,FALSE,HUMAN_OBSERVATION,34,,obsr1505715,,CLO,EBIRD,OBS923525218,4fa7b334-ce0d-4e88-aaae-2e0c138d049e,CC_BY_4_0,CONTINENT_DERIVED_FROM_COORDINATES;TAXON_CONCEPT_ID_NOT_FOUND
3174734717,"Aythya ferina (Linnaeus, 1758)",Aythya ferina,Common Pochard,Animalia,Chordata,Aves,Anseriformes,Anatidae,Aythya,SPECIES,2498255,2498255,VU,Vulnerable,2020-08-19,2020,8,19,42.579243,21.048304,,,Ligatinat e Henc (Henc Wetland),Fushë Kosovë / Kosovo Polje,Prishtinë / Priština,Ligatina e Hencit/ Radevës,Wetlands,FALSE,HUMAN_OBSERVATION,17,,obsr1505715,,CLO,EBIRD,OBS969639991,4fa7b334-ce0d-4e88-aaae-2e0c138d049e,CC_BY_4_0,CONTINENT_DERIVED_FROM_COORDINATES;TAXON_CONCEPT_ID_NOT_FOUND
3174227781,"Aythya ferina (Linnaeus, 1758)",Aythya ferina,Common Pochard,Animalia,Chordata,Aves,Anseriformes,Anatidae,Aythya,SPECIES,2498255,2498255,VU,Vulnerable,2020-05-09,2020,5,9,42.579243,21.048304,,,Ligatinat e Henc (Henc Wetland),Fushë Kosovë / Kosovo Polje,Prishtinë / Priština,Ligatina e Hencit/ Radevës,Wetlands,FALSE,HUMAN_OBSERVATION,25,,obsr1505715,,CLO,EBIRD,OBS915828562,4fa7b334-ce0d-4e88-aaae-2e0c138d049e,CC_BY_4_0,CONTINENT_DERIVED_FROM_COORDINATES;TAXON_CONCEPT_ID_NOT_FOUND
3172947153,"Aythya ferina (Linnaeus, 1758)",Aythya ferina,Common Pochard,Animalia,Chordata,Aves,Anseriformes,Anatidae,Aythya,SPECIES,2498255,2498255,VU,Vulnerable,2020-07-29,2020,7,29,42.579243,21.048304,,,Ligatinat e Henc (Henc Wetland),Fushë Kosovë / Kosovo Polje,Prishtinë / Priština,Ligatina e Hencit/ Radevës,Wetlands,FALSE,HUMAN_OBSERVATION,2,,obsr1505715,,CLO,EBIRD,OBS961742414,4fa7b334-ce0d-4e88-aaae-2e0c138d049e,CC_BY_4_0,CONTINENT_DERIVED_FROM_COORDINATES;TAXON_CONCEPT_ID_NOT_FOUND
3172699965,"Streptopelia turtur (Linnaeus, 1758)",Streptopelia turtur,European Turtle-Dove,Animalia,Chordata,Aves,Columbiformes,Columbidae,Streptopelia,SPECIES,2495708,2495708,VU,Vulnerable,2020-07-29,2020,7,29,42.579243,21.048304,,,Ligatinat e Henc (Henc Wetland),Fushë Kosovë / Kosovo Polje,Prishtinë / Priština,Ligatina e Hencit/ Radevës,Wetlands,FALSE,HUMAN_OBSERVATION,1,,obsr1505715,,CLO,EBIRD,OBS961742431,4fa7b334-ce0d-4e88-aaae-2e0c138d049e,CC_BY_4_0,CONTINENT_DERIVED_FROM_COORDINATES;TAXON_CONCEPT_ID_NOT_FOUND
3172501245,"Aythya ferina (Linnaeus, 1758)",Aythya ferina,Common Pochard,Animalia,Chordata,Aves,Anseriformes,Anatidae,Aythya,SPECIES,2498255,2498255,VU,Vulnerable,2020-05-29,2020,5,29,42.579243,21.048304,,,Ligatinat e Henc (Henc Wetland),Fushë Kosovë / Kosovo Polje,Prishtinë / Priština,Ligatina e Hencit/ Radevës,Wetlands,FALSE,HUMAN_OBSERVATION,36,,obsr1505715,,CLO,EBIRD,OBS933697944,4fa7b334-ce0d-4e88-aaae-2e0c138d049e,CC_BY_4_0,CONTINENT_DERIVED_FROM_COORDINATES;TAXON_CONCEPT_ID_NOT_FOUND
3172266431,"Aythya ferina (Linnaeus, 1758)",Aythya ferina,Common Pochard,Animalia,Chordata,Aves,Anseriformes,Anatidae,Aythya,SPECIES,2498255,2498255,VU,Vulnerable,2020-06-19,2020,6,19,42.579243,21.048304,,,Ligatinat e Henc (Henc Wetland),Fushë Kosovë / Kosovo Polje,Prishtinë / Priština,Ligatina e Hencit/ Radevës,Wetlands,FALSE,HUMAN_OBSERVATION,25,,obsr1505715,,CLO,EBIRD,OBS944907336,4fa7b334-ce0d-4e88-aaae-2e0c138d049e,CC_BY_4_0,CONTINENT_DERIVED_FROM_COORDINATES;TAXON_CONCEPT_ID_NOT_FOUND
3172176530,"Aythya ferina (Linnaeus, 1758)",Aythya ferina,Common Pochard,Animalia,Chordata,Aves,Anseriformes,Anatidae,Aythya,SPECIES,2498255,2498255,VU,Vulnerable,2020-08-15,2020,8,15,42.579243,21.048304,,,Ligatinat e Henc (Henc Wetland),Fushë Kosovë / Kosovo Polje,Prishtinë / Priština,Ligatina e Hencit/ Radevës,Wetlands,FALSE,HUMAN_OBSERVATION,4,,obsr1505715,,CLO,EBIRD,OBS968052038,4fa7b334-ce0d-4e88-aaae-2e0c138d049e,CC_BY_4_0,CONTINENT_DERIVED_FROM_COORDINATES;TAXON_CONCEPT_ID_NOT_FOUND
3171856366,"Aythya ferina (Linnaeus, 1758)",Aythya ferina,Common Pochard,Animalia,Chordata,Aves,Anseriformes,Anatidae,Aythya,SPECIES,2498255,2498255,VU,Vulnerable,2020-08-06,2020,8,6,42.579243,21.048304,,,Ligatinat e Henc (Henc Wetland),Fushë Kosovë / Kosovo Polje,Prishtinë / Priština,Ligatina e Hencit/ Radevës,Wetlands,FALSE,HUMAN_OBSERVATION,15,,obsr1505715,,CLO,EBIRD,OBS965068597,4fa7b334-ce0d-4e88-aaae-2e0c138d049e,CC_BY_4_0,CONTINENT_DERIVED_FROM_COORDINATES;TAXON_CONCEPT_ID_NOT_FOUND
3171628640,"Aythya ferina (Linnaeus, 1758)",Aythya ferina,Common Pochard,Animalia,Chordata,Aves,Anseriformes,Anatidae,Aythya,SPECIES,2498255,2498255,VU,Vulnerable,2020-07-20,2020,7,20,42.579243,21.048304,,,Ligatinat e Henc (Henc Wetland),Fushë Kosovë / Kosovo Polje,Prishtinë / Priština,Ligatina e Hencit/ Radevës,Wetlands,FALSE,HUMAN_OBSERVATION,6,,obsr1505715,,CLO,EBIRD,OBS958428033,4fa7b334-ce0d-4e88-aaae-2e0c138d049e,CC_BY_4_0,CONTINENT_DERIVED_FROM_COORDINATES;TAXON_CONCEPT_ID_NOT_FOUND
3170901574,"Aythya ferina (Linnaeus, 1758)",Aythya ferina,Common Pochard,Animalia,Chordata,Aves,Anseriformes,Anatidae,Aythya,SPECIES,2498255,2498255,VU,Vulnerable,2020-05-28,2020,5,28,42.579243,21.048304,,,Ligatinat e Henc (Henc Wetland),Fushë Kosovë / Kosovo Polje,Prishtinë / Priština,Ligatina e Hencit/ Radevës,Wetlands,FALSE,HUMAN_OBSERVATION,47,,obsr1505715,,CLO,EBIRD,OBS933169016,4fa7b334-ce0d-4e88-aaae-2e0c138d049e,CC_BY_4_0,CONTINENT_DERIVED_FROM_COORDINATES;TAXON_CONCEPT_ID_NOT_FOUND
3170298533,"Aythya ferina (Linnaeus, 1758)",Aythya ferina,Common Pochard,Animalia,Chordata,Aves,Anseriformes,Anatidae,Aythya,SPECIES,2498255,2498255,VU,Vulnerable,2020-06-24,2020,6,24,42.579243,21.048304,,,Ligatinat e Henc (Henc Wetland),Fushë Kosovë / Kosovo Polje,Prishtinë / Priština,Ligatina e Hencit/ Radevës,Wetlands,FALSE,HUMAN_OBSERVATION,51,,obsr1505715,,CLO,EBIRD,OBS947267858,4fa7b334-ce0d-4e88-aaae-2e0c138d049e,CC_BY_4_0,CONTINENT_DERIVED_FROM_COORDINATES;TAXON_CONCEPT_ID_NOT_FOUND
3169931582,"Aythya ferina (Linnaeus, 1758)",Aythya ferina,Common Pochard,Animalia,Chordata,Aves,Anseriformes,Anatidae,Aythya,SPECIES,2498255,2498255,VU,Vulnerable,2020-06-01,2020,6,1,42.579243,21.048304,,,Ligatinat e Henc (Henc Wetland),Fushë Kosovë / Kosovo Polje,Prishtinë / Priština,Ligatina e Hencit/ Radevës,Wetlands,FALSE,HUMAN_OBSERVATION,44,,obsr1505715,,CLO,EBIRD,OBS935752005,4fa7b334-ce0d-4e88-aaae-2e0c138d049e,CC_BY_4_0,CONTINENT_DERIVED_FROM_COORDINATES;TAXON_CONCEPT_ID_NOT_FOUND
3169725690,"Aythya ferina (Linnaeus, 1758)",Aythya ferina,Common Pochard,Animalia,Chordata,Aves,Anseriformes,Anatidae,Aythya,SPECIES,2498255,2498255,VU,Vulnerable,2020-05-11,2020,5,11,42.579243,21.048304,,,Ligatinat e Henc (Henc Wetland),Fushë Kosovë / Kosovo Polje,Prishtinë / Priština,Ligatina e Hencit/ Radevës,Wetlands,FALSE,HUMAN_OBSERVATION,3,,obsr1505715,,CLO,EBIRD,OBS918875687,4fa7b334-ce0d-4e88-aaae-2e0c138d049e,CC_BY_4_0,CONTINENT_DERIVED_FROM_COORDINATES;TAXON_CONCEPT_ID_NOT_FOUND
3169602059,"Aythya ferina (Linnaeus, 1758)",Aythya ferina,Common Pochard,Animalia,Chordata,Aves,Anseriformes,Anatidae,Aythya,SPECIES,2498255,2498255,VU,Vulnerable,2020-06-20,2020,6,20,42.579243,21.048304,,,Ligatinat e Henc (Henc Wetland),Fushë Kosovë / Kosovo Polje,Prishtinë / Priština,Ligatina e Hencit/ Radevës,Wetlands,FALSE,HUMAN_OBSERVATION,12,,obsr1505715,,CLO,EBIRD,OBS945406914,4fa7b334-ce0d-4e88-aaae-2e0c138d049e,CC_BY_4_0,CONTINENT_DERIVED_FROM_COORDINATES;TAXON_CONCEPT_ID_NOT_FOUND
3169329263,"Aythya ferina (Linnaeus, 1758)",Aythya ferina,Common Pochard,Animalia,Chordata,Aves,Anseriformes,Anatidae,Aythya,SPECIES,2498255,2498255,VU,Vulnerable,2020-07-02,2020,7,2,42.579243,21.048304,,,Ligatinat e Henc (Henc Wetland),Fushë Kosovë / Kosovo Polje,Prishtinë / Priština,Ligatina e Hencit/ Radevës,Wetlands,FALSE,HUMAN_OBSERVATION,17,,obsr1505715,,CLO,EBIRD,OBS950800172,4fa7b334-ce0d-4e88-aaae-2e0c138d049e,CC_BY_4_0,CONTINENT_DERIVED_FROM_COORDINATES;TAXON_CONCEPT_ID_NOT_FOUND
3168960078,"Streptopelia turtur (Linnaeus, 1758)",Streptopelia turtur,European Turtle-Dove,Animalia,Chordata,Aves,Columbiformes,Columbidae,Streptopelia,SPECIES,2495708,2495708,VU,Vulnerable,2020-05-13,2020,5,13,42.579243,21.048304,,,Ligatinat e Henc (Henc Wetland),Fushë Kosovë / Kosovo Polje,Prishtinë / Priština,Ligatina e Hencit/ Radevës,Wetlands,FALSE,HUMAN_OBSERVATION,1,,obsr1505715,,CLO,EBIRD,OBS920640625,4fa7b334-ce0d-4e88-aaae-2e0c138d049e,CC_BY_4_0,CONTINENT_DERIVED_FROM_COORDINATES;TAXON_CONCEPT_ID_NOT_FOUND
3168693862,"Streptopelia turtur (Linnaeus, 1758)",Streptopelia turtur,European Turtle-Dove,Animalia,Chordata,Aves,Columbiformes,Columbidae,Streptopelia,SPECIES,2495708,2495708,VU,Vulnerable,2020-06-21,2020,6,21,42.19994,20.63792,,,"Auto selected 42.19994, 20.63792",Prizreni / Prizren,Prizren,,,FALSE,HUMAN_OBSERVATION,2,,obsr1505715,,CLO,EBIRD,OBS945895812,4fa7b334-ce0d-4e88-aaae-2e0c138d049e,CC_BY_4_0,CONTINENT_DERIVED_FROM_COORDINATES;TAXON_CONCEPT_ID_NOT_FOUND
3167714278,"Aythya ferina (Linnaeus, 1758)",Aythya ferina,Common Pochard,Animalia,Chordata,Aves,Anseriformes,Anatidae,Aythya,SPECIES,2498255,2498255,VU,Vulnerable,2020-05-20,2020,5,20,42.579243,21.048304,,,Ligatinat e Henc (Henc Wetland),Fushë Kosovë / Kosovo Polje,Prishtinë / Priština,Ligatina e Hencit/ Radevës,Wetlands,FALSE,HUMAN_OBSERVATION,35,,obsr1505715,,CLO,EBIRD,OBS927179649,4fa7b334-ce0d-4e88-aaae-2e0c138d049e,CC_BY_4_0,CONTINENT_DERIVED_FROM_COORDINATES;TAXON_CONCEPT_ID_NOT_FOUND
3167082844,"Aythya ferina (Linnaeus, 1758)",Aythya ferina,Common Pochard,Animalia,Chordata,Aves,Anseriformes,Anatidae,Aythya,SPECIES,2498255,2498255,VU,Vulnerable,2020-07-01,2020,7,1,42.579243,21.048304,,,Ligatinat e Henc (Henc Wetland),Fushë Kosovë / Kosovo Polje,Prishtinë / Priština,Ligatina e Hencit/ Radevës,Wetlands,FALSE,HUMAN_OBSERVATION,15,,obsr1505715,,CLO,EBIRD,OBS950381682,4fa7b334-ce0d-4e88-aaae-2e0c138d049e,CC_BY_4_0,CONTINENT_DERIVED_FROM_COORDINATES;TAXON_CONCEPT_ID_NOT_FOUND
3166901647,"Aythya ferina (Linnaeus, 1758)",Aythya ferina,Common Pochard,Animalia,Chordata,Aves,Anseriformes,Anatidae,Aythya,SPECIES,2498255,2498255,VU,Vulnerable,2020-06-16,2020,6,16,42.579243,21.048304,,,Ligatinat e Henc (Henc Wetland),Fushë Kosovë / Kosovo Polje,Prishtinë / Priština,Ligatina e Hencit/ Radevës,Wetlands,FALSE,HUMAN_OBSERVATION,21,,obsr1505715,,CLO,EBIRD,OBS943578518,4fa7b334-ce0d-4e88-aaae-2e0c138d049e,CC_BY_4_0,CONTINENT_DERIVED_FROM_COORDINATES;TAXON_CONCEPT_ID_NOT_FOUND
3165873942,"Aythya ferina (Linnaeus, 1758)",Aythya ferina,Common Pochard,Animalia,Chordata,Aves,Anseriformes,Anatidae,Aythya,SPECIES,2498255,2498255,VU,Vulnerable,2020-05-24,2020,5,24,42.579243,21.048304,,,Ligatinat e Henc (Henc Wetland),Fushë Kosovë / Kosovo Polje,Prishtinë / Priština,Ligatina e Hencit/ Radevës,Wetlands,FALSE,HUMAN_OBSERVATION,26,,obsr1505715,,CLO,EBIRD,OBS930265889,4fa7b334-ce0d-4e88-aaae-2e0c138d049e,CC_BY_4_0,CONTINENT_DERIVED_FROM_COORDINATES;TAXON_CONCEPT_ID_NOT_FOUND
3165607922,"Aythya ferina (Linnaeus, 1758)",Aythya ferina,Common Pochard,Animalia,Chordata,Aves,Anseriformes,Anatidae,Aythya,SPECIES,2498255,2498255,VU,Vulnerable,2020-05-30,2020,5,30,42.579243,21.048304,,,Ligatinat e Henc (Henc Wetland),Fushë Kosovë / Kosovo Polje,Prishtinë / Priština,Ligatina e Hencit/ Radevës,Wetlands,FALSE,HUMAN_OBSERVATION,24,,obsr1505715,,CLO,EBIRD,OBS934288478,4fa7b334-ce0d-4e88-aaae-2e0c138d049e,CC_BY_4_0,CONTINENT_DERIVED_FROM_COORDINATES;TAXON_CONCEPT_ID_NOT_FOUND
3165338761,"Aythya ferina (Linnaeus, 1758)",Aythya ferina,Common Pochard,Animalia,Chordata,Aves,Anseriformes,Anatidae,Aythya,SPECIES,2498255,2498255,VU,Vulnerable,2020-06-29,2020,6,29,42.579243,21.048304,,,Ligatinat e Henc (Henc Wetland),Fushë Kosovë / Kosovo Polje,Prishtinë / Priština,Ligatina e Hencit/ Radevës,Wetlands,FALSE,HUMAN_OBSERVATION,59,,obsr1505715,,CLO,EBIRD,OBS949564436,4fa7b334-ce0d-4e88-aaae-2e0c138d049e,CC_BY_4_0,CONTINENT_DERIVED_FROM_COORDINATES;TAXON_CONCEPT_ID_NOT_FOUND
3165247033,"Aythya ferina (Linnaeus, 1758)",Aythya ferina,Common Pochard,Animalia,Chordata,Aves,Anseriformes,Anatidae,Aythya,SPECIES,2498255,2498255,VU,Vulnerable,2020-07-05,2020,7,5,42.579243,21.048304,,,Ligatinat e Henc (Henc Wetland),Fushë Kosovë / Kosovo Polje,Prishtinë / Priština,Ligatina e Hencit/ Radevës,Wetlands,FALSE,HUMAN_OBSERVATION,24,,obsr1505715,,CLO,EBIRD,OBS952178172,4fa7b334-ce0d-4e88-aaae-2e0c138d049e,CC_BY_4_0,CONTINENT_DERIVED_FROM_COORDINATES;TAXON_CONCEPT_ID_NOT_FOUND
3164287715,"Aythya ferina (Linnaeus, 1758)",Aythya ferina,Common Pochard,Animalia,Chordata,Aves,Anseriformes,Anatidae,Aythya,SPECIES,2498255,2498255,VU,Vulnerable,2020-07-11,2020,7,11,42.579243,21.048304,,,Ligatinat e Henc (Henc Wetland),Fushë Kosovë / Kosovo Polje,Prishtinë / Priština,Ligatina e Hencit/ Radevës,Wetlands,FALSE,HUMAN_OBSERVATION,11,,obsr1505715,,CLO,EBIRD,OBS954815418,4fa7b334-ce0d-4e88-aaae-2e0c138d049e,CC_BY_4_0,CONTINENT_DERIVED_FROM_COORDINATES;TAXON_CONCEPT_ID_NOT_FOUND
3163219226,"Aythya ferina (Linnaeus, 1758)",Aythya ferina,Common Pochard,Animalia,Chordata,Aves,Anseriformes,Anatidae,Aythya,SPECIES,2498255,2498255,VU,Vulnerable,2020-05-18,2020,5,18,42.579243,21.048304,,,Ligatinat e Henc (Henc Wetland),Fushë Kosovë / Kosovo Polje,Prishtinë / Priština,Ligatina e Hencit/ Radevës,Wetlands,FALSE,HUMAN_OBSERVATION,26,,obsr1505715,,CLO,EBIRD,OBS925617617,4fa7b334-ce0d-4e88-aaae-2e0c138d049e,CC_BY_4_0,CONTINENT_DERIVED_FROM_COORDINATES;TAXON_CONCEPT_ID_NOT_FOUND
3162309754,"Streptopelia turtur (Linnaeus, 1758)",Streptopelia turtur,European Turtle-Dove,Animalia,Chordata,Aves,Columbiformes,Columbidae,Streptopelia,SPECIES,2495708,2495708,VU,Vulnerable,2020-06-21,2020,6,21,42.1753,20.590387,,,"Auto selected 42.17530, 20.59039",Prizreni / Prizren,Prizren,,,FALSE,HUMAN_OBSERVATION,7,,obsr1505715,,CLO,EBIRD,OBS945886772,4fa7b334-ce0d-4e88-aaae-2e0c138d049e,CC_BY_4_0,CONTINENT_DERIVED_FROM_COORDINATES;TAXON_CONCEPT_ID_NOT_FOUND
3161793305,"Aythya ferina (Linnaeus, 1758)",Aythya ferina,Common Pochard,Animalia,Chordata,Aves,Anseriformes,Anatidae,Aythya,SPECIES,2498255,2498255,VU,Vulnerable,2020-06-25,2020,6,25,42.579243,21.048304,,,Ligatinat e Henc (Henc Wetland),Fushë Kosovë / Kosovo Polje,Prishtinë / Priština,Ligatina e Hencit/ Radevës,Wetlands,FALSE,HUMAN_OBSERVATION,34,,obsr1505715,,CLO,EBIRD,OBS947712739,4fa7b334-ce0d-4e88-aaae-2e0c138d049e,CC_BY_4_0,CONTINENT_DERIVED_FROM_COORDINATES;TAXON_CONCEPT_ID_NOT_FOUND
3159919134,"Aythya ferina (Linnaeus, 1758)",Aythya ferina,Common Pochard,Animalia,Chordata,Aves,Anseriformes,Anatidae,Aythya,SPECIES,2498255,2498255,VU,Vulnerable,2020-06-11,2020,6,11,42.579243,21.048304,,,Ligatinat e Henc (Henc Wetland),Fushë Kosovë / Kosovo Polje,Prishtinë / Priština,Ligatina e Hencit/ Radevës,Wetlands,FALSE,HUMAN_OBSERVATION,33,,obsr1505715,,CLO,EBIRD,OBS940969957,4fa7b334-ce0d-4e88-aaae-2e0c138d049e,CC_BY_4_0,CONTINENT_DERIVED_FROM_COORDINATES;TAXON_CONCEPT_ID_NOT_FOUND
3159766886,"Aythya ferina (Linnaeus, 1758)",Aythya ferina,Common Pochard,Animalia,Chordata,Aves,Anseriformes,Anatidae,Aythya,SPECIES,2498255,2498255,VU,Vulnerable,2020-04-07,2020,4,7,42.579243,21.048304,,,Ligatinat e Henc (Henc Wetland),Fushë Kosovë / Kosovo Polje,Prishtinë / Priština,Ligatina e Hencit/ Radevës,Wetlands,FALSE,HUMAN_OBSERVATION,101,,obsr1505715,,CLO,EBIRD,OBS890379627,4fa7b334-ce0d-4e88-aaae-2e0c138d049e,CC_BY_4_0,CONTINENT_DERIVED_FROM_COORDINATES;TAXON_CONCEPT_ID_NOT_FOUND
3159022769,"Aythya ferina (Linnaeus, 1758)",Aythya ferina,Common Pochard,Animalia,Chordata,Aves,Anseriformes,Anatidae,Aythya,SPECIES,2498255,2498255,VU,Vulnerable,2020-05-23,2020,5,23,42.579243,21.048304,,,Ligatinat e Henc (Henc Wetland),Fushë Kosovë / Kosovo Polje,Prishtinë / Priština,Ligatina e Hencit/ Radevës,Wetlands,FALSE,HUMAN_OBSERVATION,25,,obsr1505715,,CLO,EBIRD,OBS929365878,4fa7b334-ce0d-4e88-aaae-2e0c138d049e,CC_BY_4_0,CONTINENT_DERIVED_FROM_COORDINATES;TAXON_CONCEPT_ID_NOT_FOUND
3158952911,"Aythya ferina (Linnaeus, 1758)",Aythya ferina,Common Pochard,Animalia,Chordata,Aves,Anseriformes,Anatidae,Aythya,SPECIES,2498255,2498255,VU,Vulnerable,2020-03-28,2020,3,28,42.579243,21.048304,,,Ligatinat e Henc (Henc Wetland),Fushë Kosovë / Kosovo Polje,Prishtinë / Priština,Ligatina e Hencit/ Radevës,Wetlands,FALSE,HUMAN_OBSERVATION,71,,obsr1505715,,CLO,EBIRD,OBS884757404,4fa7b334-ce0d-4e88-aaae-2e0c138d049e,CC_BY_4_0,CONTINENT_DERIVED_FROM_COORDINATES;TAXON_CONCEPT_ID_NOT_FOUND
3158804043,"Streptopelia turtur (Linnaeus, 1758)",Streptopelia turtur,European Turtle-Dove,Animalia,Chordata,Aves,Columbiformes,Columbidae,Streptopelia,SPECIES,2495708,2495708,VU,Vulnerable,2020-05-22,2020,5,22,42.579243,21.048304,,,Ligatinat e Henc (Henc Wetland),Fushë Kosovë / Kosovo Polje,Prishtinë / Priština,Ligatina e Hencit/ Radevës,Wetlands,FALSE,HUMAN_OBSERVATION,2,,obsr1505715,,CLO,EBIRD,OBS928643858,4fa7b334-ce0d-4e88-aaae-2e0c138d049e,CC_BY_4_0,CONTINENT_DERIVED_FROM_COORDINATES;TAXON_CONCEPT_ID_NOT_FOUND
3158768730,"Aythya ferina (Linnaeus, 1758)",Aythya ferina,Common Pochard,Animalia,Chordata,Aves,Anseriformes,Anatidae,Aythya,SPECIES,2498255,2498255,VU,Vulnerable,2020-06-06,2020,6,6,42.579243,21.048304,,,Ligatinat e Henc (Henc Wetland),Fushë Kosovë / Kosovo Polje,Prishtinë / Priština,Ligatina e Hencit/ Radevës,Wetlands,FALSE,HUMAN_OBSERVATION,31,,obsr1505715,,CLO,EBIRD,OBS938314093,4fa7b334-ce0d-4e88-aaae-2e0c138d049e,CC_BY_4_0,CONTINENT_DERIVED_FROM_COORDINATES;TAXON_CONCEPT_ID_NOT_FOUND
3158553062,"Aythya ferina (Linnaeus, 1758)",Aythya ferina,Common Pochard,Animalia,Chordata,Aves,Anseriformes,Anatidae,Aythya,SPECIES,2498255,2498255,VU,Vulnerable,2020-05-22,2020,5,22,42.579243,21.048304,,,Ligatinat e Henc (Henc Wetland),Fushë Kosovë / Kosovo Polje,Prishtinë / Priština,Ligatina e Hencit/ Radevës,Wetlands,FALSE,HUMAN_OBSERVATION,17,,obsr1505715,,CLO,EBIRD,OBS928643880,4fa7b334-ce0d-4e88-aaae-2e0c138d049e,CC_BY_4_0,CONTINENT_DERIVED_FROM_COORDINATES;TAXON_CONCEPT_ID_NOT_FOUND
3158013902,"Aythya ferina (Linnaeus, 1758)",Aythya ferina,Common Pochard,Animalia,Chordata,Aves,Anseriformes,Anatidae,Aythya,SPECIES,2498255,2498255,VU,Vulnerable,2020-04-05,2020,4,5,42.579243,21.048304,,,Ligatinat e Henc (Henc Wetland),Fushë Kosovë / Kosovo Polje,Prishtinë / Priština,Ligatina e Hencit/ Radevës,Wetlands,FALSE,HUMAN_OBSERVATION,34,,obsr1505715,,CLO,EBIRD,OBS889142536,4fa7b334-ce0d-4e88-aaae-2e0c138d049e,CC_BY_4_0,CONTINENT_DERIVED_FROM_COORDINATES;TAXON_CONCEPT_ID_NOT_FOUND
3155780021,"Aythya ferina (Linnaeus, 1758)",Aythya ferina,Common Pochard,Animalia,Chordata,Aves,Anseriformes,Anatidae,Aythya,SPECIES,2498255,2498255,VU,Vulnerable,2020-05-23,2020,5,23,42.579243,21.048304,,,Ligatinat e Henc (Henc Wetland),Fushë Kosovë / Kosovo Polje,Prishtinë / Priština,Ligatina e Hencit/ Radevës,Wetlands,FALSE,HUMAN_OBSERVATION,1,,obsr1505715,,CLO,EBIRD,OBS929388553,4fa7b334-ce0d-4e88-aaae-2e0c138d049e,CC_BY_4_0,CONTINENT_DERIVED_FROM_COORDINATES;TAXON_CONCEPT_ID_NOT_FOUND
3155540880,"Aythya ferina (Linnaeus, 1758)",Aythya ferina,Common Pochard,Animalia,Chordata,Aves,Anseriformes,Anatidae,Aythya,SPECIES,2498255,2498255,VU,Vulnerable,2020-05-13,2020,5,13,42.579243,21.048304,,,Ligatinat e Henc (Henc Wetland),Fushë Kosovë / Kosovo Polje,Prishtinë / Priština,Ligatina e Hencit/ Radevës,Wetlands,FALSE,HUMAN_OBSERVATION,20,,obsr1505715,,CLO,EBIRD,OBS920640378,4fa7b334-ce0d-4e88-aaae-2e0c138d049e,CC_BY_4_0,CONTINENT_DERIVED_FROM_COORDINATES;TAXON_CONCEPT_ID_NOT_FOUND
3154954334,"Aythya ferina (Linnaeus, 1758)",Aythya ferina,Common Pochard,Animalia,Chordata,Aves,Anseriformes,Anatidae,Aythya,SPECIES,2498255,2498255,VU,Vulnerable,2020-05-10,2020,5,10,42.579243,21.048304,,,Ligatinat e Henc (Henc Wetland),Fushë Kosovë / Kosovo Polje,Prishtinë / Priština,Ligatina e Hencit/ Radevës,Wetlands,FALSE,HUMAN_OBSERVATION,13,,obsr1505715,,CLO,EBIRD,OBS917754560,4fa7b334-ce0d-4e88-aaae-2e0c138d049e,CC_BY_4_0,CONTINENT_DERIVED_FROM_COORDINATES;TAXON_CONCEPT_ID_NOT_FOUND
3154747972,"Aythya ferina (Linnaeus, 1758)",Aythya ferina,Common Pochard,Animalia,Chordata,Aves,Anseriformes,Anatidae,Aythya,SPECIES,2498255,2498255,VU,Vulnerable,2020-05-17,2020,5,17,42.579243,21.048304,,,Ligatinat e Henc (Henc Wetland),Fushë Kosovë / Kosovo Polje,Prishtinë / Priština,Ligatina e Hencit/ Radevës,Wetlands,FALSE,HUMAN_OBSERVATION,14,,obsr1505715,,CLO,EBIRD,OBS924620126,4fa7b334-ce0d-4e88-aaae-2e0c138d049e,CC_BY_4_0,CONTINENT_DERIVED_FROM_COORDINATES;TAXON_CONCEPT_ID_NOT_FOUND
3154229335,"Aythya ferina (Linnaeus, 1758)",Aythya ferina,Common Pochard,Animalia,Chordata,Aves,Anseriformes,Anatidae,Aythya,SPECIES,2498255,2498255,VU,Vulnerable,2020-03-14,2020,3,14,42.579243,21.048304,,,Ligatinat e Henc (Henc Wetland),Fushë Kosovë / Kosovo Polje,Prishtinë / Priština,Ligatina e Hencit/ Radevës,Wetlands,FALSE,HUMAN_OBSERVATION,30,,obsr1505715,,CLO,EBIRD,OBS878147935,4fa7b334-ce0d-4e88-aaae-2e0c138d049e,CC_BY_4_0,CONTINENT_DERIVED_FROM_COORDINATES;TAXON_CONCEPT_ID_NOT_FOUND
3153914375,"Aythya ferina (Linnaeus, 1758)",Aythya ferina,Common Pochard,Animalia,Chordata,Aves,Anseriformes,Anatidae,Aythya,SPECIES,2498255,2498255,VU,Vulnerable,2020-05-16,2020,5,16,42.579243,21.048304,,,Ligatinat e Henc (Henc Wetland),Fushë Kosovë / Kosovo Polje,Prishtinë / Priština,Ligatina e Hencit/ Radevës,Wetlands,FALSE,HUMAN_OBSERVATION,3,,obsr1505715,,CLO,EBIRD,OBS923398195,4fa7b334-ce0d-4e88-aaae-2e0c138d049e,CC_BY_4_0,CONTINENT_DERIVED_FROM_COORDINATES;TAXON_CONCEPT_ID_NOT_FOUND
3152249657,"Aythya ferina (Linnaeus, 1758)",Aythya ferina,Common Pochard,Animalia,Chordata,Aves,Anseriformes,Anatidae,Aythya,SPECIES,2498255,2498255,VU,Vulnerable,2020-03-18,2020,3,18,42.579243,21.048304,,,Ligatinat e Henc (Henc Wetland),Fushë Kosovë / Kosovo Polje,Prishtinë / Priština,Ligatina e Hencit/ Radevës,Wetlands,FALSE,HUMAN_OBSERVATION,41,,obsr1505715,,CLO,EBIRD,OBS880098318,4fa7b334-ce0d-4e88-aaae-2e0c138d049e,CC_BY_4_0,CONTINENT_DERIVED_FROM_COORDINATES;TAXON_CONCEPT_ID_NOT_FOUND
3151189946,"Aythya ferina (Linnaeus, 1758)",Aythya ferina,Common Pochard,Animalia,Chordata,Aves,Anseriformes,Anatidae,Aythya,SPECIES,2498255,2498255,VU,Vulnerable,2020-05-14,2020,5,14,42.579243,21.048304,,,Ligatinat e Henc (Henc Wetland),Fushë Kosovë / Kosovo Polje,Prishtinë / Priština,Ligatina e Hencit/ Radevës,Wetlands,FALSE,HUMAN_OBSERVATION,23,,obsr1505715,,CLO,EBIRD,OBS921494984,4fa7b334-ce0d-4e88-aaae-2e0c138d049e,CC_BY_4_0,CONTINENT_DERIVED_FROM_COORDINATES;TAXON_CONCEPT_ID_NOT_FOUND
3146612904,"Aythya ferina (Linnaeus, 1758)",Aythya ferina,Common Pochard,Animalia,Chordata,Aves,Anseriformes,Anatidae,Aythya,SPECIES,2498255,2498255,VU,Vulnerable,2020-04-08,2020,4,8,42.579243,21.048304,,,Ligatinat e Henc (Henc Wetland),Fushë Kosovë / Kosovo Polje,Prishtinë / Priština,Ligatina e Hencit/ Radevës,Wetlands,FALSE,HUMAN_OBSERVATION,38,,obsr1505715,,CLO,EBIRD,OBS890962518,4fa7b334-ce0d-4e88-aaae-2e0c138d049e,CC_BY_4_0,CONTINENT_DERIVED_FROM_COORDINATES;TAXON_CONCEPT_ID_NOT_FOUND
3144624284,"Aythya ferina (Linnaeus, 1758)",Aythya ferina,Common Pochard,Animalia,Chordata,Aves,Anseriformes,Anatidae,Aythya,SPECIES,2498255,2498255,VU,Vulnerable,2020-04-12,2020,4,12,42.579243,21.048304,,,Ligatinat e Henc (Henc Wetland),Fushë Kosovë / Kosovo Polje,Prishtinë / Priština,Ligatina e Hencit/ Radevës,Wetlands,FALSE,HUMAN_OBSERVATION,34,,obsr1505715,,CLO,EBIRD,OBS893440126,4fa7b334-ce0d-4e88-aaae-2e0c138d049e,CC_BY_4_0,CONTINENT_DERIVED_FROM_COORDINATES;TAXON_CONCEPT_ID_NOT_FOUND
3143936875,"Aythya ferina (Linnaeus, 1758)",Aythya ferina,Common Pochard,Animalia,Chordata,Aves,Anseriformes,Anatidae,Aythya,SPECIES,2498255,2498255,VU,Vulnerable,2020-04-10,2020,4,10,42.579243,21.048304,,,Ligatinat e Henc (Henc Wetland),Fushë Kosovë / Kosovo Polje,Prishtinë / Priština,Ligatina e Hencit/ Radevës,Wetlands,FALSE,HUMAN_OBSERVATION,30,,obsr1505715,,CLO,EBIRD,OBS892018420,4fa7b334-ce0d-4e88-aaae-2e0c138d049e,CC_BY_4_0,CONTINENT_DERIVED_FROM_COORDINATES;TAXON_CONCEPT_ID_NOT_FOUND
3143752720,"Aythya ferina (Linnaeus, 1758)",Aythya ferina,Common Pochard,Animalia,Chordata,Aves,Anseriformes,Anatidae,Aythya,SPECIES,2498255,2498255,VU,Vulnerable,2020-03-22,2020,3,22,42.579243,21.048304,,,Ligatinat e Henc (Henc Wetland),Fushë Kosovë / Kosovo Polje,Prishtinë / Priština,Ligatina e Hencit/ Radevës,Wetlands,FALSE,HUMAN_OBSERVATION,41,,obsr1505715,,CLO,EBIRD,OBS881974319,4fa7b334-ce0d-4e88-aaae-2e0c138d049e,CC_BY_4_0,CONTINENT_DERIVED_FROM_COORDINATES;TAXON_CONCEPT_ID_NOT_FOUND
3142007476,"Aythya ferina (Linnaeus, 1758)",Aythya ferina,Common Pochard,Animalia,Chordata,Aves,Anseriformes,Anatidae,Aythya,SPECIES,2498255,2498255,VU,Vulnerable,2020-03-29,2020,3,29,42.579243,21.048304,,,Ligatinat e Henc (Henc Wetland),Fushë Kosovë / Kosovo Polje,Prishtinë / Priština,Ligatina e Hencit/ Radevës,Wetlands,FALSE,HUMAN_OBSERVATION,79,,obsr1505715,,CLO,EBIRD,OBS885385370,4fa7b334-ce0d-4e88-aaae-2e0c138d049e,CC_BY_4_0,CONTINENT_DERIVED_FROM_COORDINATES;TAXON_CONCEPT_ID_NOT_FOUND
3140928656,"Aythya ferina (Linnaeus, 1758)",Aythya ferina,Common Pochard,Animalia,Chordata,Aves,Anseriformes,Anatidae,Aythya,SPECIES,2498255,2498255,VU,Vulnerable,2020-03-22,2020,3,22,42.803986,21.323195,,,"Auto selected 42.80398, 21.32319",Podujevë / Podujevo,Prishtinë / Priština,,,FALSE,HUMAN_OBSERVATION,2,,obsr1505715,,CLO,EBIRD,OBS882021333,4fa7b334-ce0d-4e88-aaae-2e0c138d049e,CC_BY_4_0,CONTINENT_DERIVED_FROM_COORDINATES;TAXON_CONCEPT_ID_NOT_FOUND
3138558145,"Aythya ferina (Linnaeus, 1758)",Aythya ferina,Common Pochard,Animalia,Chordata,Aves,Anseriformes,Anatidae,Aythya,SPECIES,2498255,2498255,VU,Vulnerable,2020-03-17,2020,3,17,42.579243,21.048304,,,Ligatinat e Henc (Henc Wetland),Fushë Kosovë / Kosovo Polje,Prishtinë / Priština,Ligatina e Hencit/ Radevës,Wetlands,FALSE,HUMAN_OBSERVATION,52,,obsr1505715,,CLO,EBIRD,OBS879678464,4fa7b334-ce0d-4e88-aaae-2e0c138d049e,CC_BY_4_0,CONTINENT_DERIVED_FROM_COORDINATES;TAXON_CONCEPT_ID_NOT_FOUND
3124784085,"Salamandra salamandra (Linnaeus, 1758)",Salamandra salamandra,Fire Salamander,Animalia,Chordata,Amphibia,Caudata,Salamandridae,Salamandra,SPECIES,2431776,2431776,VU,Vulnerable,2018-05-07T18:58,2018,5,7,42.155496,20.781353,163,,,Prizreni / Prizren,Prizren,,,FALSE,HUMAN_OBSERVATION,,,Kai,Kai,iNaturalist,Observations,80401459,50c9509d-22c7-4a22-a47d-8c48425ef4a7,CC_BY_NC_4_0,COORDINATE_ROUNDED;COUNTRY_DERIVED_FROM_COORDINATES;CONTINENT_DERIVED_FROM_COORDINATES;TAXON_ID_NOT_FOUND
3124540996,"Streptopelia turtur (Linnaeus, 1758)",Streptopelia turtur,European Turtle-Dove,Animalia,Chordata,Aves,Columbiformes,Columbidae,Streptopelia,SPECIES,2495708,2495708,VU,Vulnerable,2021-04-23T14:12:13,2021,4,23,42.603612,21.696431,1529,,,Kamenicë / Kosovska Kamenica,Gjilan / Gnjilane,,,FALSE,HUMAN_OBSERVATION,,,Lulzim Demaj,Lulzim Demaj,iNaturalist,Observations,79780096,50c9509d-22c7-4a22-a47d-8c48425ef4a7,CC_BY_NC_4_0,COORDINATE_ROUNDED;COUNTRY_DERIVED_FROM_COORDINATES;CONTINENT_DERIVED_FROM_COORDINATES;TAXON_ID_NOT_FOUND
3117857289,"Morimus funereus Mulsant, 1862",Morimus funereus,Cerambice Funereo,Animalia,Arthropoda,Insecta,Coleoptera,Cerambycidae,Morimus,SPECIES,1119288,1119288,VU,Vulnerable,2021-05-16T16:38:12,2021,5,16,42.675313,21.2129,2038,,,Prishtinë / Priština,Prishtinë / Priština,Gërmia,Protected Landscape,FALSE,HUMAN_OBSERVATION,,,Albert Krasniqi,Albert Krasniqi,iNaturalist,Observations,79202761,50c9509d-22c7-4a22-a47d-8c48425ef4a7,CC_BY_NC_4_0,COORDINATE_ROUNDED;COUNTRY_DERIVED_FROM_COORDINATES;CONTINENT_DERIVED_FROM_COORDINATES;TAXON_ID_NOT_FOUND
3113416757,"Streptopelia turtur (Linnaeus, 1758)",Streptopelia turtur,European Turtle-Dove,Animalia,Chordata,Aves,Columbiformes,Columbidae,Streptopelia,SPECIES,2495708,2495708,VU,Vulnerable,2021-05-04T15:27,2021,5,4,42.32742,20.564345,,,,Gjakova / Đakovica,Gjakovë / Đakovica,,,FALSE,HUMAN_OBSERVATION,,,Liridon Shala,Liridon Shala,iNaturalist,Observations,77789822,50c9509d-22c7-4a22-a47d-8c48425ef4a7,CC_BY_NC_4_0,COUNTRY_DERIVED_FROM_COORDINATES;CONTINENT_DERIVED_FROM_COORDINATES;TAXON_ID_NOT_FOUND
3071114924,"Terranigra kosovica Radoman, 1978",Terranigra kosovica,,Animalia,Mollusca,Gastropoda,Littorinimorpha,Hydrobiidae,Terranigra,SPECIES,4560573,4560573,VU,Vulnerable,,,,,42.35585,21.01871,1000,,"The spring at Crna Zemlja (Tera nigra), on the Mala reka, about 6 km west of Nerodimlje and 12-13 km west of Urosevac",Ferizaj / Uroševac,Ferizaj / Uroševac,,,FALSE,OCCURRENCE,,,,,MES,,,e7731ade-2877-467e-a9d7-ac19cb1dafb4,CC_BY_NC_4_0,CONTINENT_DERIVED_FROM_COORDINATES
3071114716,"Bythinella istoka Glöer & Pešić, 2014",Bythinella istoka,,Animalia,Mollusca,Gastropoda,Littorinimorpha,Bythinellidae,Bythinella,SPECIES,7880264,7880264,VU,Vulnerable,,,,,42.77489,20.39947,,,"Kosovo, Istok town, spring Vrelo",Istog / Istok,Pejë / Peć,,,FALSE,OCCURRENCE,,,,,MES,,,e7731ade-2877-467e-a9d7-ac19cb1dafb4,CC_BY_NC_4_0,CONTINENT_DERIVED_FROM_COORDINATES
3071114531,"Monachoides kosovoensis de Winter & Maassen, 1992",Monachoides kosovoensis,,Animalia,Mollusca,Gastropoda,Stylommatophora,Hygromiidae,Monachoides,SPECIES,4564504,4564504,VU,Vulnerable,,,,,42.6851,20.0543,2000,,"Kuqishtë/Kućiste W 4 km, E of the Čakor Pass at ca. 1600 m alt.",Pejë / Peć,Pejë / Peć,"Parku Kombëtar ""Bjeshkët e Nemuna""",National Park,FALSE,OCCURRENCE,,,,,MES,,,e7731ade-2877-467e-a9d7-ac19cb1dafb4,CC_BY_NC_4_0,CONTINENT_DERIVED_FROM_COORDINATES
3071114520,"Monachoides kosovoensis de Winter & Maassen, 1992",Monachoides kosovoensis,,Animalia,Mollusca,Gastropoda,Stylommatophora,Hygromiidae,Monachoides,SPECIES,4564504,4564504,VU,Vulnerable,,,,,42.6851,20.0543,2000,,"Kuqishtë/Kućiste W 4 km, E of the Čakor Pass at ca. 1600 m alt.",Pejë / Peć,Pejë / Peć,"Parku Kombëtar ""Bjeshkët e Nemuna""",National Park,FALSE,OCCURRENCE,,,,,MES,,,e7731ade-2877-467e-a9d7-ac19cb1dafb4,CC_BY_NC_4_0,CONTINENT_DERIVED_FROM_COORDINATES
3058968941,"Aythya ferina (Linnaeus, 1758)",Aythya ferina,Common Pochard,Animalia,Chordata,Aves,Anseriformes,Anatidae,Aythya,SPECIES,2498255,2498255,VU,Vulnerable,2021-02-27T09:21,2021,2,27,42.576265,21.044262,9,,,Fushë Kosovë / Kosovo Polje,Prishtinë / Priština,Ligatina e Hencit/ Radevës,Wetlands,FALSE,HUMAN_OBSERVATION,,,Shawn Waddoups,Luis Silva,iNaturalist,Observations,70266638,50c9509d-22c7-4a22-a47d-8c48425ef4a7,CC_BY_NC_4_0,COORDINATE_ROUNDED;COUNTRY_DERIVED_FROM_COORDINATES;CONTINENT_DERIVED_FROM_COORDINATES;TAXON_ID_NOT_FOUND
3031852130,"Salamandra salamandra (Linnaeus, 1758)",Salamandra salamandra,Fire Salamander,Animalia,Chordata,Amphibia,Caudata,Salamandridae,Salamandra,SPECIES,2431776,2431776,VU,Vulnerable,2018-05-11T12:52,2018,5,11,42.223258,21.163591,500,,,Kaçanik / Kačanik,Ferizaj / Uroševac,"Parku Kombëtar ""Sharri""",National Park,FALSE,HUMAN_OBSERVATION,,,thephoxinus,Tom Kirschey,iNaturalist,Observations,66351732,50c9509d-22c7-4a22-a47d-8c48425ef4a7,CC_BY_NC_4_0,COORDINATE_ROUNDED;COUNTRY_DERIVED_FROM_COORDINATES;CONTINENT_DERIVED_FROM_COORDINATES;TAXON_ID_NOT_FOUND
2999055134,"Salamandra salamandra (Linnaeus, 1758)",Salamandra salamandra,Fire Salamander,Animalia,Chordata,Amphibia,Caudata,Salamandridae,Salamandra,SPECIES,2431776,2431776,VU,Vulnerable,2018-05-11T11:33,2018,5,11,42.222849,21.168789,1000,,,Kaçanik / Kačanik,Ferizaj / Uroševac,"Parku Kombëtar ""Sharri""",National Park,FALSE,HUMAN_OBSERVATION,,,thephoxinus,thephoxinus,iNaturalist,Observations,66351650,50c9509d-22c7-4a22-a47d-8c48425ef4a7,CC_BY_NC_4_0,COORDINATE_ROUNDED;COUNTRY_DERIVED_FROM_COORDINATES;CONTINENT_DERIVED_FROM_COORDINATES;TAXON_ID_NOT_FOUND
2992870115,"Testudo hermanni boettgeri Mojsisovics, 1889",Testudo hermanni,Hermann's Tortoise,Animalia,Chordata,Testudines,,Testudinidae,Testudo,SUBSPECIES,6156781,2441454,VU,Vulnerable,2019-07-29T12:57,2019,7,29,42.250255,20.486384,27661,,,Prizreni / Prizren,Prizren,Mali Pashtrik dhe Liqeni i Vërmices,Nature Park,FALSE,HUMAN_OBSERVATION,,,Christian Kropf,Christian Kropf,iNaturalist,Observations,66049538,50c9509d-22c7-4a22-a47d-8c48425ef4a7,CC_BY_NC_4_0,COORDINATE_ROUNDED;COUNTRY_DERIVED_FROM_COORDINATES;CONTINENT_DERIVED_FROM_COORDINATES;TAXON_ID_NOT_FOUND
2988591876,"Testudo hermanni Gmelin, 1789",Testudo hermanni,Hermann's Tortoise,Animalia,Chordata,Testudines,,Testudinidae,Testudo,SPECIES,2441454,2441454,VU,Vulnerable,2020-11-11T16:33,2020,11,11,42.959301,20.927684,27568,,,Mitrovica / Kosovska Mitrovica,Mitrovicë / Kosovska Mitrovica,,,FALSE,HUMAN_OBSERVATION,,,Kseniia Marianna Prondzynska,Kseniia Marianna Prondzynska,iNaturalist,Observations,64673716,50c9509d-22c7-4a22-a47d-8c48425ef4a7,CC_BY_4_0,COORDINATE_ROUNDED;COUNTRY_DERIVED_FROM_COORDINATES;CONTINENT_DERIVED_FROM_COORDINATES;TAXON_ID_NOT_FOUND
2856736725,"Testudo hermanni Gmelin, 1789",Testudo hermanni,Hermann's Tortoise,Animalia,Chordata,Testudines,,Testudinidae,Testudo,SPECIES,2441454,2441454,VU,Vulnerable,2019-10-13T07:57:45,2019,10,13,42.747538,20.740546,27599,,,Skënderaj / Srbica,Mitrovicë / Kosovska Mitrovica,,,FALSE,HUMAN_OBSERVATION,,,arsimi,arsimi,iNaturalist,Observations,57200082,50c9509d-22c7-4a22-a47d-8c48425ef4a7,CC_BY_NC_4_0,COORDINATE_ROUNDED;COUNTRY_DERIVED_FROM_COORDINATES;CONTINENT_DERIVED_FROM_COORDINATES;TAXON_ID_NOT_FOUND
2823238849,"Aythya ferina (Linnaeus, 1758)",Aythya ferina,Common Pochard,Animalia,Chordata,Aves,Anseriformes,Anatidae,Aythya,SPECIES,2498255,2498255,VU,Vulnerable,2020-03-17T03:54,2020,3,17,42.576478,21.044219,44,,,Fushë Kosovë / Kosovo Polje,Prishtinë / Priština,Ligatina e Hencit/ Radevës,Wetlands,FALSE,HUMAN_OBSERVATION,,,Shawn Waddoups,Shawn Waddoups,iNaturalist,Observations,53511536,50c9509d-22c7-4a22-a47d-8c48425ef4a7,CC_BY_NC_4_0,COORDINATE_ROUNDED;COUNTRY_DERIVED_FROM_COORDINATES;CONTINENT_DERIVED_FROM_COORDINATES;TAXON_ID_NOT_FOUND
2823110893,"Streptopelia turtur (Linnaeus, 1758)",Streptopelia turtur,European Turtle-Dove,Animalia,Chordata,Aves,Columbiformes,Columbidae,Streptopelia,SPECIES,2495708,2495708,VU,Vulnerable,2020-05-09T01:59,2020,5,9,42.582444,21.058119,43,,,Fushë Kosovë / Kosovo Polje,Prishtinë / Priština,Ligatina e Hencit/ Radevës,Wetlands,FALSE,HUMAN_OBSERVATION,,,Shawn Waddoups,Shawn Waddoups,iNaturalist,Observations,53518245,50c9509d-22c7-4a22-a47d-8c48425ef4a7,CC_BY_NC_4_0,COORDINATE_ROUNDED;COUNTRY_DERIVED_FROM_COORDINATES;CONTINENT_DERIVED_FROM_COORDINATES;TAXON_ID_NOT_FOUND
2802624816,"Morimus funereus Mulsant, 1862",Morimus funereus,Cerambice Funereo,Animalia,Arthropoda,Insecta,Coleoptera,Cerambycidae,Morimus,SPECIES,1119288,1119288,VU,Vulnerable,2020-06-20T15:47:11,2020,6,20,42.675679,21.20691,9,,,Prishtinë / Priština,Prishtinë / Priština,Gërmia,Protected Landscape,FALSE,HUMAN_OBSERVATION,,,flokqi,flokqi,iNaturalist,Observations,50264200,50c9509d-22c7-4a22-a47d-8c48425ef4a7,CC_BY_NC_4_0,COORDINATE_ROUNDED;COUNTRY_DERIVED_FROM_COORDINATES;CONTINENT_DERIVED_FROM_COORDINATES;TAXON_ID_NOT_FOUND
2634570981,"Streptopelia turtur (Linnaeus, 1758)",Streptopelia turtur,European Turtle-Dove,Animalia,Chordata,Aves,Columbiformes,Columbidae,Streptopelia,SPECIES,2495708,2495708,VU,Vulnerable,2020-05-27T17:27,2020,5,27,42.362436,20.456683,31,,,Gjakova / Đakovica,Gjakovë / Đakovica,,,FALSE,HUMAN_OBSERVATION,,,Liridon Shala,Liridon Shala,iNaturalist,Observations,47560224,50c9509d-22c7-4a22-a47d-8c48425ef4a7,CC_BY_NC_4_0,COORDINATE_ROUNDED;COUNTRY_DERIVED_FROM_COORDINATES;CONTINENT_DERIVED_FROM_COORDINATES;TAXON_ID_NOT_FOUND
2634466685,"Streptopelia turtur (Linnaeus, 1758)",Streptopelia turtur,European Turtle-Dove,Animalia,Chordata,Aves,Columbiformes,Columbidae,Streptopelia,SPECIES,2495708,2495708,VU,Vulnerable,2020-05-31T12:44,2020,5,31,42.231325,20.674477,61,,,Prizreni / Prizren,Prizren,,,FALSE,HUMAN_OBSERVATION,,,Liridon Shala,Liridon Shala,iNaturalist,Observations,48005082,50c9509d-22c7-4a22-a47d-8c48425ef4a7,CC_BY_NC_4_0,COORDINATE_ROUNDED;COUNTRY_DERIVED_FROM_COORDINATES;CONTINENT_DERIVED_FROM_COORDINATES;TAXON_ID_NOT_FOUND
2451692175,"Salamandra salamandra (Linnaeus, 1758)",Salamandra salamandra,Fire Salamander,Animalia,Chordata,Amphibia,Caudata,Salamandridae,Salamandra,SPECIES,2431776,2431776,VU,Vulnerable,2017-07-08T13:43,2017,7,8,42.486579,20.987917,389,,,Lipjan / Lipljan,Prishtinë / Priština,,,FALSE,HUMAN_OBSERVATION,,,thephoxinus,thephoxinus,iNaturalist,Observations,35191477,50c9509d-22c7-4a22-a47d-8c48425ef4a7,CC_BY_NC_4_0,COORDINATE_ROUNDED;COUNTRY_DERIVED_FROM_COORDINATES;CONTINENT_DERIVED_FROM_COORDINATES;TAXON_ID_NOT_FOUND
2397644622,"Morimus funereus Mulsant, 1862",Morimus funereus,Cerambice Funereo,Animalia,Arthropoda,Insecta,Coleoptera,Cerambycidae,Morimus,SPECIES,1119288,1119288,VU,Vulnerable,2017-04-16,2017,4,16,42.662076,21.221552,1094,,,Prishtinë / Priština,Prishtinë / Priština,Gërmia,Protected Landscape,FALSE,HUMAN_OBSERVATION,,,thephoxinus,thephoxinus,iNaturalist,Observations,31839067,50c9509d-22c7-4a22-a47d-8c48425ef4a7,CC_BY_NC_4_0,COORDINATE_ROUNDED;COUNTRY_DERIVED_FROM_COORDINATES;CONTINENT_DERIVED_FROM_COORDINATES;TAXON_ID_NOT_FOUND
2397531285,"Streptopelia turtur (Linnaeus, 1758)",Streptopelia turtur,European Turtle-Dove,Animalia,Chordata,Aves,Columbiformes,Columbidae,Streptopelia,SPECIES,2495708,2495708,VU,Vulnerable,2019-08-03T15:33:31,2019,8,3,42.351025,20.542011,,,,Rahovec / Orahovac,Gjakovë / Đakovica,Kanioni i Drinit të Bardhë te Ura e Fshajtë,Natural Monument,FALSE,HUMAN_OBSERVATION,,,Liridon Shala,Liridon Shala,iNaturalist,Observations,31388750,50c9509d-22c7-4a22-a47d-8c48425ef4a7,CC_BY_NC_4_0,COORDINATE_ROUNDED;COUNTRY_DERIVED_FROM_COORDINATES;CONTINENT_DERIVED_FROM_COORDINATES;TAXON_ID_NOT_FOUND
2366154579,"Streptopelia turtur (Linnaeus, 1758)",Streptopelia turtur,European Turtle-Dove,Animalia,Chordata,Aves,Columbiformes,Columbidae,Streptopelia,SPECIES,2495708,2495708,VU,Vulnerable,2019-08-17T15:57:09,2019,8,17,42.428497,20.601267,,,,Rahovec / Orahovac,Gjakovë / Đakovica,,,FALSE,HUMAN_OBSERVATION,,,Liridon Shala,Liridon Shala,iNaturalist,Observations,31304730,50c9509d-22c7-4a22-a47d-8c48425ef4a7,CC_BY_NC_4_0,COORDINATE_ROUNDED;COUNTRY_DERIVED_FROM_COORDINATES;CONTINENT_DERIVED_FROM_COORDINATES;TAXON_ID_NOT_FOUND
2283092687,"Morimus funereus Mulsant, 1862",Morimus funereus,Cerambice Funereo,Animalia,Arthropoda,Insecta,Coleoptera,Cerambycidae,Morimus,SPECIES,1119288,1119288,VU,Vulnerable,2019-05-12T23:40,2019,5,12,42.671793,21.215654,155,,,Prishtinë / Priština,Prishtinë / Priština,Gërmia,Protected Landscape,FALSE,HUMAN_OBSERVATION,,,franciscodocampo,Francesco Vitali,iNaturalist,Observations,27959114,50c9509d-22c7-4a22-a47d-8c48425ef4a7,CC_BY_4_0,COORDINATE_ROUNDED;COUNTRY_DERIVED_FROM_COORDINATES;CONTINENT_DERIVED_FROM_COORDINATES;TAXON_ID_NOT_FOUND
2265881944,"Morimus funereus Mulsant, 1862",Morimus funereus,Cerambice Funereo,Animalia,Arthropoda,Insecta,Coleoptera,Cerambycidae,Morimus,SPECIES,1119288,1119288,VU,Vulnerable,2019-06-10T09:22:35,2019,6,10,42.515862,20.983061,,,,Lipjan / Lipljan,Prishtinë / Priština,,,FALSE,HUMAN_OBSERVATION,,,Liridon Shala,TOUROULT Julien,iNaturalist,Observations,26831266,50c9509d-22c7-4a22-a47d-8c48425ef4a7,CC_BY_NC_4_0,COORDINATE_ROUNDED;COUNTRY_DERIVED_FROM_COORDINATES;CONTINENT_DERIVED_FROM_COORDINATES;TAXON_ID_NOT_FOUND
2265880380,"Streptopelia turtur (Linnaeus, 1758)",Streptopelia turtur,European Turtle-Dove,Animalia,Chordata,Aves,Columbiformes,Columbidae,Streptopelia,SPECIES,2495708,2495708,VU,Vulnerable,2019-06-10T10:47:03,2019,6,10,42.513351,20.987234,,,,Lipjan / Lipljan,Prishtinë / Priština,,,FALSE,HUMAN_OBSERVATION,,,Liridon Shala,Liridon Shala,iNaturalist,Observations,26832665,50c9509d-22c7-4a22-a47d-8c48425ef4a7,CC_BY_NC_4_0,COORDINATE_ROUNDED;COUNTRY_DERIVED_FROM_COORDINATES;CONTINENT_DERIVED_FROM_COORDINATES;TAXON_ID_NOT_FOUND
2265859948,"Streptopelia turtur (Linnaeus, 1758)",Streptopelia turtur,European Turtle-Dove,Animalia,Chordata,Aves,Columbiformes,Columbidae,Streptopelia,SPECIES,2495708,2495708,VU,Vulnerable,2019-06-05T15:22:46,2019,6,5,42.236452,20.659957,88,,,Prizreni / Prizren,Prizren,,,FALSE,HUMAN_OBSERVATION,,,Liridon Shala,Liridon Shala,iNaturalist,Observations,26756506,50c9509d-22c7-4a22-a47d-8c48425ef4a7,CC_BY_NC_4_0,COORDINATE_ROUNDED;COUNTRY_DERIVED_FROM_COORDINATES;CONTINENT_DERIVED_FROM_COORDINATES;TAXON_ID_NOT_FOUND
2252017818,"Morimus funereus Mulsant, 1862",Morimus funereus,Cerambice Funereo,Animalia,Arthropoda,Insecta,Coleoptera,Cerambycidae,Morimus,SPECIES,1119288,1119288,VU,Vulnerable,2019-06-02T18:45,2019,6,2,42.902955,21.030198,526,,,Vushtrri / Vucitrn,Mitrovicë / Kosovska Mitrovica,,,FALSE,HUMAN_OBSERVATION,,,Rieff Perçuku,TOUROULT Julien,iNaturalist,Observations,26258887,50c9509d-22c7-4a22-a47d-8c48425ef4a7,CC_BY_NC_4_0,COORDINATE_ROUNDED;COUNTRY_DERIVED_FROM_COORDINATES;CONTINENT_DERIVED_FROM_COORDINATES;TAXON_ID_NOT_FOUND
2251955666,"Morimus funereus Mulsant, 1862",Morimus funereus,Cerambice Funereo,Animalia,Arthropoda,Insecta,Coleoptera,Cerambycidae,Morimus,SPECIES,1119288,1119288,VU,Vulnerable,2019-05-29T02:51:08,2019,5,29,42.671266,21.221466,4208,,,Prishtinë / Priština,Prishtinë / Priština,Gërmia,Protected Landscape,FALSE,HUMAN_OBSERVATION,,,Albert Krasniqi,Albert Krasniqi,iNaturalist,Observations,26006525,50c9509d-22c7-4a22-a47d-8c48425ef4a7,CC_BY_NC_4_0,COORDINATE_ROUNDED;COUNTRY_DERIVED_FROM_COORDINATES;CONTINENT_DERIVED_FROM_COORDINATES;TAXON_ID_NOT_FOUND
2185432367,"Streptopelia turtur (Linnaeus, 1758)",Streptopelia turtur,European Turtle-Dove,Animalia,Chordata,Aves,Columbiformes,Columbidae,Streptopelia,SPECIES,2495708,2495708,VU,Vulnerable,2018-07-24,2018,7,24,42.370403,21.190138,,,Roadside Ferizaj,Ferizaj / Uroševac,Ferizaj / Uroševac,,,FALSE,HUMAN_OBSERVATION,2,,obsr439300,,CLO,EBIRD,OBS642742571,4fa7b334-ce0d-4e88-aaae-2e0c138d049e,CC_BY_4_0,CONTINENT_DERIVED_FROM_COORDINATES;TAXON_CONCEPT_ID_NOT_FOUND
2180350367,"Streptopelia turtur (Linnaeus, 1758)",Streptopelia turtur,European Turtle-Dove,Animalia,Chordata,Aves,Columbiformes,Columbidae,Streptopelia,SPECIES,2495708,2495708,VU,Vulnerable,2018-07-02,2018,7,2,42.197384,20.672892,,,Pullout M25,Prizreni / Prizren,Prizren,,,FALSE,HUMAN_OBSERVATION,6,,obsr239797,,CLO,EBIRD,OBS637550342,4fa7b334-ce0d-4e88-aaae-2e0c138d049e,CC_BY_4_0,CONTINENT_DERIVED_FROM_COORDINATES;TAXON_CONCEPT_ID_NOT_FOUND
2160096372,"Streptopelia turtur (Linnaeus, 1758)",Streptopelia turtur,European Turtle-Dove,Animalia,Chordata,Aves,Columbiformes,Columbidae,Streptopelia,SPECIES,2495708,2495708,VU,Vulnerable,2018-04-20,2018,4,20,42.579243,21.048304,,,Ligatinat e Henc (Henc Wetland),Fushë Kosovë / Kosovo Polje,Prishtinë / Priština,Ligatina e Hencit/ Radevës,Wetlands,FALSE,HUMAN_OBSERVATION,1,,obsr337891,,CLO,EBIRD,OBS602439413,4fa7b334-ce0d-4e88-aaae-2e0c138d049e,CC_BY_4_0,CONTINENT_DERIVED_FROM_COORDINATES;TAXON_CONCEPT_ID_NOT_FOUND
2153741907,"Aythya ferina (Linnaeus, 1758)",Aythya ferina,Common Pochard,Animalia,Chordata,Aves,Anseriformes,Anatidae,Aythya,SPECIES,2498255,2498255,VU,Vulnerable,2018-04-05,2018,4,5,42.579243,21.048304,,,Ligatinat e Henc (Henc Wetland),Fushë Kosovë / Kosovo Polje,Prishtinë / Priština,Ligatina e Hencit/ Radevës,Wetlands,FALSE,HUMAN_OBSERVATION,25,,obsr337891,,CLO,EBIRD,OBS595897070,4fa7b334-ce0d-4e88-aaae-2e0c138d049e,CC_BY_4_0,CONTINENT_DERIVED_FROM_COORDINATES;TAXON_CONCEPT_ID_NOT_FOUND
2151608727,"Streptopelia turtur (Linnaeus, 1758)",Streptopelia turtur,European Turtle-Dove,Animalia,Chordata,Aves,Columbiformes,Columbidae,Streptopelia,SPECIES,2495708,2495708,VU,Vulnerable,2018-04-17,2018,4,17,42.718403,21.284702,,,"(42,7184,21,2847)",Prishtinë / Priština,Prishtinë / Priština,,,FALSE,HUMAN_OBSERVATION,1,,obsr337891,,CLO,EBIRD,OBS601161751,4fa7b334-ce0d-4e88-aaae-2e0c138d049e,CC_BY_4_0,CONTINENT_DERIVED_FROM_COORDINATES;TAXON_CONCEPT_ID_NOT_FOUND
2151364685,"Aythya ferina (Linnaeus, 1758)",Aythya ferina,Common Pochard,Animalia,Chordata,Aves,Anseriformes,Anatidae,Aythya,SPECIES,2498255,2498255,VU,Vulnerable,2018-03-28,2018,3,28,42.579243,21.048304,,,Ligatinat e Henc (Henc Wetland),Fushë Kosovë / Kosovo Polje,Prishtinë / Priština,Ligatina e Hencit/ Radevës,Wetlands,FALSE,HUMAN_OBSERVATION,25,,obsr337891,,CLO,EBIRD,OBS592663164,4fa7b334-ce0d-4e88-aaae-2e0c138d049e,CC_BY_4_0,CONTINENT_DERIVED_FROM_COORDINATES;TAXON_CONCEPT_ID_NOT_FOUND
2149567159,"Aythya ferina (Linnaeus, 1758)",Aythya ferina,Common Pochard,Animalia,Chordata,Aves,Anseriformes,Anatidae,Aythya,SPECIES,2498255,2498255,VU,Vulnerable,2011-09-18,2011,9,18,42.579243,21.048304,,,Ligatinat e Henc (Henc Wetland),Fushë Kosovë / Kosovo Polje,Prishtinë / Priština,Ligatina e Hencit/ Radevës,Wetlands,FALSE,HUMAN_OBSERVATION,,,obsr193737,,CLO,EBIRD,OBS617190469,4fa7b334-ce0d-4e88-aaae-2e0c138d049e,CC_BY_4_0,CONTINENT_DERIVED_FROM_COORDINATES;TAXON_CONCEPT_ID_NOT_FOUND
2148458217,"Aythya ferina (Linnaeus, 1758)",Aythya ferina,Common Pochard,Animalia,Chordata,Aves,Anseriformes,Anatidae,Aythya,SPECIES,2498255,2498255,VU,Vulnerable,2018-04-18,2018,4,18,42.579243,21.048304,,,Ligatinat e Henc (Henc Wetland),Fushë Kosovë / Kosovo Polje,Prishtinë / Priština,Ligatina e Hencit/ Radevës,Wetlands,FALSE,HUMAN_OBSERVATION,10,,obsr337891,,CLO,EBIRD,OBS601635073,4fa7b334-ce0d-4e88-aaae-2e0c138d049e,CC_BY_4_0,CONTINENT_DERIVED_FROM_COORDINATES;TAXON_CONCEPT_ID_NOT_FOUND
2145149719,"Aythya ferina (Linnaeus, 1758)",Aythya ferina,Common Pochard,Animalia,Chordata,Aves,Anseriformes,Anatidae,Aythya,SPECIES,2498255,2498255,VU,Vulnerable,2018-04-12,2018,4,12,42.579243,21.048304,,,Ligatinat e Henc (Henc Wetland),Fushë Kosovë / Kosovo Polje,Prishtinë / Priština,Ligatina e Hencit/ Radevës,Wetlands,FALSE,HUMAN_OBSERVATION,14,,obsr337891,,CLO,EBIRD,OBS598871609,4fa7b334-ce0d-4e88-aaae-2e0c138d049e,CC_BY_4_0,CONTINENT_DERIVED_FROM_COORDINATES;TAXON_CONCEPT_ID_NOT_FOUND
2144633688,"Aythya ferina (Linnaeus, 1758)",Aythya ferina,Common Pochard,Animalia,Chordata,Aves,Anseriformes,Anatidae,Aythya,SPECIES,2498255,2498255,VU,Vulnerable,2018-03-07,2018,3,7,42.60526,21.054983,,,"(42,6053,21,0550)",Fushë Kosovë / Kosovo Polje,Prishtinë / Priština,,,FALSE,HUMAN_OBSERVATION,17,,obsr337891,,CLO,EBIRD,OBS585404465,4fa7b334-ce0d-4e88-aaae-2e0c138d049e,CC_BY_4_0,CONTINENT_DERIVED_FROM_COORDINATES;TAXON_CONCEPT_ID_NOT_FOUND
2144219662,"Aythya ferina (Linnaeus, 1758)",Aythya ferina,Common Pochard,Animalia,Chordata,Aves,Anseriformes,Anatidae,Aythya,SPECIES,2498255,2498255,VU,Vulnerable,2018-04-10,2018,4,10,42.60526,21.054983,,,"(42,6053,21,0550)",Fushë Kosovë / Kosovo Polje,Prishtinë / Priština,,,FALSE,HUMAN_OBSERVATION,4,,obsr337891,,CLO,EBIRD,OBS597971847,4fa7b334-ce0d-4e88-aaae-2e0c138d049e,CC_BY_4_0,CONTINENT_DERIVED_FROM_COORDINATES;TAXON_CONCEPT_ID_NOT_FOUND
2142045858,"Aythya ferina (Linnaeus, 1758)",Aythya ferina,Common Pochard,Animalia,Chordata,Aves,Anseriformes,Anatidae,Aythya,SPECIES,2498255,2498255,VU,Vulnerable,2018-04-05,2018,4,5,42.60526,21.054983,,,"(42,6053,21,0550)",Fushë Kosovë / Kosovo Polje,Prishtinë / Priština,,,FALSE,HUMAN_OBSERVATION,2,,obsr337891,,CLO,EBIRD,OBS595891774,4fa7b334-ce0d-4e88-aaae-2e0c138d049e,CC_BY_4_0,CONTINENT_DERIVED_FROM_COORDINATES;TAXON_CONCEPT_ID_NOT_FOUND
2141250294,"Aythya ferina (Linnaeus, 1758)",Aythya ferina,Common Pochard,Animalia,Chordata,Aves,Anseriformes,Anatidae,Aythya,SPECIES,2498255,2498255,VU,Vulnerable,2018-03-21,2018,3,21,42.579243,21.048304,,,Ligatinat e Henc (Henc Wetland),Fushë Kosovë / Kosovo Polje,Prishtinë / Priština,Ligatina e Hencit/ Radevës,Wetlands,FALSE,HUMAN_OBSERVATION,35,,obsr337891,,CLO,EBIRD,OBS590162921,4fa7b334-ce0d-4e88-aaae-2e0c138d049e,CC_BY_4_0,CONTINENT_DERIVED_FROM_COORDINATES;TAXON_CONCEPT_ID_NOT_FOUND
2139634720,"Aythya ferina (Linnaeus, 1758)",Aythya ferina,Common Pochard,Animalia,Chordata,Aves,Anseriformes,Anatidae,Aythya,SPECIES,2498255,2498255,VU,Vulnerable,2018-03-29,2018,3,29,42.579243,21.048304,,,Ligatinat e Henc (Henc Wetland),Fushë Kosovë / Kosovo Polje,Prishtinë / Priština,Ligatina e Hencit/ Radevës,Wetlands,FALSE,HUMAN_OBSERVATION,35,,obsr337891,,CLO,EBIRD,OBS593009577,4fa7b334-ce0d-4e88-aaae-2e0c138d049e,CC_BY_4_0,CONTINENT_DERIVED_FROM_COORDINATES;TAXON_CONCEPT_ID_NOT_FOUND
2139230365,"Aythya ferina (Linnaeus, 1758)",Aythya ferina,Common Pochard,Animalia,Chordata,Aves,Anseriformes,Anatidae,Aythya,SPECIES,2498255,2498255,VU,Vulnerable,2018-03-14,2018,3,14,42.579243,21.048304,,,Ligatinat e Henc (Henc Wetland),Fushë Kosovë / Kosovo Polje,Prishtinë / Priština,Ligatina e Hencit/ Radevës,Wetlands,FALSE,HUMAN_OBSERVATION,50,,obsr337891,,CLO,EBIRD,OBS587840550,4fa7b334-ce0d-4e88-aaae-2e0c138d049e,CC_BY_4_0,CONTINENT_DERIVED_FROM_COORDINATES;TAXON_CONCEPT_ID_NOT_FOUND
2139065556,"Aythya ferina (Linnaeus, 1758)",Aythya ferina,Common Pochard,Animalia,Chordata,Aves,Anseriformes,Anatidae,Aythya,SPECIES,2498255,2498255,VU,Vulnerable,2018-03-27,2018,3,27,42.579243,21.048304,,,Ligatinat e Henc (Henc Wetland),Fushë Kosovë / Kosovo Polje,Prishtinë / Priština,Ligatina e Hencit/ Radevës,Wetlands,FALSE,HUMAN_OBSERVATION,25,,obsr337891,,CLO,EBIRD,OBS592357923,4fa7b334-ce0d-4e88-aaae-2e0c138d049e,CC_BY_4_0,CONTINENT_DERIVED_FROM_COORDINATES;TAXON_CONCEPT_ID_NOT_FOUND
2138098458,"Aythya ferina (Linnaeus, 1758)",Aythya ferina,Common Pochard,Animalia,Chordata,Aves,Anseriformes,Anatidae,Aythya,SPECIES,2498255,2498255,VU,Vulnerable,2018-03-24,2018,3,24,42.579243,21.048304,,,Ligatinat e Henc (Henc Wetland),Fushë Kosovë / Kosovo Polje,Prishtinë / Priština,Ligatina e Hencit/ Radevës,Wetlands,FALSE,HUMAN_OBSERVATION,35,,obsr337891,,CLO,EBIRD,OBS591344682,4fa7b334-ce0d-4e88-aaae-2e0c138d049e,CC_BY_4_0,CONTINENT_DERIVED_FROM_COORDINATES;TAXON_CONCEPT_ID_NOT_FOUND
2137567417,"Aythya ferina (Linnaeus, 1758)",Aythya ferina,Common Pochard,Animalia,Chordata,Aves,Anseriformes,Anatidae,Aythya,SPECIES,2498255,2498255,VU,Vulnerable,2018-02-12,2018,2,12,42.579243,21.048304,,,Ligatinat e Henc (Henc Wetland),Fushë Kosovë / Kosovo Polje,Prishtinë / Priština,Ligatina e Hencit/ Radevës,Wetlands,FALSE,HUMAN_OBSERVATION,1,,obsr337891,,CLO,EBIRD,OBS576927252,4fa7b334-ce0d-4e88-aaae-2e0c138d049e,CC_BY_4_0,CONTINENT_DERIVED_FROM_COORDINATES;TAXON_CONCEPT_ID_NOT_FOUND
2136318623,"Aythya ferina (Linnaeus, 1758)",Aythya ferina,Common Pochard,Animalia,Chordata,Aves,Anseriformes,Anatidae,Aythya,SPECIES,2498255,2498255,VU,Vulnerable,2018-04-20,2018,4,20,42.579243,21.048304,,,Ligatinat e Henc (Henc Wetland),Fushë Kosovë / Kosovo Polje,Prishtinë / Priština,Ligatina e Hencit/ Radevës,Wetlands,FALSE,HUMAN_OBSERVATION,25,,obsr337891,,CLO,EBIRD,OBS602439464,4fa7b334-ce0d-4e88-aaae-2e0c138d049e,CC_BY_4_0,CONTINENT_DERIVED_FROM_COORDINATES;TAXON_CONCEPT_ID_NOT_FOUND
2134597385,"Aythya ferina (Linnaeus, 1758)",Aythya ferina,Common Pochard,Animalia,Chordata,Aves,Anseriformes,Anatidae,Aythya,SPECIES,2498255,2498255,VU,Vulnerable,2018-03-13,2018,3,13,42.579243,21.048304,,,Ligatinat e Henc (Henc Wetland),Fushë Kosovë / Kosovo Polje,Prishtinë / Priština,Ligatina e Hencit/ Radevës,Wetlands,FALSE,HUMAN_OBSERVATION,55,,obsr337891,,CLO,EBIRD,OBS587417545,4fa7b334-ce0d-4e88-aaae-2e0c138d049e,CC_BY_4_0,CONTINENT_DERIVED_FROM_COORDINATES;TAXON_CONCEPT_ID_NOT_FOUND
2131574491,"Aythya ferina (Linnaeus, 1758)",Aythya ferina,Common Pochard,Animalia,Chordata,Aves,Anseriformes,Anatidae,Aythya,SPECIES,2498255,2498255,VU,Vulnerable,2018-04-10,2018,4,10,42.579243,21.048304,,,Ligatinat e Henc (Henc Wetland),Fushë Kosovë / Kosovo Polje,Prishtinë / Priština,Ligatina e Hencit/ Radevës,Wetlands,FALSE,HUMAN_OBSERVATION,14,,obsr337891,,CLO,EBIRD,OBS597971564,4fa7b334-ce0d-4e88-aaae-2e0c138d049e,CC_BY_4_0,CONTINENT_DERIVED_FROM_COORDINATES;TAXON_CONCEPT_ID_NOT_FOUND
2128963089,"Aythya ferina (Linnaeus, 1758)",Aythya ferina,Common Pochard,Animalia,Chordata,Aves,Anseriformes,Anatidae,Aythya,SPECIES,2498255,2498255,VU,Vulnerable,2018-04-03,2018,4,3,42.579243,21.048304,,,Ligatinat e Henc (Henc Wetland),Fushë Kosovë / Kosovo Polje,Prishtinë / Priština,Ligatina e Hencit/ Radevës,Wetlands,FALSE,HUMAN_OBSERVATION,20,,obsr337891,,CLO,EBIRD,OBS595159426,4fa7b334-ce0d-4e88-aaae-2e0c138d049e,CC_BY_4_0,CONTINENT_DERIVED_FROM_COORDINATES;TAXON_CONCEPT_ID_NOT_FOUND
2128058788,"Aythya ferina (Linnaeus, 1758)",Aythya ferina,Common Pochard,Animalia,Chordata,Aves,Anseriformes,Anatidae,Aythya,SPECIES,2498255,2498255,VU,Vulnerable,2018-02-08,2018,2,8,42.60526,21.054983,,,"(42,6053,21,0550)",Fushë Kosovë / Kosovo Polje,Prishtinë / Priština,,,FALSE,HUMAN_OBSERVATION,4,,obsr337891,,CLO,EBIRD,OBS575509467,4fa7b334-ce0d-4e88-aaae-2e0c138d049e,CC_BY_4_0,CONTINENT_DERIVED_FROM_COORDINATES;TAXON_CONCEPT_ID_NOT_FOUND
2123273877,"Aythya ferina (Linnaeus, 1758)",Aythya ferina,Common Pochard,Animalia,Chordata,Aves,Anseriformes,Anatidae,Aythya,SPECIES,2498255,2498255,VU,Vulnerable,2018-03-18,2018,3,18,42.579243,21.048304,,,Ligatinat e Henc (Henc Wetland),Fushë Kosovë / Kosovo Polje,Prishtinë / Priština,Ligatina e Hencit/ Radevës,Wetlands,FALSE,HUMAN_OBSERVATION,65,,obsr337891,,CLO,EBIRD,OBS589167621,4fa7b334-ce0d-4e88-aaae-2e0c138d049e,CC_BY_4_0,CONTINENT_DERIVED_FROM_COORDINATES;TAXON_CONCEPT_ID_NOT_FOUND
2120349325,"Aythya ferina (Linnaeus, 1758)",Aythya ferina,Common Pochard,Animalia,Chordata,Aves,Anseriformes,Anatidae,Aythya,SPECIES,2498255,2498255,VU,Vulnerable,2018-03-09,2018,3,9,42.60526,21.054983,,,"(42,6053,21,0550)",Fushë Kosovë / Kosovo Polje,Prishtinë / Priština,,,FALSE,HUMAN_OBSERVATION,9,,obsr337891,,CLO,EBIRD,OBS586001126,4fa7b334-ce0d-4e88-aaae-2e0c138d049e,CC_BY_4_0,CONTINENT_DERIVED_FROM_COORDINATES;TAXON_CONCEPT_ID_NOT_FOUND
2120324808,"Aythya ferina (Linnaeus, 1758)",Aythya ferina,Common Pochard,Animalia,Chordata,Aves,Anseriformes,Anatidae,Aythya,SPECIES,2498255,2498255,VU,Vulnerable,2018-03-09,2018,3,9,42.579243,21.048304,,,Ligatinat e Henc (Henc Wetland),Fushë Kosovë / Kosovo Polje,Prishtinë / Priština,Ligatina e Hencit/ Radevës,Wetlands,FALSE,HUMAN_OBSERVATION,20,,obsr337891,,CLO,EBIRD,OBS586001853,4fa7b334-ce0d-4e88-aaae-2e0c138d049e,CC_BY_4_0,CONTINENT_DERIVED_FROM_COORDINATES;TAXON_CONCEPT_ID_NOT_FOUND
2120044587,"Aythya ferina (Linnaeus, 1758)",Aythya ferina,Common Pochard,Animalia,Chordata,Aves,Anseriformes,Anatidae,Aythya,SPECIES,2498255,2498255,VU,Vulnerable,2018-03-08,2018,3,8,42.60526,21.054983,,,"(42,6053,21,0550)",Fushë Kosovë / Kosovo Polje,Prishtinë / Priština,,,FALSE,HUMAN_OBSERVATION,8,,obsr337891,,CLO,EBIRD,OBS585705363,4fa7b334-ce0d-4e88-aaae-2e0c138d049e,CC_BY_4_0,CONTINENT_DERIVED_FROM_COORDINATES;TAXON_CONCEPT_ID_NOT_FOUND
2115875013,"Aythya ferina (Linnaeus, 1758)",Aythya ferina,Common Pochard,Animalia,Chordata,Aves,Anseriformes,Anatidae,Aythya,SPECIES,2498255,2498255,VU,Vulnerable,2018-02-21,2018,2,21,42.579243,21.048304,,,Ligatinat e Henc (Henc Wetland),Fushë Kosovë / Kosovo Polje,Prishtinë / Priština,Ligatina e Hencit/ Radevës,Wetlands,FALSE,HUMAN_OBSERVATION,11,,obsr337891,,CLO,EBIRD,OBS580657610,4fa7b334-ce0d-4e88-aaae-2e0c138d049e,CC_BY_4_0,CONTINENT_DERIVED_FROM_COORDINATES;TAXON_CONCEPT_ID_NOT_FOUND
1880554302,"Streptopelia turtur (Linnaeus, 1758)",Streptopelia turtur,European Turtle-Dove,Animalia,Chordata,Aves,Columbiformes,Columbidae,Streptopelia,SPECIES,2495708,2495708,VU,Vulnerable,2018-06-20T16:56:25,2018,6,20,42.384258,20.691209,4128,,,Rahovec / Orahovac,Gjakovë / Đakovica,,,FALSE,HUMAN_OBSERVATION,,,Liridon Shala,Liridon Shala,iNaturalist,Observations,13722533,50c9509d-22c7-4a22-a47d-8c48425ef4a7,CC_BY_NC_4_0,COORDINATE_ROUNDED;COUNTRY_DERIVED_FROM_COORDINATES;CONTINENT_DERIVED_FROM_COORDINATES;TAXON_ID_NOT_FOUND
1850943810,"Salamandra salamandra (Linnaeus, 1758)",Salamandra salamandra,Fire Salamander,Animalia,Chordata,Amphibia,Caudata,Salamandridae,Salamandra,SPECIES,2431776,2431776,VU,Vulnerable,2018-06-09T14:32:10,2018,6,9,42.574801,21.571456,16511,,,Kamenicë / Kosovska Kamenica,Gjilan / Gnjilane,,,FALSE,HUMAN_OBSERVATION,,,Besnik Jakupi,serge vauchel,iNaturalist,Observations,13259524,50c9509d-22c7-4a22-a47d-8c48425ef4a7,CC_BY_NC_4_0,COORDINATE_ROUNDED;COUNTRY_DERIVED_FROM_COORDINATES;CONTINENT_DERIVED_FROM_COORDINATES;TAXON_ID_NOT_FOUND
1848779409,"Streptopelia turtur (Linnaeus, 1758)",Streptopelia turtur,European Turtle-Dove,Animalia,Chordata,Aves,Columbiformes,Columbidae,Streptopelia,SPECIES,2495708,2495708,VU,Vulnerable,2018-05-27T14:54,2018,5,27,42.585191,21.571655,122,,,Kamenicë / Kosovska Kamenica,Gjilan / Gnjilane,,,FALSE,HUMAN_OBSERVATION,,,Granit Hyseni,Granit Hyseni,iNaturalist,Observations,12981400,50c9509d-22c7-4a22-a47d-8c48425ef4a7,CC_BY_NC_4_0,COORDINATE_ROUNDED;COUNTRY_DERIVED_FROM_COORDINATES;CONTINENT_DERIVED_FROM_COORDINATES;TAXON_ID_NOT_FOUND
1756201696,"Streptopelia turtur (Linnaeus, 1758)",Streptopelia turtur,European Turtle-Dove,Animalia,Chordata,Aves,Columbiformes,Columbidae,Streptopelia,SPECIES,2495708,2495708,VU,Vulnerable,2000-07-14,2000,7,14,42.690643,21.123772,,,Gazimestan (Battle of Kosovo Monument),Prishtinë / Priština,Prishtinë / Priština,,,FALSE,HUMAN_OBSERVATION,,,obsr51671,,CLO,EBIRD,OBS424018401,4fa7b334-ce0d-4e88-aaae-2e0c138d049e,CC_BY_4_0,CONTINENT_DERIVED_FROM_COORDINATES;TAXON_CONCEPT_ID_NOT_FOUND
1746870411,"Streptopelia turtur (Linnaeus, 1758)",Streptopelia turtur,European Turtle-Dove,Animalia,Chordata,Aves,Columbiformes,Columbidae,Streptopelia,SPECIES,2495708,2495708,VU,Vulnerable,2016-06-18,2016,6,18,42.50408,21.644455,,,Moravia River North of Kosovo Serbian Border,Kamenicë / Kosovska Kamenica,Gjilan / Gnjilane,,,FALSE,HUMAN_OBSERVATION,1,,obsr439300,,CLO,EBIRD,OBS413984812,4fa7b334-ce0d-4e88-aaae-2e0c138d049e,CC_BY_4_0,CONTINENT_DERIVED_FROM_COORDINATES;TAXON_CONCEPT_ID_NOT_FOUND
1746161998,"Streptopelia turtur (Linnaeus, 1758)",Streptopelia turtur,European Turtle-Dove,Animalia,Chordata,Aves,Columbiformes,Columbidae,Streptopelia,SPECIES,2495708,2495708,VU,Vulnerable,2016-06-18,2016,6,18,42.50408,21.644455,,,Moravia River North of Kosovo Serbian Border,Kamenicë / Kosovska Kamenica,Gjilan / Gnjilane,,,FALSE,HUMAN_OBSERVATION,1,,obsr235798,,CLO,EBIRD,OBS413021002,4fa7b334-ce0d-4e88-aaae-2e0c138d049e,CC_BY_4_0,CONTINENT_DERIVED_FROM_COORDINATES;TAXON_CONCEPT_ID_NOT_FOUND
1610511112,"Alburnoides prespensis (Karaman, 1924)",Alburnoides prespensis,Prespa Spirlin,Animalia,Chordata,,Cypriniformes,Cyprinidae,Alburnoides,SPECIES,2360283,2360283,EN,Endangered,1985,1985,,,42.169972,20.561806,,,Beli Drim river,Prizreni / Prizren,Prizren,Mali Pashtrik dhe Liqeni i Vërmices,Nature Park,FALSE,OCCURRENCE,,,,,"Institute for Multidisciplinary Research, University of Belgrade",,,9c4e36c1-d3f9-49ce-8ec1-8c434fa9e6eb,CC0_1_0,COORDINATE_ROUNDED;GEODETIC_DATUM_ASSUMED_WGS84;CONTINENT_DERIVED_FROM_COORDINATES
1610511098,"Salmo marmoratus Cuvier, 1829",Salmo marmoratus,Trota Marmorata,Animalia,Chordata,,Salmoniformes,Salmonidae,Salmo,SPECIES,2351630,2351630,VU,Vulnerable,1992,1992,,,42.169972,20.561806,,,Beli Drim river,Prizreni / Prizren,Prizren,Mali Pashtrik dhe Liqeni i Vërmices,Nature Park,FALSE,OCCURRENCE,,,,,"Institute for Multidisciplinary Research, University of Belgrade",,,9c4e36c1-d3f9-49ce-8ec1-8c434fa9e6eb,CC0_1_0,COORDINATE_ROUNDED;GEODETIC_DATUM_ASSUMED_WGS84;CONTINENT_DERIVED_FROM_COORDINATES
1610511036,"Anguilla anguilla (Linnaeus, 1758)",Anguilla anguilla,Aal,Animalia,Chordata,,Anguilliformes,Anguillidae,Anguilla,SPECIES,5212973,5212973,CR,Critically Endangered,1992,1992,,,42.169972,20.561806,,,Beli Drim river,Prizreni / Prizren,Prizren,Mali Pashtrik dhe Liqeni i Vërmices,Nature Park,FALSE,OCCURRENCE,,,,,"Institute for Multidisciplinary Research, University of Belgrade",,,9c4e36c1-d3f9-49ce-8ec1-8c434fa9e6eb,CC0_1_0,COORDINATE_ROUNDED;GEODETIC_DATUM_ASSUMED_WGS84;CONTINENT_DERIVED_FROM_COORDINATES
1610510929,"Alburnoides prespensis (Karaman, 1924)",Alburnoides prespensis,Prespa Spirlin,Animalia,Chordata,,Cypriniformes,Cyprinidae,Alburnoides,SPECIES,2360283,2360283,EN,Endangered,1992,1992,,,42.169972,20.561806,,,Beli Drim river,Prizreni / Prizren,Prizren,Mali Pashtrik dhe Liqeni i Vërmices,Nature Park,FALSE,OCCURRENCE,,,,,"Institute for Multidisciplinary Research, University of Belgrade",,,9c4e36c1-d3f9-49ce-8ec1-8c434fa9e6eb,CC0_1_0,COORDINATE_ROUNDED;GEODETIC_DATUM_ASSUMED_WGS84;CONTINENT_DERIVED_FROM_COORDINATES
1257277686,"Pipizella bispina Šimič, 1987",Pipizella bispina,,Animalia,Arthropoda,Insecta,Diptera,Syrphidae,Pipizella,SPECIES,1532963,1532963,EN,Endangered,2016-02-25,2016,2,25,41.991805,20.649189,,,Globoèica,Dragash / Dragaš,Prizren,,,FALSE,PRESERVED_SPECIMEN,,,Central Europe,,DBE-UNS,Insecta,,9060319d-ceb2-44ac-9423-efaa4a88214f,CC_BY_NC_4_0,GEODETIC_DATUM_ASSUMED_WGS84;CONTINENT_DERIVED_FROM_COORDINATES;INSTITUTION_MATCH_FUZZY;COLLECTION_MATCH_FUZZY
1257276023,"Cheilosia balkana Vujić, 1994",Cheilosia balkana,,Animalia,Arthropoda,Insecta,Diptera,Syrphidae,Cheilosia,SPECIES,1540272,1540272,EN,Endangered,2016-02-25,2016,2,25,42.175464,21.040272,,,Durlov potok,Shtërpcë / Štrpce,Ferizaj / Uroševac,"Parku Kombëtar ""Sharri""",National Park,FALSE,PRESERVED_SPECIMEN,,,Balkan,,DBE-UNS,Insecta,,9060319d-ceb2-44ac-9423-efaa4a88214f,CC_BY_NC_4_0,GEODETIC_DATUM_ASSUMED_WGS84;CONTINENT_DERIVED_FROM_COORDINATES;INSTITUTION_MATCH_FUZZY;COLLECTION_MATCH_FUZZY
1257276020,"Cheilosia balkana Vujić, 1994",Cheilosia balkana,,Animalia,Arthropoda,Insecta,Diptera,Syrphidae,Cheilosia,SPECIES,1540272,1540272,EN,Endangered,2016-02-25,2016,2,25,42.170084,21.020986,,,Brezovica,Shtërpcë / Štrpce,Ferizaj / Uroševac,"Parku Kombëtar ""Sharri""",National Park,FALSE,PRESERVED_SPECIMEN,,,Balkan,,DBE-UNS,Insecta,,9060319d-ceb2-44ac-9423-efaa4a88214f,CC_BY_NC_4_0,GEODETIC_DATUM_ASSUMED_WGS84;CONTINENT_DERIVED_FROM_COORDINATES;INSTITUTION_MATCH_FUZZY;COLLECTION_MATCH_FUZZY
1257276018,"Cheilosia balkana Vujić, 1994",Cheilosia balkana,,Animalia,Arthropoda,Insecta,Diptera,Syrphidae,Cheilosia,SPECIES,1540272,1540272,EN,Endangered,2016-02-25,2016,2,25,42.166593,21.036287,,,Brezovica,Shtërpcë / Štrpce,Ferizaj / Uroševac,"Parku Kombëtar ""Sharri""",National Park,FALSE,PRESERVED_SPECIMEN,,,Balkan,,DBE-UNS,Insecta,,9060319d-ceb2-44ac-9423-efaa4a88214f,CC_BY_NC_4_0,GEODETIC_DATUM_ASSUMED_WGS84;CONTINENT_DERIVED_FROM_COORDINATES;INSTITUTION_MATCH_FUZZY;COLLECTION_MATCH_FUZZY
1257276013,"Cheilosia balkana Vujić, 1994",Cheilosia balkana,,Animalia,Arthropoda,Insecta,Diptera,Syrphidae,Cheilosia,SPECIES,1540272,1540272,EN,Endangered,2016-02-25,2016,2,25,42.181321,21.031715,,,Brezovica,Shtërpcë / Štrpce,Ferizaj / Uroševac,"Parku Kombëtar ""Sharri""",National Park,FALSE,PRESERVED_SPECIMEN,,,Balkan,,DBE-UNS,Insecta,,9060319d-ceb2-44ac-9423-efaa4a88214f,CC_BY_NC_4_0,GEODETIC_DATUM_ASSUMED_WGS84;CONTINENT_DERIVED_FROM_COORDINATES;INSTITUTION_MATCH_FUZZY;COLLECTION_MATCH_FUZZY
1257276012,"Cheilosia balkana Vujić, 1994",Cheilosia balkana,,Animalia,Arthropoda,Insecta,Diptera,Syrphidae,Cheilosia,SPECIES,1540272,1540272,EN,Endangered,2016-02-25,2016,2,25,42.182939,21.050626,,,Durlov potok,Shtërpcë / Štrpce,Ferizaj / Uroševac,"Parku Kombëtar ""Sharri""",National Park,FALSE,PRESERVED_SPECIMEN,,,Balkan,,DBE-UNS,Insecta,,9060319d-ceb2-44ac-9423-efaa4a88214f,CC_BY_NC_4_0,GEODETIC_DATUM_ASSUMED_WGS84;CONTINENT_DERIVED_FROM_COORDINATES;INSTITUTION_MATCH_FUZZY;COLLECTION_MATCH_FUZZY
1257276008,"Cheilosia balkana Vujić, 1994",Cheilosia balkana,,Animalia,Arthropoda,Insecta,Diptera,Syrphidae,Cheilosia,SPECIES,1540272,1540272,EN,Endangered,2016-02-25,2016,2,25,42.170351,21.029838,,,Brezovica,Shtërpcë / Štrpce,Ferizaj / Uroševac,"Parku Kombëtar ""Sharri""",National Park,FALSE,PRESERVED_SPECIMEN,,,Balkan,,DBE-UNS,Insecta,,9060319d-ceb2-44ac-9423-efaa4a88214f,CC_BY_NC_4_0,GEODETIC_DATUM_ASSUMED_WGS84;CONTINENT_DERIVED_FROM_COORDINATES;INSTITUTION_MATCH_FUZZY;COLLECTION_MATCH_FUZZY
1257276006,"Cheilosia balkana Vujić, 1994",Cheilosia balkana,,Animalia,Arthropoda,Insecta,Diptera,Syrphidae,Cheilosia,SPECIES,1540272,1540272,EN,Endangered,2016-02-25,2016,2,25,42.175408,21.030364,,,Brezovica,Shtërpcë / Štrpce,Ferizaj / Uroševac,"Parku Kombëtar ""Sharri""",National Park,FALSE,PRESERVED_SPECIMEN,,,Balkan,,DBE-UNS,Insecta,,9060319d-ceb2-44ac-9423-efaa4a88214f,CC_BY_NC_4_0,GEODETIC_DATUM_ASSUMED_WGS84;CONTINENT_DERIVED_FROM_COORDINATES;INSTITUTION_MATCH_FUZZY;COLLECTION_MATCH_FUZZY
1257276003,"Cheilosia balkana Vujić, 1994",Cheilosia balkana,,Animalia,Arthropoda,Insecta,Diptera,Syrphidae,Cheilosia,SPECIES,1540272,1540272,EN,Endangered,2016-02-25,2016,2,25,42.179986,21.054516,,,Durlov potok,Shtërpcë / Štrpce,Ferizaj / Uroševac,"Parku Kombëtar ""Sharri""",National Park,FALSE,PRESERVED_SPECIMEN,,,Balkan,,DBE-UNS,Insecta,,9060319d-ceb2-44ac-9423-efaa4a88214f,CC_BY_NC_4_0,GEODETIC_DATUM_ASSUMED_WGS84;CONTINENT_DERIVED_FROM_COORDINATES;INSTITUTION_MATCH_FUZZY;COLLECTION_MATCH_FUZZY
1257276002,"Cheilosia balkana Vujić, 1994",Cheilosia balkana,,Animalia,Arthropoda,Insecta,Diptera,Syrphidae,Cheilosia,SPECIES,1540272,1540272,EN,Endangered,2016-02-25,2016,2,25,42.178511,21.043713,,,Durlov potok,Shtërpcë / Štrpce,Ferizaj / Uroševac,"Parku Kombëtar ""Sharri""",National Park,FALSE,PRESERVED_SPECIMEN,,,Balkan,,DBE-UNS,Insecta,,9060319d-ceb2-44ac-9423-efaa4a88214f,CC_BY_NC_4_0,GEODETIC_DATUM_ASSUMED_WGS84;CONTINENT_DERIVED_FROM_COORDINATES;INSTITUTION_MATCH_FUZZY;COLLECTION_MATCH_FUZZY
1257275989,"Cheilosia balkana Vujić, 1994",Cheilosia balkana,,Animalia,Arthropoda,Insecta,Diptera,Syrphidae,Cheilosia,SPECIES,1540272,1540272,EN,Endangered,2016-02-25,2016,2,25,42.183802,21.040507,,,Durlov potok,Shtërpcë / Štrpce,Ferizaj / Uroševac,"Parku Kombëtar ""Sharri""",National Park,FALSE,PRESERVED_SPECIMEN,,,Balkan,,DBE-UNS,Insecta,,9060319d-ceb2-44ac-9423-efaa4a88214f,CC_BY_NC_4_0,GEODETIC_DATUM_ASSUMED_WGS84;CONTINENT_DERIVED_FROM_COORDINATES;INSTITUTION_MATCH_FUZZY;COLLECTION_MATCH_FUZZY
1224446762,"Streptopelia turtur (Linnaeus, 1758)",Streptopelia turtur,European Turtle-Dove,Animalia,Chordata,Aves,Columbiformes,Columbidae,Streptopelia,SPECIES,2495708,2495708,VU,Vulnerable,,,,,42.226412,21.304174,,,,Kaçanik / Kačanik,Ferizaj / Uroševac,,,FALSE,HUMAN_OBSERVATION,,,,,SOVON,EOA,124901,c779b049-28f3-4daf-bbf4-0a40830819b6,CC_BY_4_0,COORDINATE_ROUNDED;COUNTRY_DERIVED_FROM_COORDINATES;RECORDED_DATE_INVALID;INDIVIDUAL_COUNT_INVALID;TAXON_ID_NOT_FOUND
1224446720,"Streptopelia turtur (Linnaeus, 1758)",Streptopelia turtur,European Turtle-Dove,Animalia,Chordata,Aves,Columbiformes,Columbidae,Streptopelia,SPECIES,2495708,2495708,VU,Vulnerable,,,,,42.226412,20.696134,,,,Prizreni / Prizren,Prizren,,,FALSE,HUMAN_OBSERVATION,,,,,SOVON,EOA,124872,c779b049-28f3-4daf-bbf4-0a40830819b6,CC_BY_4_0,COORDINATE_ROUNDED;COUNTRY_DERIVED_FROM_COORDINATES;RECORDED_DATE_INVALID;INDIVIDUAL_COUNT_INVALID;TAXON_ID_NOT_FOUND
1224446717,"Streptopelia turtur (Linnaeus, 1758)",Streptopelia turtur,European Turtle-Dove,Animalia,Chordata,Aves,Columbiformes,Columbidae,Streptopelia,SPECIES,2495708,2495708,VU,Vulnerable,,,,,43.126946,20.691674,,,,Leposaviq / Leposavić,Mitrovicë / Kosovska Mitrovica,,,FALSE,HUMAN_OBSERVATION,,,,,SOVON,EOA,124874,c779b049-28f3-4daf-bbf4-0a40830819b6,CC_BY_4_0,COORDINATE_ROUNDED;COUNTRY_DERIVED_FROM_COORDINATES;RECORDED_DATE_INVALID;INDIVIDUAL_COUNT_INVALID;TAXON_ID_NOT_FOUND
1184104817,"Streptopelia turtur (Linnaeus, 1758)",Streptopelia turtur,European Turtle-Dove,Animalia,Chordata,Aves,Columbiformes,Columbidae,Streptopelia,SPECIES,2495708,2495708,VU,Vulnerable,2002-04-25,2002,4,25,42.181618,21.033085,,,Sharr Mountains National Park,Shtërpcë / Štrpce,Ferizaj / Uroševac,"Parku Kombëtar ""Sharri""",National Park,FALSE,HUMAN_OBSERVATION,1,,obsr321305,,CLO,EBIRD,OBS268041240,4fa7b334-ce0d-4e88-aaae-2e0c138d049e,CC_BY_4_0,CONTINENT_DERIVED_FROM_COORDINATES;TAXON_CONCEPT_ID_NOT_FOUND
1133934812,"Anguilla anguilla (Linnaeus, 1758)",Anguilla anguilla,Aal,Animalia,Chordata,,Anguilliformes,Anguillidae,Anguilla,SPECIES,5212973,5212973,CR,Critically Endangered,,,,,42.35677,20.53585,,,White Drin [Drini i Bardhë] River at Gjakova Town.,Rahovec / Orahovac,Gjakovë / Đakovica,Kanioni i Drinit të Bardhë te Ura e Fshajtë,Natural Monument,FALSE,OCCURRENCE,,native,,bng,Dinaric Research Institute,BIB West Balkans,3314,fc77b814-5596-4959-a779-30027a6507de,CC0_1_0,GEODETIC_DATUM_ASSUMED_WGS84;CONTINENT_DERIVED_FROM_COORDINATES
1133934797,"Salmo marmoratus Cuvier, 1829",Salmo marmoratus,Trota Marmorata,Animalia,Chordata,,Salmoniformes,Salmonidae,Salmo,SPECIES,2351630,2351630,VU,Vulnerable,,,,,42.74449,20.21347,,,White Drin [Drini i Bardhë] River at waterfall in Radavc Village.,Pejë / Peć,Pejë / Peć,"Parku Kombëtar ""Bjeshkët e Nemuna""",National Park,FALSE,OCCURRENCE,,native,,bng,Dinaric Research Institute,BIB West Balkans,3295,fc77b814-5596-4959-a779-30027a6507de,CC0_1_0,GEODETIC_DATUM_ASSUMED_WGS84;CONTINENT_DERIVED_FROM_COORDINATES
1133934787,"Salmo marmoratus Cuvier, 1829",Salmo marmoratus,Trota Marmorata,Animalia,Chordata,,Salmoniformes,Salmonidae,Salmo,SPECIES,2351630,2351630,VU,Vulnerable,,,,,42.66275,20.53568,,,White Drin [Drini i Bardhë] River at waterfall in Zllakuqan Village.,Klinë / Klina,Pejë / Peć,,,FALSE,OCCURRENCE,,,,bng,Dinaric Research Institute,BIB West Balkans,3296,fc77b814-5596-4959-a779-30027a6507de,CC0_1_0,GEODETIC_DATUM_ASSUMED_WGS84;CONTINENT_DERIVED_FROM_COORDINATES
1133934779,"Anguilla anguilla (Linnaeus, 1758)",Anguilla anguilla,Aal,Animalia,Chordata,,Anguilliformes,Anguillidae,Anguilla,SPECIES,5212973,5212973,CR,Critically Endangered,,,,,42.5937,20.57293,,,White Drin [Drini i Bardhë] River at Klina Village.,Klinë / Klina,Pejë / Peć,,,FALSE,OCCURRENCE,,native,,bng,Dinaric Research Institute,BIB West Balkans,3297,fc77b814-5596-4959-a779-30027a6507de,CC0_1_0,GEODETIC_DATUM_ASSUMED_WGS84;CONTINENT_DERIVED_FROM_COORDINATES
1133933395,"Phoxinus strymonicus Kottelat, 2007",Phoxinus strymonicus,Aegean Minnow,Animalia,Chordata,,Cypriniformes,Cyprinidae,Phoxinus,SPECIES,5207389,5207389,EN,Endangered,2010-08-06,2010,8,6,42.14524,21.29562,,,"Lepenac River at Globovica (close to border0 [42.1452463, 21.2956237]",Kaçanik / Kačanik,Ferizaj / Uroševac,,,FALSE,OCCURRENCE,,native,,Zupancic P.,Dinaric Research Institute,PZC,1343,fc77b814-5596-4959-a779-30027a6507de,CC0_1_0,GEODETIC_DATUM_ASSUMED_WGS84;CONTINENT_DERIVED_FROM_COORDINATES
1088936446,"Salamandra salamandra (Linnaeus, 1758)",Salamandra salamandra,Fire Salamander,Animalia,Chordata,Amphibia,Caudata,Salamandridae,Salamandra,SPECIES,2431776,2431776,VU,Vulnerable,2015-03-24,2015,3,24,42.842778,20.730278,6365,,,Mitrovica / Kosovska Mitrovica,Mitrovicë / Kosovska Mitrovica,,,FALSE,HUMAN_OBSERVATION,,,Michael,Michael,iNaturalist,Observations,1362124,50c9509d-22c7-4a22-a47d-8c48425ef4a7,CC_BY_NC_4_0,COUNTRY_DERIVED_FROM_COORDINATES;CONTINENT_DERIVED_FROM_COORDINATES;TAXON_ID_NOT_FOUND
891151638,"Testudo hermanni Gmelin, 1789",Testudo hermanni,Hermann's Tortoise,Animalia,Chordata,Testudines,,Testudinidae,Testudo,SPECIES,2441454,2441454,VU,Vulnerable,2013-05-05,2013,5,5,42.755371,21.113146,27599,,,Prishtinë / Priština,Prishtinë / Priština,,,FALSE,HUMAN_OBSERVATION,,,Michael,Michael,iNaturalist,Observations,264802,50c9509d-22c7-4a22-a47d-8c48425ef4a7,CC_BY_NC_4_0,COORDINATE_ROUNDED;COUNTRY_DERIVED_FROM_COORDINATES;CONTINENT_DERIVED_FROM_COORDINATES;TAXON_ID_NOT_FOUND
