scientific_name,directive,annex,priority,listing_type,gbif_usage_key,gbif_species_key,match_type,matched_rank,accepted_species,match_species_key,kingdom,class,genus,alternative_name,source_celex,verbatim_entry
Accipiter brevipes,Birds,I,FALSE,taxon,2480578,2480578,EXACT,SPECIES,Accipiter brevipes,TRUE,Animalia,Aves,Accipiter,,02009L0147-20190626,Accipiter brevipes
Accipiter gentilis arrigonii,Birds,I,FALSE,taxon,4408405,2480589,EXACT,SUBSPECIES,Accipiter gentilis,FALSE,Animalia,Aves,Accipiter,,02009L0147-20190626,Accipiter gentilis arrigonii
Accipiter nisus granti,Birds,I,FALSE,taxon,4408410,2480637,EXACT,SUBSPECIES,Accipiter nisus,FALSE,Animalia,Aves,Accipiter,,02009L0147-20190626,Accipiter nisus granti
Acrocephalus melanopogon,Birds,I,FALSE,taxon,2493124,2493124,EXACT,SPECIES,Acrocephalus melanopogon,TRUE,Animalia,Aves,Acrocephalus,,02009L0147-20190626,Acrocephalus melanopogon
Acrocephalus paludicola,Birds,I,FALSE,taxon,2493114,2493114,EXACT,SPECIES,Acrocephalus paludicola,TRUE,Animalia,Aves,Acrocephalus,,02009L0147-20190626,Acrocephalus paludicola
Aegolius funereus,Birds,I,FALSE,taxon,5739298,5739298,EXACT,SPECIES,Aegolius funereus,TRUE,Animalia,Aves,Aegolius,,02009L0147-20190626,Aegolius funereus
Aegypius monachus,Birds,I,FALSE,taxon,5229165,5229165,EXACT,SPECIES,Aegypius monachus,TRUE,Animalia,Aves,Aegypius,,02009L0147-20190626,Aegypius monachus
Alcedo atthis,Birds,I,FALSE,taxon,2475532,2475532,EXACT,SPECIES,Alcedo atthis,TRUE,Animalia,Aves,Alcedo,,02009L0147-20190626,Alcedo atthis
Alectoris barbara,Birds,I,FALSE,taxon,2474045,2474045,EXACT,SPECIES,Alectoris barbara,TRUE,Animalia,Aves,Alectoris,,02009L0147-20190626,Alectoris barbara
Alectoris graeca,Birds,I,FALSE,taxon,2474055,2474055,EXACT,SPECIES,Alectoris graeca,TRUE,Animalia,Aves,Alectoris,,02009L0147-20190626,Alectoris graeca
Anser albifrons flavirostris,Birds,I,FALSE,taxon,6178325,2498017,EXACT,SUBSPECIES,Anser albifrons,FALSE,Animalia,Aves,Anser,,02009L0147-20190626,Anser albifrons flavirostris
Anser erythropus,Birds,I,FALSE,taxon,2498026,2498026,EXACT,SPECIES,Anser erythropus,TRUE,Animalia,Aves,Anser,,02009L0147-20190626,Anser erythropus
Anthus campestris,Birds,I,FALSE,taxon,2490274,2490274,EXACT,SPECIES,Anthus campestris,TRUE,Animalia,Aves,Anthus,,02009L0147-20190626,Anthus campestris
Apus caffer,Birds,I,FALSE,taxon,5228644,5228644,EXACT,SPECIES,Apus caffer,TRUE,Animalia,Aves,Apus,,02009L0147-20190626,Apus caffer
Aquila adalberti,Birds,I,FALSE,taxon,2480510,2480510,EXACT,SPECIES,Aquila adalberti,TRUE,Animalia,Aves,Aquila,,02009L0147-20190626,Aquila adalberti
Aquila chrysaetos,Birds,I,FALSE,taxon,2480506,2480506,EXACT,SPECIES,Aquila chrysaetos,TRUE,Animalia,Aves,Aquila,,02009L0147-20190626,Aquila chrysaetos
Aquila clanga,Birds,I,FALSE,taxon,2480509,2480509,EXACT,SPECIES,Aquila clanga,TRUE,Animalia,Aves,Aquila,,02009L0147-20190626,Aquila clanga
Aquila heliaca,Birds,I,FALSE,taxon,2480500,2480500,EXACT,SPECIES,Aquila heliaca,TRUE,Animalia,Aves,Aquila,,02009L0147-20190626,Aquila heliaca
Aquila pomarina,Birds,I,FALSE,taxon,2480505,2480505,EXACT,SPECIES,Aquila pomarina,TRUE,Animalia,Aves,Aquila,,02009L0147-20190626,Aquila pomarina
Ardea purpurea,Birds,I,FALSE,taxon,2480934,2480934,EXACT,SPECIES,Ardea purpurea,TRUE,Animalia,Aves,Ardea,,02009L0147-20190626,Ardea purpurea
Ardeola ralloides,Birds,I,FALSE,taxon,2480906,2480906,EXACT,SPECIES,Ardeola ralloides,TRUE,Animalia,Aves,Ardeola,,02009L0147-20190626,Ardeola ralloides
Asio flammeus,Birds,I,FALSE,taxon,2497295,2497295,EXACT,SPECIES,Asio flammeus,TRUE,Animalia,Aves,Asio,,02009L0147-20190626,Asio flammeus
Aythya nyroca,Birds,I,FALSE,taxon,2498259,2498259,EXACT,SPECIES,Aythya nyroca,TRUE,Animalia,Aves,Aythya,,02009L0147-20190626,Aythya nyroca
Bonasa bonasia,Birds,I,FALSE,taxon,2473671,2473663,EXACT,SPECIES,Tetrastes bonasia,TRUE,Animalia,Aves,Tetrastes,,02009L0147-20190626,Bonasa bonasia
Botaurus stellaris,Birds,I,FALSE,taxon,2480910,2480910,EXACT,SPECIES,Botaurus stellaris,TRUE,Animalia,Aves,Botaurus,,02009L0147-20190626,Botaurus stellaris
Branta leucopsis,Birds,I,FALSE,taxon,5232464,5232464,EXACT,SPECIES,Branta leucopsis,TRUE,Animalia,Aves,Branta,,02009L0147-20190626,Branta leucopsis
Branta ruficollis,Birds,I,FALSE,taxon,5232451,5232451,EXACT,SPECIES,Branta ruficollis,TRUE,Animalia,Aves,Branta,,02009L0147-20190626,Branta ruficollis
Bubo bubo,Birds,I,FALSE,taxon,5959092,5959092,EXACT,SPECIES,Bubo bubo,TRUE,Animalia,Aves,Bubo,,02009L0147-20190626,Bubo bubo
Bucanetes githagineus,Birds,I,FALSE,taxon,2494394,2494394,EXACT,SPECIES,Bucanetes githagineus,TRUE,Animalia,Aves,Bucanetes,,02009L0147-20190626,Bucanetes githagineus
Bulweria bulwerii,Birds,I,FALSE,taxon,2481606,2481606,EXACT,SPECIES,Bulweria bulwerii,TRUE,Animalia,Aves,Bulweria,,02009L0147-20190626,Bulweria bulwerii
Burhinus oedicnemus,Birds,I,FALSE,taxon,2482100,2482100,EXACT,SPECIES,Burhinus oedicnemus,TRUE,Animalia,Aves,Burhinus,,02009L0147-20190626,Burhinus oedicnemus
Buteo rufinus,Birds,I,FALSE,taxon,2480564,2480564,EXACT,SPECIES,Buteo rufinus,TRUE,Animalia,Aves,Buteo,,02009L0147-20190626,Buteo rufinus
Calandrella brachydactyla,Birds,I,FALSE,taxon,2490681,2490681,EXACT,SPECIES,Calandrella brachydactyla,TRUE,Animalia,Aves,Calandrella,,02009L0147-20190626,Calandrella brachydactyla
Calidris alpina schinzii,Birds,I,FALSE,taxon,6177960,2481759,EXACT,SUBSPECIES,Calidris alpina,FALSE,Animalia,Aves,Calidris,,02009L0147-20190626,Calidris alpina schinzii
Calonectris diomedea,Birds,I,FALSE,taxon,2481521,2481521,EXACT,SPECIES,Calonectris diomedea,TRUE,Animalia,Aves,Calonectris,,02009L0147-20190626,Calonectris diomedea
Caprimulgus europaeus,Birds,I,FALSE,taxon,8109681,8109681,EXACT,SPECIES,Caprimulgus europaeus,TRUE,Animalia,Aves,Caprimulgus,,02009L0147-20190626,Caprimulgus europaeus
Certhia brachydactyla dorotheae,Birds,I,FALSE,taxon,4408795,7806848,EXACT,SUBSPECIES,Certhia brachydactyla,FALSE,Animalia,Aves,Certhia,,02009L0147-20190626,Certhia brachydactyla dorotheae
Charadrius alexandrinus,Birds,I,FALSE,taxon,2480311,2480311,EXACT,SPECIES,Charadrius alexandrinus,TRUE,Animalia,Aves,Charadrius,,02009L0147-20190626,Charadrius alexandrinus
Charadrius morinellus,Birds,I,FALSE,taxon,2480281,2480281,EXACT,SPECIES,Charadrius morinellus,TRUE,Animalia,Aves,Charadrius,Eudromias morinellus,02009L0147-20190626,Charadrius morinellus (Eudromias morinellus)
Chersophilus duponti,Birds,I,FALSE,taxon,2490674,2490674,EXACT,SPECIES,Chersophilus duponti,TRUE,Animalia,Aves,Chersophilus,,02009L0147-20190626,Chersophilus duponti
Chlamydotis undulata,Birds,I,FALSE,taxon,2474864,2474864,EXACT,SPECIES,Chlamydotis undulata,TRUE,Animalia,Aves,Chlamydotis,,02009L0147-20190626,Chlamydotis undulata
Chlidonias hybridus,Birds,I,FALSE,taxon,2481121,2481121,VARIANT,SPECIES,Chlidonias hybrida,TRUE,Animalia,Aves,Chlidonias,,02009L0147-20190626,Chlidonias hybridus
Chlidonias niger,Birds,I,FALSE,taxon,2481119,2481119,EXACT,SPECIES,Chlidonias niger,TRUE,Animalia,Aves,Chlidonias,,02009L0147-20190626,Chlidonias niger
Ciconia ciconia,Birds,I,FALSE,taxon,2481912,2481912,EXACT,SPECIES,Ciconia ciconia,TRUE,Animalia,Aves,Ciconia,,02009L0147-20190626,Ciconia ciconia
Ciconia nigra,Birds,I,FALSE,taxon,2481909,2481909,EXACT,SPECIES,Ciconia nigra,TRUE,Animalia,Aves,Ciconia,,02009L0147-20190626,Ciconia nigra
Circaetus gallicus,Birds,I,FALSE,taxon,2480666,2480666,EXACT,SPECIES,Circaetus gallicus,TRUE,Animalia,Aves,Circaetus,,02009L0147-20190626,Circaetus gallicus
Circus aeruginosus,Birds,I,FALSE,taxon,2480482,2480482,EXACT,SPECIES,Circus aeruginosus,TRUE,Animalia,Aves,Circus,,02009L0147-20190626,Circus aeruginosus
Circus cyaneus,Birds,I,FALSE,taxon,2480487,2480487,EXACT,SPECIES,Circus cyaneus,TRUE,Animalia,Aves,Circus,,02009L0147-20190626,Circus cyaneus
Circus macrourus,Birds,I,FALSE,taxon,2480491,2480491,EXACT,SPECIES,Circus macrourus,TRUE,Animalia,Aves,Circus,,02009L0147-20190626,Circus macrourus
Circus pygargus,Birds,I,FALSE,taxon,2480495,2480495,EXACT,SPECIES,Circus pygargus,TRUE,Animalia,Aves,Circus,,02009L0147-20190626,Circus pygargus
Columba bollii,Birds,I,FALSE,taxon,2495427,2495427,EXACT,SPECIES,Columba bollii,TRUE,Animalia,Aves,Columba,,02009L0147-20190626,Columba bollii
Columba junoniae,Birds,I,FALSE,taxon,2495434,2495434,EXACT,SPECIES,Columba junoniae,TRUE,Animalia,Aves,Columba,,02009L0147-20190626,Columba junoniae
Columba palumbus azorica,Birds,I,FALSE,taxon,2495459,2495455,EXACT,SUBSPECIES,Columba palumbus,FALSE,Animalia,Aves,Columba,,02009L0147-20190626,Columba palumbus azorica
Columba trocaz,Birds,I,FALSE,taxon,2495406,2495406,EXACT,SPECIES,Columba trocaz,TRUE,Animalia,Aves,Columba,,02009L0147-20190626,Columba trocaz
Coracias garrulus,Birds,I,FALSE,taxon,2475365,2475365,EXACT,SPECIES,Coracias garrulus,TRUE,Animalia,Aves,Coracias,,02009L0147-20190626,Coracias garrulus
Crex crex,Birds,I,FALSE,taxon,4408498,4408498,EXACT,SPECIES,Crex crex,TRUE,Animalia,Aves,Crex,,02009L0147-20190626,Crex crex
Cursorius cursor,Birds,I,FALSE,taxon,2480740,2480740,EXACT,SPECIES,Cursorius cursor,TRUE,Animalia,Aves,Cursorius,,02009L0147-20190626,Cursorius cursor
Cygnus bewickii,Birds,I,FALSE,taxon,4409105,2498338,EXACT,SPECIES,Cygnus columbianus,FALSE,Animalia,Aves,Cygnus,Cygnus columbianus bewickii,02009L0147-20190626,Cygnus bewickii (Cygnus columbianus bewickii)
Cygnus cygnus,Birds,I,FALSE,taxon,2498347,2498347,EXACT,SPECIES,Cygnus cygnus,TRUE,Animalia,Aves,Cygnus,,02009L0147-20190626,Cygnus cygnus
Dendrocopos leucotos,Birds,I,FALSE,taxon,2477927,2477927,EXACT,SPECIES,Dendrocopos leucotos,TRUE,Animalia,Aves,Dendrocopos,,02009L0147-20190626,Dendrocopos leucotos
Dendrocopos major canariensis,Birds,I,FALSE,taxon,6177296,2477968,EXACT,SUBSPECIES,Dendrocopos major,FALSE,Animalia,Aves,Dendrocopos,,02009L0147-20190626,Dendrocopos major canariensis
Dendrocopos major thanneri,Birds,I,FALSE,taxon,6177279,2477968,EXACT,SUBSPECIES,Dendrocopos major,FALSE,Animalia,Aves,Dendrocopos,,02009L0147-20190626,Dendrocopos major thanneri
Dendrocopos medius,Birds,I,FALSE,taxon,2478026,8773033,EXACT,SPECIES,Dendrocoptes medius,TRUE,Animalia,Aves,Dendrocoptes,,02009L0147-20190626,Dendrocopos medius
Dendrocopos syriacus,Birds,I,FALSE,taxon,2478031,2478031,EXACT,SPECIES,Dendrocopos syriacus,TRUE,Animalia,Aves,Dendrocopos,,02009L0147-20190626,Dendrocopos syriacus
Dryocopus martius,Birds,I,FALSE,taxon,2477872,2477872,EXACT,SPECIES,Dryocopus martius,TRUE,Animalia,Aves,Dryocopus,,02009L0147-20190626,Dryocopus martius
Egretta alba,Birds,I,FALSE,taxon,2480946,9752617,EXACT,SPECIES,Ardea alba,TRUE,Animalia,Aves,Ardea,Ardea alba,02009L0147-20190626,Egretta alba (Ardea alba)
Egretta garzetta,Birds,I,FALSE,taxon,2480876,2480876,EXACT,SPECIES,Egretta garzetta,TRUE,Animalia,Aves,Egretta,,02009L0147-20190626,Egretta garzetta
Elanus caeruleus,Birds,I,FALSE,taxon,2480372,2480372,EXACT,SPECIES,Elanus caeruleus,TRUE,Animalia,Aves,Elanus,,02009L0147-20190626,Elanus caeruleus
Emberiza caesia,Birds,I,FALSE,taxon,2491490,2491490,EXACT,SPECIES,Emberiza caesia,TRUE,Animalia,Aves,Emberiza,,02009L0147-20190626,Emberiza caesia
Emberiza cineracea,Birds,I,FALSE,taxon,2491469,2491469,EXACT,SPECIES,Emberiza cineracea,TRUE,Animalia,Aves,Emberiza,,02009L0147-20190626,Emberiza cineracea
Emberiza hortulana,Birds,I,FALSE,taxon,2491482,2491482,EXACT,SPECIES,Emberiza hortulana,TRUE,Animalia,Aves,Emberiza,,02009L0147-20190626,Emberiza hortulana
Falco biarmicus,Birds,I,FALSE,taxon,8014966,8014966,EXACT,SPECIES,Falco biarmicus,TRUE,Animalia,Aves,Falco,,02009L0147-20190626,Falco biarmicus
Falco cherrug,Birds,I,FALSE,taxon,2481034,2481034,EXACT,SPECIES,Falco cherrug,TRUE,Animalia,Aves,Falco,,02009L0147-20190626,Falco cherrug
Falco columbarius,Birds,I,FALSE,taxon,9813242,9813242,EXACT,SPECIES,Falco columbarius,TRUE,Animalia,Aves,Falco,,02009L0147-20190626,Falco columbarius
Falco eleonorae,Birds,I,FALSE,taxon,2481037,2481037,EXACT,SPECIES,Falco eleonorae,TRUE,Animalia,Aves,Falco,,02009L0147-20190626,Falco eleonorae
Falco naumanni,Birds,I,FALSE,taxon,9584698,9584698,EXACT,SPECIES,Falco naumanni,TRUE,Animalia,Aves,Falco,,02009L0147-20190626,Falco naumanni
Falco peregrinus,Birds,I,FALSE,taxon,2481047,2481047,EXACT,SPECIES,Falco peregrinus,TRUE,Animalia,Aves,Falco,,02009L0147-20190626,Falco peregrinus
Falco rusticolus,Birds,I,FALSE,taxon,8069880,8069880,EXACT,SPECIES,Falco rusticolus,TRUE,Animalia,Aves,Falco,,02009L0147-20190626,Falco rusticolus
Falco vespertinus,Birds,I,FALSE,taxon,2481062,2481062,EXACT,SPECIES,Falco vespertinus,TRUE,Animalia,Aves,Falco,,02009L0147-20190626,Falco vespertinus
Ficedula albicollis,Birds,I,FALSE,taxon,2492601,2492601,EXACT,SPECIES,Ficedula albicollis,TRUE,Animalia,Aves,Ficedula,,02009L0147-20190626,Ficedula albicollis
Ficedula parva,Birds,I,FALSE,taxon,2492605,2492605,EXACT,SPECIES,Ficedula parva,TRUE,Animalia,Aves,Ficedula,,02009L0147-20190626,Ficedula parva
Ficedula semitorquata,Birds,I,FALSE,taxon,2492608,2492608,EXACT,SPECIES,Ficedula semitorquata,TRUE,Animalia,Aves,Ficedula,,02009L0147-20190626,Ficedula semitorquata
Fringilla coelebs ombriosa,Birds,I,FALSE,taxon,6175538,2494422,EXACT,SUBSPECIES,Fringilla coelebs,FALSE,Animalia,Aves,Fringilla,,02009L0147-20190626,Fringilla coelebs ombriosa
Fringilla teydea,Birds,I,FALSE,taxon,2494442,2494442,EXACT,SPECIES,Fringilla teydea,TRUE,Animalia,Aves,Fringilla,,02009L0147-20190626,Fringilla teydea
Fulica cristata,Birds,I,FALSE,taxon,2474381,2474381,EXACT,SPECIES,Fulica cristata,TRUE,Animalia,Aves,Fulica,,02009L0147-20190626,Fulica cristata
Galerida theklae,Birds,I,FALSE,taxon,9330514,9330514,EXACT,SPECIES,Galerida theklae,TRUE,Animalia,Aves,Galerida,,02009L0147-20190626,Galerida theklae
Gallinago media,Birds,I,FALSE,taxon,2481831,2481831,EXACT,SPECIES,Gallinago media,TRUE,Animalia,Aves,Gallinago,,02009L0147-20190626,Gallinago media
Gavia arctica,Birds,I,FALSE,taxon,2481959,2481959,EXACT,SPECIES,Gavia arctica,TRUE,Animalia,Aves,Gavia,,02009L0147-20190626,Gavia arctica
Gavia immer,Birds,I,FALSE,taxon,2481962,2481962,EXACT,SPECIES,Gavia immer,TRUE,Animalia,Aves,Gavia,,02009L0147-20190626,Gavia immer
Gavia stellata,Birds,I,FALSE,taxon,2481958,2481958,EXACT,SPECIES,Gavia stellata,TRUE,Animalia,Aves,Gavia,,02009L0147-20190626,Gavia stellata
Gelochelidon nilotica,Birds,I,FALSE,taxon,2481263,2481263,EXACT,SPECIES,Gelochelidon nilotica,TRUE,Animalia,Aves,Gelochelidon,Sterna nilotica,02009L0147-20190626,Gelochelidon nilotica (Sterna nilotica)
Glareola pratincola,Birds,I,FALSE,taxon,2480757,2480757,EXACT,SPECIES,Glareola pratincola,TRUE,Animalia,Aves,Glareola,,02009L0147-20190626,Glareola pratincola
Glaucidium passerinum,Birds,I,FALSE,taxon,5232162,5232162,EXACT,SPECIES,Glaucidium passerinum,TRUE,Animalia,Aves,Glaucidium,,02009L0147-20190626,Glaucidium passerinum
Grus grus,Birds,I,FALSE,taxon,2474950,2474950,EXACT,SPECIES,Grus grus,TRUE,Animalia,Aves,Grus,,02009L0147-20190626,Grus grus
Gypaetus barbatus,Birds,I,FALSE,taxon,2480649,2480649,EXACT,SPECIES,Gypaetus barbatus,TRUE,Animalia,Aves,Gypaetus,,02009L0147-20190626,Gypaetus barbatus
Gyps fulvus,Birds,I,FALSE,taxon,2480389,2480389,EXACT,SPECIES,Gyps fulvus,TRUE,Animalia,Aves,Gyps,,02009L0147-20190626,Gyps fulvus
Haliaeetus albicilla,Birds,I,FALSE,taxon,2480449,2480449,EXACT,SPECIES,Haliaeetus albicilla,TRUE,Animalia,Aves,Haliaeetus,,02009L0147-20190626,Haliaeetus albicilla
Hieraaetus fasciatus,Birds,I,FALSE,taxon,2480690,5844449,EXACT,SPECIES,Aquila fasciata,TRUE,Animalia,Aves,Aquila,,02009L0147-20190626,Hieraaetus fasciatus
Hieraaetus pennatus,Birds,I,FALSE,taxon,2480685,2480685,EXACT,SPECIES,Hieraaetus pennatus,TRUE,Animalia,Aves,Hieraaetus,,02009L0147-20190626,Hieraaetus pennatus
Himantopus himantopus,Birds,I,FALSE,taxon,5229126,5229126,EXACT,SPECIES,Himantopus himantopus,TRUE,Animalia,Aves,Himantopus,,02009L0147-20190626,Himantopus himantopus
Hippolais olivetorum,Birds,I,FALSE,taxon,2493219,2493219,EXACT,SPECIES,Hippolais olivetorum,TRUE,Animalia,Aves,Hippolais,,02009L0147-20190626,Hippolais olivetorum
Hoplopterus spinosus,Birds,I,FALSE,taxon,11380022,5229142,EXACT,SPECIES,Vanellus spinosus,TRUE,Animalia,Aves,Vanellus,,02009L0147-20190626,Hoplopterus spinosus
Hydrobates pelagicus,Birds,I,FALSE,taxon,4408455,4408455,EXACT,SPECIES,Hydrobates pelagicus,TRUE,Animalia,Aves,Hydrobates,,02009L0147-20190626,Hydrobates pelagicus
Ixobrychus minutus,Birds,I,FALSE,taxon,2480850,2480850,EXACT,SPECIES,Ixobrychus minutus,TRUE,Animalia,Aves,Ixobrychus,,02009L0147-20190626,Ixobrychus minutus
Lagopus mutus helveticus,Birds,I,FALSE,taxon,11259389,5227679,EXACT,SUBSPECIES,Lagopus muta,FALSE,Animalia,Aves,Lagopus,,02009L0147-20190626,Lagopus mutus helveticus
Lagopus mutus pyrenaicus,Birds,I,FALSE,taxon,8872650,5227679,EXACT,SUBSPECIES,Lagopus muta,FALSE,Animalia,Aves,Lagopus,,02009L0147-20190626,Lagopus mutus pyrenaicus
Lanius collurio,Birds,I,FALSE,taxon,7745240,7745240,EXACT,SPECIES,Lanius collurio,TRUE,Animalia,Aves,Lanius,,02009L0147-20190626,Lanius collurio
Lanius minor,Birds,I,FALSE,taxon,2492854,2492854,EXACT,SPECIES,Lanius minor,TRUE,Animalia,Aves,Lanius,,02009L0147-20190626,Lanius minor
Lanius nubicus,Birds,I,FALSE,taxon,2492855,2492855,EXACT,SPECIES,Lanius nubicus,TRUE,Animalia,Aves,Lanius,,02009L0147-20190626,Lanius nubicus
Larus audouinii,Birds,I,FALSE,taxon,2481193,7406504,EXACT,SPECIES,Ichthyaetus audouinii,TRUE,Animalia,Aves,Ichthyaetus,,02009L0147-20190626,Larus audouinii
Larus genei,Birds,I,FALSE,taxon,2481178,6065810,EXACT,SPECIES,Chroicocephalus genei,TRUE,Animalia,Aves,Chroicocephalus,,02009L0147-20190626,Larus genei
Larus melanocephalus,Birds,I,FALSE,taxon,2481194,8151548,EXACT,SPECIES,Ichthyaetus melanocephalus,TRUE,Animalia,Aves,Ichthyaetus,,02009L0147-20190626,Larus melanocephalus
Larus minutus,Birds,I,FALSE,taxon,2481143,6065841,EXACT,SPECIES,Hydrocoloeus minutus,TRUE,Animalia,Aves,Hydrocoloeus,,02009L0147-20190626,Larus minutus
Limosa lapponica,Birds,I,FALSE,taxon,2481681,2481681,EXACT,SPECIES,Limosa lapponica,TRUE,Animalia,Aves,Limosa,,02009L0147-20190626,Limosa lapponica
Loxia scotica,Birds,I,FALSE,taxon,2494177,2494177,EXACT,SPECIES,Loxia scotica,TRUE,Animalia,Aves,Loxia,,02009L0147-20190626,Loxia scotica
Lullula arborea,Birds,I,FALSE,taxon,2490604,2490604,EXACT,SPECIES,Lullula arborea,TRUE,Animalia,Aves,Lullula,,02009L0147-20190626,Lullula arborea
Luscinia svecica,Birds,I,FALSE,taxon,4408732,4408732,EXACT,SPECIES,Luscinia svecica,TRUE,Animalia,Aves,Luscinia,,02009L0147-20190626,Luscinia svecica
Marmaronetta angustirostris,Birds,I,FALSE,taxon,2498390,2498390,EXACT,SPECIES,Marmaronetta angustirostris,TRUE,Animalia,Aves,Marmaronetta,,02009L0147-20190626,Marmaronetta angustirostris
Melanocorypha calandra,Birds,I,FALSE,taxon,2490613,2490613,EXACT,SPECIES,Melanocorypha calandra,TRUE,Animalia,Aves,Melanocorypha,,02009L0147-20190626,Melanocorypha calandra
Mergus albellus,Birds,I,FALSE,taxon,2498286,2498285,EXACT,SPECIES,Mergellus albellus,TRUE,Animalia,Aves,Mergellus,Mergellus albellus,02009L0147-20190626,Mergus albellus (Mergellus albellus)
Milvus migrans,Birds,I,FALSE,taxon,5229167,5229167,EXACT,SPECIES,Milvus migrans,TRUE,Animalia,Aves,Milvus,,02009L0147-20190626,Milvus migrans
Milvus milvus,Birds,I,FALSE,taxon,5229168,5229168,EXACT,SPECIES,Milvus milvus,TRUE,Animalia,Aves,Milvus,,02009L0147-20190626,Milvus milvus
Neophron percnopterus,Birds,I,FALSE,taxon,2480696,2480696,EXACT,SPECIES,Neophron percnopterus,TRUE,Animalia,Aves,Neophron,,02009L0147-20190626,Neophron percnopterus
Numenius tenuirostris,Birds,I,FALSE,taxon,2481789,2481789,EXACT,SPECIES,Numenius tenuirostris,TRUE,Animalia,Aves,Numenius,,02009L0147-20190626,Numenius tenuirostris
Nyctea scandiaca,Birds,I,FALSE,taxon,2497581,5959143,EXACT,SPECIES,Bubo scandiacus,TRUE,Animalia,Aves,Bubo,,02009L0147-20190626,Nyctea scandiaca
Nycticorax nycticorax,Birds,I,FALSE,taxon,2480863,2480863,EXACT,SPECIES,Nycticorax nycticorax,TRUE,Animalia,Aves,Nycticorax,,02009L0147-20190626,Nycticorax nycticorax
Oceanodroma castro,Birds,I,FALSE,taxon,2482001,2482001,EXACT,SPECIES,Oceanodroma castro,TRUE,Animalia,Aves,Oceanodroma,,02009L0147-20190626,Oceanodroma castro
Oceanodroma leucorhoa,Birds,I,FALSE,taxon,2482012,2482012,EXACT,SPECIES,Oceanodroma leucorhoa,TRUE,Animalia,Aves,Oceanodroma,,02009L0147-20190626,Oceanodroma leucorhoa
Oenanthe cypriaca,Birds,I,FALSE,taxon,5231234,5231234,EXACT,SPECIES,Oenanthe cypriaca,TRUE,Animalia,Aves,Oenanthe,,02009L0147-20190626,Oenanthe cypriaca
Oenanthe leucura,Birds,I,FALSE,taxon,5231236,5231236,EXACT,SPECIES,Oenanthe leucura,TRUE,Animalia,Aves,Oenanthe,,02009L0147-20190626,Oenanthe leucura
Oenanthe pleschanka,Birds,I,FALSE,taxon,5231233,5231233,EXACT,SPECIES,Oenanthe pleschanka,TRUE,Animalia,Aves,Oenanthe,,02009L0147-20190626,Oenanthe pleschanka
Otis tarda,Birds,I,FALSE,taxon,2474921,2474921,EXACT,SPECIES,Otis tarda,TRUE,Animalia,Aves,Otis,,02009L0147-20190626,Otis tarda
Oxyura leucocephala,Birds,I,FALSE,taxon,2498302,2498302,EXACT,SPECIES,Oxyura leucocephala,TRUE,Animalia,Aves,Oxyura,,02009L0147-20190626,Oxyura leucocephala
Pandion haliaetus,Birds,I,FALSE,taxon,2480726,2480726,EXACT,SPECIES,Pandion haliaetus,TRUE,Animalia,Aves,Pandion,,02009L0147-20190626,Pandion haliaetus
Parus ater cypriotes,Birds,I,FALSE,taxon,4409007,2487871,EXACT,SUBSPECIES,Periparus ater,FALSE,Animalia,Aves,Periparus,,02009L0147-20190626,Parus ater cypriotes
Pelagodroma marina,Birds,I,FALSE,taxon,2481991,2481991,EXACT,SPECIES,Pelagodroma marina,TRUE,Animalia,Aves,Pelagodroma,,02009L0147-20190626,Pelagodroma marina
Pelecanus crispus,Birds,I,FALSE,taxon,2480353,2480353,EXACT,SPECIES,Pelecanus crispus,TRUE,Animalia,Aves,Pelecanus,,02009L0147-20190626,Pelecanus crispus
Pelecanus onocrotalus,Birds,I,FALSE,taxon,2480350,2480350,EXACT,SPECIES,Pelecanus onocrotalus,TRUE,Animalia,Aves,Pelecanus,,02009L0147-20190626,Pelecanus onocrotalus
Perdix perdix hispaniensis,Birds,I,FALSE,taxon,2473966,2473958,EXACT,SUBSPECIES,Perdix perdix,FALSE,Animalia,Aves,Perdix,,02009L0147-20190626,Perdix perdix hispaniensis
Perdix perdix italica,Birds,I,FALSE,taxon,2473961,2473958,EXACT,SUBSPECIES,Perdix perdix,FALSE,Animalia,Aves,Perdix,,02009L0147-20190626,Perdix perdix italica
Pernis apivorus,Birds,I,FALSE,taxon,2480420,2480420,EXACT,SPECIES,Pernis apivorus,TRUE,Animalia,Aves,Pernis,,02009L0147-20190626,Pernis apivorus
Phalacrocorax aristotelis desmarestii,Birds,I,FALSE,taxon,4408479,2481861,EXACT,SUBSPECIES,Phalacrocorax aristotelis,FALSE,Animalia,Aves,Phalacrocorax,,02009L0147-20190626,Phalacrocorax aristotelis desmarestii
Phalacrocorax pygmeus,Birds,I,FALSE,taxon,2481888,6066518,EXACT,SPECIES,Microcarbo pygmeus,TRUE,Animalia,Aves,Microcarbo,,02009L0147-20190626,Phalacrocorax pygmeus
Phalaropus lobatus,Birds,I,FALSE,taxon,5739290,5739290,EXACT,SPECIES,Phalaropus lobatus,TRUE,Animalia,Aves,Phalaropus,,02009L0147-20190626,Phalaropus lobatus
Philomachus pugnax,Birds,I,FALSE,taxon,5229387,8250742,EXACT,SPECIES,Calidris pugnax,TRUE,Animalia,Aves,Calidris,,02009L0147-20190626,Philomachus pugnax
Phoenicopterus ruber,Birds,I,FALSE,taxon,9691034,9691034,EXACT,SPECIES,Phoenicopterus ruber,TRUE,Animalia,Aves,Phoenicopterus,,02009L0147-20190626,Phoenicopterus ruber
Picoides tridactylus,Birds,I,FALSE,taxon,2477804,2477804,EXACT,SPECIES,Picoides tridactylus,TRUE,Animalia,Aves,Picoides,,02009L0147-20190626,Picoides tridactylus
Picus canus,Birds,I,FALSE,taxon,2478548,2478548,EXACT,SPECIES,Picus canus,TRUE,Animalia,Aves,Picus,,02009L0147-20190626,Picus canus
Platalea leucorodia,Birds,I,FALSE,taxon,2480801,2480801,EXACT,SPECIES,Platalea leucorodia,TRUE,Animalia,Aves,Platalea,,02009L0147-20190626,Platalea leucorodia
Plegadis falcinellus,Birds,I,FALSE,taxon,2480773,2480773,EXACT,SPECIES,Plegadis falcinellus,TRUE,Animalia,Aves,Plegadis,,02009L0147-20190626,Plegadis falcinellus
Pluvialis apricaria,Birds,I,FALSE,taxon,2480332,2480332,EXACT,SPECIES,Pluvialis apricaria,TRUE,Animalia,Aves,Pluvialis,,02009L0147-20190626,Pluvialis apricaria
Podiceps auritus,Birds,I,FALSE,taxon,2482059,2482059,EXACT,SPECIES,Podiceps auritus,TRUE,Animalia,Aves,Podiceps,,02009L0147-20190626,Podiceps auritus
Polysticta stelleri,Birds,I,FALSE,taxon,5232431,5232431,EXACT,SPECIES,Polysticta stelleri,TRUE,Animalia,Aves,Polysticta,,02009L0147-20190626,Polysticta stelleri
Porphyrio porphyrio,Birds,I,FALSE,taxon,2474416,2474416,EXACT,SPECIES,Porphyrio porphyrio,TRUE,Animalia,Aves,Porphyrio,,02009L0147-20190626,Porphyrio porphyrio
Porzana parva,Birds,I,FALSE,taxon,2474627,2474627,EXACT,SPECIES,Porzana parva,TRUE,Animalia,Aves,Porzana,,02009L0147-20190626,Porzana parva
Porzana porzana,Birds,I,FALSE,taxon,2474621,2474621,EXACT,SPECIES,Porzana porzana,TRUE,Animalia,Aves,Porzana,,02009L0147-20190626,Porzana porzana
Porzana pusilla,Birds,I,FALSE,taxon,2474628,2474628,EXACT,SPECIES,Porzana pusilla,TRUE,Animalia,Aves,Porzana,,02009L0147-20190626,Porzana pusilla
Pterocles alchata,Birds,I,FALSE,taxon,2480204,2480204,EXACT,SPECIES,Pterocles alchata,TRUE,Animalia,Aves,Pterocles,,02009L0147-20190626,Pterocles alchata
Pterocles orientalis,Birds,I,FALSE,taxon,2480193,2480193,EXACT,SPECIES,Pterocles orientalis,TRUE,Animalia,Aves,Pterocles,,02009L0147-20190626,Pterocles orientalis
Pterodroma feae,Birds,I,FALSE,taxon,2481473,2481473,EXACT,SPECIES,Pterodroma feae,TRUE,Animalia,Aves,Pterodroma,,02009L0147-20190626,Pterodroma feae
Pterodroma madeira,Birds,I,FALSE,taxon,2481463,2481463,EXACT,SPECIES,Pterodroma madeira,TRUE,Animalia,Aves,Pterodroma,,02009L0147-20190626,Pterodroma madeira
Puffinus assimilis,Birds,I,FALSE,taxon,5739275,5739275,EXACT,SPECIES,Puffinus assimilis,TRUE,Animalia,Aves,Puffinus,,02009L0147-20190626,Puffinus assimilis
Puffinus puffinus mauretanicus,Birds,I,FALSE,taxon,6486580,5229360,EXACT,SUBSPECIES,Puffinus mauretanicus,FALSE,Animalia,Aves,Puffinus,Puffinus mauretanicus,02009L0147-20190626,Puffinus puffinus mauretanicus (Puffinus mauretanicus)
Puffinus yelkouan,Birds,I,FALSE,taxon,5229377,5229377,EXACT,SPECIES,Puffinus yelkouan,TRUE,Animalia,Aves,Puffinus,,02009L0147-20190626,Puffinus yelkouan
Pyrrhocorax pyrrhocorax,Birds,I,FALSE,taxon,2482552,2482552,EXACT,SPECIES,Pyrrhocorax pyrrhocorax,TRUE,Animalia,Aves,Pyrrhocorax,,02009L0147-20190626,Pyrrhocorax pyrrhocorax
Pyrrhula murina,Birds,I,FALSE,taxon,4408970,4408970,EXACT,SPECIES,Pyrrhula murina,TRUE,Animalia,Aves,Pyrrhula,Pyrrhula pyrrhula murina,02009L0147-20190626,Pyrrhula murina (Pyrrhula pyrrhula murina)
Recurvirostra avosetta,Birds,I,FALSE,taxon,2480259,2480259,EXACT,SPECIES,Recurvirostra avosetta,TRUE,Animalia,Aves,Recurvirostra,,02009L0147-20190626,Recurvirostra avosetta
Saxicola dacotiae,Birds,I,FALSE,taxon,2492522,2492522,EXACT,SPECIES,Saxicola dacotiae,TRUE,Animalia,Aves,Saxicola,,02009L0147-20190626,Saxicola dacotiae
Sitta krueperi,Birds,I,FALSE,taxon,2484880,2484880,EXACT,SPECIES,Sitta krueperi,TRUE,Animalia,Aves,Sitta,,02009L0147-20190626,Sitta krueperi
Sitta whiteheadi,Birds,I,FALSE,taxon,2484886,2484886,EXACT,SPECIES,Sitta whiteheadi,TRUE,Animalia,Aves,Sitta,,02009L0147-20190626,Sitta whiteheadi
Sterna albifrons,Birds,I,FALSE,taxon,5229215,5789279,EXACT,SPECIES,Sternula albifrons,TRUE,Animalia,Aves,Sternula,,02009L0147-20190626,Sterna albifrons
Sterna caspia,Birds,I,FALSE,taxon,5229221,2481236,EXACT,SPECIES,Hydroprogne caspia,TRUE,Animalia,Aves,Hydroprogne,,02009L0147-20190626,Sterna caspia
Sterna dougallii,Birds,I,FALSE,taxon,5229249,5229249,EXACT,SPECIES,Sterna dougallii,TRUE,Animalia,Aves,Sterna,,02009L0147-20190626,Sterna dougallii
Sterna hirundo,Birds,I,FALSE,taxon,9367409,9367409,EXACT,SPECIES,Sterna hirundo,TRUE,Animalia,Aves,Sterna,,02009L0147-20190626,Sterna hirundo
Sterna paradisaea,Birds,I,FALSE,taxon,5229230,5229230,EXACT,SPECIES,Sterna paradisaea,TRUE,Animalia,Aves,Sterna,,02009L0147-20190626,Sterna paradisaea
Sterna sandvicensis,Birds,I,FALSE,taxon,5229223,2481240,EXACT,SPECIES,Thalasseus sandvicensis,TRUE,Animalia,Aves,Thalasseus,,02009L0147-20190626,Sterna sandvicensis
Strix nebulosa,Birds,I,FALSE,taxon,2497522,2497522,EXACT,SPECIES,Strix nebulosa,TRUE,Animalia,Aves,Strix,,02009L0147-20190626,Strix nebulosa
Strix uralensis,Birds,I,FALSE,taxon,2497509,2497509,EXACT,SPECIES,Strix uralensis,TRUE,Animalia,Aves,Strix,,02009L0147-20190626,Strix uralensis
Surnia ulula,Birds,I,FALSE,taxon,2497894,2497894,EXACT,SPECIES,Surnia ulula,TRUE,Animalia,Aves,Surnia,,02009L0147-20190626,Surnia ulula
Sylvia melanothorax,Birds,I,FALSE,taxon,2492953,2492953,EXACT,SPECIES,Sylvia melanothorax,TRUE,Animalia,Aves,Sylvia,,02009L0147-20190626,Sylvia melanothorax
Sylvia nisoria,Birds,I,FALSE,taxon,2492955,2492955,EXACT,SPECIES,Sylvia nisoria,TRUE,Animalia,Aves,Sylvia,,02009L0147-20190626,Sylvia nisoria
Sylvia rueppelli,Birds,I,FALSE,taxon,2492947,6100917,EXACT,SPECIES,Sylvia ruppeli,TRUE,Animalia,Aves,Sylvia,,02009L0147-20190626,Sylvia rueppelli
Sylvia sarda,Birds,I,FALSE,taxon,2492965,2492965,EXACT,SPECIES,Sylvia sarda,TRUE,Animalia,Aves,Sylvia,,02009L0147-20190626,Sylvia sarda
Sylvia undata,Birds,I,FALSE,taxon,2492949,2492949,EXACT,SPECIES,Sylvia undata,TRUE,Animalia,Aves,Sylvia,,02009L0147-20190626,Sylvia undata
Tadorna ferruginea,Birds,I,FALSE,taxon,2498015,2498015,EXACT,SPECIES,Tadorna ferruginea,TRUE,Animalia,Aves,Tadorna,,02009L0147-20190626,Tadorna ferruginea
Tetrao tetrix tetrix,Birds,I,FALSE,taxon,7340147,2473682,EXACT,SUBSPECIES,Lyrurus tetrix,FALSE,Animalia,Aves,Lyrurus,,02009L0147-20190626,Tetrao tetrix tetrix
Tetrao urogallus,Birds,I,FALSE,taxon,2473577,2473577,EXACT,SPECIES,Tetrao urogallus,TRUE,Animalia,Aves,Tetrao,,02009L0147-20190626,Tetrao urogallus
Tetrax tetrax,Birds,I,FALSE,taxon,5228228,5228228,EXACT,SPECIES,Tetrax tetrax,TRUE,Animalia,Aves,Tetrax,,02009L0147-20190626,Tetrax tetrax
Tringa glareola,Birds,I,FALSE,taxon,2481713,2481713,EXACT,SPECIES,Tringa glareola,TRUE,Animalia,Aves,Tringa,,02009L0147-20190626,Tringa glareola
Troglodytes troglodytes fridariensis,Birds,I,FALSE,taxon,5739334,5231438,EXACT,SUBSPECIES,Troglodytes troglodytes,FALSE,Animalia,Aves,Troglodytes,,02009L0147-20190626,Troglodytes troglodytes fridariensis
Turnix sylvatica,Birds,I,FALSE,taxon,2475001,2475001,VARIANT,SPECIES,Turnix sylvaticus,TRUE,Animalia,Aves,Turnix,,02009L0147-20190626,Turnix sylvatica
Uria aalge ibericus,Birds,I,FALSE,taxon,6486613,2481342,EXACT,SUBSPECIES,Uria aalge,FALSE,Animalia,Aves,Uria,,02009L0147-20190626,Uria aalge ibericus
Xenus cinereus,Birds,I,FALSE,taxon,2481703,2481703,EXACT,SPECIES,Xenus cinereus,TRUE,Animalia,Aves,Xenus,Tringa cinerea,02009L0147-20190626,Xenus cinereus (Tringa cinerea)
Alauda arvensis,Birds,II,FALSE,taxon,8077224,8077224,EXACT,SPECIES,Alauda arvensis,TRUE,Animalia,Aves,Alauda,,02009L0147-20190626,Alauda arvensis
Alectoris barbara,Birds,II,FALSE,taxon,2474045,2474045,EXACT,SPECIES,Alectoris barbara,TRUE,Animalia,Aves,Alectoris,,02009L0147-20190626,Alectoris barbara
Alectoris chukar,Birds,II,FALSE,taxon,2474029,2474029,EXACT,SPECIES,Alectoris chukar,TRUE,Animalia,Aves,Alectoris,,02009L0147-20190626,Alectoris chukar
Alectoris graeca,Birds,II,FALSE,taxon,2474055,2474055,EXACT,SPECIES,Alectoris graeca,TRUE,Animalia,Aves,Alectoris,,02009L0147-20190626,Alectoris graeca
Alectoris rufa,Birds,II,FALSE,taxon,2474051,2474051,EXACT,SPECIES,Alectoris rufa,TRUE,Animalia,Aves,Alectoris,,02009L0147-20190626,Alectoris rufa
Anas acuta,Birds,II,FALSE,taxon,2498112,2498112,EXACT,SPECIES,Anas acuta,TRUE,Animalia,Aves,Anas,,02009L0147-20190626,Anas acuta
Anas clypeata,Birds,II,FALSE,taxon,2498089,8332393,EXACT,SPECIES,Spatula clypeata,TRUE,Animalia,Aves,Spatula,,02009L0147-20190626,Anas clypeata
Anas crecca,Birds,II,FALSE,taxon,8214667,8214667,EXACT,SPECIES,Anas crecca,TRUE,Animalia,Aves,Anas,,02009L0147-20190626,Anas crecca
Anas penelope,Birds,II,FALSE,taxon,2498111,8000602,EXACT,SPECIES,Mareca penelope,TRUE,Animalia,Aves,Mareca,,02009L0147-20190626,Anas penelope
Anas platyrhynchos,Birds,II,FALSE,taxon,9761484,9761484,EXACT,SPECIES,Anas platyrhynchos,TRUE,Animalia,Aves,Anas,,02009L0147-20190626,Anas platyrhynchos
Anas querquedula,Birds,II,FALSE,taxon,2498083,9274012,EXACT,SPECIES,Spatula querquedula,TRUE,Animalia,Aves,Spatula,,02009L0147-20190626,Anas querquedula
Anas strepera,Birds,II,FALSE,taxon,2498151,9362027,EXACT,SPECIES,Mareca strepera,TRUE,Animalia,Aves,Mareca,,02009L0147-20190626,Anas strepera
Anser albifrons,Birds,II,FALSE,taxon,2498017,2498017,EXACT,SPECIES,Anser albifrons,TRUE,Animalia,Aves,Anser,,02009L0147-20190626,Anser albifrons
Anser anser,Birds,II,FALSE,taxon,2498036,2498036,EXACT,SPECIES,Anser anser,TRUE,Animalia,Aves,Anser,,02009L0147-20190626,Anser anser
Anser brachyrhynchus,Birds,II,FALSE,taxon,2498024,2498024,EXACT,SPECIES,Anser brachyrhynchus,TRUE,Animalia,Aves,Anser,,02009L0147-20190626,Anser brachyrhynchus
Anser fabalis,Birds,II,FALSE,taxon,2498027,2498027,EXACT,SPECIES,Anser fabalis,TRUE,Animalia,Aves,Anser,,02009L0147-20190626,Anser fabalis
Aythya ferina,Birds,II,FALSE,taxon,2498255,2498255,EXACT,SPECIES,Aythya ferina,TRUE,Animalia,Aves,Aythya,,02009L0147-20190626,Aythya ferina
Aythya fuligula,Birds,II,FALSE,taxon,2498261,2498261,EXACT,SPECIES,Aythya fuligula,TRUE,Animalia,Aves,Aythya,,02009L0147-20190626,Aythya fuligula
Aythya marila,Birds,II,FALSE,taxon,2498265,2498265,EXACT,SPECIES,Aythya marila,TRUE,Animalia,Aves,Aythya,,02009L0147-20190626,Aythya marila
Bonasa bonasia,Birds,II,FALSE,taxon,2473671,2473663,EXACT,SPECIES,Tetrastes bonasia,TRUE,Animalia,Aves,Tetrastes,,02009L0147-20190626,Bonasa bonasia
Branta bernicla,Birds,II,FALSE,taxon,5232446,5232446,EXACT,SPECIES,Branta bernicla,TRUE,Animalia,Aves,Branta,,02009L0147-20190626,Branta bernicla
Branta canadensis,Birds,II,FALSE,taxon,5232437,5232437,EXACT,SPECIES,Branta canadensis,TRUE,Animalia,Aves,Branta,,02009L0147-20190626,Branta canadensis
Bucephala clangula,Birds,II,FALSE,taxon,2498326,2498326,EXACT,SPECIES,Bucephala clangula,TRUE,Animalia,Aves,Bucephala,,02009L0147-20190626,Bucephala clangula
Calidris canutus,Birds,II,FALSE,taxon,2481765,2481765,EXACT,SPECIES,Calidris canutus,TRUE,Animalia,Aves,Calidris,,02009L0147-20190626,Calidris canutus
Clangula hyemalis,Birds,II,FALSE,taxon,2498273,2498273,EXACT,SPECIES,Clangula hyemalis,TRUE,Animalia,Aves,Clangula,,02009L0147-20190626,Clangula hyemalis
Columba livia,Birds,II,FALSE,taxon,2495414,2495414,EXACT,SPECIES,Columba livia,TRUE,Animalia,Aves,Columba,,02009L0147-20190626,Columba livia
Columba oenas,Birds,II,FALSE,taxon,2495471,2495471,EXACT,SPECIES,Columba oenas,TRUE,Animalia,Aves,Columba,,02009L0147-20190626,Columba oenas
Columba palumbus,Birds,II,FALSE,taxon,2495455,2495455,EXACT,SPECIES,Columba palumbus,TRUE,Animalia,Aves,Columba,,02009L0147-20190626,Columba palumbus
Corvus corone,Birds,II,FALSE,taxon,9409796,9409796,EXACT,SPECIES,Corvus corone,TRUE,Animalia,Aves,Corvus,,02009L0147-20190626,Corvus corone
Corvus frugilegus,Birds,II,FALSE,taxon,2482513,2482513,EXACT,SPECIES,Corvus frugilegus,TRUE,Animalia,Aves,Corvus,,02009L0147-20190626,Corvus frugilegus
Corvus monedula,Birds,II,FALSE,taxon,2482473,6100954,EXACT,SPECIES,Coloeus monedula,TRUE,Animalia,Aves,Coloeus,,02009L0147-20190626,Corvus monedula
Coturnix coturnix,Birds,II,FALSE,taxon,2474156,2474156,EXACT,SPECIES,Coturnix coturnix,TRUE,Animalia,Aves,Coturnix,,02009L0147-20190626,Coturnix coturnix
Cygnus olor,Birds,II,FALSE,taxon,2498343,2498343,EXACT,SPECIES,Cygnus olor,TRUE,Animalia,Aves,Cygnus,,02009L0147-20190626,Cygnus olor
Francolinus francolinus,Birds,II,FALSE,taxon,5227919,5227919,EXACT,SPECIES,Francolinus francolinus,TRUE,Animalia,Aves,Francolinus,,02009L0147-20190626,Francolinus francolinus
Fulica atra,Birds,II,FALSE,taxon,2474377,2474377,EXACT,SPECIES,Fulica atra,TRUE,Animalia,Aves,Fulica,,02009L0147-20190626,Fulica atra
Gallinago gallinago,Birds,II,FALSE,taxon,2481819,2481819,EXACT,SPECIES,Gallinago gallinago,TRUE,Animalia,Aves,Gallinago,,02009L0147-20190626,Gallinago gallinago
Gallinula chloropus,Birds,II,FALSE,taxon,5228199,5228199,EXACT,SPECIES,Gallinula chloropus,TRUE,Animalia,Aves,Gallinula,,02009L0147-20190626,Gallinula chloropus
Garrulus glandarius,Birds,II,FALSE,taxon,5229493,5229493,EXACT,SPECIES,Garrulus glandarius,TRUE,Animalia,Aves,Garrulus,,02009L0147-20190626,Garrulus glandarius
Haematopus ostralegus,Birds,II,FALSE,taxon,7788295,7788295,EXACT,SPECIES,Haematopus ostralegus,TRUE,Animalia,Aves,Haematopus,,02009L0147-20190626,Haematopus ostralegus
Lagopus lagopus hibernicus,Birds,II,FALSE,taxon,9039582,2473421,VARIANT,SUBSPECIES,Lagopus lagopus,FALSE,Animalia,Aves,Lagopus,,02009L0147-20190626,Lagopus lagopus hibernicus
Lagopus lagopus lagopus,Birds,II,FALSE,taxon,7191034,2473421,EXACT,SUBSPECIES,Lagopus lagopus,FALSE,Animalia,Aves,Lagopus,,02009L0147-20190626,Lagopus lagopus lagopus
Lagopus lagopus scoticus,Birds,II,FALSE,taxon,5227742,2473421,VARIANT,SUBSPECIES,Lagopus lagopus,FALSE,Animalia,Aves,Lagopus,,02009L0147-20190626,Lagopus lagopus scoticus
Lagopus mutus,Birds,II,FALSE,taxon,5227679,5227679,VARIANT,SPECIES,Lagopus muta,TRUE,Animalia,Aves,Lagopus,,02009L0147-20190626,Lagopus mutus
Larus argentatus,Birds,II,FALSE,taxon,2481139,2481139,EXACT,SPECIES,Larus argentatus,TRUE,Animalia,Aves,Larus,,02009L0147-20190626,Larus argentatus
Larus cachinnans,Birds,II,FALSE,taxon,2481181,2481181,EXACT,SPECIES,Larus cachinnans,TRUE,Animalia,Aves,Larus,,02009L0147-20190626,Larus cachinnans
Larus canus,Birds,II,FALSE,taxon,7982160,7982160,EXACT,SPECIES,Larus canus,TRUE,Animalia,Aves,Larus,,02009L0147-20190626,Larus canus
Larus fuscus,Birds,II,FALSE,taxon,2481174,2481174,EXACT,SPECIES,Larus fuscus,TRUE,Animalia,Aves,Larus,,02009L0147-20190626,Larus fuscus
Larus marinus,Birds,II,FALSE,taxon,2481172,2481172,EXACT,SPECIES,Larus marinus,TRUE,Animalia,Aves,Larus,,02009L0147-20190626,Larus marinus
Larus ridibundus,Birds,II,FALSE,taxon,2481137,6065824,EXACT,SPECIES,Chroicocephalus ridibundus,TRUE,Animalia,Aves,Chroicocephalus,,02009L0147-20190626,Larus ridibundus
Limosa lapponica,Birds,II,FALSE,taxon,2481681,2481681,EXACT,SPECIES,Limosa lapponica,TRUE,Animalia,Aves,Limosa,,02009L0147-20190626,Limosa lapponica
Limosa limosa,Birds,II,FALSE,taxon,2481685,2481685,EXACT,SPECIES,Limosa limosa,TRUE,Animalia,Aves,Limosa,,02009L0147-20190626,Limosa limosa
Lymnocryptes minimus,Birds,II,FALSE,taxon,2481835,2481835,EXACT,SPECIES,Lymnocryptes minimus,TRUE,Animalia,Aves,Lymnocryptes,,02009L0147-20190626,Lymnocryptes minimus
Melanitta fusca,Birds,II,FALSE,taxon,2498238,2498238,EXACT,SPECIES,Melanitta fusca,TRUE,Animalia,Aves,Melanitta,,02009L0147-20190626,Melanitta fusca
Melanitta nigra,Birds,II,FALSE,taxon,2498247,2498247,EXACT,SPECIES,Melanitta nigra,TRUE,Animalia,Aves,Melanitta,,02009L0147-20190626,Melanitta nigra
Meleagris gallopavo,Birds,II,FALSE,taxon,9606290,9606290,EXACT,SPECIES,Meleagris gallopavo,TRUE,Animalia,Aves,Meleagris,,02009L0147-20190626,Meleagris gallopavo
Mergus merganser,Birds,II,FALSE,taxon,9537647,9537647,EXACT,SPECIES,Mergus merganser,TRUE,Animalia,Aves,Mergus,,02009L0147-20190626,Mergus merganser
Mergus serrator,Birds,II,FALSE,taxon,2498375,2498375,EXACT,SPECIES,Mergus serrator,TRUE,Animalia,Aves,Mergus,,02009L0147-20190626,Mergus serrator
Netta rufina,Birds,II,FALSE,taxon,2498180,2498180,EXACT,SPECIES,Netta rufina,TRUE,Animalia,Aves,Netta,,02009L0147-20190626,Netta rufina
Numenius arquata,Birds,II,FALSE,taxon,2481792,2481792,EXACT,SPECIES,Numenius arquata,TRUE,Animalia,Aves,Numenius,,02009L0147-20190626,Numenius arquata
Numenius phaeopus,Birds,II,FALSE,taxon,2481784,2481784,EXACT,SPECIES,Numenius phaeopus,TRUE,Animalia,Aves,Numenius,,02009L0147-20190626,Numenius phaeopus
Perdix perdix,Birds,II,FALSE,taxon,2473958,2473958,EXACT,SPECIES,Perdix perdix,TRUE,Animalia,Aves,Perdix,,02009L0147-20190626,Perdix perdix
Phasianus colchicus,Birds,II,FALSE,taxon,9752149,9752149,EXACT,SPECIES,Phasianus colchicus,TRUE,Animalia,Aves,Phasianus,,02009L0147-20190626,Phasianus colchicus
Philomachus pugnax,Birds,II,FALSE,taxon,5229387,8250742,EXACT,SPECIES,Calidris pugnax,TRUE,Animalia,Aves,Calidris,,02009L0147-20190626,Philomachus pugnax
Pica pica,Birds,II,FALSE,taxon,5229490,5229490,EXACT,SPECIES,Pica pica,TRUE,Animalia,Aves,Pica,,02009L0147-20190626,Pica pica
Pluvialis apricaria,Birds,II,FALSE,taxon,2480332,2480332,EXACT,SPECIES,Pluvialis apricaria,TRUE,Animalia,Aves,Pluvialis,,02009L0147-20190626,Pluvialis apricaria
Pluvialis squatarola,Birds,II,FALSE,taxon,2480327,2480327,EXACT,SPECIES,Pluvialis squatarola,TRUE,Animalia,Aves,Pluvialis,,02009L0147-20190626,Pluvialis squatarola
Rallus aquaticus,Birds,II,FALSE,taxon,2474831,2474831,EXACT,SPECIES,Rallus aquaticus,TRUE,Animalia,Aves,Rallus,,02009L0147-20190626,Rallus aquaticus
Scolopax rusticola,Birds,II,FALSE,taxon,2481700,2481700,EXACT,SPECIES,Scolopax rusticola,TRUE,Animalia,Aves,Scolopax,,02009L0147-20190626,Scolopax rusticola
Somateria mollissima,Birds,II,FALSE,taxon,2498352,2498352,EXACT,SPECIES,Somateria mollissima,TRUE,Animalia,Aves,Somateria,,02009L0147-20190626,Somateria mollissima
Streptopelia decaocto,Birds,II,FALSE,taxon,2495696,2495696,EXACT,SPECIES,Streptopelia decaocto,TRUE,Animalia,Aves,Streptopelia,,02009L0147-20190626,Streptopelia decaocto
Streptopelia turtur,Birds,II,FALSE,taxon,2495708,2495708,EXACT,SPECIES,Streptopelia turtur,TRUE,Animalia,Aves,Streptopelia,,02009L0147-20190626,Streptopelia turtur
Sturnus vulgaris,Birds,II,FALSE,taxon,9809229,9809229,EXACT,SPECIES,Sturnus vulgaris,TRUE,Animalia,Aves,Sturnus,,02009L0147-20190626,Sturnus vulgaris
Tetrao tetrix,Birds,II,FALSE,taxon,8379871,2473682,EXACT,SPECIES,Lyrurus tetrix,TRUE,Animalia,Aves,Lyrurus,,02009L0147-20190626,Tetrao tetrix
Tetrao urogallus,Birds,II,FALSE,taxon,2473577,2473577,EXACT,SPECIES,Tetrao urogallus,TRUE,Animalia,Aves,Tetrao,,02009L0147-20190626,Tetrao urogallus
Tringa erythropus,Birds,II,FALSE,taxon,2481725,2481725,EXACT,SPECIES,Tringa erythropus,TRUE,Animalia,Aves,Tringa,,02009L0147-20190626,Tringa erythropus
Tringa nebularia,Birds,II,FALSE,taxon,2481726,2481726,EXACT,SPECIES,Tringa nebularia,TRUE,Animalia,Aves,Tringa,,02009L0147-20190626,Tringa nebularia
Tringa totanus,Birds,II,FALSE,taxon,2481714,2481714,EXACT,SPECIES,Tringa totanus,TRUE,Animalia,Aves,Tringa,,02009L0147-20190626,Tringa totanus
Turdus iliacus,Birds,II,FALSE,taxon,2490781,2490781,EXACT,SPECIES,Turdus iliacus,TRUE,Animalia,Aves,Turdus,,02009L0147-20190626,Turdus iliacus
Turdus merula,Birds,II,FALSE,taxon,2490719,2490719,EXACT,SPECIES,Turdus merula,TRUE,Animalia,Aves,Turdus,,02009L0147-20190626,Turdus merula
Turdus philomelos,Birds,II,FALSE,taxon,7901064,7901064,EXACT,SPECIES,Turdus philomelos,TRUE,Animalia,Aves,Turdus,,02009L0147-20190626,Turdus philomelos
Turdus pilaris,Birds,II,FALSE,taxon,2490737,2490737,EXACT,SPECIES,Turdus pilaris,TRUE,Animalia,Aves,Turdus,,02009L0147-20190626,Turdus pilaris
Turdus viscivorus,Birds,II,FALSE,taxon,2490774,2490774,EXACT,SPECIES,Turdus viscivorus,TRUE,Animalia,Aves,Turdus,,02009L0147-20190626,Turdus viscivorus
Vanellus vanellus,Birds,II,FALSE,taxon,2480242,2480242,EXACT,SPECIES,Vanellus vanellus,TRUE,Animalia,Aves,Vanellus,,02009L0147-20190626,Vanellus vanellus
Abies nebrodensis,Habitats,II,TRUE,taxon,2685577,2685577,EXACT,SPECIES,Abies nebrodensis,TRUE,Plantae,Pinopsida,Abies,,01992L0043-20130701,* Abies nebrodensis
Acipenser naccarii,Habitats,II,TRUE,taxon,2402193,2402193,EXACT,SPECIES,Acipenser naccarii,TRUE,Animalia,,Acipenser,,01992L0043-20130701,* Acipenser naccarii
Acipenser sturio,Habitats,II,TRUE,taxon,2402203,2402203,EXACT,SPECIES,Acipenser sturio,TRUE,Animalia,,Acipenser,,01992L0043-20130701,* Acipenser sturio
Aconitum firmum moravicum,Habitats,II,FALSE,taxon,3925422,7277348,EXACT,SUBSPECIES,Aconitum firmum,FALSE,Plantae,Magnoliopsida,Aconitum,,01992L0043-20130701,Aconitum firmum moravicum
Adenophora lilifolia,Habitats,II,FALSE,taxon,5604715,5604715,EXACT,SPECIES,Adenophora lilifolia,TRUE,Plantae,Magnoliopsida,Adenophora,,01992L0043-20130701,Adenophora lilifolia
Adonis distorta,Habitats,II,FALSE,taxon,5616499,5616499,EXACT,SPECIES,Adonis distorta,TRUE,Plantae,Magnoliopsida,Adonis,,01992L0043-20130701,Adonis distorta
Aeonium gomeraense,Habitats,II,FALSE,taxon,4198135,4198135,VARIANT,SPECIES,Aeonium gomerense,TRUE,Plantae,Magnoliopsida,Aeonium,,01992L0043-20130701,Aeonium gomeraense
Aeonium saundersii,Habitats,II,FALSE,taxon,4197651,4197651,EXACT,SPECIES,Aeonium saundersii,TRUE,Plantae,Magnoliopsida,Aeonium,,01992L0043-20130701,Aeonium saundersii
Agathidium pulchellum,Habitats,II,FALSE,taxon,5747828,5747828,EXACT,SPECIES,Agathidium pulchellum,TRUE,Animalia,Insecta,Agathidium,,01992L0043-20130701,Agathidium pulchellum
Agriades glandon aquilo,Habitats,II,FALSE,taxon,6236775,1926054,VARIANT,SUBSPECIES,Agriades glandon,FALSE,Animalia,Insecta,Agriades,,01992L0043-20130701,Agriades glandon aquilo
Agrimonia pilosa,Habitats,II,FALSE,taxon,3002003,3002003,EXACT,SPECIES,Agrimonia pilosa,TRUE,Plantae,Magnoliopsida,Agrimonia,,01992L0043-20130701,Agrimonia pilosa
Aichryson dumosum,Habitats,II,FALSE,taxon,4197241,4197241,EXACT,SPECIES,Aichryson dumosum,TRUE,Plantae,Magnoliopsida,Aichryson,,01992L0043-20130701,Aichryson dumosum
Alburnus albidus,Habitats,II,FALSE,taxon,2362920,2362920,EXACT,SPECIES,Alburnus albidus,TRUE,Animalia,,Alburnus,Alburnus vulturius,01992L0043-20130701,Alburnus albidus (Alburnus vulturius)
Aldrovanda vesiculosa,Habitats,II,FALSE,taxon,3190715,3190715,EXACT,SPECIES,Aldrovanda vesiculosa,TRUE,Plantae,Magnoliopsida,Aldrovanda,,01992L0043-20130701,Aldrovanda vesiculosa
Alisma wahlenbergii,Habitats,II,TRUE,taxon,2865134,2865134,EXACT,SPECIES,Alisma wahlenbergii,TRUE,Plantae,Liliopsida,Alisma,,01992L0043-20130701,* Alisma wahlenbergii
Allium grosii,Habitats,II,FALSE,taxon,2855945,2855945,EXACT,SPECIES,Allium grosii,TRUE,Plantae,Liliopsida,Allium,,01992L0043-20130701,Allium grosii
Alopex lagopus,Habitats,II,TRUE,taxon,2434532,5219303,EXACT,SPECIES,Vulpes lagopus,TRUE,Animalia,Mammalia,Vulpes,,01992L0043-20130701,* Alopex lagopus
Alosa,Habitats,II,FALSE,taxon,2412615,,EXACT,GENUS,,,Animalia,,Alosa,,01992L0043-20130701,Alosa
Alyssum pyrenaicum,Habitats,II,FALSE,taxon,,,HIGHERRANK,FAMILY,,,Plantae,Magnoliopsida,,,01992L0043-20130701,Alyssum pyrenaicum
Alytes muletensis,Habitats,II,TRUE,taxon,2426609,2426609,EXACT,SPECIES,Alytes muletensis,TRUE,Animalia,Amphibia,Alytes,,01992L0043-20130701,* Alytes muletensis
Ammi trifoliatum,Habitats,II,FALSE,taxon,3631681,3631681,EXACT,SPECIES,Ammi trifoliatum,TRUE,Plantae,Magnoliopsida,Ammi,,01992L0043-20130701,Ammi trifoliatum
Anacamptis urvilleana,Habitats,II,FALSE,taxon,2808337,2808330,EXACT,SPECIES,Anacamptis pyramidalis,FALSE,Plantae,Liliopsida,Anacamptis,,01992L0043-20130701,Anacamptis urvilleana
Anaecypris hispanica,Habitats,II,FALSE,taxon,2360380,2360380,EXACT,SPECIES,Anaecypris hispanica,TRUE,Animalia,,Anaecypris,,01992L0043-20130701,Anaecypris hispanica
Anagyris latifolia,Habitats,II,TRUE,taxon,3965840,3965840,EXACT,SPECIES,Anagyris latifolia,TRUE,Plantae,Magnoliopsida,Anagyris,,01992L0043-20130701,* Anagyris latifolia
Anchusa crispa,Habitats,II,FALSE,taxon,8257208,8257208,EXACT,SPECIES,Anchusa crispa,TRUE,Plantae,Magnoliopsida,Anchusa,,01992L0043-20130701,Anchusa crispa
Androcymbium psammophilum,Habitats,II,TRUE,taxon,2740587,2740588,EXACT,SPECIES,Colchicum psammophilum,TRUE,Plantae,Liliopsida,Colchicum,,01992L0043-20130701,* Androcymbium psammophilum
Androcymbium rechingeri,Habitats,II,TRUE,taxon,2740521,2740522,EXACT,SPECIES,Colchicum rechingeri,TRUE,Plantae,Liliopsida,Colchicum,,01992L0043-20130701,* Androcymbium rechingeri
Androsace mathildae,Habitats,II,FALSE,taxon,4005922,4005922,EXACT,SPECIES,Androsace mathildae,TRUE,Plantae,Magnoliopsida,Androsace,,01992L0043-20130701,Androsace mathildae
Androsace pyrenaica,Habitats,II,FALSE,taxon,4005170,4005170,EXACT,SPECIES,Androsace pyrenaica,TRUE,Plantae,Magnoliopsida,Androsace,,01992L0043-20130701,Androsace pyrenaica
Andryala crithmifolia,Habitats,II,FALSE,taxon,3105531,3105531,EXACT,SPECIES,Andryala crithmifolia,TRUE,Plantae,Magnoliopsida,Andryala,,01992L0043-20130701,Andryala crithmifolia
Angelica heterocarpa,Habitats,II,TRUE,taxon,5928331,5928331,EXACT,SPECIES,Angelica heterocarpa,TRUE,Plantae,Magnoliopsida,Angelica,,01992L0043-20130701,* Angelica heterocarpa
Angelica palustris,Habitats,II,FALSE,taxon,5537570,3637114,EXACT,SPECIES,Ostericum palustre,TRUE,Plantae,Magnoliopsida,Ostericum,,01992L0043-20130701,Angelica palustris
Anisus vorticulus,Habitats,II,FALSE,taxon,4562143,4562143,EXACT,SPECIES,Anisus vorticulus,TRUE,Animalia,Gastropoda,Anisus,,01992L0043-20130701,Anisus vorticulus
Anthemis glaberrima,Habitats,II,TRUE,taxon,3122645,3122645,EXACT,SPECIES,Anthemis glaberrima,TRUE,Plantae,Magnoliopsida,Anthemis,,01992L0043-20130701,* Anthemis glaberrima
Anthrenochernes stellae,Habitats,II,FALSE,taxon,2127372,2127372,EXACT,SPECIES,Anthrenochernes stellae,TRUE,Animalia,Arachnida,Anthrenochernes,,01992L0043-20130701,Anthrenochernes stellae
Anthyllis hystrix,Habitats,II,FALSE,taxon,5352343,5352343,EXACT,SPECIES,Anthyllis hystrix,TRUE,Plantae,Magnoliopsida,Anthyllis,,01992L0043-20130701,Anthyllis hystrix
Anthyllis lemanniana,Habitats,II,FALSE,taxon,5352359,5352359,EXACT,SPECIES,Anthyllis lemanniana,TRUE,Plantae,Magnoliopsida,Anthyllis,,01992L0043-20130701,Anthyllis lemanniana
Antirrhinum charidemi,Habitats,II,FALSE,taxon,3741143,3741143,EXACT,SPECIES,Antirrhinum charidemi,TRUE,Plantae,Magnoliopsida,Antirrhinum,,01992L0043-20130701,Antirrhinum charidemi
Aphanius fasciatus,Habitats,II,FALSE,taxon,2348104,2348104,EXACT,SPECIES,Aphanius fasciatus,TRUE,Animalia,,Aphanius,,01992L0043-20130701,Aphanius fasciatus
Aphanius iberus,Habitats,II,FALSE,taxon,2348049,2348049,EXACT,SPECIES,Aphanius iberus,TRUE,Animalia,,Aphanius,,01992L0043-20130701,Aphanius iberus
Apium bermejoi,Habitats,II,TRUE,taxon,5539900,5831893,EXACT,SPECIES,Helosciadium bermejoi,TRUE,Plantae,Magnoliopsida,Helosciadium,,01992L0043-20130701,* Apium bermejoi
Apium repens,Habitats,II,FALSE,taxon,7808195,7456091,EXACT,SPECIES,Helosciadium repens,TRUE,Plantae,Magnoliopsida,Helosciadium,,01992L0043-20130701,Apium repens
Apteromantis aptera,Habitats,II,FALSE,taxon,1405466,1405466,EXACT,SPECIES,Apteromantis aptera,TRUE,Animalia,Insecta,Apteromantis,,01992L0043-20130701,Apteromantis aptera
Aquilegia bertolonii,Habitats,II,FALSE,taxon,3921309,3921309,EXACT,SPECIES,Aquilegia bertolonii,TRUE,Plantae,Magnoliopsida,Aquilegia,,01992L0043-20130701,Aquilegia bertolonii
Aquilegia kitaibelii,Habitats,II,FALSE,taxon,3930521,3930521,EXACT,SPECIES,Aquilegia kitaibelii,TRUE,Plantae,Magnoliopsida,Aquilegia,,01992L0043-20130701,Aquilegia kitaibelii
Aquilegia pyrenaica cazorlensis,Habitats,II,TRUE,taxon,6710361,7527324,EXACT,SUBSPECIES,Aquilegia pyrenaica,FALSE,Plantae,Magnoliopsida,Aquilegia,,01992L0043-20130701,* Aquilegia pyrenaica cazorlensis
Arabis kennedyae,Habitats,II,TRUE,taxon,5375066,5375066,EXACT,SPECIES,Arabis kennedyae,TRUE,Plantae,Magnoliopsida,Arabis,,01992L0043-20130701,* Arabis kennedyae
Arabis sadina,Habitats,II,FALSE,taxon,5375135,5375135,EXACT,SPECIES,Arabis sadina,TRUE,Plantae,Magnoliopsida,Arabis,,01992L0043-20130701,Arabis sadina
Arabis scopoliana,Habitats,II,FALSE,taxon,5374899,5374899,EXACT,SPECIES,Arabis scopoliana,TRUE,Plantae,Magnoliopsida,Arabis,,01992L0043-20130701,Arabis scopoliana
Aradus angularis,Habitats,II,FALSE,taxon,4485547,4485547,EXACT,SPECIES,Aradus angularis,TRUE,Animalia,Insecta,Aradus,,01992L0043-20130701,Aradus angularis
Arceuthobium azoricum,Habitats,II,FALSE,taxon,4069218,4069218,EXACT,SPECIES,Arceuthobium azoricum,TRUE,Plantae,Magnoliopsida,Arceuthobium,,01992L0043-20130701,Arceuthobium azoricum
Arctagrostis latifolia,Habitats,II,FALSE,taxon,2706312,2706312,EXACT,SPECIES,Arctagrostis latifolia,TRUE,Plantae,Liliopsida,Arctagrostis,,01992L0043-20130701,Arctagrostis latifolia
Arctophila fulva,Habitats,II,FALSE,taxon,5290140,12266378,EXACT,SPECIES,Dupontia fulva,TRUE,Plantae,Liliopsida,Dupontia,,01992L0043-20130701,Arctophila fulva
Arenaria ciliata pseudofrigida,Habitats,II,FALSE,taxon,3814073,5384492,EXACT,SUBSPECIES,Arenaria pseudofrigida,FALSE,Plantae,Magnoliopsida,Arenaria,,01992L0043-20130701,Arenaria ciliata pseudofrigida
Arenaria humifusa,Habitats,II,FALSE,taxon,7529713,7529713,EXACT,SPECIES,Arenaria humifusa,TRUE,Plantae,Magnoliopsida,Arenaria,,01992L0043-20130701,Arenaria humifusa
Arenaria nevadensis,Habitats,II,TRUE,taxon,5585118,5585118,EXACT,SPECIES,Arenaria nevadensis,TRUE,Plantae,Magnoliopsida,Arenaria,,01992L0043-20130701,* Arenaria nevadensis
Arenaria provincialis,Habitats,II,FALSE,taxon,5584607,5584607,EXACT,SPECIES,Arenaria provincialis,TRUE,Plantae,Magnoliopsida,Arenaria,,01992L0043-20130701,Arenaria provincialis
Argyranthemum lidii,Habitats,II,TRUE,taxon,3104499,3104499,EXACT,SPECIES,Argyranthemum lidii,TRUE,Plantae,Magnoliopsida,Argyranthemum,,01992L0043-20130701,* Argyranthemum lidii
Argyranthemum thalassophylum,Habitats,II,FALSE,taxon,3104525,3104525,VARIANT,SPECIES,Argyranthemum thalassophilum,TRUE,Plantae,Magnoliopsida,Argyranthemum,,01992L0043-20130701,Argyranthemum thalassophylum
Argyranthemum winterii,Habitats,II,FALSE,taxon,3104470,3104470,VARIANT,SPECIES,Argyranthemum winteri,TRUE,Plantae,Magnoliopsida,Argyranthemum,,01992L0043-20130701,Argyranthemum winterii
Armadillidium ghardalamensis,Habitats,II,TRUE,taxon,4416689,4416689,EXACT,SPECIES,Armadillidium ghardalamensis,TRUE,Animalia,Malacostraca,Armadillidium,,01992L0043-20130701,* Armadillidium ghardalamensis
Armeria berlengensis,Habitats,II,FALSE,taxon,4090794,4090794,EXACT,SPECIES,Armeria berlengensis,TRUE,Plantae,Magnoliopsida,Armeria,,01992L0043-20130701,Armeria berlengensis
Armeria helodes,Habitats,II,TRUE,taxon,5668095,5668095,EXACT,SPECIES,Armeria helodes,TRUE,Plantae,Magnoliopsida,Armeria,,01992L0043-20130701,* Armeria helodes
Armeria neglecta,Habitats,II,FALSE,taxon,5668281,5668281,EXACT,SPECIES,Armeria neglecta,TRUE,Plantae,Magnoliopsida,Armeria,,01992L0043-20130701,Armeria neglecta
Armeria pseudarmeria,Habitats,II,FALSE,taxon,4090162,4090162,EXACT,SPECIES,Armeria pseudarmeria,TRUE,Plantae,Magnoliopsida,Armeria,,01992L0043-20130701,Armeria pseudarmeria
Armeria rouyana,Habitats,II,TRUE,taxon,5668199,5668199,EXACT,SPECIES,Armeria rouyana,TRUE,Plantae,Magnoliopsida,Armeria,,01992L0043-20130701,* Armeria rouyana
Armeria soleirolii,Habitats,II,FALSE,taxon,8333551,8333551,EXACT,SPECIES,Armeria soleirolii,TRUE,Plantae,Magnoliopsida,Armeria,,01992L0043-20130701,Armeria soleirolii
Armeria velutina,Habitats,II,FALSE,taxon,5668162,5668162,EXACT,SPECIES,Armeria velutina,TRUE,Plantae,Magnoliopsida,Armeria,,01992L0043-20130701,Armeria velutina
Artemisia campestris bottnica,Habitats,II,FALSE,taxon,6077545,7625618,EXACT,SUBSPECIES,Artemisia bottnica,FALSE,Plantae,Magnoliopsida,Artemisia,,01992L0043-20130701,Artemisia campestris bottnica
Artemisia granatensis,Habitats,II,TRUE,taxon,3121429,3121429,EXACT,SPECIES,Artemisia granatensis,TRUE,Plantae,Magnoliopsida,Artemisia,,01992L0043-20130701,* Artemisia granatensis
Artemisia laciniata,Habitats,II,TRUE,taxon,3120923,3120923,EXACT,SPECIES,Artemisia laciniata,TRUE,Plantae,Magnoliopsida,Artemisia,,01992L0043-20130701,* Artemisia laciniata
Artemisia oelandica,Habitats,II,FALSE,taxon,8161498,8161498,EXACT,SPECIES,Artemisia oelandica,TRUE,Plantae,Magnoliopsida,Artemisia,,01992L0043-20130701,Artemisia oelandica
Artemisia pancicii,Habitats,II,TRUE,taxon,3121387,3121387,EXACT,SPECIES,Artemisia pancicii,TRUE,Plantae,Magnoliopsida,Artemisia,,01992L0043-20130701,* Artemisia pancicii
Arytrura musculus,Habitats,II,FALSE,taxon,1777695,1777695,EXACT,SPECIES,Arytrura musculus,TRUE,Animalia,Insecta,Arytrura,,01992L0043-20130701,Arytrura musculus
Asphodelus bento-rainhae,Habitats,II,TRUE,taxon,2778450,2778450,EXACT,SPECIES,Asphodelus bento-rainhae,TRUE,Plantae,Liliopsida,Asphodelus,,01992L0043-20130701,* Asphodelus bento-rainhae
Aspius aspius,Habitats,II,FALSE,taxon,2360181,5851603,EXACT,SPECIES,Leuciscus aspius,TRUE,Animalia,,Leuciscus,,01992L0043-20130701,Aspius aspius
Asplenium adulterinum,Habitats,II,FALSE,taxon,2650652,2650652,EXACT,SPECIES,Asplenium adulterinum,TRUE,Plantae,Polypodiopsida,Asplenium,,01992L0043-20130701,Asplenium adulterinum
Asplenium jahandiezii,Habitats,II,FALSE,taxon,8034974,8034974,EXACT,SPECIES,Asplenium jahandiezii,TRUE,Plantae,Polypodiopsida,Asplenium,,01992L0043-20130701,Asplenium jahandiezii
Aster pyrenaeus,Habitats,II,TRUE,taxon,8137610,8137610,EXACT,SPECIES,Aster pyrenaeus,TRUE,Plantae,Magnoliopsida,Aster,,01992L0043-20130701,* Aster pyrenaeus
Aster sorrentinii,Habitats,II,FALSE,taxon,5389288,3098613,EXACT,SPECIES,Tripolium sorrentinoi,TRUE,Plantae,Magnoliopsida,Tripolium,,01992L0043-20130701,Aster sorrentinii
Astragalus algarbiensis,Habitats,II,TRUE,taxon,5345902,5345902,EXACT,SPECIES,Astragalus algarbiensis,TRUE,Plantae,Magnoliopsida,Astragalus,,01992L0043-20130701,* Astragalus algarbiensis
Astragalus aquilanus,Habitats,II,TRUE,taxon,5345691,5345691,EXACT,SPECIES,Astragalus aquilanus,TRUE,Plantae,Magnoliopsida,Astragalus,,01992L0043-20130701,* Astragalus aquilanus
Astragalus centralpinus,Habitats,II,FALSE,taxon,5344304,5344299,EXACT,SPECIES,Astragalus alopecurus,FALSE,Plantae,Magnoliopsida,Astragalus,,01992L0043-20130701,Astragalus centralpinus
Astragalus macrocarpus lefkarensis,Habitats,II,TRUE,taxon,5629532,7700158,EXACT,SUBSPECIES,Astragalus macrocarpus,FALSE,Plantae,Magnoliopsida,Astragalus,,01992L0043-20130701,* Astragalus macrocarpus lefkarensis
Astragalus maritimus,Habitats,II,TRUE,taxon,5343495,5343495,EXACT,SPECIES,Astragalus maritimus,TRUE,Plantae,Magnoliopsida,Astragalus,,01992L0043-20130701,* Astragalus maritimus
Astragalus peterfii,Habitats,II,FALSE,taxon,5345142,5345142,EXACT,SPECIES,Astragalus peterfii,TRUE,Plantae,Magnoliopsida,Astragalus,,01992L0043-20130701,Astragalus peterfii
Astragalus tremolsianus,Habitats,II,FALSE,taxon,5346662,5346662,EXACT,SPECIES,Astragalus tremolsianus,TRUE,Plantae,Magnoliopsida,Astragalus,,01992L0043-20130701,Astragalus tremolsianus
Astragalus verrucosus,Habitats,II,TRUE,taxon,5346856,5346856,EXACT,SPECIES,Astragalus verrucosus,TRUE,Plantae,Magnoliopsida,Astragalus,,01992L0043-20130701,* Astragalus verrucosus
Asyneuma giganteum,Habitats,II,FALSE,taxon,3168262,3168262,EXACT,SPECIES,Asyneuma giganteum,TRUE,Plantae,Magnoliopsida,Asyneuma,,01992L0043-20130701,Asyneuma giganteum
Athamanta cortiana,Habitats,II,FALSE,taxon,3633974,3633974,EXACT,SPECIES,Athamanta cortiana,TRUE,Plantae,Magnoliopsida,Athamanta,,01992L0043-20130701,Athamanta cortiana
Atractylis arbuscula,Habitats,II,TRUE,taxon,5398267,5398267,EXACT,SPECIES,Atractylis arbuscula,TRUE,Plantae,Magnoliopsida,Atractylis,,01992L0043-20130701,* Atractylis arbuscula
Atractylis preauxiana,Habitats,II,FALSE,taxon,5398244,5398244,EXACT,SPECIES,Atractylis preauxiana,TRUE,Plantae,Magnoliopsida,Atractylis,,01992L0043-20130701,Atractylis preauxiana
Atropa baetica,Habitats,II,TRUE,taxon,3802666,3802666,EXACT,SPECIES,Atropa baetica,TRUE,Plantae,Magnoliopsida,Atropa,,01992L0043-20130701,* Atropa baetica
Aulopyge huegelii,Habitats,II,FALSE,taxon,2367048,2367048,EXACT,SPECIES,Aulopyge huegelii,TRUE,Animalia,,Aulopyge,,01992L0043-20130701,Aulopyge huegelii
Austropotamobius pallipes,Habitats,II,FALSE,taxon,4312658,4312658,EXACT,SPECIES,Austropotamobius pallipes,TRUE,Animalia,Malacostraca,Austropotamobius,,01992L0043-20130701,Austropotamobius pallipes
Austropotamobius torrentium,Habitats,II,TRUE,taxon,4417555,4417555,EXACT,SPECIES,Austropotamobius torrentium,TRUE,Animalia,Malacostraca,Austropotamobius,,01992L0043-20130701,* Austropotamobius torrentium
Avenula hackelii,Habitats,II,FALSE,taxon,4148660,8358373,EXACT,SPECIES,Helictochloa hackelii,TRUE,Plantae,Liliopsida,Helictochloa,,01992L0043-20130701,Avenula hackelii
Azorina vidalii,Habitats,II,TRUE,taxon,3166266,5413099,EXACT,SPECIES,Campanula vidalii,TRUE,Plantae,Magnoliopsida,Campanula,,01992L0043-20130701,* Azorina vidalii
Baetica ustulata,Habitats,II,FALSE,taxon,1692648,1692648,EXACT,SPECIES,Baetica ustulata,TRUE,Animalia,Insecta,Baetica,,01992L0043-20130701,Baetica ustulata
Barbastella barbastellus,Habitats,II,FALSE,taxon,2432582,2432582,EXACT,SPECIES,Barbastella barbastellus,TRUE,Animalia,Mammalia,Barbastella,,01992L0043-20130701,Barbastella barbastellus
Barbus comiza,Habitats,II,FALSE,taxon,5206372,2363069,EXACT,SPECIES,Luciobarbus comizo,TRUE,Animalia,,Luciobarbus,,01992L0043-20130701,Barbus comiza
Barbus meridionalis,Habitats,II,FALSE,taxon,5739559,5739559,EXACT,SPECIES,Barbus meridionalis,TRUE,Animalia,,Barbus,,01992L0043-20130701,Barbus meridionalis
Barbus plebejus,Habitats,II,FALSE,taxon,5207310,5207310,EXACT,SPECIES,Barbus plebejus,TRUE,Animalia,,Barbus,,01992L0043-20130701,Barbus plebejus
Bassia saxicola,Habitats,II,TRUE,taxon,5568065,8337357,EXACT,SPECIES,Eokochia saxicola,TRUE,Plantae,Magnoliopsida,Eokochia,,01992L0043-20130701,* Bassia (Kochia) saxicola
Bencomia brachystachya,Habitats,II,TRUE,taxon,3032182,3032182,EXACT,SPECIES,Bencomia brachystachya,TRUE,Plantae,Magnoliopsida,Bencomia,,01992L0043-20130701,* Bencomia brachystachya
Bencomia sphaerocarpa,Habitats,II,FALSE,taxon,3032179,3032179,EXACT,SPECIES,Bencomia sphaerocarpa,TRUE,Plantae,Magnoliopsida,Bencomia,,01992L0043-20130701,Bencomia sphaerocarpa
Beta patula,Habitats,II,FALSE,taxon,5383924,5383924,EXACT,SPECIES,Beta patula,TRUE,Plantae,Magnoliopsida,Beta,,01992L0043-20130701,Beta patula
Biscutella neustriaca,Habitats,II,TRUE,taxon,3041767,3041767,EXACT,SPECIES,Biscutella neustriaca,TRUE,Plantae,Magnoliopsida,Biscutella,,01992L0043-20130701,* Biscutella neustriaca
Biscutella vincentina,Habitats,II,FALSE,taxon,8449058,8449058,EXACT,SPECIES,Biscutella vincentina,TRUE,Plantae,Magnoliopsida,Biscutella,,01992L0043-20130701,Biscutella vincentina
Bison bonasus,Habitats,II,TRUE,taxon,2441184,2441184,EXACT,SPECIES,Bison bonasus,TRUE,Animalia,Mammalia,Bison,,01992L0043-20130701,* Bison bonasus
Bolbelasmus unicornis,Habitats,II,FALSE,taxon,1085533,1085533,EXACT,SPECIES,Bolbelasmus unicornis,TRUE,Animalia,Insecta,Bolbelasmus,,01992L0043-20130701,Bolbelasmus unicornis
Boleum asperum,Habitats,II,FALSE,taxon,3048730,5375681,EXACT,SPECIES,Vella aspera,TRUE,Plantae,Magnoliopsida,Vella,,01992L0043-20130701,Boleum asperum
Bombina bombina,Habitats,II,FALSE,taxon,2423443,2423443,EXACT,SPECIES,Bombina bombina,TRUE,Animalia,Amphibia,Bombina,,01992L0043-20130701,Bombina bombina
Bombina variegata,Habitats,II,FALSE,taxon,2423435,2423435,EXACT,SPECIES,Bombina variegata,TRUE,Animalia,Amphibia,Bombina,,01992L0043-20130701,Bombina variegata
Borderea chouardii,Habitats,II,TRUE,taxon,2754400,2754399,EXACT,SPECIES,Dioscorea chouardii,TRUE,Plantae,Liliopsida,Dioscorea,,01992L0043-20130701,* Borderea chouardii
Boros schneideri,Habitats,II,FALSE,taxon,4456155,4456155,EXACT,SPECIES,Boros schneideri,TRUE,Animalia,Insecta,Boros,,01992L0043-20130701,Boros schneideri
Botrychium simplex,Habitats,II,FALSE,taxon,2650180,2650180,EXACT,SPECIES,Botrychium simplex,TRUE,Plantae,Polypodiopsida,Botrychium,,01992L0043-20130701,Botrychium simplex
Brachytrupes megacephalus,Habitats,II,FALSE,taxon,1716482,1716482,EXACT,SPECIES,Brachytrupes megacephalus,TRUE,Animalia,Insecta,Brachytrupes,,01992L0043-20130701,Brachytrupes megacephalus
Brassica glabrescens,Habitats,II,FALSE,taxon,3042606,3042551,EXACT,SPECIES,Brassica repanda,FALSE,Plantae,Magnoliopsida,Brassica,,01992L0043-20130701,Brassica glabrescens
Brassica hilarionis,Habitats,II,FALSE,taxon,3042748,3042748,EXACT,SPECIES,Brassica hilarionis,TRUE,Plantae,Magnoliopsida,Brassica,,01992L0043-20130701,Brassica hilarionis
Brassica insularis,Habitats,II,FALSE,taxon,3042880,3042880,EXACT,SPECIES,Brassica insularis,TRUE,Plantae,Magnoliopsida,Brassica,,01992L0043-20130701,Brassica insularis
Brassica macrocarpa,Habitats,II,TRUE,taxon,3042797,3042797,EXACT,SPECIES,Brassica macrocarpa,TRUE,Plantae,Magnoliopsida,Brassica,,01992L0043-20130701,* Brassica macrocarpa
Braya linearis,Habitats,II,FALSE,taxon,5373826,5373826,EXACT,SPECIES,Braya linearis,TRUE,Plantae,Magnoliopsida,Braya,,01992L0043-20130701,Braya linearis
Bromus grossus,Habitats,II,FALSE,taxon,2703659,2703659,EXACT,SPECIES,Bromus grossus,TRUE,Plantae,Liliopsida,Bromus,,01992L0043-20130701,Bromus grossus
Bruchia vogesiaca,Habitats,II,FALSE,taxon,5281823,5281823,EXACT,SPECIES,Bruchia vogesiaca,TRUE,Plantae,Bryopsida,Bruchia,,01992L0043-20130701,Bruchia vogesiaca
Bryhnia novae-angliae,Habitats,II,FALSE,taxon,2680274,4279500,EXACT,SPECIES,Brachythecium novae-angliae,TRUE,Plantae,Bryopsida,Brachythecium,,01992L0043-20130701,Bryhnia novae-angliae
Bupleurum capillare,Habitats,II,TRUE,taxon,3639640,3639640,EXACT,SPECIES,Bupleurum capillare,TRUE,Plantae,Magnoliopsida,Bupleurum,,01992L0043-20130701,* Bupleurum capillare
Bupleurum handiense,Habitats,II,FALSE,taxon,3638501,3638501,EXACT,SPECIES,Bupleurum handiense,TRUE,Plantae,Magnoliopsida,Bupleurum,,01992L0043-20130701,Bupleurum handiense
Bupleurum kakiskalae,Habitats,II,TRUE,taxon,3638275,3638275,EXACT,SPECIES,Bupleurum kakiskalae,TRUE,Plantae,Magnoliopsida,Bupleurum,,01992L0043-20130701,* Bupleurum kakiskalae
Buprestis splendens,Habitats,II,FALSE,taxon,5744642,5744642,EXACT,SPECIES,Buprestis splendens,TRUE,Animalia,Insecta,Buprestis,,01992L0043-20130701,Buprestis splendens
Buxbaumia viridis,Habitats,II,FALSE,taxon,2682851,2682851,EXACT,SPECIES,Buxbaumia viridis,TRUE,Plantae,Bryopsida,Buxbaumia,,01992L0043-20130701,Buxbaumia viridis
Calamagrostis chalybaea,Habitats,II,FALSE,taxon,4124964,4124964,EXACT,SPECIES,Calamagrostis chalybaea,TRUE,Plantae,Liliopsida,Calamagrostis,,01992L0043-20130701,Calamagrostis chalybaea
Caldesia parnassifolia,Habitats,II,FALSE,taxon,5329163,5329163,EXACT,SPECIES,Caldesia parnassifolia,TRUE,Plantae,Liliopsida,Caldesia,,01992L0043-20130701,Caldesia parnassifolia
Calendula maderensis,Habitats,II,FALSE,taxon,5694306,5391476,EXACT,SPECIES,Calendula suffruticosa,FALSE,Plantae,Magnoliopsida,Calendula,,01992L0043-20130701,Calendula maderensis
Callimorpha quadripunctaria,Habitats,II,TRUE,taxon,7580503,4532532,EXACT,SPECIES,Euplagia quadripunctaria,TRUE,Animalia,Insecta,Euplagia,,01992L0043-20130701,"* Callimorpha (Euplagia, Panaxia) quadripunctaria"
Calypso bulbosa,Habitats,II,FALSE,taxon,5323572,5323572,EXACT,SPECIES,Calypso bulbosa,TRUE,Plantae,Liliopsida,Calypso,,01992L0043-20130701,Calypso bulbosa
Campanula bohemica,Habitats,II,TRUE,taxon,5410654,5410654,EXACT,SPECIES,Campanula bohemica,TRUE,Plantae,Magnoliopsida,Campanula,,01992L0043-20130701,* Campanula bohemica
Campanula gelida,Habitats,II,TRUE,taxon,5410657,5410654,EXACT,SPECIES,Campanula bohemica,FALSE,Plantae,Magnoliopsida,Campanula,,01992L0043-20130701,* Campanula gelida
Campanula romanica,Habitats,II,FALSE,taxon,5411146,5411146,EXACT,SPECIES,Campanula romanica,TRUE,Plantae,Magnoliopsida,Campanula,,01992L0043-20130701,Campanula romanica
Campanula sabatia,Habitats,II,TRUE,taxon,5409803,5409803,EXACT,SPECIES,Campanula sabatia,TRUE,Plantae,Magnoliopsida,Campanula,,01992L0043-20130701,* Campanula sabatia
Campanula serrata,Habitats,II,TRUE,taxon,5411208,5411208,EXACT,SPECIES,Campanula serrata,TRUE,Plantae,Magnoliopsida,Campanula,,01992L0043-20130701,* Campanula serrata
Campanula zoysii,Habitats,II,FALSE,taxon,5414059,3168046,EXACT,SPECIES,Favratia zoysii,TRUE,Plantae,Magnoliopsida,Favratia,,01992L0043-20130701,Campanula zoysii
Canis lupus,Habitats,II,TRUE,taxon,5219173,5219173,EXACT,SPECIES,Canis lupus,TRUE,Animalia,Mammalia,Canis,,01992L0043-20130701,* Canis lupus
Capra aegagrus,Habitats,II,FALSE,taxon,4409366,2441056,EXACT,SPECIES,Capra hircus,FALSE,Animalia,Mammalia,Capra,,01992L0043-20130701,Capra aegagrus
Capra pyrenaica pyrenaica,Habitats,II,TRUE,taxon,7342823,2441054,EXACT,SUBSPECIES,Capra pyrenaica,FALSE,Animalia,Mammalia,Capra,,01992L0043-20130701,* Capra pyrenaica pyrenaica
Carabus hampei,Habitats,II,FALSE,taxon,4470822,4470822,EXACT,SPECIES,Carabus hampei,TRUE,Animalia,Insecta,Carabus,,01992L0043-20130701,Carabus hampei
Carabus hungaricus,Habitats,II,FALSE,taxon,4471132,4471132,EXACT,SPECIES,Carabus hungaricus,TRUE,Animalia,Insecta,Carabus,,01992L0043-20130701,Carabus hungaricus
Carabus menetriesi pacholei,Habitats,II,TRUE,taxon,4470447,4470445,EXACT,SUBSPECIES,Carabus menetriesi,FALSE,Animalia,Insecta,Carabus,,01992L0043-20130701,* Carabus menetriesi pacholei
Carabus olympiae,Habitats,II,TRUE,taxon,4470646,4470646,EXACT,SPECIES,Carabus olympiae,TRUE,Animalia,Insecta,Carabus,,01992L0043-20130701,* Carabus olympiae
Carabus variolosus,Habitats,II,FALSE,taxon,4470538,4470538,EXACT,SPECIES,Carabus variolosus,TRUE,Animalia,Insecta,Carabus,,01992L0043-20130701,Carabus variolosus
Carabus zawadszkii,Habitats,II,FALSE,taxon,4470816,4470816,VARIANT,SPECIES,Carabus zawadzkii,TRUE,Animalia,Insecta,Carabus,,01992L0043-20130701,Carabus zawadszkii
Caralluma burchardii,Habitats,II,FALSE,taxon,7312376,9472170,EXACT,SPECIES,Ceropegia burchardii,TRUE,Plantae,Magnoliopsida,Ceropegia,,01992L0043-20130701,Caralluma burchardii
Carduus myriacanthus,Habitats,II,TRUE,taxon,3114589,3114589,EXACT,SPECIES,Carduus myriacanthus,TRUE,Plantae,Magnoliopsida,Carduus,,01992L0043-20130701,* Carduus myriacanthus
Caretta caretta,Habitats,II,TRUE,taxon,8894817,8894817,EXACT,SPECIES,Caretta caretta,TRUE,Animalia,Testudines,Caretta,,01992L0043-20130701,* Caretta caretta
Carex holostoma,Habitats,II,FALSE,taxon,2722344,2722344,EXACT,SPECIES,Carex holostoma,TRUE,Plantae,Liliopsida,Carex,,01992L0043-20130701,Carex holostoma
Carex malato-belizii,Habitats,II,FALSE,taxon,2728100,2728098,EXACT,SPECIES,Carex lowei,FALSE,Plantae,Liliopsida,Carex,,01992L0043-20130701,Carex malato-belizii
Carex panormitana,Habitats,II,TRUE,taxon,2722101,2722101,EXACT,SPECIES,Carex panormitana,TRUE,Plantae,Liliopsida,Carex,,01992L0043-20130701,* Carex panormitana
Carlina onopordifolia,Habitats,II,FALSE,taxon,8529147,8529147,EXACT,SPECIES,Carlina onopordifolia,TRUE,Plantae,Magnoliopsida,Carlina,,01992L0043-20130701,Carlina onopordifolia
Caseolus calculus,Habitats,II,FALSE,taxon,4565665,4565665,EXACT,SPECIES,Caseolus calculus,TRUE,Animalia,Gastropoda,Caseolus,,01992L0043-20130701,Caseolus calculus
Caseolus commixta,Habitats,II,FALSE,taxon,4565683,4565683,VARIANT,SPECIES,Caseolus commixtus,TRUE,Animalia,Gastropoda,Caseolus,,01992L0043-20130701,Caseolus commixta
Caseolus sphaerula,Habitats,II,FALSE,taxon,4565681,4565681,EXACT,SPECIES,Caseolus sphaerula,TRUE,Animalia,Gastropoda,Caseolus,,01992L0043-20130701,Caseolus sphaerula
Castor fiber,Habitats,II,FALSE,taxon,4409131,4409131,EXACT,SPECIES,Castor fiber,TRUE,Animalia,Mammalia,Castor,,01992L0043-20130701,Castor fiber
Catopta thrips,Habitats,II,FALSE,taxon,,,HIGHERRANK,GENUS,,,Animalia,Insecta,Catopta,,01992L0043-20130701,Catopta thrips
Centaurea akamantis,Habitats,II,TRUE,taxon,3127662,3127662,EXACT,SPECIES,Centaurea akamantis,TRUE,Plantae,Magnoliopsida,Centaurea,,01992L0043-20130701,* Centaurea akamantis
Centaurea alba heldreichii,Habitats,II,TRUE,taxon,4207142,3128049,EXACT,SUBSPECIES,Centaurea heldreichii,FALSE,Plantae,Magnoliopsida,Centaurea,,01992L0043-20130701,* Centaurea alba heldreichii
Centaurea alba princeps,Habitats,II,TRUE,taxon,6076344,3128679,EXACT,SUBSPECIES,Centaurea princeps,FALSE,Plantae,Magnoliopsida,Centaurea,,01992L0043-20130701,* Centaurea alba princeps
Centaurea attica megarensis,Habitats,II,TRUE,taxon,4206359,3128000,EXACT,SUBSPECIES,Centaurea attica,FALSE,Plantae,Magnoliopsida,Centaurea,,01992L0043-20130701,* Centaurea attica megarensis
Centaurea balearica,Habitats,II,TRUE,taxon,3138267,8088443,EXACT,SPECIES,Carduncellus balearicus,TRUE,Plantae,Magnoliopsida,Carduncellus,,01992L0043-20130701,* Centaurea balearica
Centaurea borjae,Habitats,II,TRUE,taxon,3128787,3128787,EXACT,SPECIES,Centaurea borjae,TRUE,Plantae,Magnoliopsida,Centaurea,,01992L0043-20130701,* Centaurea borjae
Centaurea citricolor,Habitats,II,TRUE,taxon,3127794,3127794,EXACT,SPECIES,Centaurea citricolor,TRUE,Plantae,Magnoliopsida,Centaurea,,01992L0043-20130701,* Centaurea citricolor
Centaurea corymbosa,Habitats,II,FALSE,taxon,3128595,3128595,EXACT,SPECIES,Centaurea corymbosa,TRUE,Plantae,Magnoliopsida,Centaurea,,01992L0043-20130701,Centaurea corymbosa
Centaurea gadorensis,Habitats,II,FALSE,taxon,3128138,3128138,EXACT,SPECIES,Centaurea gadorensis,TRUE,Plantae,Magnoliopsida,Centaurea,,01992L0043-20130701,Centaurea gadorensis
Centaurea horrida,Habitats,II,TRUE,taxon,7468889,7468889,EXACT,SPECIES,Centaurea horrida,TRUE,Plantae,Magnoliopsida,Centaurea,,01992L0043-20130701,* Centaurea horrida
Centaurea immanuelis-loewii,Habitats,II,FALSE,taxon,3127717,3127717,EXACT,SPECIES,Centaurea immanuelis-loewii,TRUE,Plantae,Magnoliopsida,Centaurea,,01992L0043-20130701,Centaurea immanuelis-loewii
Centaurea jankae,Habitats,II,FALSE,taxon,3128022,3128022,EXACT,SPECIES,Centaurea jankae,TRUE,Plantae,Magnoliopsida,Centaurea,,01992L0043-20130701,Centaurea jankae
Centaurea kalambakensis,Habitats,II,TRUE,taxon,3127554,3127554,EXACT,SPECIES,Centaurea kalambakensis,TRUE,Plantae,Magnoliopsida,Centaurea,,01992L0043-20130701,* Centaurea kalambakensis
Centaurea kartschiana,Habitats,II,FALSE,taxon,3128353,3128353,EXACT,SPECIES,Centaurea kartschiana,TRUE,Plantae,Magnoliopsida,Centaurea,,01992L0043-20130701,Centaurea kartschiana
Centaurea lactiflora,Habitats,II,TRUE,taxon,3128480,3128480,EXACT,SPECIES,Centaurea lactiflora,TRUE,Plantae,Magnoliopsida,Centaurea,,01992L0043-20130701,* Centaurea lactiflora
Centaurea micrantha herminii,Habitats,II,FALSE,taxon,4251183,4251882,EXACT,SUBSPECIES,Centaurea langei,FALSE,Plantae,Magnoliopsida,Centaurea,,01992L0043-20130701,Centaurea micrantha herminii
Centaurea niederi,Habitats,II,TRUE,taxon,3127473,3127473,EXACT,SPECIES,Centaurea niederi,TRUE,Plantae,Magnoliopsida,Centaurea,,01992L0043-20130701,* Centaurea niederi
Centaurea peucedanifolia,Habitats,II,TRUE,taxon,3128211,3128211,EXACT,SPECIES,Centaurea peucedanifolia,TRUE,Plantae,Magnoliopsida,Centaurea,,01992L0043-20130701,* Centaurea peucedanifolia
Centaurea pinnata,Habitats,II,TRUE,taxon,3127672,3127672,EXACT,SPECIES,Centaurea pinnata,TRUE,Plantae,Magnoliopsida,Centaurea,,01992L0043-20130701,* Centaurea pinnata
Centaurea pontica,Habitats,II,FALSE,taxon,3128839,3128839,EXACT,SPECIES,Centaurea pontica,TRUE,Plantae,Magnoliopsida,Centaurea,,01992L0043-20130701,Centaurea pontica
Centaurea pulvinata,Habitats,II,FALSE,taxon,3128734,3128734,EXACT,SPECIES,Centaurea pulvinata,TRUE,Plantae,Magnoliopsida,Centaurea,,01992L0043-20130701,Centaurea pulvinata
Centaurea rothmalerana,Habitats,II,FALSE,taxon,3128141,3128141,EXACT,SPECIES,Centaurea rothmalerana,TRUE,Plantae,Magnoliopsida,Centaurea,,01992L0043-20130701,Centaurea rothmalerana
Centaurea vicentina,Habitats,II,FALSE,taxon,3127925,3127926,EXACT,SPECIES,Rhaponticoides fraylensis,FALSE,Plantae,Magnoliopsida,Rhaponticoides,,01992L0043-20130701,Centaurea vicentina
Centaurium rigualii,Habitats,II,TRUE,taxon,5596459,7270617,EXACT,SPECIES,Centaurium quadrifolium,FALSE,Plantae,Magnoliopsida,Centaurium,,01992L0043-20130701,* Centaurium rigualii
Centaurium somedanum,Habitats,II,TRUE,taxon,5596431,5595128,EXACT,SPECIES,Centaurium chloodes,FALSE,Plantae,Magnoliopsida,Centaurium,,01992L0043-20130701,* Centaurium somedanum
Centranthus trinervis,Habitats,II,FALSE,taxon,4095830,4095830,EXACT,SPECIES,Centranthus trinervis,TRUE,Plantae,Magnoliopsida,Centranthus,,01992L0043-20130701,Centranthus trinervis
Cephalanthera cucullata,Habitats,II,TRUE,taxon,2795928,2795928,EXACT,SPECIES,Cephalanthera cucullata,TRUE,Plantae,Liliopsida,Cephalanthera,,01992L0043-20130701,* Cephalanthera cucullata
Cephalozia macounii,Habitats,II,FALSE,taxon,4276636,4276636,EXACT,SPECIES,Cephalozia macounii,TRUE,Plantae,Jungermanniopsida,Cephalozia,,01992L0043-20130701,Cephalozia macounii
Cerambyx cerdo,Habitats,II,FALSE,taxon,5820507,5820507,EXACT,SPECIES,Cerambyx cerdo,TRUE,Animalia,Insecta,Cerambyx,,01992L0043-20130701,Cerambyx cerdo
Ceropegia chrysantha,Habitats,II,TRUE,taxon,3575875,7150773,EXACT,SPECIES,Ceropegia dichotoma,FALSE,Plantae,Magnoliopsida,Ceropegia,,01992L0043-20130701,* Ceropegia chrysantha
Cervus elaphus corsicanus,Habitats,II,TRUE,taxon,4262370,2440958,EXACT,SUBSPECIES,Cervus elaphus,FALSE,Animalia,Mammalia,Cervus,,01992L0043-20130701,* Cervus elaphus corsicanus
Chaenorrhinum serpyllifolium lusitanicum,Habitats,II,FALSE,taxon,3732560,7332405,VARIANT,SUBSPECIES,Chaenorhinum serpyllifolium,FALSE,Plantae,Magnoliopsida,Chaenorhinum,,01992L0043-20130701,Chaenorrhinum serpyllifolium lusitanicum
Chaerophyllum azoricum,Habitats,II,FALSE,taxon,3642488,3642488,EXACT,SPECIES,Chaerophyllum azoricum,TRUE,Plantae,Magnoliopsida,Chaerophyllum,,01992L0043-20130701,Chaerophyllum azoricum
Chalcalburnus chalcoides,Habitats,II,FALSE,taxon,2362983,2362973,EXACT,SPECIES,Alburnus chalcoides,TRUE,Animalia,,Alburnus,,01992L0043-20130701,Chalcalburnus chalcoides
Chalcides simonyi,Habitats,II,FALSE,taxon,5225149,5225149,EXACT,SPECIES,Chalcides simonyi,TRUE,Animalia,Squamata,Chalcides,Chalcides occidentalis,01992L0043-20130701,Chalcides simonyi (Chalcides occidentalis)
Chamaemeles coriacea,Habitats,II,TRUE,taxon,3031018,3031018,EXACT,SPECIES,Chamaemeles coriacea,TRUE,Plantae,Magnoliopsida,Chamaemeles,,01992L0043-20130701,* Chamaemeles coriacea
Cheirolophus duranii,Habitats,II,FALSE,taxon,3097073,3097073,EXACT,SPECIES,Cheirolophus duranii,TRUE,Plantae,Magnoliopsida,Cheirolophus,,01992L0043-20130701,Cheirolophus duranii
Cheirolophus ghomerytus,Habitats,II,FALSE,taxon,3097041,3097041,VARIANT,SPECIES,Cheirolophus ghomerythus,TRUE,Plantae,Magnoliopsida,Cheirolophus,,01992L0043-20130701,Cheirolophus ghomerytus
Cheirolophus junonianus,Habitats,II,FALSE,taxon,3097051,3097051,EXACT,SPECIES,Cheirolophus junonianus,TRUE,Plantae,Magnoliopsida,Cheirolophus,,01992L0043-20130701,Cheirolophus junonianus
Cheirolophus massonianus,Habitats,II,FALSE,taxon,3097055,3097055,EXACT,SPECIES,Cheirolophus massonianus,TRUE,Plantae,Magnoliopsida,Cheirolophus,,01992L0043-20130701,Cheirolophus massonianus
Chelonia mydas,Habitats,II,TRUE,taxon,2442225,2442225,EXACT,SPECIES,Chelonia mydas,TRUE,Animalia,Testudines,Chelonia,,01992L0043-20130701,* Chelonia mydas
Chilostoma banaticum,Habitats,II,FALSE,taxon,10958198,4563479,VARIANT,SPECIES,Drobacia banatica,TRUE,Animalia,Gastropoda,Drobacia,,01992L0043-20130701,Chilostoma banaticum
Chioglossa lusitanica,Habitats,II,FALSE,taxon,2431938,2431938,EXACT,SPECIES,Chioglossa lusitanica,TRUE,Animalia,Amphibia,Chioglossa,,01992L0043-20130701,Chioglossa lusitanica
Chionodoxa lochiae,Habitats,II,TRUE,taxon,2767356,2767355,EXACT,SPECIES,Scilla lochiae,TRUE,Plantae,Liliopsida,Scilla,,01992L0043-20130701,* Chionodoxa lochiae
Chondrosoma fiduciarium,Habitats,II,FALSE,taxon,1979513,1979513,VARIANT,SPECIES,Chondrosoma fiduciaria,TRUE,Animalia,Insecta,Chondrosoma,,01992L0043-20130701,Chondrosoma fiduciarium
Chondrostoma genei,Habitats,II,FALSE,taxon,2360201,2360199,EXACT,SPECIES,Protochondrostoma genei,TRUE,Animalia,,Protochondrostoma,,01992L0043-20130701,Chondrostoma genei
Chondrostoma knerii,Habitats,II,FALSE,taxon,2360594,2360594,EXACT,SPECIES,Chondrostoma knerii,TRUE,Animalia,,Chondrostoma,,01992L0043-20130701,Chondrostoma knerii
Chondrostoma lusitanicum,Habitats,II,FALSE,taxon,2367629,2367632,EXACT,SPECIES,Iberochondrostoma lusitanicum,TRUE,Animalia,,Iberochondrostoma,,01992L0043-20130701,Chondrostoma lusitanicum
Chondrostoma phoxinus,Habitats,II,FALSE,taxon,2360565,2360565,EXACT,SPECIES,Chondrostoma phoxinus,TRUE,Animalia,,Chondrostoma,,01992L0043-20130701,Chondrostoma phoxinus
Chondrostoma soetta,Habitats,II,FALSE,taxon,2360575,2360575,EXACT,SPECIES,Chondrostoma soetta,TRUE,Animalia,,Chondrostoma,,01992L0043-20130701,Chondrostoma soetta
Chondrostoma toxostoma,Habitats,II,FALSE,taxon,2359293,2359289,EXACT,SPECIES,Parachondrostoma toxostoma,TRUE,Animalia,,Parachondrostoma,,01992L0043-20130701,Chondrostoma toxostoma
Cinna latifolia,Habitats,II,FALSE,taxon,2704845,2704845,EXACT,SPECIES,Cinna latifolia,TRUE,Plantae,Liliopsida,Cinna,,01992L0043-20130701,Cinna latifolia
Cirsium brachycephalum,Habitats,II,FALSE,taxon,3113465,3113465,EXACT,SPECIES,Cirsium brachycephalum,TRUE,Plantae,Magnoliopsida,Cirsium,,01992L0043-20130701,Cirsium brachycephalum
Cirsium latifolium,Habitats,II,FALSE,taxon,3112721,3112721,EXACT,SPECIES,Cirsium latifolium,TRUE,Plantae,Magnoliopsida,Cirsium,,01992L0043-20130701,Cirsium latifolium
Cistus chinamadensis,Habitats,II,FALSE,taxon,7331358,7331358,EXACT,SPECIES,Cistus chinamadensis,TRUE,Plantae,Magnoliopsida,Cistus,,01992L0043-20130701,Cistus chinamadensis
Cistus palhinhae,Habitats,II,FALSE,taxon,3595906,6437976,EXACT,SPECIES,Cistus ladanifer,FALSE,Plantae,Magnoliopsida,Cistus,,01992L0043-20130701,Cistus palhinhae
Clossiana improba,Habitats,II,FALSE,taxon,5882039,5882039,EXACT,SPECIES,Clossiana improba,TRUE,Animalia,Insecta,Clossiana,,01992L0043-20130701,Clossiana improba
Cobitis elongata,Habitats,II,FALSE,taxon,2368253,2368253,EXACT,SPECIES,Cobitis elongata,TRUE,Animalia,,Cobitis,,01992L0043-20130701,Cobitis elongata
Cobitis taenia,Habitats,II,FALSE,taxon,2368185,2368185,EXACT,SPECIES,Cobitis taenia,TRUE,Animalia,,Cobitis,,01992L0043-20130701,Cobitis taenia
Cobitis trichonica,Habitats,II,FALSE,taxon,2368176,2368176,EXACT,SPECIES,Cobitis trichonica,TRUE,Animalia,,Cobitis,,01992L0043-20130701,Cobitis trichonica
Cochlearia polonica,Habitats,II,TRUE,taxon,5373247,5373247,EXACT,SPECIES,Cochlearia polonica,TRUE,Plantae,Magnoliopsida,Cochlearia,,01992L0043-20130701,* Cochlearia polonica
Cochlearia tatrae,Habitats,II,TRUE,taxon,5373286,5373286,EXACT,SPECIES,Cochlearia tatrae,TRUE,Plantae,Magnoliopsida,Cochlearia,,01992L0043-20130701,* Cochlearia tatrae
Coenagrion hylas,Habitats,II,FALSE,taxon,1421988,1421988,EXACT,SPECIES,Coenagrion hylas,TRUE,Animalia,Insecta,Coenagrion,,01992L0043-20130701,Coenagrion hylas
Coenagrion mercuriale,Habitats,II,FALSE,taxon,1422012,1422012,EXACT,SPECIES,Coenagrion mercuriale,TRUE,Animalia,Insecta,Coenagrion,,01992L0043-20130701,Coenagrion mercuriale
Coenagrion ornatum,Habitats,II,FALSE,taxon,1422002,1422002,EXACT,SPECIES,Coenagrion ornatum,TRUE,Animalia,Insecta,Coenagrion,,01992L0043-20130701,Coenagrion ornatum
Coenonympha oedippus,Habitats,II,FALSE,taxon,1911093,1911093,EXACT,SPECIES,Coenonympha oedippus,TRUE,Animalia,Insecta,Coenonympha,,01992L0043-20130701,Coenonympha oedippus
Coincya rupestris,Habitats,II,TRUE,taxon,3040701,3040701,EXACT,SPECIES,Coincya rupestris,TRUE,Plantae,Magnoliopsida,Coincya,,01992L0043-20130701,* Coincya rupestris
Colchicum arenarium,Habitats,II,FALSE,taxon,2739933,2739933,EXACT,SPECIES,Colchicum arenarium,TRUE,Plantae,Liliopsida,Colchicum,,01992L0043-20130701,Colchicum arenarium
Coleanthus subtilis,Habitats,II,FALSE,taxon,2706035,2706035,EXACT,SPECIES,Coleanthus subtilis,TRUE,Plantae,Liliopsida,Coleanthus,,01992L0043-20130701,Coleanthus subtilis
Colias myrmidone,Habitats,II,FALSE,taxon,5137708,5137708,EXACT,SPECIES,Colias myrmidone,TRUE,Animalia,Insecta,Colias,,01992L0043-20130701,Colias myrmidone
Coluber cypriensis,Habitats,II,TRUE,taxon,2457222,2457223,EXACT,SPECIES,Hierophis cypriensis,TRUE,Animalia,Squamata,Hierophis,,01992L0043-20130701,* Coluber cypriensis
Congeria kusceri,Habitats,II,FALSE,taxon,5855853,5855853,EXACT,SPECIES,Congeria kusceri,TRUE,Animalia,Bivalvia,Congeria,,01992L0043-20130701,Congeria kusceri
Consolida samia,Habitats,II,TRUE,taxon,3925489,9680003,EXACT,SPECIES,Delphinium samium,TRUE,Plantae,Magnoliopsida,Delphinium,,01992L0043-20130701,* Consolida samia
Convolvulus argyrothamnus,Habitats,II,TRUE,taxon,3677070,3677070,VARIANT,SPECIES,Convolvulus argyrothamnos,TRUE,Plantae,Magnoliopsida,Convolvulus,,01992L0043-20130701,* Convolvulus argyrothamnus
Convolvulus caput-medusae,Habitats,II,TRUE,taxon,3681152,3681152,EXACT,SPECIES,Convolvulus caput-medusae,TRUE,Plantae,Magnoliopsida,Convolvulus,,01992L0043-20130701,* Convolvulus caput-medusae
Convolvulus fernandesii,Habitats,II,TRUE,taxon,3679523,3679523,EXACT,SPECIES,Convolvulus fernandesii,TRUE,Plantae,Magnoliopsida,Convolvulus,,01992L0043-20130701,* Convolvulus fernandesii
Convolvulus lopez-socasii,Habitats,II,TRUE,taxon,3676970,3676970,VARIANT,SPECIES,Convolvulus lopezsocasii,TRUE,Plantae,Magnoliopsida,Convolvulus,,01992L0043-20130701,* Convolvulus lopez-socasii
Convolvulus massonii,Habitats,II,TRUE,taxon,9258180,9258180,EXACT,SPECIES,Convolvulus massonii,TRUE,Plantae,Magnoliopsida,Convolvulus,,01992L0043-20130701,* Convolvulus massonii
Cordulegaster heros,Habitats,II,FALSE,taxon,1421199,1421199,EXACT,SPECIES,Cordulegaster heros,TRUE,Animalia,Insecta,Cordulegaster,,01992L0043-20130701,Cordulegaster heros
Cordulegaster trinacriae,Habitats,II,FALSE,taxon,1421207,1421207,EXACT,SPECIES,Cordulegaster trinacriae,TRUE,Animalia,Insecta,Cordulegaster,,01992L0043-20130701,Cordulegaster trinacriae
Coregonus oxyrhynchus,Habitats,II,TRUE,taxon,2351155,2351155,VARIANT,SPECIES,Coregonus oxyrinchus,TRUE,Animalia,,Coregonus,,01992L0043-20130701,* Coregonus oxyrhynchus
Coronopus navasii,Habitats,II,TRUE,taxon,5376453,5376452,EXACT,SPECIES,Lepidium navasii,TRUE,Plantae,Magnoliopsida,Lepidium,,01992L0043-20130701,* Coronopus navasii
Corticaria planula,Habitats,II,FALSE,taxon,4451018,4450854,EXACT,SPECIES,Corticaria cucujiformis,FALSE,Animalia,Insecta,Corticaria,,01992L0043-20130701,Corticaria planula
Corydalis gotlandica,Habitats,II,FALSE,taxon,5531607,5531607,EXACT,SPECIES,Corydalis gotlandica,TRUE,Plantae,Magnoliopsida,Corydalis,,01992L0043-20130701,Corydalis gotlandica
Cottus gobio,Habitats,II,FALSE,taxon,7807208,7807208,EXACT,SPECIES,Cottus gobio,TRUE,Animalia,,Cottus,,01992L0043-20130701,Cottus gobio
Cottus petiti,Habitats,II,FALSE,taxon,2334155,2334155,EXACT,SPECIES,Cottus petiti,TRUE,Animalia,,Cottus,,01992L0043-20130701,Cottus petiti
Crambe arborea,Habitats,II,TRUE,taxon,5373530,5373530,EXACT,SPECIES,Crambe arborea,TRUE,Plantae,Magnoliopsida,Crambe,,01992L0043-20130701,* Crambe arborea
Crambe laevigata,Habitats,II,FALSE,taxon,5373461,5373461,EXACT,SPECIES,Crambe laevigata,TRUE,Plantae,Magnoliopsida,Crambe,,01992L0043-20130701,Crambe laevigata
Crambe sventenii,Habitats,II,TRUE,taxon,5373522,5373522,EXACT,SPECIES,Crambe sventenii,TRUE,Plantae,Magnoliopsida,Crambe,,01992L0043-20130701,* Crambe sventenii
Crambe tataria,Habitats,II,FALSE,taxon,5373485,5373485,EXACT,SPECIES,Crambe tataria,TRUE,Plantae,Magnoliopsida,Crambe,,01992L0043-20130701,Crambe tataria
Cremnophyton lanfrancoi,Habitats,II,TRUE,taxon,3758868,7515774,EXACT,SPECIES,Atriplex lanfrancoi,TRUE,Plantae,Magnoliopsida,Atriplex,,01992L0043-20130701,* Cremnophyton lanfrancoi
Crepis crocifolia,Habitats,II,TRUE,taxon,5403188,3143056,EXACT,SPECIES,Phitosia crocifolia,TRUE,Plantae,Magnoliopsida,Phitosia,,01992L0043-20130701,* Crepis crocifolia
Crepis granatensis,Habitats,II,FALSE,taxon,5403502,5403502,EXACT,SPECIES,Crepis granatensis,TRUE,Plantae,Magnoliopsida,Crepis,,01992L0043-20130701,Crepis granatensis
Crepis pusilla,Habitats,II,FALSE,taxon,5403341,5403341,EXACT,SPECIES,Crepis pusilla,TRUE,Plantae,Magnoliopsida,Crepis,,01992L0043-20130701,Crepis pusilla
Crepis tectorum nigrescens,Habitats,II,FALSE,taxon,5702650,5403461,EXACT,SUBSPECIES,Crepis nigrescens,FALSE,Plantae,Magnoliopsida,Crepis,,01992L0043-20130701,Crepis tectorum nigrescens
Crocus cyprius,Habitats,II,FALSE,taxon,2747796,2747796,EXACT,SPECIES,Crocus cyprius,TRUE,Plantae,Liliopsida,Crocus,,01992L0043-20130701,Crocus cyprius
Crocus hartmannianus,Habitats,II,FALSE,taxon,2747562,2747562,EXACT,SPECIES,Crocus hartmannianus,TRUE,Plantae,Liliopsida,Crocus,,01992L0043-20130701,Crocus hartmannianus
Cucujus cinnaberinus,Habitats,II,FALSE,taxon,4451511,4451511,EXACT,SPECIES,Cucujus cinnaberinus,TRUE,Animalia,Insecta,Cucujus,,01992L0043-20130701,Cucujus cinnaberinus
Cucullia mixta,Habitats,II,FALSE,taxon,5109677,5109677,EXACT,SPECIES,Cucullia mixta,TRUE,Animalia,Insecta,Cucullia,,01992L0043-20130701,Cucullia mixta
Culcita macrocarpa,Habitats,II,FALSE,taxon,8349980,8349980,EXACT,SPECIES,Culcita macrocarpa,TRUE,Plantae,Polypodiopsida,Culcita,,01992L0043-20130701,Culcita macrocarpa
Cyclamen fatrense,Habitats,II,TRUE,taxon,4005010,3169315,EXACT,SPECIES,Cyclamen purpurascens,FALSE,Plantae,Magnoliopsida,Cyclamen,,01992L0043-20130701,* Cyclamen fatrense
Cynodontium suecicum,Habitats,II,FALSE,taxon,2675182,2675182,EXACT,SPECIES,Cynodontium suecicum,TRUE,Plantae,Bryopsida,Cynodontium,,01992L0043-20130701,Cynodontium suecicum
Cypripedium calceolus,Habitats,II,FALSE,taxon,2820517,2820517,EXACT,SPECIES,Cypripedium calceolus,TRUE,Plantae,Liliopsida,Cypripedium,,01992L0043-20130701,Cypripedium calceolus
Cytisus aeolicus,Habitats,II,TRUE,taxon,5354605,5354605,EXACT,SPECIES,Cytisus aeolicus,TRUE,Plantae,Magnoliopsida,Cytisus,,01992L0043-20130701,* Cytisus aeolicus
Dactylorhiza kalopissii,Habitats,II,FALSE,taxon,2810666,2810155,EXACT,SPECIES,Dactylorhiza majalis,FALSE,Plantae,Liliopsida,Dactylorhiza,,01992L0043-20130701,Dactylorhiza kalopissii
Daphne arbuscula,Habitats,II,TRUE,taxon,7311463,7311463,EXACT,SPECIES,Daphne arbuscula,TRUE,Plantae,Magnoliopsida,Daphne,,01992L0043-20130701,* Daphne arbuscula
Daphne petraea,Habitats,II,FALSE,taxon,5524243,5524243,EXACT,SPECIES,Daphne petraea,TRUE,Plantae,Magnoliopsida,Daphne,,01992L0043-20130701,Daphne petraea
Daphne rodriguezii,Habitats,II,TRUE,taxon,5524064,5524064,EXACT,SPECIES,Daphne rodriguezii,TRUE,Plantae,Magnoliopsida,Daphne,,01992L0043-20130701,* Daphne rodriguezii
Degenia velebitica,Habitats,II,TRUE,taxon,3043200,3043200,EXACT,SPECIES,Degenia velebitica,TRUE,Plantae,Magnoliopsida,Degenia,,01992L0043-20130701,* Degenia velebitica
Delphinium caseyi,Habitats,II,TRUE,taxon,3922363,7276601,EXACT,SPECIES,Delphinium fissum,FALSE,Plantae,Magnoliopsida,Delphinium,,01992L0043-20130701,* Delphinium caseyi
Dendriopoterium pulidoi,Habitats,II,FALSE,taxon,10800268,10800268,EXACT,SPECIES,Dendriopoterium pulidoi,TRUE,Plantae,Magnoliopsida,Dendriopoterium,,01992L0043-20130701,Dendriopoterium pulidoi
Deschampsia maderensis,Habitats,II,FALSE,taxon,4143178,4149465,EXACT,SPECIES,Avenella flexuosa,FALSE,Plantae,Liliopsida,Avenella,,01992L0043-20130701,Deschampsia maderensis
Dianthus arenarius arenarius,Habitats,II,FALSE,taxon,7267942,3085422,EXACT,SUBSPECIES,Dianthus arenarius,FALSE,Plantae,Magnoliopsida,Dianthus,,01992L0043-20130701,Dianthus arenarius arenarius
Dianthus arenarius bohemicus,Habitats,II,TRUE,taxon,8175150,3085422,EXACT,VARIETY,Dianthus arenarius,FALSE,Plantae,Magnoliopsida,Dianthus,,01992L0043-20130701,* Dianthus arenarius bohemicus
Dianthus cintranus cintranus,Habitats,II,FALSE,taxon,7267749,8176156,EXACT,SUBSPECIES,Dianthus cintranus,FALSE,Plantae,Magnoliopsida,Dianthus,,01992L0043-20130701,Dianthus cintranus cintranus
Dianthus diutinus,Habitats,II,TRUE,taxon,,,HIGHERRANK,GENUS,,,Plantae,Magnoliopsida,Dianthus,,01992L0043-20130701,* Dianthus diutinus
Dianthus lumnitzeri,Habitats,II,TRUE,taxon,7267455,9498332,EXACT,SPECIES,Dianthus praecox,FALSE,Plantae,Magnoliopsida,Dianthus,,01992L0043-20130701,* Dianthus lumnitzeri
Dianthus marizii,Habitats,II,FALSE,taxon,7373930,7267493,EXACT,SPECIES,Dianthus laricifolius,FALSE,Plantae,Magnoliopsida,Dianthus,,01992L0043-20130701,Dianthus marizii
Dianthus moravicus,Habitats,II,TRUE,taxon,3810530,9498332,EXACT,SPECIES,Dianthus praecox,FALSE,Plantae,Magnoliopsida,Dianthus,,01992L0043-20130701,* Dianthus moravicus
Dianthus nitidus,Habitats,II,TRUE,taxon,7267339,7267339,EXACT,SPECIES,Dianthus nitidus,TRUE,Plantae,Magnoliopsida,Dianthus,,01992L0043-20130701,* Dianthus nitidus
Dianthus rupicola,Habitats,II,FALSE,taxon,7267156,7267156,EXACT,SPECIES,Dianthus rupicola,TRUE,Plantae,Magnoliopsida,Dianthus,,01992L0043-20130701,Dianthus rupicola
Dichelyma capillaceum,Habitats,II,FALSE,taxon,2678770,2678770,EXACT,SPECIES,Dichelyma capillaceum,TRUE,Plantae,Bryopsida,Dichelyma,,01992L0043-20130701,Dichelyma capillaceum
Dicranum viride,Habitats,II,FALSE,taxon,2675421,2675421,EXACT,SPECIES,Dicranum viride,TRUE,Plantae,Bryopsida,Dicranum,,01992L0043-20130701,Dicranum viride
Dinarolacerta mosorensis,Habitats,II,FALSE,taxon,5789566,5789566,EXACT,SPECIES,Dinarolacerta mosorensis,TRUE,Animalia,Squamata,Dinarolacerta,,01992L0043-20130701,Dinarolacerta mosorensis
Dinaromys bogdanovi,Habitats,II,FALSE,taxon,2438502,2438502,EXACT,SPECIES,Dinaromys bogdanovi,TRUE,Animalia,Mammalia,Dinaromys,,01992L0043-20130701,Dinaromys bogdanovi
Dioszeghyana schmidtii,Habitats,II,FALSE,taxon,4534360,4534360,EXACT,SPECIES,Dioszeghyana schmidtii,TRUE,Animalia,Insecta,Dioszeghyana,,01992L0043-20130701,Dioszeghyana schmidtii
Diplazium sibiricum,Habitats,II,FALSE,taxon,8668880,8668880,EXACT,SPECIES,Diplazium sibiricum,TRUE,Plantae,Polypodiopsida,Diplazium,,01992L0043-20130701,Diplazium sibiricum
Diplotaxis ibicensis,Habitats,II,FALSE,taxon,5376382,5376382,EXACT,SPECIES,Diplotaxis ibicensis,TRUE,Plantae,Magnoliopsida,Diplotaxis,,01992L0043-20130701,Diplotaxis ibicensis
Diplotaxis siettiana,Habitats,II,TRUE,taxon,5376403,5376403,EXACT,SPECIES,Diplotaxis siettiana,TRUE,Plantae,Magnoliopsida,Diplotaxis,,01992L0043-20130701,* Diplotaxis siettiana
Diplotaxis vicentina,Habitats,II,FALSE,taxon,8376149,8376149,EXACT,SPECIES,Diplotaxis vicentina,TRUE,Plantae,Magnoliopsida,Diplotaxis,,01992L0043-20130701,Diplotaxis vicentina
Discoglossus montalentii,Habitats,II,FALSE,taxon,2426621,2426621,EXACT,SPECIES,Discoglossus montalentii,TRUE,Animalia,Amphibia,Discoglossus,,01992L0043-20130701,Discoglossus montalentii
Discoglossus sardus,Habitats,II,FALSE,taxon,2426615,2426615,EXACT,SPECIES,Discoglossus sardus,TRUE,Animalia,Amphibia,Discoglossus,,01992L0043-20130701,Discoglossus sardus
Discula leacockiana,Habitats,II,FALSE,taxon,5783346,10582104,EXACT,SPECIES,Wollastonaria leacockiana,TRUE,Animalia,Gastropoda,Wollastonaria,,01992L0043-20130701,Discula leacockiana
Discula tabellata,Habitats,II,FALSE,taxon,5780146,5780146,EXACT,SPECIES,Discula tabellata,TRUE,Animalia,Gastropoda,Discula,,01992L0043-20130701,Discula tabellata
Discus guerinianus,Habitats,II,FALSE,taxon,5781468,9310110,EXACT,SPECIES,Atlantica gueriniana,TRUE,Animalia,Gastropoda,Atlantica,,01992L0043-20130701,Discus guerinianus
Distichophyllum carinatum,Habitats,II,FALSE,taxon,5280094,12182921,EXACT,SPECIES,Daltonia carinata,TRUE,Plantae,Bryopsida,Daltonia,,01992L0043-20130701,Distichophyllum carinatum
Dorcadion fulvum cervae,Habitats,II,FALSE,taxon,8979778,8295936,EXACT,SUBSPECIES,Dorcadion cervae,FALSE,Animalia,Insecta,Dorcadion,,01992L0043-20130701,Dorcadion fulvum cervae
Dorycnium spectabile,Habitats,II,TRUE,taxon,3972742,5356950,EXACT,SPECIES,Lotus spectabilis,TRUE,Plantae,Magnoliopsida,Lotus,,01992L0043-20130701,* Dorycnium spectabile
Draba cacuminum,Habitats,II,FALSE,taxon,3050152,3050152,EXACT,SPECIES,Draba cacuminum,TRUE,Plantae,Magnoliopsida,Draba,,01992L0043-20130701,Draba cacuminum
Draba cinerea,Habitats,II,FALSE,taxon,3049489,3049489,EXACT,SPECIES,Draba cinerea,TRUE,Plantae,Magnoliopsida,Draba,,01992L0043-20130701,Draba cinerea
Draba dorneri,Habitats,II,FALSE,taxon,3050158,3050158,EXACT,SPECIES,Draba dorneri,TRUE,Plantae,Magnoliopsida,Draba,,01992L0043-20130701,Draba dorneri
Dracocephalum austriacum,Habitats,II,FALSE,taxon,3903269,3903269,EXACT,SPECIES,Dracocephalum austriacum,TRUE,Plantae,Magnoliopsida,Dracocephalum,,01992L0043-20130701,Dracocephalum austriacum
Drepanocladus vernicosus,Habitats,II,FALSE,taxon,5710895,2681714,EXACT,SPECIES,Hamatocaulis vernicosus,TRUE,Plantae,Bryopsida,Hamatocaulis,,01992L0043-20130701,Drepanocladus (Hamatocaulis) vernicosus
Dryopteris corleyi,Habitats,II,TRUE,taxon,5654715,5654715,EXACT,SPECIES,Dryopteris corleyi,TRUE,Plantae,Polypodiopsida,Dryopteris,,01992L0043-20130701,* Dryopteris corleyi
Dryopteris fragans,Habitats,II,FALSE,taxon,5275131,5275131,VARIANT,SPECIES,Dryopteris fragrans,TRUE,Plantae,Polypodiopsida,Dryopteris,,01992L0043-20130701,Dryopteris fragans
Duvalius gebhardti,Habitats,II,FALSE,taxon,4477514,4477514,EXACT,SPECIES,Duvalius gebhardti,TRUE,Animalia,Insecta,Duvalius,,01992L0043-20130701,Duvalius gebhardti
Duvalius hungaricus,Habitats,II,FALSE,taxon,4477266,4477266,EXACT,SPECIES,Duvalius hungaricus,TRUE,Animalia,Insecta,Duvalius,,01992L0043-20130701,Duvalius hungaricus
Dytiscus latissimus,Habitats,II,FALSE,taxon,4470292,4470292,EXACT,SPECIES,Dytiscus latissimus,TRUE,Animalia,Insecta,Dytiscus,,01992L0043-20130701,Dytiscus latissimus
Echinodium spinosum,Habitats,II,TRUE,taxon,2675958,2675958,EXACT,SPECIES,Echinodium spinosum,TRUE,Plantae,Bryopsida,Echinodium,,01992L0043-20130701,* Echinodium spinosum
Echium candicans,Habitats,II,FALSE,taxon,7551118,7551118,EXACT,SPECIES,Echium candicans,TRUE,Plantae,Magnoliopsida,Echium,,01992L0043-20130701,Echium candicans
Echium gentianoides,Habitats,II,TRUE,taxon,4059020,4067595,EXACT,SPECIES,Echium thyrsiflorum,FALSE,Plantae,Magnoliopsida,Echium,,01992L0043-20130701,* Echium gentianoides
Echium russicum,Habitats,II,FALSE,taxon,4067889,4067889,EXACT,SPECIES,Echium russicum,TRUE,Plantae,Magnoliopsida,Echium,,01992L0043-20130701,Echium russicum
Elaphe quatuorlineata,Habitats,II,FALSE,taxon,9099408,9099408,EXACT,SPECIES,Elaphe quatuorlineata,TRUE,Animalia,Squamata,Elaphe,,01992L0043-20130701,Elaphe quatuorlineata
Elaphe situla,Habitats,II,FALSE,taxon,8035896,2458374,EXACT,SPECIES,Zamenis situla,TRUE,Animalia,Squamata,Zamenis,,01992L0043-20130701,Elaphe situla
Elatine gussonei,Habitats,II,FALSE,taxon,7550532,7550532,EXACT,SPECIES,Elatine gussonei,TRUE,Plantae,Magnoliopsida,Elatine,,01992L0043-20130701,Elatine gussonei
Eleocharis carniolica,Habitats,II,FALSE,taxon,2717871,2717871,EXACT,SPECIES,Eleocharis carniolica,TRUE,Plantae,Liliopsida,Eleocharis,,01992L0043-20130701,Eleocharis carniolica
Elona quimperiana,Habitats,II,FALSE,taxon,5782993,5782993,EXACT,SPECIES,Elona quimperiana,TRUE,Animalia,Gastropoda,Elona,,01992L0043-20130701,Elona quimperiana
Emys orbicularis,Habitats,II,FALSE,taxon,8909809,8909809,EXACT,SPECIES,Emys orbicularis,TRUE,Animalia,Testudines,Emys,,01992L0043-20130701,Emys orbicularis
Encalypta mutica,Habitats,II,FALSE,taxon,5280170,5280170,EXACT,SPECIES,Encalypta mutica,TRUE,Plantae,Bryopsida,Encalypta,,01992L0043-20130701,Encalypta mutica
Erannis ankeraria,Habitats,II,FALSE,taxon,1956627,1956627,EXACT,SPECIES,Erannis ankeraria,TRUE,Animalia,Insecta,Erannis,,01992L0043-20130701,Erannis ankeraria
Erebia calcaria,Habitats,II,FALSE,taxon,5135314,8233062,VARIANT,SPECIES,Erebia tyndarus,FALSE,Animalia,Insecta,Erebia,,01992L0043-20130701,Erebia calcaria
Erebia christi,Habitats,II,FALSE,taxon,5134777,5134777,EXACT,SPECIES,Erebia christi,TRUE,Animalia,Insecta,Erebia,,01992L0043-20130701,Erebia christi
Erebia medusa polaris,Habitats,II,FALSE,taxon,12261023,8314088,EXACT,SUBSPECIES,Erebia medusa,FALSE,Animalia,Insecta,Erebia,,01992L0043-20130701,Erebia medusa polaris
Erica scoparia azorica,Habitats,II,FALSE,taxon,5682911,5682827,EXACT,SUBSPECIES,Erica azorica,FALSE,Plantae,Magnoliopsida,Erica,,01992L0043-20130701,Erica scoparia azorica
Erigeron frigidus,Habitats,II,FALSE,taxon,7444427,7444427,EXACT,SPECIES,Erigeron frigidus,TRUE,Plantae,Magnoliopsida,Erigeron,,01992L0043-20130701,Erigeron frigidus
Eriogaster catax,Habitats,II,FALSE,taxon,4525268,4525268,EXACT,SPECIES,Eriogaster catax,TRUE,Animalia,Insecta,Eriogaster,,01992L0043-20130701,Eriogaster catax
Erodium astragaloides,Habitats,II,TRUE,taxon,3828671,3828671,EXACT,SPECIES,Erodium astragaloides,TRUE,Plantae,Magnoliopsida,Erodium,,01992L0043-20130701,* Erodium astragaloides
Erodium paularense,Habitats,II,FALSE,taxon,3826450,3826450,EXACT,SPECIES,Erodium paularense,TRUE,Plantae,Magnoliopsida,Erodium,,01992L0043-20130701,Erodium paularense
Erodium rupicola,Habitats,II,TRUE,taxon,3826194,3826194,EXACT,SPECIES,Erodium rupicola,TRUE,Plantae,Magnoliopsida,Erodium,,01992L0043-20130701,* Erodium rupicola
Erucastrum palustre,Habitats,II,FALSE,taxon,5375519,5375519,EXACT,SPECIES,Erucastrum palustre,TRUE,Plantae,Magnoliopsida,Erucastrum,,01992L0043-20130701,Erucastrum palustre
Eryngium alpinum,Habitats,II,FALSE,taxon,3633778,3633778,EXACT,SPECIES,Eryngium alpinum,TRUE,Plantae,Magnoliopsida,Eryngium,,01992L0043-20130701,Eryngium alpinum
Eryngium viviparum,Habitats,II,TRUE,taxon,3641026,3641026,EXACT,SPECIES,Eryngium viviparum,TRUE,Plantae,Magnoliopsida,Eryngium,,01992L0043-20130701,* Eryngium viviparum
Erysimum pieninicum,Habitats,II,TRUE,taxon,3048477,3048474,EXACT,SPECIES,Erysimum hungaricum,FALSE,Plantae,Magnoliopsida,Erysimum,,01992L0043-20130701,* Erysimum pieninicum
Eudontomyzon,Habitats,II,FALSE,taxon,2421301,,EXACT,GENUS,,,Animalia,Petromyzonti,Eudontomyzon,,01992L0043-20130701,Eudontomyzon
Euphorbia handiensis,Habitats,II,TRUE,taxon,3067114,3067114,EXACT,SPECIES,Euphorbia handiensis,TRUE,Plantae,Magnoliopsida,Euphorbia,,01992L0043-20130701,* Euphorbia handiensis
Euphorbia lambii,Habitats,II,FALSE,taxon,3064111,3064110,EXACT,SPECIES,Euphorbia bourgeana,FALSE,Plantae,Magnoliopsida,Euphorbia,,01992L0043-20130701,Euphorbia lambii
Euphorbia margalidiana,Habitats,II,TRUE,taxon,3065201,3065201,EXACT,SPECIES,Euphorbia margalidiana,TRUE,Plantae,Magnoliopsida,Euphorbia,,01992L0043-20130701,* Euphorbia margalidiana
Euphorbia stygiana,Habitats,II,FALSE,taxon,3069679,3069679,EXACT,SPECIES,Euphorbia stygiana,TRUE,Plantae,Magnoliopsida,Euphorbia,,01992L0043-20130701,Euphorbia stygiana
Euphorbia transtagana,Habitats,II,FALSE,taxon,3068150,3068150,EXACT,SPECIES,Euphorbia transtagana,TRUE,Plantae,Magnoliopsida,Euphorbia,,01992L0043-20130701,Euphorbia transtagana
Euphrasia azorica,Habitats,II,TRUE,taxon,3740173,3740173,EXACT,SPECIES,Euphrasia azorica,TRUE,Plantae,Magnoliopsida,Euphrasia,,01992L0043-20130701,* Euphrasia azorica
Euphrasia genargentea,Habitats,II,TRUE,taxon,8958744,7958564,EXACT,SPECIES,Euphrasia nana,FALSE,Plantae,Magnoliopsida,Euphrasia,,01992L0043-20130701,* Euphrasia genargentea
Euphrasia grandiflora,Habitats,II,FALSE,taxon,3738598,3738598,EXACT,SPECIES,Euphrasia grandiflora,TRUE,Plantae,Magnoliopsida,Euphrasia,,01992L0043-20130701,Euphrasia grandiflora
Euphrasia marchesettii,Habitats,II,FALSE,taxon,3737855,3737855,EXACT,SPECIES,Euphrasia marchesettii,TRUE,Plantae,Magnoliopsida,Euphrasia,,01992L0043-20130701,Euphrasia marchesettii
Euphydryas aurinia,Habitats,II,FALSE,taxon,4535809,4535809,EXACT,SPECIES,Euphydryas aurinia,TRUE,Animalia,Insecta,Euphydryas,,01992L0043-20130701,"Euphydryas (Eurodryas, Hypodryas) aurinia"
Ferula latipinna,Habitats,II,FALSE,taxon,3637808,3637808,EXACT,SPECIES,Ferula latipinna,TRUE,Plantae,Magnoliopsida,Ferula,,01992L0043-20130701,Ferula latipinna
Ferula sadleriana,Habitats,II,TRUE,taxon,3636648,3636648,EXACT,SPECIES,Ferula sadleriana,TRUE,Plantae,Magnoliopsida,Ferula,,01992L0043-20130701,* Ferula sadleriana
Festuca brigantina,Habitats,II,FALSE,taxon,4127331,4127331,EXACT,SPECIES,Festuca brigantina,TRUE,Plantae,Liliopsida,Festuca,,01992L0043-20130701,Festuca brigantina
Festuca duriotagana,Habitats,II,FALSE,taxon,4125030,4125030,EXACT,SPECIES,Festuca duriotagana,TRUE,Plantae,Liliopsida,Festuca,,01992L0043-20130701,Festuca duriotagana
Festuca elegans,Habitats,II,FALSE,taxon,4124641,4124641,EXACT,SPECIES,Festuca elegans,TRUE,Plantae,Liliopsida,Festuca,,01992L0043-20130701,Festuca elegans
Festuca henriquesii,Habitats,II,FALSE,taxon,5941045,5941045,EXACT,SPECIES,Festuca henriquesii,TRUE,Plantae,Liliopsida,Festuca,,01992L0043-20130701,Festuca henriquesii
Festuca summilusitana,Habitats,II,FALSE,taxon,4113010,4113010,EXACT,SPECIES,Festuca summilusitana,TRUE,Plantae,Liliopsida,Festuca,,01992L0043-20130701,Festuca summilusitana
Frangula azorica,Habitats,II,FALSE,taxon,7930611,7930611,EXACT,SPECIES,Frangula azorica,TRUE,Plantae,Magnoliopsida,Frangula,,01992L0043-20130701,Frangula azorica
Galemys pyrenaicus,Habitats,II,FALSE,taxon,5219516,5219516,EXACT,SPECIES,Galemys pyrenaicus,TRUE,Animalia,Mammalia,Galemys,,01992L0043-20130701,Galemys pyrenaicus
Galium cracoviense,Habitats,II,FALSE,taxon,2914482,2914482,EXACT,SPECIES,Galium cracoviense,TRUE,Plantae,Magnoliopsida,Galium,,01992L0043-20130701,Galium cracoviense
Galium litorale,Habitats,II,TRUE,taxon,2914154,2914154,EXACT,SPECIES,Galium litorale,TRUE,Plantae,Magnoliopsida,Galium,,01992L0043-20130701,* Galium litorale
Galium moldavicum,Habitats,II,FALSE,taxon,2913153,2913153,EXACT,SPECIES,Galium moldavicum,TRUE,Plantae,Magnoliopsida,Galium,,01992L0043-20130701,Galium moldavicum
Galium sudeticum,Habitats,II,TRUE,taxon,2915084,2915084,EXACT,SPECIES,Galium sudeticum,TRUE,Plantae,Magnoliopsida,Galium,,01992L0043-20130701,* Galium sudeticum
Galium viridiflorum,Habitats,II,TRUE,taxon,2913980,2913980,EXACT,SPECIES,Galium viridiflorum,TRUE,Plantae,Magnoliopsida,Galium,,01992L0043-20130701,* Galium viridiflorum
Gallotia galloti insulanagae,Habitats,II,FALSE,taxon,6159132,8682680,EXACT,SUBSPECIES,Gallotia galloti,FALSE,Animalia,Squamata,Gallotia,,01992L0043-20130701,Gallotia galloti insulanagae
Gallotia simonyi,Habitats,II,TRUE,taxon,2468673,2468673,EXACT,SPECIES,Gallotia simonyi,TRUE,Animalia,Squamata,Gallotia,,01992L0043-20130701,* Gallotia simonyi
Gaudinia hispanica,Habitats,II,FALSE,taxon,5672463,5672463,EXACT,SPECIES,Gaudinia hispanica,TRUE,Plantae,Liliopsida,Gaudinia,,01992L0043-20130701,Gaudinia hispanica
Genista dorycnifolia,Habitats,II,FALSE,taxon,5347679,5347679,EXACT,SPECIES,Genista dorycnifolia,TRUE,Plantae,Magnoliopsida,Genista,,01992L0043-20130701,Genista dorycnifolia
Genista holopetala,Habitats,II,FALSE,taxon,5347723,5347723,EXACT,SPECIES,Genista holopetala,TRUE,Plantae,Magnoliopsida,Genista,,01992L0043-20130701,Genista holopetala
Gentiana ligustica,Habitats,II,FALSE,taxon,3838874,3838874,EXACT,SPECIES,Gentiana ligustica,TRUE,Plantae,Magnoliopsida,Gentiana,,01992L0043-20130701,Gentiana ligustica
Gentianella anglica,Habitats,II,FALSE,taxon,7270545,8116170,EXACT,SPECIES,Gentianella uliginosa,FALSE,Plantae,Magnoliopsida,Gentianella,,01992L0043-20130701,Gentianella anglica
Gentianella bohemica,Habitats,II,TRUE,taxon,3844100,8482112,EXACT,SPECIES,Gentianella praecox,FALSE,Plantae,Magnoliopsida,Gentianella,,01992L0043-20130701,* Gentianella bohemica
Geomalacus maculosus,Habitats,II,FALSE,taxon,4564441,4564441,EXACT,SPECIES,Geomalacus maculosus,TRUE,Animalia,Gastropoda,Geomalacus,,01992L0043-20130701,Geomalacus maculosus
Geomitra moniziana,Habitats,II,FALSE,taxon,5783290,9380838,EXACT,SPECIES,Craspedaria moniziana,TRUE,Animalia,Gastropoda,Craspedaria,,01992L0043-20130701,Geomitra moniziana
Geranium maderense,Habitats,II,TRUE,taxon,2890983,2890983,EXACT,SPECIES,Geranium maderense,TRUE,Plantae,Magnoliopsida,Geranium,,01992L0043-20130701,* Geranium maderense
Gibbula nivosa,Habitats,II,FALSE,taxon,5724078,9326566,EXACT,SPECIES,Steromphala nivosa,TRUE,Animalia,Gastropoda,Steromphala,,01992L0043-20130701,Gibbula nivosa
Gladiolus palustris,Habitats,II,FALSE,taxon,2750279,2750279,EXACT,SPECIES,Gladiolus palustris,TRUE,Plantae,Liliopsida,Gladiolus,,01992L0043-20130701,Gladiolus palustris
Globularia ascanii,Habitats,II,TRUE,taxon,5578445,5578445,EXACT,SPECIES,Globularia ascanii,TRUE,Plantae,Magnoliopsida,Globularia,,01992L0043-20130701,* Globularia ascanii
Globularia sarcophylla,Habitats,II,TRUE,taxon,5578495,5578495,EXACT,SPECIES,Globularia sarcophylla,TRUE,Plantae,Magnoliopsida,Globularia,,01992L0043-20130701,* Globularia sarcophylla
Globularia stygia,Habitats,II,TRUE,taxon,5578459,5578459,EXACT,SPECIES,Globularia stygia,TRUE,Plantae,Magnoliopsida,Globularia,,01992L0043-20130701,* Globularia stygia
Glyphipterix loricatella,Habitats,II,FALSE,taxon,1829987,1829987,EXACT,SPECIES,Glyphipterix loricatella,TRUE,Animalia,Insecta,Glyphipterix,,01992L0043-20130701,Glyphipterix loricatella
Gobio albipinnatus,Habitats,II,FALSE,taxon,4409617,2360766,EXACT,SPECIES,Romanogobio albipinnatus,TRUE,Animalia,,Romanogobio,,01992L0043-20130701,Gobio albipinnatus
Gobio kessleri,Habitats,II,FALSE,taxon,4409618,2360785,VARIANT,SPECIES,Romanogobio kesslerii,TRUE,Animalia,,Romanogobio,,01992L0043-20130701,Gobio kessleri
Gobio uranoscopus,Habitats,II,FALSE,taxon,5205846,2360759,EXACT,SPECIES,Romanogobio uranoscopus,TRUE,Animalia,,Romanogobio,,01992L0043-20130701,Gobio uranoscopus
Gomphus graslinii,Habitats,II,FALSE,taxon,5051921,5051921,EXACT,SPECIES,Gomphus graslinii,TRUE,Animalia,Insecta,Gomphus,,01992L0043-20130701,Gomphus graslinii
Goodyera macrophylla,Habitats,II,FALSE,taxon,2840691,2840691,EXACT,SPECIES,Goodyera macrophylla,TRUE,Plantae,Liliopsida,Goodyera,,01992L0043-20130701,Goodyera macrophylla
Gortyna borelii lunata,Habitats,II,FALSE,taxon,6199932,1768308,EXACT,SUBSPECIES,Gortyna borelii,FALSE,Animalia,Insecta,Gortyna,,01992L0043-20130701,Gortyna borelii lunata
Graellsia isabellae,Habitats,II,FALSE,taxon,5124512,5124512,EXACT,SPECIES,Graellsia isabellae,TRUE,Animalia,Insecta,Graellsia,,01992L0043-20130701,Graellsia isabellae
Graphoderus bilineatus,Habitats,II,FALSE,taxon,4470279,4470279,EXACT,SPECIES,Graphoderus bilineatus,TRUE,Animalia,Insecta,Graphoderus,,01992L0043-20130701,Graphoderus bilineatus
Gulo gulo,Habitats,II,TRUE,taxon,5219073,5219073,EXACT,SPECIES,Gulo gulo,TRUE,Animalia,Mammalia,Gulo,,01992L0043-20130701,* Gulo gulo
Gymnigritella runei,Habitats,II,FALSE,taxon,2840554,2840551,EXACT,SPECIES,Gymnadenia runei,TRUE,Plantae,Liliopsida,Gymnadenia,,01992L0043-20130701,Gymnigritella runei
Gymnocephalus baloni,Habitats,II,FALSE,taxon,2382142,2382142,EXACT,SPECIES,Gymnocephalus baloni,TRUE,Animalia,,Gymnocephalus,,01992L0043-20130701,Gymnocephalus baloni
Gymnocephalus schraetzer,Habitats,II,FALSE,taxon,5209583,2382143,EXACT,SPECIES,Gymnocephalus schraetser,TRUE,Animalia,,Gymnocephalus,,01992L0043-20130701,Gymnocephalus schraetzer
Gypsophila papillosa,Habitats,II,TRUE,taxon,5586222,5586222,EXACT,SPECIES,Gypsophila papillosa,TRUE,Plantae,Magnoliopsida,Gypsophila,,01992L0043-20130701,* Gypsophila papillosa
Halichoerus grypus,Habitats,II,FALSE,taxon,2434806,2434806,EXACT,SPECIES,Halichoerus grypus,TRUE,Animalia,Mammalia,Halichoerus,,01992L0043-20130701,Halichoerus grypus
Halimium verticillatum,Habitats,II,FALSE,taxon,3595815,7331332,EXACT,SPECIES,Halimium umbellatum,FALSE,Plantae,Magnoliopsida,Halimium,,01992L0043-20130701,Halimium verticillatum
Hamatocaulis lapponicus,Habitats,II,FALSE,taxon,9213010,9213010,EXACT,SPECIES,Hamatocaulis lapponicus,TRUE,Plantae,Bryopsida,Hamatocaulis,,01992L0043-20130701,Hamatocaulis lapponicus
Helianthemum alypoides,Habitats,II,FALSE,taxon,3595627,3595627,EXACT,SPECIES,Helianthemum alypoides,TRUE,Plantae,Magnoliopsida,Helianthemum,,01992L0043-20130701,Helianthemum alypoides
Helianthemum bystropogophyllum,Habitats,II,TRUE,taxon,3596509,3596509,EXACT,SPECIES,Helianthemum bystropogophyllum,TRUE,Plantae,Magnoliopsida,Helianthemum,,01992L0043-20130701,* Helianthemum bystropogophyllum
Helianthemum caput-felis,Habitats,II,FALSE,taxon,7331423,7331423,EXACT,SPECIES,Helianthemum caput-felis,TRUE,Plantae,Magnoliopsida,Helianthemum,,01992L0043-20130701,Helianthemum caput-felis
Helichrysum gossypinum,Habitats,II,FALSE,taxon,7379976,7379976,EXACT,SPECIES,Helichrysum gossypinum,TRUE,Plantae,Magnoliopsida,Helichrysum,,01992L0043-20130701,Helichrysum gossypinum
Helichrysum melitense,Habitats,II,TRUE,taxon,3131272,3131272,EXACT,SPECIES,Helichrysum melitense,TRUE,Plantae,Magnoliopsida,Helichrysum,,01992L0043-20130701,* Helichrysum melitense
Helichrysum monogynum,Habitats,II,FALSE,taxon,3131776,3131776,EXACT,SPECIES,Helichrysum monogynum,TRUE,Plantae,Magnoliopsida,Helichrysum,,01992L0043-20130701,Helichrysum monogynum
Helicopsis striata austriaca,Habitats,II,TRUE,taxon,9424015,10152438,EXACT,SUBSPECIES,Helicopsis austriaca,FALSE,Animalia,Gastropoda,Helicopsis,,01992L0043-20130701,* Helicopsis striata austriaca
Herniaria algarvica,Habitats,II,FALSE,taxon,3594304,3594304,EXACT,SPECIES,Herniaria algarvica,TRUE,Plantae,Magnoliopsida,Herniaria,,01992L0043-20130701,Herniaria algarvica
Herniaria latifolia litardierei,Habitats,II,TRUE,taxon,3594401,3594336,EXACT,SUBSPECIES,Herniaria litardierei,FALSE,Plantae,Magnoliopsida,Herniaria,,01992L0043-20130701,* Herniaria latifolia litardierei
Herniaria lusitanica berlengiana,Habitats,II,FALSE,taxon,8095200,3594326,EXACT,SUBSPECIES,Herniaria lusitanica,FALSE,Plantae,Magnoliopsida,Herniaria,,01992L0043-20130701,Herniaria lusitanica berlengiana
Herniaria maritima,Habitats,II,FALSE,taxon,8228636,8228636,EXACT,SPECIES,Herniaria maritima,TRUE,Plantae,Magnoliopsida,Herniaria,,01992L0043-20130701,Herniaria maritima
Herzogiella turfacea,Habitats,II,FALSE,taxon,2681914,2681914,EXACT,SPECIES,Herzogiella turfacea,TRUE,Plantae,Bryopsida,Herzogiella,,01992L0043-20130701,Herzogiella turfacea
Hesperia comma catena,Habitats,II,FALSE,taxon,7435160,7633472,EXACT,SUBSPECIES,Hesperia comma,FALSE,Animalia,Insecta,Hesperia,,01992L0043-20130701,Hesperia comma catena
Himantoglossum adriaticum,Habitats,II,FALSE,taxon,5324944,5324944,EXACT,SPECIES,Himantoglossum adriaticum,TRUE,Plantae,Liliopsida,Himantoglossum,,01992L0043-20130701,Himantoglossum adriaticum
Himantoglossum caprinum,Habitats,II,FALSE,taxon,5324947,5324947,EXACT,SPECIES,Himantoglossum caprinum,TRUE,Plantae,Liliopsida,Himantoglossum,,01992L0043-20130701,Himantoglossum caprinum
Hippuris tetraphylla,Habitats,II,FALSE,taxon,7939048,7939048,EXACT,SPECIES,Hippuris tetraphylla,TRUE,Plantae,Magnoliopsida,Hippuris,,01992L0043-20130701,Hippuris tetraphylla
Hladnikia pastinacifolia,Habitats,II,FALSE,taxon,5540289,5540289,EXACT,SPECIES,Hladnikia pastinacifolia,TRUE,Plantae,Magnoliopsida,Hladnikia,,01992L0043-20130701,Hladnikia pastinacifolia
Holcus setiglumis duriensis,Habitats,II,FALSE,taxon,5942740,4121520,EXACT,SUBSPECIES,Holcus annuus,FALSE,Plantae,Liliopsida,Holcus,,01992L0043-20130701,Holcus setiglumis duriensis
Hucho hucho,Habitats,II,FALSE,taxon,2351413,2351413,EXACT,SPECIES,Hucho hucho,TRUE,Animalia,,Hucho,,01992L0043-20130701,Hucho hucho
Hyacinthoides vicentina,Habitats,II,FALSE,taxon,,,HIGHERRANK,GENUS,,,Plantae,Liliopsida,Hyacinthoides,,01992L0043-20130701,Hyacinthoides vicentina
Hydromantes ambrosii,Habitats,II,FALSE,taxon,4409479,2431455,EXACT,SPECIES,Speleomantes ambrosii,TRUE,Animalia,Amphibia,Speleomantes,,01992L0043-20130701,Hydromantes (Speleomantes) ambrosii
Hydromantes flavus,Habitats,II,FALSE,taxon,4409476,2431457,EXACT,SPECIES,Speleomantes flavus,TRUE,Animalia,Amphibia,Speleomantes,,01992L0043-20130701,Hydromantes (Speleomantes) flavus
Hydromantes genei,Habitats,II,FALSE,taxon,9026448,2431672,EXACT,SPECIES,Speleomantes genei,TRUE,Animalia,Amphibia,Speleomantes,,01992L0043-20130701,Hydromantes (Speleomantes) genei
Hydromantes imperialis,Habitats,II,FALSE,taxon,4409478,2431452,EXACT,SPECIES,Speleomantes imperialis,TRUE,Animalia,Amphibia,Speleomantes,,01992L0043-20130701,Hydromantes (Speleomantes) imperialis
Hydromantes strinatii,Habitats,II,FALSE,taxon,4409480,2431453,EXACT,SPECIES,Speleomantes strinatii,TRUE,Animalia,Amphibia,Speleomantes,,01992L0043-20130701,Hydromantes (Speleomantes) strinatii
Hydromantes supramontis,Habitats,II,FALSE,taxon,4409477,2431451,EXACT,SPECIES,Speleomantes supramontis,TRUE,Animalia,Amphibia,Speleomantes,,01992L0043-20130701,Hydromantes (Speleomantes) supramontis
Hygrohypnum montanum,Habitats,II,FALSE,taxon,2681567,11070341,EXACT,SPECIES,Campylophyllum montanum,TRUE,Plantae,Bryopsida,Campylophyllum,,01992L0043-20130701,Hygrohypnum montanum
Hygromia kovacsi,Habitats,II,FALSE,taxon,4564571,4564570,EXACT,SPECIES,Kovacsia kovacsi,TRUE,Animalia,Gastropoda,Kovacsia,,01992L0043-20130701,Hygromia kovacsi
Hymenophyllum maderensis,Habitats,II,FALSE,taxon,3608170,3608170,VARIANT,SPECIES,Hymenophyllum maderense,TRUE,Plantae,Polypodiopsida,Hymenophyllum,,01992L0043-20130701,Hymenophyllum maderensis
Hymenostemma pseudanthemis,Habitats,II,FALSE,taxon,3132537,3132537,EXACT,SPECIES,Hymenostemma pseudanthemis,TRUE,Plantae,Magnoliopsida,Hymenostemma,,01992L0043-20130701,Hymenostemma pseudanthemis
Hyoseris frutescens,Habitats,II,FALSE,taxon,4230403,3134551,EXACT,SPECIES,Hyoseris lucida,FALSE,Plantae,Magnoliopsida,Hyoseris,,01992L0043-20130701,Hyoseris frutescens
Hypericum aciferum,Habitats,II,TRUE,taxon,3711466,3711466,EXACT,SPECIES,Hypericum aciferum,TRUE,Plantae,Magnoliopsida,Hypericum,,01992L0043-20130701,* Hypericum aciferum
Hypochoeris oligocephala,Habitats,II,FALSE,taxon,12024679,3093880,EXACT,SPECIES,Hypochaeris oligocephala,TRUE,Plantae,Magnoliopsida,Hypochaeris,,01992L0043-20130701,Hypochoeris oligocephala
Hypodryas maturna,Habitats,II,FALSE,taxon,1902152,1902152,EXACT,SPECIES,Hypodryas maturna,TRUE,Animalia,Insecta,Hypodryas,,01992L0043-20130701,Hypodryas maturna
Iberis arbuscula,Habitats,II,TRUE,taxon,,,HIGHERRANK,GENUS,,,Plantae,Magnoliopsida,Iberis,,01992L0043-20130701,* Iberis arbuscula
Iberis procumbens microcarpa,Habitats,II,FALSE,taxon,5377206,5377204,EXACT,SUBSPECIES,Iberis procumbens,FALSE,Plantae,Magnoliopsida,Iberis,,01992L0043-20130701,Iberis procumbens microcarpa
Iberocypris palaciosi,Habitats,II,FALSE,taxon,2365679,2365679,EXACT,SPECIES,Iberocypris palaciosi,TRUE,Animalia,,Iberocypris,,01992L0043-20130701,Iberocypris palaciosi
Idiomela subplicata,Habitats,II,FALSE,taxon,4564225,4564225,EXACT,SPECIES,Idiomela subplicata,TRUE,Animalia,Gastropoda,Idiomela,,01992L0043-20130701,Idiomela (Helix) subplicata
Iris aphylla hungarica,Habitats,II,FALSE,taxon,8302509,5298613,EXACT,SUBSPECIES,Iris aphylla,FALSE,Plantae,Liliopsida,Iris,,01992L0043-20130701,Iris aphylla hungarica
Iris humilis arenaria,Habitats,II,FALSE,taxon,5298817,5298814,EXACT,SUBSPECIES,Iris arenaria,FALSE,Plantae,Liliopsida,Iris,,01992L0043-20130701,Iris humilis arenaria
Isoetes azorica,Habitats,II,FALSE,taxon,10957950,10957950,EXACT,SPECIES,Isoetes azorica,TRUE,Plantae,Lycopodiopsida,Isoetes,,01992L0043-20130701,Isoetes azorica
Isoetes boryana,Habitats,II,FALSE,taxon,7313107,7313107,EXACT,SPECIES,Isoetes boryana,TRUE,Plantae,Lycopodiopsida,Isoetes,,01992L0043-20130701,Isoetes boryana
Isoetes malinverniana,Habitats,II,FALSE,taxon,7355662,7355662,EXACT,SPECIES,Isoetes malinverniana,TRUE,Plantae,Lycopodiopsida,Isoetes,,01992L0043-20130701,Isoetes malinverniana
Isophya costata,Habitats,II,FALSE,taxon,1684375,1684375,EXACT,SPECIES,Isophya costata,TRUE,Animalia,Insecta,Isophya,,01992L0043-20130701,Isophya costata
Isophya harzi,Habitats,II,FALSE,taxon,1684370,1684370,EXACT,SPECIES,Isophya harzi,TRUE,Animalia,Insecta,Isophya,,01992L0043-20130701,Isophya harzi
Isophya stysi,Habitats,II,FALSE,taxon,1684312,1684312,EXACT,SPECIES,Isophya stysi,TRUE,Animalia,Insecta,Isophya,,01992L0043-20130701,Isophya stysi
Isoplexis chalcantha,Habitats,II,TRUE,taxon,3741191,8013319,EXACT,SPECIES,Digitalis chalcantha,TRUE,Plantae,Magnoliopsida,Digitalis,,01992L0043-20130701,* Isoplexis chalcantha
Isoplexis isabelliana,Habitats,II,FALSE,taxon,3741185,5559164,EXACT,SPECIES,Digitalis isabelliana,TRUE,Plantae,Magnoliopsida,Digitalis,,01992L0043-20130701,Isoplexis isabelliana
Jasione crispa serpentinica,Habitats,II,FALSE,taxon,3165731,3165618,EXACT,SUBSPECIES,Jasione crispa,FALSE,Plantae,Magnoliopsida,Jasione,,01992L0043-20130701,Jasione crispa serpentinica
Jasione lusitanica,Habitats,II,FALSE,taxon,3165806,8366345,EXACT,SPECIES,Jasione montana,FALSE,Plantae,Magnoliopsida,Jasione,,01992L0043-20130701,Jasione lusitanica
Jasminum azoricum,Habitats,II,FALSE,taxon,3172271,3172271,EXACT,SPECIES,Jasminum azoricum,TRUE,Plantae,Magnoliopsida,Jasminum,,01992L0043-20130701,Jasminum azoricum
Jonopsidium acaule,Habitats,II,TRUE,taxon,4272712,3040944,EXACT,SPECIES,Ionopsidium acaule,TRUE,Plantae,Magnoliopsida,Ionopsidium,,01992L0043-20130701,* Jonopsidium acaule
Jonopsidium savianum,Habitats,II,FALSE,taxon,8505156,8161486,EXACT,SPECIES,Jonopsidium savianum,TRUE,Plantae,Magnoliopsida,Jonopsidium,,01992L0043-20130701,Jonopsidium savianum
Juncus valvatus,Habitats,II,FALSE,taxon,2701520,2701520,EXACT,SPECIES,Juncus valvatus,TRUE,Plantae,Liliopsida,Juncus,,01992L0043-20130701,Juncus valvatus
Jungermannia handelii,Habitats,II,FALSE,taxon,7465194,9461164,EXACT,SPECIES,Solenostoma handelii,TRUE,Plantae,Jungermanniopsida,Solenostoma,,01992L0043-20130701,Jungermannia handelii
Jurinea cyanoides,Habitats,II,TRUE,taxon,5392633,5392633,EXACT,SPECIES,Jurinea cyanoides,TRUE,Plantae,Magnoliopsida,Jurinea,,01992L0043-20130701,* Jurinea cyanoides
Jurinea fontqueri,Habitats,II,TRUE,taxon,5694634,5694634,EXACT,SPECIES,Jurinea fontqueri,TRUE,Plantae,Magnoliopsida,Jurinea,,01992L0043-20130701,* Jurinea fontqueri
Knipowitschia croatica,Habitats,II,FALSE,taxon,2375683,2375683,EXACT,SPECIES,Knipowitschia croatica,TRUE,Animalia,,Knipowitschia,,01992L0043-20130701,Knipowitschia croatica
Knipowitschia panizzae,Habitats,II,FALSE,taxon,2375697,2375697,EXACT,SPECIES,Knipowitschia panizzae,TRUE,Animalia,,Knipowitschia,,01992L0043-20130701,Knipowitschia (Padogobius) panizzae
Kosteletzkya pentacarpos,Habitats,II,FALSE,taxon,4939647,4939647,EXACT,SPECIES,Kosteletzkya pentacarpos,TRUE,Plantae,Magnoliopsida,Kosteletzkya,,01992L0043-20130701,Kosteletzkya pentacarpos
Kunkeliella subsucculenta,Habitats,II,FALSE,taxon,3789319,7720261,EXACT,SPECIES,Thesium subsucculentum,TRUE,Plantae,Magnoliopsida,Thesium,,01992L0043-20130701,Kunkeliella subsucculenta
Lacerta bonnali,Habitats,II,FALSE,taxon,7446060,2468525,EXACT,SPECIES,Iberolacerta bonnali,TRUE,Animalia,Squamata,Iberolacerta,Lacerta monticola,01992L0043-20130701,Lacerta bonnali (Lacerta monticola)
Lacerta monticola,Habitats,II,FALSE,taxon,8044501,2468511,EXACT,SPECIES,Iberolacerta monticola,TRUE,Animalia,Squamata,Iberolacerta,,01992L0043-20130701,Lacerta monticola
Lacerta schreiberi,Habitats,II,FALSE,taxon,6159196,6159196,EXACT,SPECIES,Lacerta schreiberi,TRUE,Animalia,Squamata,Lacerta,,01992L0043-20130701,Lacerta schreiberi
Lactuca watsoniana,Habitats,II,TRUE,taxon,4210368,4210368,EXACT,SPECIES,Lactuca watsoniana,TRUE,Plantae,Magnoliopsida,Lactuca,,01992L0043-20130701,* Lactuca watsoniana
Ladigesocypris ghigii,Habitats,II,TRUE,taxon,2363050,7193633,EXACT,SPECIES,Squalius ghigii,TRUE,Animalia,,Squalius,,01992L0043-20130701,* Ladigesocypris ghigii
Lampedusa imitatrix,Habitats,II,FALSE,taxon,8724265,8724265,EXACT,SPECIES,Lampedusa imitatrix,TRUE,Animalia,Gastropoda,Lampedusa,,01992L0043-20130701,Lampedusa imitatrix
Lampedusa melitensis,Habitats,II,TRUE,taxon,5783180,5783180,EXACT,SPECIES,Lampedusa melitensis,TRUE,Animalia,Gastropoda,Lampedusa,,01992L0043-20130701,* Lampedusa melitensis
Lampetra fluviatilis,Habitats,II,FALSE,taxon,2421365,2421365,EXACT,SPECIES,Lampetra fluviatilis,TRUE,Animalia,Petromyzonti,Lampetra,,01992L0043-20130701,Lampetra fluviatilis
Lampetra planeri,Habitats,II,FALSE,taxon,2421402,2421402,EXACT,SPECIES,Lampetra planeri,TRUE,Animalia,Petromyzonti,Lampetra,,01992L0043-20130701,Lampetra planeri
Lamyropsis microcephala,Habitats,II,TRUE,taxon,3132517,3132517,EXACT,SPECIES,Lamyropsis microcephala,TRUE,Plantae,Magnoliopsida,Lamyropsis,,01992L0043-20130701,* Lamyropsis microcephala
Laserpitium longiradium,Habitats,II,TRUE,taxon,3630000,3630000,EXACT,SPECIES,Laserpitium longiradium,TRUE,Plantae,Magnoliopsida,Laserpitium,,01992L0043-20130701,* Laserpitium longiradium
Leiostyla abbreviata,Habitats,II,FALSE,taxon,4566639,4566639,EXACT,SPECIES,Leiostyla abbreviata,TRUE,Animalia,Gastropoda,Leiostyla,,01992L0043-20130701,Leiostyla abbreviata
Leiostyla cassida,Habitats,II,FALSE,taxon,4566633,4566633,EXACT,SPECIES,Leiostyla cassida,TRUE,Animalia,Gastropoda,Leiostyla,,01992L0043-20130701,Leiostyla cassida
Leiostyla corneocostata,Habitats,II,FALSE,taxon,4566645,4566645,EXACT,SPECIES,Leiostyla corneocostata,TRUE,Animalia,Gastropoda,Leiostyla,,01992L0043-20130701,Leiostyla corneocostata
Leiostyla gibba,Habitats,II,FALSE,taxon,4566576,4566576,EXACT,SPECIES,Leiostyla gibba,TRUE,Animalia,Gastropoda,Leiostyla,,01992L0043-20130701,Leiostyla gibba
Leiostyla lamellosa,Habitats,II,FALSE,taxon,4566572,4566572,EXACT,SPECIES,Leiostyla lamellosa,TRUE,Animalia,Gastropoda,Leiostyla,,01992L0043-20130701,Leiostyla lamellosa
Leontodon boryi,Habitats,II,FALSE,taxon,3137527,3137527,EXACT,SPECIES,Leontodon boryi,TRUE,Plantae,Magnoliopsida,Leontodon,,01992L0043-20130701,Leontodon boryi
Leontodon microcephalus,Habitats,II,FALSE,taxon,3133533,3133531,EXACT,SPECIES,Scorzoneroides microcephala,TRUE,Plantae,Magnoliopsida,Scorzoneroides,,01992L0043-20130701,Leontodon microcephalus
Leontodon siculus,Habitats,II,TRUE,taxon,8350816,8350816,EXACT,SPECIES,Leontodon siculus,TRUE,Plantae,Magnoliopsida,Leontodon,,01992L0043-20130701,* Leontodon siculus
Leptidea morsei,Habitats,II,FALSE,taxon,5137908,5137908,EXACT,SPECIES,Leptidea morsei,TRUE,Animalia,Insecta,Leptidea,,01992L0043-20130701,Leptidea morsei
Leptodirus hochenwarti,Habitats,II,FALSE,taxon,4445665,4445665,VARIANT,SPECIES,Leptodirus hochenwartii,TRUE,Animalia,Insecta,Leptodirus,,01992L0043-20130701,Leptodirus hochenwarti
Lethenteron zanandreai,Habitats,II,FALSE,taxon,2421217,2421217,EXACT,SPECIES,Lethenteron zanandreai,TRUE,Animalia,Petromyzonti,Lethenteron,,01992L0043-20130701,Lethenteron zanandreai
Leuciscus lucumonis,Habitats,II,FALSE,taxon,4409613,2365749,EXACT,SPECIES,Squalius lucumonis,TRUE,Animalia,,Squalius,,01992L0043-20130701,Leuciscus lucumonis
Leuciscus souffia,Habitats,II,FALSE,taxon,4409595,2360687,EXACT,SPECIES,Telestes souffia,TRUE,Animalia,,Telestes,,01992L0043-20130701,Leuciscus souffia
Leucojum nicaeense,Habitats,II,FALSE,taxon,2859353,5326577,EXACT,SPECIES,Acis nicaeensis,TRUE,Plantae,Liliopsida,Acis,,01992L0043-20130701,Leucojum nicaeense
Leucorrhinia pectoralis,Habitats,II,FALSE,taxon,1429194,1429194,EXACT,SPECIES,Leucorrhinia pectoralis,TRUE,Animalia,Insecta,Leucorrhinia,,01992L0043-20130701,Leucorrhinia pectoralis
Leuzea longifolia,Habitats,II,FALSE,taxon,3142177,3142177,EXACT,SPECIES,Leuzea longifolia,TRUE,Plantae,Magnoliopsida,Leuzea,,01992L0043-20130701,Leuzea longifolia
Lignyoptera fumidaria,Habitats,II,FALSE,taxon,1963232,1963232,EXACT,SPECIES,Lignyoptera fumidaria,TRUE,Animalia,Insecta,Lignyoptera,,01992L0043-20130701,Lignyoptera fumidaria
Ligularia sibirica,Habitats,II,FALSE,taxon,6445722,6445722,EXACT,SPECIES,Ligularia sibirica,TRUE,Plantae,Magnoliopsida,Ligularia,,01992L0043-20130701,Ligularia sibirica
Limoniscus violaceus,Habitats,II,FALSE,taxon,4428477,4428477,EXACT,SPECIES,Limoniscus violaceus,TRUE,Animalia,Insecta,Limoniscus,,01992L0043-20130701,Limoniscus violaceus
Limonium arborescens,Habitats,II,TRUE,taxon,3082321,7875825,EXACT,SPECIES,Limonium arboreum,FALSE,Plantae,Magnoliopsida,Limonium,,01992L0043-20130701,* Limonium arborescens
Limonium dendroides,Habitats,II,FALSE,taxon,4090542,4090542,EXACT,SPECIES,Limonium dendroides,TRUE,Plantae,Magnoliopsida,Limonium,,01992L0043-20130701,Limonium dendroides
Limonium dodartii lusitanicum,Habitats,II,FALSE,taxon,4090293,4089687,EXACT,SUBSPECIES,Limonium multiflorum,FALSE,Plantae,Magnoliopsida,Limonium,,01992L0043-20130701,Limonium dodartii lusitanicum
Limonium insulare,Habitats,II,TRUE,taxon,4088622,4088622,EXACT,SPECIES,Limonium insulare,TRUE,Plantae,Magnoliopsida,Limonium,,01992L0043-20130701,* Limonium insulare
Limonium lanceolatum,Habitats,II,FALSE,taxon,4090750,7298058,EXACT,SPECIES,Limonium ovalifolium,FALSE,Plantae,Magnoliopsida,Limonium,,01992L0043-20130701,Limonium lanceolatum
Limonium multiflorum,Habitats,II,FALSE,taxon,4089687,4089687,EXACT,SPECIES,Limonium multiflorum,TRUE,Plantae,Magnoliopsida,Limonium,,01992L0043-20130701,Limonium multiflorum
Limonium pseudolaetum,Habitats,II,TRUE,taxon,4090766,4090766,EXACT,SPECIES,Limonium pseudolaetum,TRUE,Plantae,Magnoliopsida,Limonium,,01992L0043-20130701,* Limonium pseudolaetum
Limonium spectabile,Habitats,II,TRUE,taxon,4089510,4089510,EXACT,SPECIES,Limonium spectabile,TRUE,Plantae,Magnoliopsida,Limonium,,01992L0043-20130701,* Limonium spectabile
Limonium strictissimum,Habitats,II,TRUE,taxon,4089439,4089439,EXACT,SPECIES,Limonium strictissimum,TRUE,Plantae,Magnoliopsida,Limonium,,01992L0043-20130701,* Limonium strictissimum
Limonium sventenii,Habitats,II,TRUE,taxon,4089302,4089302,EXACT,SPECIES,Limonium sventenii,TRUE,Plantae,Magnoliopsida,Limonium,,01992L0043-20130701,* Limonium sventenii
Linaria algarviana,Habitats,II,FALSE,taxon,7776721,7776721,EXACT,SPECIES,Linaria algarviana,TRUE,Plantae,Magnoliopsida,Linaria,,01992L0043-20130701,Linaria algarviana
Linaria coutinhoi,Habitats,II,FALSE,taxon,8097549,7759323,EXACT,SPECIES,Linaria intricata,FALSE,Plantae,Magnoliopsida,Linaria,,01992L0043-20130701,Linaria coutinhoi
Linaria ficalhoana,Habitats,II,TRUE,taxon,7621984,9902638,EXACT,SPECIES,Linaria bipunctata,FALSE,Plantae,Magnoliopsida,Linaria,,01992L0043-20130701,* Linaria ficalhoana
Linaria flava,Habitats,II,FALSE,taxon,7612469,7612469,EXACT,SPECIES,Linaria flava,TRUE,Plantae,Magnoliopsida,Linaria,,01992L0043-20130701,Linaria flava
Linaria hellenica,Habitats,II,TRUE,taxon,8399247,7376915,EXACT,SPECIES,Linaria tenuis,FALSE,Plantae,Magnoliopsida,Linaria,,01992L0043-20130701,* Linaria hellenica
Linaria loeselii,Habitats,II,FALSE,taxon,8384512,8384512,EXACT,SPECIES,Linaria loeselii,TRUE,Plantae,Magnoliopsida,Linaria,,01992L0043-20130701,Linaria loeselii
Linaria pseudolaxiflora,Habitats,II,FALSE,taxon,7446038,7446038,EXACT,SPECIES,Linaria pseudolaxiflora,TRUE,Plantae,Magnoliopsida,Linaria,,01992L0043-20130701,Linaria pseudolaxiflora
Linaria ricardoi,Habitats,II,TRUE,taxon,8010088,8010088,EXACT,SPECIES,Linaria ricardoi,TRUE,Plantae,Magnoliopsida,Linaria,,01992L0043-20130701,* Linaria ricardoi
Linaria tonzigii,Habitats,II,FALSE,taxon,7790128,7790128,EXACT,SPECIES,Linaria tonzigii,TRUE,Plantae,Magnoliopsida,Linaria,,01992L0043-20130701,Linaria tonzigii
Linaria tursica,Habitats,II,TRUE,taxon,8014330,8014330,EXACT,SPECIES,Linaria tursica,TRUE,Plantae,Magnoliopsida,Linaria,,01992L0043-20130701,* Linaria tursica
Lindenia tetraphylla,Habitats,II,FALSE,taxon,5051794,5051794,EXACT,SPECIES,Lindenia tetraphylla,TRUE,Animalia,Insecta,Lindenia,,01992L0043-20130701,Lindenia tetraphylla
Linum dolomiticum,Habitats,II,TRUE,taxon,4048500,4048500,EXACT,SPECIES,Linum dolomiticum,TRUE,Plantae,Magnoliopsida,Linum,,01992L0043-20130701,* Linum dolomiticum
Liparis loeselii,Habitats,II,FALSE,taxon,5323092,5323092,EXACT,SPECIES,Liparis loeselii,TRUE,Plantae,Liliopsida,Liparis,,01992L0043-20130701,Liparis loeselii
Lithodora nitida,Habitats,II,FALSE,taxon,5661132,4059956,EXACT,SPECIES,Glandora nitida,TRUE,Plantae,Magnoliopsida,Glandora,,01992L0043-20130701,Lithodora nitida
Lotus azoricus,Habitats,II,TRUE,taxon,5356879,5357009,EXACT,SPECIES,Lotus argyrodes,FALSE,Plantae,Magnoliopsida,Lotus,,01992L0043-20130701,* Lotus azoricus
Lotus callis-viridis,Habitats,II,FALSE,taxon,5356840,5356840,EXACT,SPECIES,Lotus callis-viridis,TRUE,Plantae,Magnoliopsida,Lotus,,01992L0043-20130701,Lotus callis-viridis
Lotus kunkelii,Habitats,II,TRUE,taxon,5356836,5356836,EXACT,SPECIES,Lotus kunkelii,TRUE,Plantae,Magnoliopsida,Lotus,,01992L0043-20130701,* Lotus kunkelii
Lucanus cervus,Habitats,II,FALSE,taxon,5743122,5743122,EXACT,SPECIES,Lucanus cervus,TRUE,Animalia,Insecta,Lucanus,,01992L0043-20130701,Lucanus cervus
Luronium natans,Habitats,II,FALSE,taxon,2864775,2864775,EXACT,SPECIES,Luronium natans,TRUE,Plantae,Liliopsida,Luronium,,01992L0043-20130701,Luronium natans
Lutra lutra,Habitats,II,FALSE,taxon,2433753,2433753,EXACT,SPECIES,Lutra lutra,TRUE,Animalia,Mammalia,Lutra,,01992L0043-20130701,Lutra lutra
Luzula arctica,Habitats,II,FALSE,taxon,8305255,8305255,EXACT,SPECIES,Luzula arctica,TRUE,Plantae,Liliopsida,Luzula,,01992L0043-20130701,Luzula arctica
Lycaena dispar,Habitats,II,FALSE,taxon,1929270,1929270,EXACT,SPECIES,Lycaena dispar,TRUE,Animalia,Insecta,Lycaena,,01992L0043-20130701,Lycaena dispar
Lycaena helle,Habitats,II,FALSE,taxon,7417698,1925962,EXACT,SPECIES,Helleia helle,TRUE,Animalia,Insecta,Helleia,,01992L0043-20130701,Lycaena helle
Lynx lynx,Habitats,II,FALSE,taxon,2435240,2435240,EXACT,SPECIES,Lynx lynx,TRUE,Animalia,Mammalia,Lynx,,01992L0043-20130701,Lynx lynx
Lynx pardinus,Habitats,II,TRUE,taxon,2435261,2435261,EXACT,SPECIES,Lynx pardinus,TRUE,Animalia,Mammalia,Lynx,,01992L0043-20130701,* Lynx pardinus
Lythrum flexuosum,Habitats,II,TRUE,taxon,3988992,3988992,EXACT,SPECIES,Lythrum flexuosum,TRUE,Plantae,Magnoliopsida,Lythrum,,01992L0043-20130701,* Lythrum flexuosum
Macromia splendens,Habitats,II,FALSE,taxon,1429876,1429876,EXACT,SPECIES,Macromia splendens,TRUE,Animalia,Insecta,Macromia,,01992L0043-20130701,Macromia splendens
Macroplea pubipennis,Habitats,II,FALSE,taxon,8086854,8086854,EXACT,SPECIES,Macroplea pubipennis,TRUE,Animalia,Insecta,Macroplea,,01992L0043-20130701,Macroplea pubipennis
Macrovipera schweizeri,Habitats,II,TRUE,taxon,2444698,2444698,EXACT,SPECIES,Macrovipera schweizeri,TRUE,Animalia,Squamata,Macrovipera,Vipera lebetina schweizeri,01992L0043-20130701,* Macrovipera schweizeri (Vipera lebetina schweizeri)
Maculinea nausithous,Habitats,II,FALSE,taxon,1922343,1922343,EXACT,SPECIES,Maculinea nausithous,TRUE,Animalia,Insecta,Maculinea,,01992L0043-20130701,Maculinea nausithous
Maculinea teleius,Habitats,II,FALSE,taxon,1922406,1922406,EXACT,SPECIES,Maculinea teleius,TRUE,Animalia,Insecta,Maculinea,,01992L0043-20130701,Maculinea teleius
Mannia triandra,Habitats,II,FALSE,taxon,5286287,5286287,EXACT,SPECIES,Mannia triandra,TRUE,Plantae,Marchantiopsida,Mannia,,01992L0043-20130701,Mannia triandra
Marcetella maderensis,Habitats,II,FALSE,taxon,3024897,3024897,EXACT,SPECIES,Marcetella maderensis,TRUE,Plantae,Magnoliopsida,Marcetella,,01992L0043-20130701,Marcetella maderensis
Margaritifera durrovensis,Habitats,II,FALSE,taxon,9053408,7911174,EXACT,SPECIES,Margaritifera margaritifera,FALSE,Animalia,Bivalvia,Margaritifera,Margaritifera margaritifera,01992L0043-20130701,Margaritifera durrovensis (Margaritifera margaritifera)
Margaritifera margaritifera,Habitats,II,FALSE,taxon,7911174,7911174,EXACT,SPECIES,Margaritifera margaritifera,TRUE,Animalia,Bivalvia,Margaritifera,,01992L0043-20130701,Margaritifera margaritifera
Marmota marmota latirostris,Habitats,II,TRUE,taxon,4263721,2437377,EXACT,SUBSPECIES,Marmota marmota,FALSE,Animalia,Mammalia,Marmota,,01992L0043-20130701,* Marmota marmota latirostris
Marsilea azorica,Habitats,II,TRUE,taxon,5613457,5274865,EXACT,SPECIES,Marsilea hirsuta,FALSE,Plantae,Polypodiopsida,Marsilea,,01992L0043-20130701,* Marsilea azorica
Marsilea batardae,Habitats,II,FALSE,taxon,5613441,5613441,EXACT,SPECIES,Marsilea batardae,TRUE,Plantae,Polypodiopsida,Marsilea,,01992L0043-20130701,Marsilea batardae
Marsilea quadrifolia,Habitats,II,FALSE,taxon,5274875,5274875,EXACT,SPECIES,Marsilea quadrifolia,TRUE,Plantae,Polypodiopsida,Marsilea,,01992L0043-20130701,Marsilea quadrifolia
Marsilea strigosa,Habitats,II,FALSE,taxon,5613324,5613324,EXACT,SPECIES,Marsilea strigosa,TRUE,Plantae,Polypodiopsida,Marsilea,,01992L0043-20130701,Marsilea strigosa
Marsupella profunda,Habitats,II,TRUE,taxon,5793132,5793132,EXACT,SPECIES,Marsupella profunda,TRUE,Plantae,Jungermanniopsida,Marsupella,,01992L0043-20130701,* Marsupella profunda
Mauremys caspica,Habitats,II,FALSE,taxon,2443374,2443374,EXACT,SPECIES,Mauremys caspica,TRUE,Animalia,Testudines,Mauremys,,01992L0043-20130701,Mauremys caspica
Mauremys leprosa,Habitats,II,FALSE,taxon,2443341,2443341,EXACT,SPECIES,Mauremys leprosa,TRUE,Animalia,Testudines,Mauremys,,01992L0043-20130701,Mauremys leprosa
Maytenus umbellata,Habitats,II,FALSE,taxon,3793313,3791289,EXACT,SPECIES,Gymnosporia dryandri,FALSE,Plantae,Magnoliopsida,Gymnosporia,,01992L0043-20130701,Maytenus umbellata
Meesia longiseta,Habitats,II,FALSE,taxon,5282427,5282427,EXACT,SPECIES,Meesia longiseta,TRUE,Plantae,Bryopsida,Meesia,,01992L0043-20130701,Meesia longiseta
Melanargia arge,Habitats,II,FALSE,taxon,1916347,1916347,EXACT,SPECIES,Melanargia arge,TRUE,Animalia,Insecta,Melanargia,,01992L0043-20130701,Melanargia arge
Melanoselinum decipiens,Habitats,II,FALSE,taxon,3631604,9244277,EXACT,SPECIES,Daucus decipiens,TRUE,Plantae,Magnoliopsida,Daucus,,01992L0043-20130701,Melanoselinum decipiens
Melilotus segetalis fallax,Habitats,II,FALSE,taxon,3962850,2971032,EXACT,SUBSPECIES,Melilotus segetalis,FALSE,Plantae,Magnoliopsida,Melilotus,,01992L0043-20130701,Melilotus segetalis fallax
Mertensiella luschani,Habitats,II,FALSE,taxon,4409482,2431833,EXACT,SPECIES,Lyciasalamandra luschani,TRUE,Animalia,Amphibia,Lyciasalamandra,Salamandra luschani,01992L0043-20130701,Mertensiella luschani (Salamandra luschani)
Mesocricetus newtoni,Habitats,II,FALSE,taxon,2438483,2438483,EXACT,SPECIES,Mesocricetus newtoni,TRUE,Animalia,Mammalia,Mesocricetus,,01992L0043-20130701,Mesocricetus newtoni
Mesosa myops,Habitats,II,FALSE,taxon,8071351,8071351,EXACT,SPECIES,Mesosa myops,TRUE,Animalia,Insecta,Mesosa,,01992L0043-20130701,Mesosa myops
Micromeria taygetea,Habitats,II,TRUE,taxon,5606046,3885512,EXACT,SPECIES,Clinopodium taygeteum,TRUE,Plantae,Magnoliopsida,Clinopodium,,01992L0043-20130701,* Micromeria taygetea
Micropyropsis tuberosa,Habitats,II,FALSE,taxon,4145890,11098873,EXACT,SPECIES,Lolium tuberosum,TRUE,Plantae,Liliopsida,Lolium,,01992L0043-20130701,Micropyropsis tuberosa
Microtus cabrerae,Habitats,II,FALSE,taxon,2438668,2438668,EXACT,SPECIES,Microtus cabrerae,TRUE,Animalia,Mammalia,Microtus,,01992L0043-20130701,Microtus cabrerae
Microtus oeconomus arenicola,Habitats,II,TRUE,taxon,4409203,2438635,EXACT,SUBSPECIES,Microtus oeconomus,FALSE,Animalia,Mammalia,Microtus,,01992L0043-20130701,* Microtus oeconomus arenicola
Microtus oeconomus mehelyi,Habitats,II,TRUE,taxon,4409202,2438635,EXACT,SUBSPECIES,Microtus oeconomus,FALSE,Animalia,Mammalia,Microtus,,01992L0043-20130701,* Microtus oeconomus mehelyi
Microtus tatricus,Habitats,II,FALSE,taxon,2438637,2438637,EXACT,SPECIES,Microtus tatricus,TRUE,Animalia,Mammalia,Microtus,,01992L0043-20130701,Microtus tatricus
Miniopterus schreibersii,Habitats,II,FALSE,taxon,9796816,9796816,EXACT,SPECIES,Miniopterus schreibersii,TRUE,Animalia,Mammalia,Miniopterus,,01992L0043-20130701,Miniopterus schreibersii
Minuartia smejkalii,Habitats,II,TRUE,taxon,3811167,8074997,EXACT,SPECIES,Sabulina verna,FALSE,Plantae,Magnoliopsida,Sabulina,,01992L0043-20130701,* Minuartia smejkalii
Misgurnus fossilis,Habitats,II,FALSE,taxon,2367936,2367936,EXACT,SPECIES,Misgurnus fossilis,TRUE,Animalia,,Misgurnus,,01992L0043-20130701,Misgurnus fossilis
Moehringia jankae,Habitats,II,FALSE,taxon,3810415,3810415,EXACT,SPECIES,Moehringia jankae,TRUE,Plantae,Magnoliopsida,Moehringia,,01992L0043-20130701,Moehringia jankae
Moehringia lateriflora,Habitats,II,FALSE,taxon,3085371,3085371,EXACT,SPECIES,Moehringia lateriflora,TRUE,Plantae,Magnoliopsida,Moehringia,,01992L0043-20130701,Moehringia lateriflora
Moehringia tommasinii,Habitats,II,FALSE,taxon,3810117,3810117,EXACT,SPECIES,Moehringia tommasinii,TRUE,Plantae,Magnoliopsida,Moehringia,,01992L0043-20130701,Moehringia tommasinii
Moehringia villosa,Habitats,II,FALSE,taxon,3810093,3810093,EXACT,SPECIES,Moehringia villosa,TRUE,Plantae,Magnoliopsida,Moehringia,,01992L0043-20130701,Moehringia villosa
Monachus monachus,Habitats,II,TRUE,taxon,2434779,2434779,EXACT,SPECIES,Monachus monachus,TRUE,Animalia,Mammalia,Monachus,,01992L0043-20130701,* Monachus monachus
Monanthes wildpretii,Habitats,II,FALSE,taxon,4197353,4197353,EXACT,SPECIES,Monanthes wildpretii,TRUE,Plantae,Magnoliopsida,Monanthes,,01992L0043-20130701,Monanthes wildpretii
Monizia edulis,Habitats,II,FALSE,taxon,5537848,9393490,EXACT,SPECIES,Daucus edulis,TRUE,Plantae,Magnoliopsida,Daucus,,01992L0043-20130701,Monizia edulis
Morimus funereus,Habitats,II,FALSE,taxon,1119288,1119288,EXACT,SPECIES,Morimus funereus,TRUE,Animalia,Insecta,Morimus,,01992L0043-20130701,Morimus funereus
Muscari gussonei,Habitats,II,TRUE,taxon,8171325,8171325,EXACT,SPECIES,Muscari gussonei,TRUE,Plantae,Liliopsida,Muscari,,01992L0043-20130701,* Muscari gussonei
Musschia aurea,Habitats,II,FALSE,taxon,3164483,3164483,EXACT,SPECIES,Musschia aurea,TRUE,Plantae,Magnoliopsida,Musschia,,01992L0043-20130701,Musschia aurea
Musschia wollastonii,Habitats,II,TRUE,taxon,3164489,3164489,EXACT,SPECIES,Musschia wollastonii,TRUE,Plantae,Magnoliopsida,Musschia,,01992L0043-20130701,* Musschia wollastonii
Mustela eversmanii,Habitats,II,FALSE,taxon,5219057,5219057,EXACT,SPECIES,Mustela eversmanii,TRUE,Animalia,Mammalia,Mustela,,01992L0043-20130701,Mustela eversmanii
Mustela lutreola,Habitats,II,TRUE,taxon,5219007,5219007,EXACT,SPECIES,Mustela lutreola,TRUE,Animalia,Mammalia,Mustela,,01992L0043-20130701,* Mustela lutreola
Myomimus roachi,Habitats,II,FALSE,taxon,2439663,2439663,EXACT,SPECIES,Myomimus roachi,TRUE,Animalia,Mammalia,Myomimus,,01992L0043-20130701,Myomimus roachi
Myosotis azorica,Habitats,II,FALSE,taxon,8405185,8405185,EXACT,SPECIES,Myosotis azorica,TRUE,Plantae,Magnoliopsida,Myosotis,,01992L0043-20130701,Myosotis azorica
Myosotis lusitanica,Habitats,II,FALSE,taxon,5661017,5660582,EXACT,SPECIES,Myosotis welwitschii,FALSE,Plantae,Magnoliopsida,Myosotis,,01992L0043-20130701,Myosotis lusitanica
Myosotis maritima,Habitats,II,FALSE,taxon,5660980,5660980,EXACT,SPECIES,Myosotis maritima,TRUE,Plantae,Magnoliopsida,Myosotis,,01992L0043-20130701,Myosotis maritima
Myosotis rehsteineri,Habitats,II,FALSE,taxon,7930390,7930390,EXACT,SPECIES,Myosotis rehsteineri,TRUE,Plantae,Magnoliopsida,Myosotis,,01992L0043-20130701,Myosotis rehsteineri
Myosotis retusifolia,Habitats,II,FALSE,taxon,8079388,5660582,EXACT,SPECIES,Myosotis welwitschii,FALSE,Plantae,Magnoliopsida,Myosotis,,01992L0043-20130701,Myosotis retusifolia
Myotis bechsteinii,Habitats,II,FALSE,taxon,2432427,2432427,EXACT,SPECIES,Myotis bechsteinii,TRUE,Animalia,Mammalia,Myotis,,01992L0043-20130701,Myotis bechsteinii
Myotis blythii,Habitats,II,FALSE,taxon,2432414,2432414,EXACT,SPECIES,Myotis blythii,TRUE,Animalia,Mammalia,Myotis,,01992L0043-20130701,Myotis blythii
Myotis capaccinii,Habitats,II,FALSE,taxon,2432430,2432430,EXACT,SPECIES,Myotis capaccinii,TRUE,Animalia,Mammalia,Myotis,,01992L0043-20130701,Myotis capaccinii
Myotis dasycneme,Habitats,II,FALSE,taxon,2432452,2432452,EXACT,SPECIES,Myotis dasycneme,TRUE,Animalia,Mammalia,Myotis,,01992L0043-20130701,Myotis dasycneme
Myotis emarginatus,Habitats,II,FALSE,taxon,2432470,2432470,EXACT,SPECIES,Myotis emarginatus,TRUE,Animalia,Mammalia,Myotis,,01992L0043-20130701,Myotis emarginatus
Myotis myotis,Habitats,II,FALSE,taxon,2432416,2432416,EXACT,SPECIES,Myotis myotis,TRUE,Animalia,Mammalia,Myotis,,01992L0043-20130701,Myotis myotis
Myrica rivas-martinezii,Habitats,II,TRUE,taxon,5565312,3745163,EXACT,SPECIES,Morella rivas-martinezii,TRUE,Plantae,Magnoliopsida,Morella,,01992L0043-20130701,* Myrica rivas-martinezii
Myrmecophilus baronii,Habitats,II,FALSE,taxon,5100580,5100580,EXACT,SPECIES,Myrmecophilus baronii,TRUE,Animalia,Insecta,Myrmecophilus,,01992L0043-20130701,Myrmecophilus baronii
Najas flexilis,Habitats,II,FALSE,taxon,5329315,5329315,EXACT,SPECIES,Najas flexilis,TRUE,Plantae,Liliopsida,Najas,,01992L0043-20130701,Najas flexilis
Najas tenuissima,Habitats,II,FALSE,taxon,5329466,5329466,EXACT,SPECIES,Najas tenuissima,TRUE,Plantae,Liliopsida,Najas,,01992L0043-20130701,Najas tenuissima
Narcissus asturiensis,Habitats,II,FALSE,taxon,2858564,2858431,EXACT,SPECIES,Narcissus cuneiflorus,FALSE,Plantae,Liliopsida,Narcissus,,01992L0043-20130701,Narcissus asturiensis
Narcissus calcicola,Habitats,II,FALSE,taxon,2858644,2858644,EXACT,SPECIES,Narcissus calcicola,TRUE,Plantae,Liliopsida,Narcissus,,01992L0043-20130701,Narcissus calcicola
Narcissus cyclamineus,Habitats,II,FALSE,taxon,2858654,2858654,EXACT,SPECIES,Narcissus cyclamineus,TRUE,Plantae,Liliopsida,Narcissus,,01992L0043-20130701,Narcissus cyclamineus
Narcissus fernandesii,Habitats,II,FALSE,taxon,2858917,2858924,EXACT,SPECIES,Narcissus flavus,FALSE,Plantae,Liliopsida,Narcissus,,01992L0043-20130701,Narcissus fernandesii
Narcissus humilis,Habitats,II,FALSE,taxon,,,HIGHERRANK,GENUS,,,Plantae,Liliopsida,Narcissus,,01992L0043-20130701,Narcissus humilis
Narcissus nevadensis,Habitats,II,TRUE,taxon,2858662,2858662,EXACT,SPECIES,Narcissus nevadensis,TRUE,Plantae,Liliopsida,Narcissus,,01992L0043-20130701,* Narcissus nevadensis
Narcissus pseudonarcissus nobilis,Habitats,II,FALSE,taxon,2858245,4928424,EXACT,SUBSPECIES,Narcissus nobilis,FALSE,Plantae,Liliopsida,Narcissus,,01992L0043-20130701,Narcissus pseudonarcissus nobilis
Narcissus scaberulus,Habitats,II,FALSE,taxon,2858572,2858572,EXACT,SPECIES,Narcissus scaberulus,TRUE,Plantae,Liliopsida,Narcissus,,01992L0043-20130701,Narcissus scaberulus
Narcissus triandrus capax,Habitats,II,FALSE,taxon,2858503,2858501,EXACT,SUBSPECIES,Narcissus triandrus,FALSE,Plantae,Liliopsida,Narcissus,,01992L0043-20130701,Narcissus triandrus capax
Narcissus viridiflorus,Habitats,II,FALSE,taxon,2858201,2858201,EXACT,SPECIES,Narcissus viridiflorus,TRUE,Plantae,Liliopsida,Narcissus,,01992L0043-20130701,Narcissus viridiflorus
Natrix natrix cypriaca,Habitats,II,TRUE,taxon,6161355,6161347,EXACT,SUBSPECIES,Natrix natrix,FALSE,Animalia,Squamata,Natrix,,01992L0043-20130701,* Natrix natrix cypriaca
Naufraga balearica,Habitats,II,TRUE,taxon,5539675,5539675,EXACT,SPECIES,Naufraga balearica,TRUE,Plantae,Magnoliopsida,Naufraga,,01992L0043-20130701,* Naufraga balearica
Nepeta dirphya,Habitats,II,FALSE,taxon,5610593,5610593,EXACT,SPECIES,Nepeta dirphya,TRUE,Plantae,Magnoliopsida,Nepeta,,01992L0043-20130701,Nepeta dirphya
Nepeta sphaciotica,Habitats,II,TRUE,taxon,5609657,5609657,EXACT,SPECIES,Nepeta sphaciotica,TRUE,Plantae,Magnoliopsida,Nepeta,,01992L0043-20130701,* Nepeta sphaciotica
Nothothylas orbicularis,Habitats,II,FALSE,taxon,8078388,8078388,VARIANT,SPECIES,Notothylas orbicularis,TRUE,Plantae,Anthocerotopsida,Notothylas,,01992L0043-20130701,Nothothylas orbicularis
Nymphalis vaualbum,Habitats,II,TRUE,taxon,5714374,5129378,EXACT,SPECIES,Polygonia vaualbum,TRUE,Animalia,Insecta,Polygonia,,01992L0043-20130701,* Nymphalis vaualbum
Ochyraea tatrensis,Habitats,II,FALSE,taxon,8072836,10693380,EXACT,SPECIES,Platyhypnum tatrense,TRUE,Plantae,Bryopsida,Platyhypnum,,01992L0043-20130701,Ochyraea tatrensis
Odontites granatensis,Habitats,II,FALSE,taxon,7384046,8381949,EXACT,SPECIES,Odontites viscosus,FALSE,Plantae,Magnoliopsida,Odontites,,01992L0043-20130701,Odontites granatensis
Odontites holliana,Habitats,II,FALSE,taxon,7824523,7824523,VARIANT,SPECIES,Odontites hollianus,TRUE,Plantae,Magnoliopsida,Odontites,,01992L0043-20130701,Odontites holliana
Odontopodisma rubripes,Habitats,II,FALSE,taxon,1710221,1710221,EXACT,SPECIES,Odontopodisma rubripes,TRUE,Animalia,Insecta,Odontopodisma,,01992L0043-20130701,Odontopodisma rubripes
Oenanthe conioides,Habitats,II,TRUE,taxon,7443268,7443268,EXACT,SPECIES,Oenanthe conioides,TRUE,Plantae,Magnoliopsida,Oenanthe,,01992L0043-20130701,* Oenanthe conioides
Oenanthe divaricata,Habitats,II,FALSE,taxon,5540468,5540468,EXACT,SPECIES,Oenanthe divaricata,TRUE,Plantae,Magnoliopsida,Oenanthe,,01992L0043-20130701,Oenanthe divaricata
Omphalodes kuzinskyanae,Habitats,II,FALSE,taxon,4059780,9479684,EXACT,SPECIES,Iberodes kuzinskyana,TRUE,Plantae,Magnoliopsida,Iberodes,,01992L0043-20130701,Omphalodes kuzinskyanae
Omphalodes littoralis,Habitats,II,TRUE,taxon,4059742,9290052,EXACT,SPECIES,Iberodes littoralis,TRUE,Plantae,Magnoliopsida,Iberodes,,01992L0043-20130701,* Omphalodes littoralis
Ononis hackelii,Habitats,II,TRUE,taxon,2977271,2977270,EXACT,SPECIES,Ononis maweana,FALSE,Plantae,Magnoliopsida,Ononis,,01992L0043-20130701,* Ononis hackelii
Onopordum nogalesii,Habitats,II,TRUE,taxon,3094907,3094899,EXACT,SPECIES,Onopordum macracanthum,FALSE,Plantae,Magnoliopsida,Onopordum,,01992L0043-20130701,* Onopordum nogalesii
Onorpordum carduelinum,Habitats,II,TRUE,taxon,9579515,9579515,VARIANT,SPECIES,Onopordum carduelinum,TRUE,Plantae,Magnoliopsida,Onopordum,,01992L0043-20130701,* Onorpordum carduelinum
Onosma tornensis,Habitats,II,TRUE,taxon,4067320,4067320,EXACT,SPECIES,Onosma tornensis,TRUE,Plantae,Magnoliopsida,Onosma,,01992L0043-20130701,* Onosma tornensis
Ophioglossum polyphyllum,Habitats,II,FALSE,taxon,3659152,3659152,EXACT,SPECIES,Ophioglossum polyphyllum,TRUE,Plantae,Polypodiopsida,Ophioglossum,,01992L0043-20130701,Ophioglossum polyphyllum
Ophiogomphus cecilia,Habitats,II,FALSE,taxon,1426058,1426058,EXACT,SPECIES,Ophiogomphus cecilia,TRUE,Animalia,Insecta,Ophiogomphus,,01992L0043-20130701,Ophiogomphus cecilia
Ophrys kotschyi,Habitats,II,TRUE,taxon,2793061,2793061,EXACT,SPECIES,Ophrys kotschyi,TRUE,Plantae,Liliopsida,Ophrys,,01992L0043-20130701,* Ophrys kotschyi
Ophrys lunulata,Habitats,II,TRUE,taxon,2793844,2793844,EXACT,SPECIES,Ophrys lunulata,TRUE,Plantae,Liliopsida,Ophrys,,01992L0043-20130701,* Ophrys lunulata
Ophrys melitensis,Habitats,II,FALSE,taxon,2792740,2792725,EXACT,SPECIES,Ophrys flavicans,FALSE,Plantae,Liliopsida,Ophrys,,01992L0043-20130701,Ophrys melitensis
Origanum dictamnus,Habitats,II,FALSE,taxon,3894972,3894972,EXACT,SPECIES,Origanum dictamnus,TRUE,Plantae,Magnoliopsida,Origanum,,01992L0043-20130701,Origanum dictamnus
Orobanche densiflora,Habitats,II,FALSE,taxon,10926869,10926869,EXACT,SPECIES,Orobanche densiflora,TRUE,Plantae,Magnoliopsida,Orobanche,,01992L0043-20130701,Orobanche densiflora
Orthothecium lapponicum,Habitats,II,FALSE,taxon,5283624,5283624,EXACT,SPECIES,Orthothecium lapponicum,TRUE,Plantae,Bryopsida,Orthothecium,,01992L0043-20130701,Orthothecium lapponicum
Orthotrichum rogeri,Habitats,II,FALSE,taxon,2672681,2672681,EXACT,SPECIES,Orthotrichum rogeri,TRUE,Plantae,Bryopsida,Orthotrichum,,01992L0043-20130701,Orthotrichum rogeri
Osmoderma eremita,Habitats,II,TRUE,taxon,1079588,1079588,EXACT,SPECIES,Osmoderma eremita,TRUE,Animalia,Insecta,Osmoderma,,01992L0043-20130701,* Osmoderma eremita
Ovis gmelini musimon,Habitats,II,FALSE,taxon,9457305,2441110,VARIANT,SUBSPECIES,Ovis aries,FALSE,Animalia,Mammalia,Ovis,Ovis ammon musimon,01992L0043-20130701,Ovis gmelini musimon (Ovis ammon musimon)
Ovis orientalis ophion,Habitats,II,FALSE,taxon,9136548,2441110,EXACT,SUBSPECIES,Ovis aries,FALSE,Animalia,Mammalia,Ovis,Ovis gmelini ophion,01992L0043-20130701,Ovis orientalis ophion (Ovis gmelini ophion)
Oxygastra curtisii,Habitats,II,FALSE,taxon,7951391,7951391,EXACT,SPECIES,Oxygastra curtisii,TRUE,Animalia,Insecta,Oxygastra,,01992L0043-20130701,Oxygastra curtisii
Oxyporus mannerheimii,Habitats,II,FALSE,taxon,7516178,7516178,EXACT,SPECIES,Oxyporus mannerheimii,TRUE,Animalia,Insecta,Oxyporus,,01992L0043-20130701,Oxyporus mannerheimii
Padogobius nigricans,Habitats,II,FALSE,taxon,2375443,2375443,EXACT,SPECIES,Padogobius nigricans,TRUE,Animalia,,Padogobius,,01992L0043-20130701,Padogobius nigricans
Paeonia cambessedesii,Habitats,II,FALSE,taxon,3614311,3614311,EXACT,SPECIES,Paeonia cambessedesii,TRUE,Plantae,Magnoliopsida,Paeonia,,01992L0043-20130701,Paeonia cambessedesii
Paeonia clusii rhodia,Habitats,II,FALSE,taxon,3614259,7316513,EXACT,SUBSPECIES,Paeonia clusii,FALSE,Plantae,Magnoliopsida,Paeonia,,01992L0043-20130701,Paeonia clusii rhodia
Paeonia officinalis banatica,Habitats,II,FALSE,taxon,4930561,3083488,EXACT,SUBSPECIES,Paeonia officinalis,FALSE,Plantae,Magnoliopsida,Paeonia,,01992L0043-20130701,Paeonia officinalis banatica
Paeonia parnassica,Habitats,II,FALSE,taxon,3614186,3614186,EXACT,SPECIES,Paeonia parnassica,TRUE,Plantae,Magnoliopsida,Paeonia,,01992L0043-20130701,Paeonia parnassica
Paladilhia hungarica,Habitats,II,TRUE,taxon,5784455,5784455,EXACT,SPECIES,Paladilhia hungarica,TRUE,Animalia,Gastropoda,Paladilhia,,01992L0043-20130701,* Paladilhia hungarica
Palaeocyanus crassifolius,Habitats,II,TRUE,taxon,3097102,3097098,EXACT,SPECIES,Cheirolophus crassifolius,TRUE,Plantae,Magnoliopsida,Cheirolophus,,01992L0043-20130701,* Palaeocyanus crassifolius
Papaver laestadianum,Habitats,II,FALSE,taxon,3601124,3601124,EXACT,SPECIES,Papaver laestadianum,TRUE,Plantae,Magnoliopsida,Papaver,,01992L0043-20130701,Papaver laestadianum
Papaver radicatum hyperboreum,Habitats,II,FALSE,taxon,8676498,8348125,EXACT,SUBSPECIES,Papaver radicatum,FALSE,Plantae,Magnoliopsida,Papaver,,01992L0043-20130701,Papaver radicatum hyperboreum
Papilio hospiton,Habitats,II,FALSE,taxon,1938050,1938050,EXACT,SPECIES,Papilio hospiton,TRUE,Animalia,Insecta,Papilio,,01992L0043-20130701,Papilio hospiton
Paracaloptenus caloptenoides,Habitats,II,FALSE,taxon,1702607,1702607,EXACT,SPECIES,Paracaloptenus caloptenoides,TRUE,Animalia,Insecta,Paracaloptenus,,01992L0043-20130701,Paracaloptenus caloptenoides
Parolinia schizogynoides,Habitats,II,TRUE,taxon,5377797,5377797,EXACT,SPECIES,Parolinia schizogynoides,TRUE,Plantae,Magnoliopsida,Parolinia,,01992L0043-20130701,* Parolinia schizogynoides
Pedicularis sudetica,Habitats,II,TRUE,taxon,3171733,3171733,EXACT,SPECIES,Pedicularis sudetica,TRUE,Plantae,Magnoliopsida,Pedicularis,,01992L0043-20130701,* Pedicularis sudetica
Pelecus cultratus,Habitats,II,FALSE,taxon,2367038,2367038,EXACT,SPECIES,Pelecus cultratus,TRUE,Animalia,,Pelecus,,01992L0043-20130701,Pelecus cultratus
Pelobates fuscus insubricus,Habitats,II,TRUE,taxon,11030867,2430567,EXACT,SUBSPECIES,Pelobates fuscus,FALSE,Animalia,Amphibia,Pelobates,,01992L0043-20130701,* Pelobates fuscus insubricus
Pericallis hadrosoma,Habitats,II,TRUE,taxon,3087419,3087419,EXACT,SPECIES,Pericallis hadrosoma,TRUE,Plantae,Magnoliopsida,Pericallis,,01992L0043-20130701,* Pericallis hadrosoma
Persicaria foliosa,Habitats,II,FALSE,taxon,4035833,4035833,EXACT,SPECIES,Persicaria foliosa,TRUE,Plantae,Magnoliopsida,Persicaria,,01992L0043-20130701,Persicaria foliosa
Petagnia saniculifolia,Habitats,II,FALSE,taxon,5538631,3633804,EXACT,SPECIES,Petagnaea gussonei,FALSE,Plantae,Magnoliopsida,Petagnaea,,01992L0043-20130701,Petagnia saniculifolia
Petalophyllum ralfsii,Habitats,II,FALSE,taxon,7579898,7579898,EXACT,SPECIES,Petalophyllum ralfsii,TRUE,Plantae,Jungermanniopsida,Petalophyllum,,01992L0043-20130701,Petalophyllum ralfsii
Petrocoptis grandiflora,Habitats,II,FALSE,taxon,3808482,3808482,EXACT,SPECIES,Petrocoptis grandiflora,TRUE,Plantae,Magnoliopsida,Petrocoptis,,01992L0043-20130701,Petrocoptis grandiflora
Petrocoptis montsicciana,Habitats,II,FALSE,taxon,7267096,7267091,EXACT,SPECIES,Petrocoptis pardoi,FALSE,Plantae,Magnoliopsida,Petrocoptis,,01992L0043-20130701,Petrocoptis montsicciana
Petrocoptis pseudoviscosa,Habitats,II,FALSE,taxon,3808421,7267085,EXACT,SPECIES,Petrocoptis pyrenaica,FALSE,Plantae,Magnoliopsida,Petrocoptis,,01992L0043-20130701,Petrocoptis pseudoviscosa
Petromyzon marinus,Habitats,II,FALSE,taxon,8236498,8236498,EXACT,SPECIES,Petromyzon marinus,TRUE,Animalia,Petromyzonti,Petromyzon,,01992L0043-20130701,Petromyzon marinus
Phagnalon benettii,Habitats,II,FALSE,taxon,3150072,3150065,VARIANT,SPECIES,Phagnalon saxatile,FALSE,Plantae,Magnoliopsida,Phagnalon,,01992L0043-20130701,Phagnalon benettii
Phalaris maderensis,Habitats,II,FALSE,taxon,5678643,5678643,EXACT,SPECIES,Phalaris maderensis,TRUE,Plantae,Liliopsida,Phalaris,,01992L0043-20130701,Phalaris maderensis
Phlomis brevibracteata,Habitats,II,FALSE,taxon,3888448,3888448,EXACT,SPECIES,Phlomis brevibracteata,TRUE,Plantae,Magnoliopsida,Phlomis,,01992L0043-20130701,Phlomis brevibracteata
Phlomis cypria,Habitats,II,FALSE,taxon,7307289,7307289,EXACT,SPECIES,Phlomis cypria,TRUE,Plantae,Magnoliopsida,Phlomis,,01992L0043-20130701,Phlomis cypria
Phoca hispida bottnica,Habitats,II,FALSE,taxon,4409342,5219369,VARIANT,SUBSPECIES,Pusa hispida,FALSE,Animalia,Mammalia,Pusa,,01992L0043-20130701,Phoca hispida bottnica
Phoca hispida saimensis,Habitats,II,TRUE,taxon,6163806,5219369,EXACT,SUBSPECIES,Pusa hispida,FALSE,Animalia,Mammalia,Pusa,,01992L0043-20130701,* Phoca hispida saimensis
Phoca vitulina,Habitats,II,FALSE,taxon,2434793,2434793,EXACT,SPECIES,Phoca vitulina,TRUE,Animalia,Mammalia,Phoca,,01992L0043-20130701,Phoca vitulina
Phocoena phocoena,Habitats,II,FALSE,taxon,2440669,2440669,EXACT,SPECIES,Phocoena phocoena,TRUE,Animalia,Mammalia,Phocoena,,01992L0043-20130701,Phocoena phocoena
Phoenix theophrasti,Habitats,II,FALSE,taxon,5293186,5293186,EXACT,SPECIES,Phoenix theophrasti,TRUE,Plantae,Liliopsida,Phoenix,,01992L0043-20130701,Phoenix theophrasti
Pholidoptera transsylvanica,Habitats,II,FALSE,taxon,1695277,1695277,EXACT,SPECIES,Pholidoptera transsylvanica,TRUE,Animalia,Insecta,Pholidoptera,,01992L0043-20130701,Pholidoptera transsylvanica
Phoxinellus,Habitats,II,FALSE,genus_or_family,2361324,,EXACT,GENUS,,,Animalia,,Phoxinellus,,01992L0043-20130701,Phoxinellus spp.
Phoxinus percnurus,Habitats,II,TRUE,taxon,5207401,2365586,EXACT,SPECIES,Rhynchocypris percnurus,TRUE,Animalia,,Rhynchocypris,,01992L0043-20130701,* Phoxinus percnurus
Phryganophilus ruficollis,Habitats,II,TRUE,taxon,4453682,4453682,EXACT,SPECIES,Phryganophilus ruficollis,TRUE,Animalia,Insecta,Phryganophilus,,01992L0043-20130701,* Phryganophilus ruficollis
Phyllodactylus europaeus,Habitats,II,FALSE,taxon,2446612,2446608,EXACT,SPECIES,Euleptes europaea,TRUE,Animalia,Squamata,Euleptes,,01992L0043-20130701,Phyllodactylus europaeus
Phyllometra culminaria,Habitats,II,FALSE,taxon,1985561,1985561,EXACT,SPECIES,Phyllometra culminaria,TRUE,Animalia,Insecta,Phyllometra,,01992L0043-20130701,Phyllometra culminaria
Picconia azorica,Habitats,II,FALSE,taxon,5549939,5549939,EXACT,SPECIES,Picconia azorica,TRUE,Plantae,Magnoliopsida,Picconia,,01992L0043-20130701,Picconia azorica
Pilemia tigrina,Habitats,II,FALSE,taxon,5004273,8211086,EXACT,SPECIES,Phytoecia tigrina,TRUE,Animalia,Insecta,Phytoecia,,01992L0043-20130701,Pilemia tigrina
Pinguicula crystallina,Habitats,II,TRUE,taxon,8058554,8058554,EXACT,SPECIES,Pinguicula crystallina,TRUE,Plantae,Magnoliopsida,Pinguicula,,01992L0043-20130701,* Pinguicula crystallina
Pinguicula nevadensis,Habitats,II,FALSE,taxon,5667895,5667895,EXACT,SPECIES,Pinguicula nevadensis,TRUE,Plantae,Magnoliopsida,Pinguicula,,01992L0043-20130701,Pinguicula nevadensis
Pittosporum coriaceum,Habitats,II,TRUE,taxon,8350478,8350478,EXACT,SPECIES,Pittosporum coriaceum,TRUE,Plantae,Magnoliopsida,Pittosporum,,01992L0043-20130701,* Pittosporum coriaceum
Plagiomnium drummondii,Habitats,II,FALSE,taxon,7601246,7601246,EXACT,SPECIES,Plagiomnium drummondii,TRUE,Plantae,Bryopsida,Plagiomnium,,01992L0043-20130701,Plagiomnium drummondii
Plantago almogravensis,Habitats,II,FALSE,taxon,4155876,4155899,EXACT,SPECIES,Plantago algarbiensis,FALSE,Plantae,Magnoliopsida,Plantago,,01992L0043-20130701,Plantago almogravensis
Platanthera obtusata oligantha,Habitats,II,FALSE,taxon,9075128,2798444,EXACT,SUBSPECIES,Platanthera oligantha,FALSE,Plantae,Liliopsida,Platanthera,,01992L0043-20130701,Platanthera obtusata oligantha
Plebicula golgus,Habitats,II,FALSE,taxon,1932517,1932517,EXACT,SPECIES,Plebicula golgus,TRUE,Animalia,Insecta,Plebicula,,01992L0043-20130701,Plebicula golgus
Poa granitica disparilis,Habitats,II,FALSE,taxon,6451316,4121637,EXACT,VARIETY,Poa granitica,FALSE,Plantae,Liliopsida,Poa,,01992L0043-20130701,Poa granitica disparilis
Poa riphaea,Habitats,II,TRUE,taxon,4112245,4112245,EXACT,SPECIES,Poa riphaea,TRUE,Plantae,Liliopsida,Poa,,01992L0043-20130701,* Poa riphaea
Podarcis lilfordi,Habitats,II,FALSE,taxon,2469155,2469155,EXACT,SPECIES,Podarcis lilfordi,TRUE,Animalia,Squamata,Podarcis,,01992L0043-20130701,Podarcis lilfordi
Podarcis pityusensis,Habitats,II,FALSE,taxon,2469028,2469028,EXACT,SPECIES,Podarcis pityusensis,TRUE,Animalia,Squamata,Podarcis,,01992L0043-20130701,Podarcis pityusensis
Polygonum praelongum,Habitats,II,FALSE,taxon,5652611,5652611,EXACT,SPECIES,Polygonum praelongum,TRUE,Plantae,Magnoliopsida,Polygonum,,01992L0043-20130701,Polygonum praelongum
Polymixis rufocincta isolata,Habitats,II,FALSE,taxon,4533311,1781016,EXACT,SUBSPECIES,Polymixis rufocincta,FALSE,Animalia,Insecta,Polymixis,,01992L0043-20130701,Polymixis rufocincta isolata
Polyommatus eroides,Habitats,II,FALSE,taxon,5140411,5140244,EXACT,SPECIES,Polyommatus eros,FALSE,Animalia,Insecta,Polyommatus,,01992L0043-20130701,Polyommatus eroides
Polystichum drepanum,Habitats,II,TRUE,taxon,4039363,4039363,EXACT,SPECIES,Polystichum drepanum,TRUE,Plantae,Polypodiopsida,Polystichum,,01992L0043-20130701,* Polystichum drepanum
Pomatoschistus canestrini,Habitats,II,FALSE,taxon,2379274,2379274,VARIANT,SPECIES,Pomatoschistus canestrinii,TRUE,Animalia,,Pomatoschistus,,01992L0043-20130701,Pomatoschistus canestrini
Potentilla delphinensis,Habitats,II,FALSE,taxon,5366702,5366702,EXACT,SPECIES,Potentilla delphinensis,TRUE,Plantae,Magnoliopsida,Potentilla,,01992L0043-20130701,Potentilla delphinensis
Potentilla emilii-popii,Habitats,II,FALSE,taxon,5369241,5369241,EXACT,SPECIES,Potentilla emilii-popii,TRUE,Plantae,Magnoliopsida,Potentilla,,01992L0043-20130701,Potentilla emilii-popii
Primula apennina,Habitats,II,TRUE,taxon,5640973,5640973,EXACT,SPECIES,Primula apennina,TRUE,Plantae,Magnoliopsida,Primula,,01992L0043-20130701,* Primula apennina
Primula carniolica,Habitats,II,FALSE,taxon,5640361,5640361,EXACT,SPECIES,Primula carniolica,TRUE,Plantae,Magnoliopsida,Primula,,01992L0043-20130701,Primula carniolica
Primula nutans,Habitats,II,FALSE,taxon,5414318,5414318,EXACT,SPECIES,Primula nutans,TRUE,Plantae,Magnoliopsida,Primula,,01992L0043-20130701,Primula nutans
Primula palinuri,Habitats,II,FALSE,taxon,5641574,5641574,EXACT,SPECIES,Primula palinuri,TRUE,Plantae,Magnoliopsida,Primula,,01992L0043-20130701,Primula palinuri
Primula scandinavica,Habitats,II,FALSE,taxon,7933553,7933553,EXACT,SPECIES,Primula scandinavica,TRUE,Plantae,Magnoliopsida,Primula,,01992L0043-20130701,Primula scandinavica
Probaticus subrugosus,Habitats,II,FALSE,taxon,4454238,4454238,EXACT,SPECIES,Probaticus subrugosus,TRUE,Animalia,Insecta,Euboeus,,01992L0043-20130701,Probaticus subrugosus
Propomacrus cypriacus,Habitats,II,FALSE,taxon,1072120,1072120,EXACT,SPECIES,Propomacrus cypriacus,TRUE,Animalia,Insecta,Propomacrus,,01992L0043-20130701,Propomacrus cypriacus
Proterebia afra dalmata,Habitats,II,FALSE,taxon,,,HIGHERRANK,SPECIES,Proterebia afra,TRUE,Animalia,Insecta,Proterebia,,01992L0043-20130701,Proterebia afra dalmata
Proteus anguinus,Habitats,II,TRUE,taxon,2432042,2432042,EXACT,SPECIES,Proteus anguinus,TRUE,Animalia,Amphibia,Proteus,,01992L0043-20130701,* Proteus anguinus
Prunus lusitanica azorica,Habitats,II,FALSE,taxon,10865719,3020871,EXACT,VARIETY,Prunus lusitanica,FALSE,Plantae,Magnoliopsida,Prunus,,01992L0043-20130701,Prunus lusitanica azorica
Pseudarrhenatherum pallens,Habitats,II,FALSE,taxon,5941603,4120732,EXACT,SPECIES,Arrhenatherum pallens,TRUE,Plantae,Liliopsida,Arrhenatherum,,01992L0043-20130701,Pseudarrhenatherum pallens
Pseudogaurotina excellens,Habitats,II,TRUE,taxon,1115612,1115612,EXACT,SPECIES,Pseudogaurotina excellens,TRUE,Animalia,Insecta,Pseudogaurotina,,01992L0043-20130701,* Pseudogaurotina excellens
Pseudophilotes bavius,Habitats,II,FALSE,taxon,4535092,4535092,EXACT,SPECIES,Pseudophilotes bavius,TRUE,Animalia,Insecta,Pseudophilotes,,01992L0043-20130701,Pseudophilotes bavius
Pseudoseriscius cameroni,Habitats,II,FALSE,taxon,4455199,4455199,EXACT,SPECIES,Pseudoseriscius cameroni,TRUE,Animalia,Insecta,Pseudoseriscius,,01992L0043-20130701,Pseudoseriscius cameroni
Pteromys volans,Habitats,II,TRUE,taxon,2437258,2437258,EXACT,SPECIES,Pteromys volans,TRUE,Animalia,Mammalia,Pteromys,Sciuropterus russicus,01992L0043-20130701,* Pteromys volans (Sciuropterus russicus)
Puccinellia phryganodes,Habitats,II,FALSE,taxon,2704674,2704674,EXACT,SPECIES,Puccinellia phryganodes,TRUE,Plantae,Liliopsida,Puccinellia,,01992L0043-20130701,Puccinellia phryganodes
Puccinellia pungens,Habitats,II,FALSE,taxon,4146861,2704720,EXACT,SPECIES,Puccinellia fasciculata,FALSE,Plantae,Liliopsida,Puccinellia,,01992L0043-20130701,Puccinellia pungens
Pulsatilla grandis,Habitats,II,FALSE,taxon,7277986,7277986,EXACT,SPECIES,Pulsatilla grandis,TRUE,Plantae,Magnoliopsida,Pulsatilla,,01992L0043-20130701,Pulsatilla grandis
Pulsatilla patens,Habitats,II,FALSE,taxon,3033623,3033623,EXACT,SPECIES,Pulsatilla patens,TRUE,Plantae,Magnoliopsida,Pulsatilla,,01992L0043-20130701,Pulsatilla patens
Pulsatilla pratensis hungarica,Habitats,II,TRUE,taxon,7723626,7277878,EXACT,SUBSPECIES,Pulsatilla pratensis,FALSE,Plantae,Magnoliopsida,Pulsatilla,,01992L0043-20130701,* Pulsatilla pratensis hungarica
Pulsatilla slavica,Habitats,II,TRUE,taxon,7277849,3929423,EXACT,SPECIES,Pulsatilla halleri,FALSE,Plantae,Magnoliopsida,Pulsatilla,,01992L0043-20130701,* Pulsatilla slavica
Pulsatilla subslavica,Habitats,II,TRUE,taxon,3928782,3929423,EXACT,SPECIES,Pulsatilla halleri,FALSE,Plantae,Magnoliopsida,Pulsatilla,,01992L0043-20130701,* Pulsatilla subslavica
Pulsatilla vulgaris gotlandica,Habitats,II,FALSE,taxon,7706852,7277986,EXACT,SUBSPECIES,Pulsatilla grandis,FALSE,Plantae,Magnoliopsida,Pulsatilla,,01992L0043-20130701,Pulsatilla vulgaris gotlandica
Pyrus magyarica,Habitats,II,TRUE,taxon,5362558,5362573,EXACT,SPECIES,Pyrus communis,FALSE,Plantae,Magnoliopsida,Pyrus,,01992L0043-20130701,* Pyrus magyarica
Pytho kolwensis,Habitats,II,FALSE,taxon,4457579,4457579,EXACT,SPECIES,Pytho kolwensis,TRUE,Animalia,Insecta,Pytho,,01992L0043-20130701,Pytho kolwensis
Rana latastei,Habitats,II,FALSE,taxon,2426788,2426788,EXACT,SPECIES,Rana latastei,TRUE,Animalia,Amphibia,Rana,,01992L0043-20130701,Rana latastei
Rangifer tarandus fennicus,Habitats,II,FALSE,taxon,5706310,5220114,EXACT,SUBSPECIES,Rangifer tarandus,FALSE,Animalia,Mammalia,Rangifer,,01992L0043-20130701,Rangifer tarandus fennicus
Ranunculus kykkoensis,Habitats,II,FALSE,taxon,3924925,3924925,EXACT,SPECIES,Ranunculus kykkoensis,TRUE,Plantae,Magnoliopsida,Ranunculus,,01992L0043-20130701,Ranunculus kykkoensis
Ranunculus lapponicus,Habitats,II,FALSE,taxon,,,HIGHERRANK,FAMILY,,,Plantae,Magnoliopsida,,,01992L0043-20130701,Ranunculus lapponicus
Ranunculus weyleri,Habitats,II,TRUE,taxon,3921209,3921209,EXACT,SPECIES,Ranunculus weyleri,TRUE,Plantae,Magnoliopsida,Ranunculus,,01992L0043-20130701,* Ranunculus weyleri
Reseda decursiva Forssk,Habitats,II,FALSE,taxon,3916426,3916426,EXACT,SPECIES,Reseda decursiva,TRUE,Plantae,Magnoliopsida,Reseda,,01992L0043-20130701,Reseda decursiva Forssk.
Rhinanthus oesilensis,Habitats,II,FALSE,taxon,3742054,3742054,EXACT,SPECIES,Rhinanthus oesilensis,TRUE,Plantae,Magnoliopsida,Rhinanthus,,01992L0043-20130701,Rhinanthus oesilensis
Rhinolophus blasii,Habitats,II,FALSE,taxon,2432666,2432666,EXACT,SPECIES,Rhinolophus blasii,TRUE,Animalia,Mammalia,Rhinolophus,,01992L0043-20130701,Rhinolophus blasii
Rhinolophus euryale,Habitats,II,FALSE,taxon,2432621,2432621,EXACT,SPECIES,Rhinolophus euryale,TRUE,Animalia,Mammalia,Rhinolophus,,01992L0043-20130701,Rhinolophus euryale
Rhinolophus ferrumequinum,Habitats,II,FALSE,taxon,2432655,2432655,EXACT,SPECIES,Rhinolophus ferrumequinum,TRUE,Animalia,Mammalia,Rhinolophus,,01992L0043-20130701,Rhinolophus ferrumequinum
Rhinolophus hipposideros,Habitats,II,FALSE,taxon,2432614,2432614,EXACT,SPECIES,Rhinolophus hipposideros,TRUE,Animalia,Mammalia,Rhinolophus,,01992L0043-20130701,Rhinolophus hipposideros
Rhinolophus mehelyi,Habitats,II,FALSE,taxon,2432667,2432667,EXACT,SPECIES,Rhinolophus mehelyi,TRUE,Animalia,Mammalia,Rhinolophus,,01992L0043-20130701,Rhinolophus mehelyi
Rhodeus sericeus amarus,Habitats,II,FALSE,taxon,6166557,2360842,EXACT,SUBSPECIES,Rhodeus amarus,FALSE,Animalia,,Rhodeus,,01992L0043-20130701,Rhodeus sericeus amarus
Rhododendron luteum,Habitats,II,FALSE,taxon,7135755,7135755,EXACT,SPECIES,Rhododendron luteum,TRUE,Plantae,Magnoliopsida,Rhododendron,,01992L0043-20130701,Rhododendron luteum
Rhysodes sulcatus,Habitats,II,FALSE,taxon,5007652,5007652,EXACT,SPECIES,Rhysodes sulcatus,TRUE,Animalia,Insecta,Rhysodes,,01992L0043-20130701,Rhysodes sulcatus
Ribes sardoum,Habitats,II,TRUE,taxon,4194757,4194757,EXACT,SPECIES,Ribes sardoum,TRUE,Plantae,Magnoliopsida,Ribes,,01992L0043-20130701,* Ribes sardoum
Riccia breidleri,Habitats,II,FALSE,taxon,7465957,7465957,EXACT,SPECIES,Riccia breidleri,TRUE,Plantae,Marchantiopsida,Riccia,,01992L0043-20130701,Riccia breidleri
Riella helicophylla,Habitats,II,FALSE,taxon,2688657,2688657,EXACT,SPECIES,Riella helicophylla,TRUE,Plantae,Marchantiopsida,Riella,,01992L0043-20130701,Riella helicophylla
Romanichthys valsanicola,Habitats,II,TRUE,taxon,2382017,2382017,EXACT,SPECIES,Romanichthys valsanicola,TRUE,Animalia,,Romanichthys,,01992L0043-20130701,* Romanichthys valsanicola
Rosalia alpina,Habitats,II,TRUE,taxon,7569075,7569075,EXACT,SPECIES,Rosalia alpina,TRUE,Animalia,Insecta,Rosalia,,01992L0043-20130701,* Rosalia alpina
Rousettus aegyptiacus,Habitats,II,FALSE,taxon,2432953,2432953,EXACT,SPECIES,Rousettus aegyptiacus,TRUE,Animalia,Mammalia,Rousettus,,01992L0043-20130701,Rousettus aegyptiacus
Rouya polygama,Habitats,II,FALSE,taxon,3640131,9348906,EXACT,SPECIES,Daucus rouyi,FALSE,Plantae,Magnoliopsida,Daucus,,01992L0043-20130701,Rouya polygama
Rumex azoricus,Habitats,II,FALSE,taxon,4036062,4036062,EXACT,SPECIES,Rumex azoricus,TRUE,Plantae,Magnoliopsida,Rumex,,01992L0043-20130701,Rumex azoricus
Rumex rupestris,Habitats,II,FALSE,taxon,4036610,4036610,EXACT,SPECIES,Rumex rupestris,TRUE,Plantae,Magnoliopsida,Rumex,,01992L0043-20130701,Rumex rupestris
Rupicapra rupicapra balcanica,Habitats,II,FALSE,taxon,5706429,5220170,EXACT,SUBSPECIES,Rupicapra rupicapra,FALSE,Animalia,Mammalia,Rupicapra,,01992L0043-20130701,Rupicapra rupicapra balcanica
Rupicapra rupicapra tatrica,Habitats,II,TRUE,taxon,5706423,5220170,EXACT,SUBSPECIES,Rupicapra rupicapra,FALSE,Animalia,Mammalia,Rupicapra,,01992L0043-20130701,* Rupicapra rupicapra tatrica
Rutilus alburnoides,Habitats,II,FALSE,taxon,2363395,2363396,EXACT,SPECIES,Squalius alburnoides,TRUE,Animalia,,Squalius,,01992L0043-20130701,Rutilus alburnoides
Rutilus arcasii,Habitats,II,FALSE,taxon,2361440,2361439,EXACT,SPECIES,Achondrostoma arcasii,TRUE,Animalia,,Achondrostoma,,01992L0043-20130701,Rutilus arcasii
Rutilus frisii meidingeri,Habitats,II,FALSE,taxon,6166732,2359699,VARIANT,SUBSPECIES,Rutilus meidingeri,FALSE,Animalia,,Rutilus,,01992L0043-20130701,Rutilus frisii meidingeri
Rutilus lemmingii,Habitats,II,FALSE,taxon,2367623,2367622,VARIANT,SPECIES,Iberochondrostoma lemmingii,TRUE,Animalia,,Iberochondrostoma,,01992L0043-20130701,Rutilus lemmingii
Rutilus macrolepidotus,Habitats,II,FALSE,taxon,2361449,2361445,EXACT,SPECIES,Achondrostoma oligolepis,FALSE,Animalia,,Achondrostoma,,01992L0043-20130701,Rutilus macrolepidotus
Rutilus pigus,Habitats,II,FALSE,taxon,2359686,2359686,EXACT,SPECIES,Rutilus pigus,TRUE,Animalia,,Rutilus,,01992L0043-20130701,Rutilus pigus
Rutilus rubilio,Habitats,II,FALSE,taxon,2359660,8171391,EXACT,SPECIES,Sarmarutilus rubilio,TRUE,Animalia,,Sarmarutilus,,01992L0043-20130701,Rutilus rubilio
Sabanejewia aurata,Habitats,II,FALSE,taxon,4286853,4286853,EXACT,SPECIES,Sabanejewia aurata,TRUE,Animalia,,Sabanejewia,,01992L0043-20130701,Sabanejewia aurata
Sadleriana pannonica,Habitats,II,FALSE,taxon,5784414,4560905,EXACT,SPECIES,Bythinella pannonica,TRUE,Animalia,Gastropoda,Bythinella,,01992L0043-20130701,Sadleriana pannonica
Salamandra aurorae,Habitats,II,TRUE,taxon,10977014,2431781,EXACT,SPECIES,Salamandra atra,FALSE,Animalia,Amphibia,Salamandra,Salamandra atra aurorae,01992L0043-20130701,* Salamandra aurorae (Salamandra atra aurorae)
Salamandrina terdigitata,Habitats,II,FALSE,taxon,2431852,2431852,EXACT,SPECIES,Salamandrina terdigitata,TRUE,Animalia,Amphibia,Salamandrina,,01992L0043-20130701,Salamandrina terdigitata
Salicornia veneta,Habitats,II,TRUE,taxon,5568373,6035873,EXACT,SPECIES,Salicornia procumbens,FALSE,Plantae,Magnoliopsida,Salicornia,,01992L0043-20130701,* Salicornia veneta
Salix salvifolia australis,Habitats,II,FALSE,taxon,5582557,8270750,VARIANT,SUBSPECIES,Salix salviifolia,FALSE,Plantae,Magnoliopsida,Salix,,01992L0043-20130701,Salix salvifolia australis
Salmo macrostigma,Habitats,II,FALSE,taxon,2351621,2351621,EXACT,SPECIES,Salmo macrostigma,TRUE,Animalia,,Salmo,,01992L0043-20130701,Salmo macrostigma
Salmo marmoratus,Habitats,II,FALSE,taxon,2351630,2351630,EXACT,SPECIES,Salmo marmoratus,TRUE,Animalia,,Salmo,,01992L0043-20130701,Salmo marmoratus
Salmo salar,Habitats,II,FALSE,taxon,7595433,7595433,EXACT,SPECIES,Salmo salar,TRUE,Animalia,,Salmo,,01992L0043-20130701,Salmo salar
Salmothymus obtusirostris,Habitats,II,FALSE,taxon,2351612,2351604,EXACT,SPECIES,Salmo obtusirostris,TRUE,Animalia,,Salmo,,01992L0043-20130701,Salmothymus obtusirostris
Salvia veneris,Habitats,II,FALSE,taxon,3884303,3884303,EXACT,SPECIES,Salvia veneris,TRUE,Plantae,Magnoliopsida,Salvia,,01992L0043-20130701,Salvia veneris
Sambucus palmensis,Habitats,II,TRUE,taxon,3857544,3857544,EXACT,SPECIES,Sambucus palmensis,TRUE,Plantae,Magnoliopsida,Sambucus,,01992L0043-20130701,* Sambucus palmensis
Sanicula azorica,Habitats,II,FALSE,taxon,3639728,3639728,EXACT,SPECIES,Sanicula azorica,TRUE,Plantae,Magnoliopsida,Sanicula,,01992L0043-20130701,Sanicula azorica
Santolina impressa,Habitats,II,FALSE,taxon,4252829,4252829,EXACT,SPECIES,Santolina impressa,TRUE,Plantae,Magnoliopsida,Santolina,,01992L0043-20130701,Santolina impressa
Santolina semidentata,Habitats,II,FALSE,taxon,3125941,3125941,EXACT,SPECIES,Santolina semidentata,TRUE,Plantae,Magnoliopsida,Santolina,,01992L0043-20130701,Santolina semidentata
Saussurea alpina esthonica,Habitats,II,FALSE,taxon,6076621,8252814,EXACT,SUBSPECIES,Saussurea esthonica,FALSE,Plantae,Magnoliopsida,Saussurea,,01992L0043-20130701,Saussurea alpina esthonica
Saxifraga berica,Habitats,II,FALSE,taxon,3753004,3753004,EXACT,SPECIES,Saxifraga berica,TRUE,Plantae,Magnoliopsida,Saxifraga,,01992L0043-20130701,Saxifraga berica
Saxifraga florulenta,Habitats,II,FALSE,taxon,3754238,3754238,EXACT,SPECIES,Saxifraga florulenta,TRUE,Plantae,Magnoliopsida,Saxifraga,,01992L0043-20130701,Saxifraga florulenta
Saxifraga hirculus,Habitats,II,FALSE,taxon,3032811,3032811,EXACT,SPECIES,Saxifraga hirculus,TRUE,Plantae,Magnoliopsida,Saxifraga,,01992L0043-20130701,Saxifraga hirculus
Saxifraga osloënsis,Habitats,II,FALSE,taxon,3753813,3753813,EXACT,SPECIES,Saxifraga osloensis,TRUE,Plantae,Magnoliopsida,Saxifraga,,01992L0043-20130701,Saxifraga osloënsis
Saxifraga tombeanensis,Habitats,II,FALSE,taxon,3754891,3754891,EXACT,SPECIES,Saxifraga tombeanensis,TRUE,Plantae,Magnoliopsida,Saxifraga,,01992L0043-20130701,Saxifraga tombeanensis
Scabiosa nitens,Habitats,II,FALSE,taxon,4103685,4103685,EXACT,SPECIES,Scabiosa nitens,TRUE,Plantae,Magnoliopsida,Scabiosa,,01992L0043-20130701,Scabiosa nitens
Scapania massolongi,Habitats,II,FALSE,taxon,9014543,9014543,VARIANT,SPECIES,Scapania massalongi,TRUE,Plantae,Jungermanniopsida,Scapania,,01992L0043-20130701,Scapania massolongi
Scardinius graecus,Habitats,II,FALSE,taxon,2362671,2362671,EXACT,SPECIES,Scardinius graecus,TRUE,Animalia,,Scardinius,,01992L0043-20130701,Scardinius graecus
Scilla litardierei,Habitats,II,FALSE,taxon,2767252,2767252,EXACT,SPECIES,Scilla litardierei,TRUE,Plantae,Liliopsida,Scilla,,01992L0043-20130701,Scilla litardierei
Scilla maderensis,Habitats,II,FALSE,taxon,2767295,2767295,VARIANT,SPECIES,Scilla madeirensis,TRUE,Plantae,Liliopsida,Scilla,,01992L0043-20130701,Scilla maderensis
Scilla morrisii,Habitats,II,TRUE,taxon,2767291,2767291,EXACT,SPECIES,Scilla morrisii,TRUE,Plantae,Liliopsida,Scilla,,01992L0043-20130701,* Scilla morrisii
Sedum brissemoretii,Habitats,II,FALSE,taxon,7670884,7670884,EXACT,SPECIES,Sedum brissemoretii,TRUE,Plantae,Magnoliopsida,Sedum,,01992L0043-20130701,Sedum brissemoretii
Semele maderensis,Habitats,II,FALSE,taxon,5303769,5303772,EXACT,SPECIES,Semele menezesii,FALSE,Plantae,Liliopsida,Semele,,01992L0043-20130701,Semele maderensis
Senecio elodes,Habitats,II,TRUE,taxon,8075117,8075117,EXACT,SPECIES,Senecio elodes,TRUE,Plantae,Magnoliopsida,Senecio,,01992L0043-20130701,* Senecio elodes
Senecio jacobea gotlandicus,Habitats,II,FALSE,taxon,4230844,5388602,VARIANT,VARIETY,Jacobaea vulgaris,FALSE,Plantae,Magnoliopsida,Jacobaea,,01992L0043-20130701,Senecio jacobea gotlandicus
Senecio nevadensis,Habitats,II,FALSE,taxon,3108888,3108888,EXACT,SPECIES,Senecio nevadensis,TRUE,Plantae,Magnoliopsida,Senecio,,01992L0043-20130701,Senecio nevadensis
Serratula lycopifolia,Habitats,II,TRUE,taxon,8006267,8006267,EXACT,SPECIES,Serratula lycopifolia,TRUE,Plantae,Magnoliopsida,Serratula,,01992L0043-20130701,* Serratula lycopifolia
Seseli intricatum,Habitats,II,TRUE,taxon,3630865,3630865,EXACT,SPECIES,Seseli intricatum,TRUE,Plantae,Magnoliopsida,Seseli,,01992L0043-20130701,* Seseli intricatum
Seseli leucospermum,Habitats,II,FALSE,taxon,3630648,3630648,EXACT,SPECIES,Seseli leucospermum,TRUE,Plantae,Magnoliopsida,Seseli,,01992L0043-20130701,Seseli leucospermum
Sibthorpia peregrina,Habitats,II,FALSE,taxon,3732619,3732619,EXACT,SPECIES,Sibthorpia peregrina,TRUE,Plantae,Magnoliopsida,Sibthorpia,,01992L0043-20130701,Sibthorpia peregrina
Sicista subtilis,Habitats,II,FALSE,taxon,2439439,2439439,EXACT,SPECIES,Sicista subtilis,TRUE,Animalia,Mammalia,Sicista,,01992L0043-20130701,Sicista subtilis
Sideritis cypria,Habitats,II,FALSE,taxon,3891669,3891669,EXACT,SPECIES,Sideritis cypria,TRUE,Plantae,Magnoliopsida,Sideritis,,01992L0043-20130701,Sideritis cypria
Sideritis cystosiphon,Habitats,II,TRUE,taxon,3891662,3891662,EXACT,SPECIES,Sideritis cystosiphon,TRUE,Plantae,Magnoliopsida,Sideritis,,01992L0043-20130701,* Sideritis cystosiphon
Sideritis discolor,Habitats,II,TRUE,taxon,8117625,8117625,EXACT,SPECIES,Sideritis discolor,TRUE,Plantae,Magnoliopsida,Sideritis,,01992L0043-20130701,* Sideritis discolor
Sideritis incana glauca,Habitats,II,FALSE,taxon,7893034,3891077,EXACT,SUBSPECIES,Sideritis glauca,FALSE,Plantae,Magnoliopsida,Sideritis,,01992L0043-20130701,Sideritis incana glauca
Sideritis infernalis,Habitats,II,FALSE,taxon,3890500,3890500,EXACT,SPECIES,Sideritis infernalis,TRUE,Plantae,Magnoliopsida,Sideritis,,01992L0043-20130701,Sideritis infernalis
Sideritis javalambrensis,Habitats,II,FALSE,taxon,3890459,7307469,EXACT,SPECIES,Sideritis pungens,FALSE,Plantae,Magnoliopsida,Sideritis,,01992L0043-20130701,Sideritis javalambrensis
Sideritis marmorea,Habitats,II,FALSE,taxon,3889964,3889964,EXACT,SPECIES,Sideritis marmorea,TRUE,Plantae,Magnoliopsida,Sideritis,,01992L0043-20130701,Sideritis marmorea
Sideritis serrata,Habitats,II,FALSE,taxon,3888771,3888771,EXACT,SPECIES,Sideritis serrata,TRUE,Plantae,Magnoliopsida,Sideritis,,01992L0043-20130701,Sideritis serrata
Silene furcata angustiflora,Habitats,II,FALSE,taxon,7392304,5384771,EXACT,SUBSPECIES,Silene involucrata,FALSE,Plantae,Magnoliopsida,Silene,,01992L0043-20130701,Silene furcata angustiflora
Silene hicesiae,Habitats,II,TRUE,taxon,5587273,5587273,EXACT,SPECIES,Silene hicesiae,TRUE,Plantae,Magnoliopsida,Silene,,01992L0043-20130701,* Silene hicesiae
Silene hifacensis,Habitats,II,FALSE,taxon,5587262,5587262,EXACT,SPECIES,Silene hifacensis,TRUE,Plantae,Magnoliopsida,Silene,,01992L0043-20130701,Silene hifacensis
Silene holzmanii,Habitats,II,TRUE,taxon,7662000,7662000,VARIANT,SPECIES,Silene holzmannii,TRUE,Plantae,Magnoliopsida,Silene,,01992L0043-20130701,* Silene holzmanii
Silene longicilia,Habitats,II,FALSE,taxon,7267697,7267697,EXACT,SPECIES,Silene longicilia,TRUE,Plantae,Magnoliopsida,Silene,,01992L0043-20130701,Silene longicilia
Silene mariana,Habitats,II,FALSE,taxon,8012009,8012009,EXACT,SPECIES,Silene mariana,TRUE,Plantae,Magnoliopsida,Silene,,01992L0043-20130701,Silene mariana
Silene orphanidis,Habitats,II,TRUE,taxon,5585543,5585543,EXACT,SPECIES,Silene orphanidis,TRUE,Plantae,Magnoliopsida,Silene,,01992L0043-20130701,* Silene orphanidis
Silene rothmaleri,Habitats,II,TRUE,taxon,5584478,5584478,EXACT,SPECIES,Silene rothmaleri,TRUE,Plantae,Magnoliopsida,Silene,,01992L0043-20130701,* Silene rothmaleri
Silene velutina,Habitats,II,TRUE,taxon,7538949,7538949,EXACT,SPECIES,Silene velutina,TRUE,Plantae,Magnoliopsida,Silene,,01992L0043-20130701,* Silene velutina
Silurus aristotelis,Habitats,II,FALSE,taxon,8115991,8115991,EXACT,SPECIES,Silurus aristotelis,TRUE,Animalia,,Silurus,,01992L0043-20130701,Silurus aristotelis
Sinapidendron rupestre,Habitats,II,FALSE,taxon,3047767,3047767,EXACT,SPECIES,Sinapidendron rupestre,TRUE,Plantae,Magnoliopsida,Sinapidendron,,01992L0043-20130701,Sinapidendron rupestre
Sisymbrium cavanillesianum,Habitats,II,FALSE,taxon,3046747,3046747,EXACT,SPECIES,Sisymbrium cavanillesianum,TRUE,Plantae,Magnoliopsida,Sisymbrium,,01992L0043-20130701,Sisymbrium cavanillesianum
Sisymbrium supinum,Habitats,II,FALSE,taxon,,,HIGHERRANK,FAMILY,,,Plantae,Magnoliopsida,,,01992L0043-20130701,Sisymbrium supinum
Solanum lidii,Habitats,II,TRUE,taxon,2929993,2929993,EXACT,SPECIES,Solanum lidii,TRUE,Plantae,Magnoliopsida,Solanum,,01992L0043-20130701,* Solanum lidii
Soldanella villosa,Habitats,II,FALSE,taxon,4004972,4004972,EXACT,SPECIES,Soldanella villosa,TRUE,Plantae,Magnoliopsida,Soldanella,,01992L0043-20130701,Soldanella villosa
Solenanthus albanicus,Habitats,II,FALSE,taxon,4058159,4058159,EXACT,SPECIES,Solenanthus albanicus,TRUE,Plantae,Magnoliopsida,Solenanthus,,01992L0043-20130701,Solenanthus albanicus
Sorbus maderensis,Habitats,II,FALSE,taxon,7470443,7470443,EXACT,SPECIES,Sorbus maderensis,TRUE,Plantae,Magnoliopsida,Sorbus,,01992L0043-20130701,Sorbus maderensis
Sorbus teodorii,Habitats,II,FALSE,taxon,3854033,9502874,VARIANT,SPECIES,Hedlundia teodori,TRUE,Plantae,Magnoliopsida,Hedlundia,,01992L0043-20130701,Sorbus teodorii
Spergularia azorica,Habitats,II,FALSE,taxon,3813164,3813164,EXACT,SPECIES,Spergularia azorica,TRUE,Plantae,Magnoliopsida,Spergularia,,01992L0043-20130701,Spergularia azorica
Spermophilus citellus,Habitats,II,FALSE,taxon,2437304,2437304,EXACT,SPECIES,Spermophilus citellus,TRUE,Animalia,Mammalia,Spermophilus,Citellus citellus,01992L0043-20130701,Spermophilus citellus (Citellus citellus)
Spermophilus suslicus,Habitats,II,TRUE,taxon,2437323,2437323,EXACT,SPECIES,Spermophilus suslicus,TRUE,Animalia,Mammalia,Spermophilus,Citellus suslicus,01992L0043-20130701,* Spermophilus suslicus (Citellus suslicus)
Sphagnum pylaisii,Habitats,II,FALSE,taxon,7997958,2669149,EXACT,SPECIES,Sphagnum pylaesii,TRUE,Plantae,Sphagnopsida,Sphagnum,,01992L0043-20130701,Sphagnum pylaisii
Squalius microlepis,Habitats,II,FALSE,taxon,2360733,2360733,EXACT,SPECIES,Squalius microlepis,TRUE,Animalia,,Squalius,,01992L0043-20130701,Squalius microlepis
Squalius svallize,Habitats,II,FALSE,taxon,2360610,2360610,EXACT,SPECIES,Squalius svallize,TRUE,Animalia,,Squalius,,01992L0043-20130701,Squalius svallize
Stemmacantha cynaroides,Habitats,II,FALSE,taxon,,,HIGHERRANK,GENUS,,,Plantae,Magnoliopsida,Leuzea,,01992L0043-20130701,Stemmacantha cynaroides
Stenobothrus eurasius,Habitats,II,FALSE,taxon,1710932,1710932,EXACT,SPECIES,Stenobothrus eurasius,TRUE,Animalia,Insecta,Stenobothrus,,01992L0043-20130701,Stenobothrus (Stenobothrodes) eurasius
Stephanopachys linearis,Habitats,II,FALSE,taxon,4427599,4427599,EXACT,SPECIES,Stephanopachys linearis,TRUE,Animalia,Insecta,Stephanopachys,,01992L0043-20130701,Stephanopachys linearis
Stephanopachys substriatus,Habitats,II,FALSE,taxon,4427602,4427602,EXACT,SPECIES,Stephanopachys substriatus,TRUE,Animalia,Insecta,Stephanopachys,,01992L0043-20130701,Stephanopachys substriatus
Stipa austroitalica,Habitats,II,TRUE,taxon,4144609,4144609,EXACT,SPECIES,Stipa austroitalica,TRUE,Plantae,Liliopsida,Stipa,,01992L0043-20130701,* Stipa austroitalica
Stipa bavarica,Habitats,II,TRUE,taxon,4144397,4144397,EXACT,SPECIES,Stipa bavarica,TRUE,Plantae,Liliopsida,Stipa,,01992L0043-20130701,* Stipa bavarica
Stipa danubialis,Habitats,II,FALSE,taxon,4142270,4127831,EXACT,SPECIES,Stipa pennata,FALSE,Plantae,Liliopsida,Stipa,,01992L0043-20130701,Stipa danubialis
Stipa styriaca,Habitats,II,TRUE,taxon,4132503,4127831,EXACT,SPECIES,Stipa pennata,FALSE,Plantae,Liliopsida,Stipa,,01992L0043-20130701,* Stipa styriaca
Stipa veneta,Habitats,II,TRUE,taxon,4131320,4127831,EXACT,SPECIES,Stipa pennata,FALSE,Plantae,Liliopsida,Stipa,,01992L0043-20130701,* Stipa veneta
Stipa zalesskii,Habitats,II,TRUE,taxon,6432021,6432021,EXACT,SPECIES,Stipa zalesskii,TRUE,Plantae,Liliopsida,Stipa,,01992L0043-20130701,* Stipa zalesskii
Sventenia bupleuroides,Habitats,II,FALSE,taxon,3105710,3105709,EXACT,SPECIES,Sonchus bupleuroides,TRUE,Plantae,Magnoliopsida,Sonchus,,01992L0043-20130701,Sventenia bupleuroides
Symphytum cycladense,Habitats,II,TRUE,taxon,7955183,7295515,EXACT,SPECIES,Symphytum davisii,FALSE,Plantae,Magnoliopsida,Symphytum,,01992L0043-20130701,* Symphytum cycladense
Syringa josikaea,Habitats,II,FALSE,taxon,7636833,7636833,EXACT,SPECIES,Syringa josikaea,TRUE,Plantae,Magnoliopsida,Syringa,,01992L0043-20130701,Syringa josikaea
Tanacetum ptarmiciflorum,Habitats,II,TRUE,taxon,3118344,4218280,EXACT,SPECIES,Gonospermum ptarmiciflorum,TRUE,Plantae,Magnoliopsida,Gonospermum,,01992L0043-20130701,* Tanacetum ptarmiciflorum
Tayloria rudolphiana,Habitats,II,FALSE,taxon,5281501,5281501,EXACT,SPECIES,Tayloria rudolphiana,TRUE,Plantae,Bryopsida,Tayloria,,01992L0043-20130701,Tayloria rudolphiana
Teline rosmarinifolia,Habitats,II,TRUE,taxon,4929557,5611691,EXACT,SPECIES,Cytisus rosmarinifolius,TRUE,Plantae,Magnoliopsida,Cytisus,,01992L0043-20130701,* Teline rosmarinifolia
Teline salsoloides,Habitats,II,TRUE,taxon,3968896,3968896,EXACT,SPECIES,Teline salsoloides,TRUE,Plantae,Magnoliopsida,Genista,,01992L0043-20130701,* Teline salsoloides
Tephroseris longifolia moravica,Habitats,II,FALSE,taxon,4218630,3131004,EXACT,SUBSPECIES,Tephroseris longifolia,FALSE,Plantae,Magnoliopsida,Tephroseris,,01992L0043-20130701,Tephroseris longifolia moravica
Testudo graeca,Habitats,II,FALSE,taxon,2441461,2441461,EXACT,SPECIES,Testudo graeca,TRUE,Animalia,Testudines,Testudo,,01992L0043-20130701,Testudo graeca
Testudo hermanni,Habitats,II,FALSE,taxon,2441454,2441454,EXACT,SPECIES,Testudo hermanni,TRUE,Animalia,Testudines,Testudo,,01992L0043-20130701,Testudo hermanni
Testudo marginata,Habitats,II,FALSE,taxon,2441502,2441502,EXACT,SPECIES,Testudo marginata,TRUE,Animalia,Testudines,Testudo,,01992L0043-20130701,Testudo marginata
Teucrium abutiloides,Habitats,II,FALSE,taxon,3901655,3901655,EXACT,SPECIES,Teucrium abutiloides,TRUE,Plantae,Magnoliopsida,Teucrium,,01992L0043-20130701,Teucrium abutiloides
Teucrium betonicum,Habitats,II,FALSE,taxon,3898359,3898359,EXACT,SPECIES,Teucrium betonicum,TRUE,Plantae,Magnoliopsida,Teucrium,,01992L0043-20130701,Teucrium betonicum
Teucrium lepicephalum,Habitats,II,FALSE,taxon,4931003,4931003,EXACT,SPECIES,Teucrium lepicephalum,TRUE,Plantae,Magnoliopsida,Teucrium,,01992L0043-20130701,Teucrium lepicephalum
Teucrium turredanum,Habitats,II,FALSE,taxon,3892603,3892603,EXACT,SPECIES,Teucrium turredanum,TRUE,Plantae,Magnoliopsida,Teucrium,,01992L0043-20130701,Teucrium turredanum
Thamnobryum fernandesii,Habitats,II,TRUE,taxon,7700234,7700234,EXACT,SPECIES,Thamnobryum fernandesii,TRUE,Plantae,Bryopsida,Thamnobryum,,01992L0043-20130701,* Thamnobryum fernandesii
Theodoxus transversalis,Habitats,II,FALSE,taxon,4562023,4562023,EXACT,SPECIES,Theodoxus transversalis,TRUE,Animalia,Gastropoda,Theodoxus,,01992L0043-20130701,Theodoxus transversalis
Thesium ebracteatum,Habitats,II,FALSE,taxon,7774938,7774938,EXACT,SPECIES,Thesium ebracteatum,TRUE,Plantae,Magnoliopsida,Thesium,,01992L0043-20130701,Thesium ebracteatum
Thlaspi jankae,Habitats,II,FALSE,taxon,3045254,3045253,EXACT,SPECIES,Noccaea jankae,TRUE,Plantae,Magnoliopsida,Noccaea,,01992L0043-20130701,Thlaspi jankae
Thorella verticillatinundata,Habitats,II,FALSE,taxon,6307147,3633638,EXACT,SPECIES,Caropsis verticillatoinundata,TRUE,Plantae,Magnoliopsida,Caropsis,,01992L0043-20130701,Thorella verticillatinundata
Thymus camphoratus,Habitats,II,TRUE,taxon,7307674,7307674,EXACT,SPECIES,Thymus camphoratus,TRUE,Plantae,Magnoliopsida,Thymus,,01992L0043-20130701,* Thymus camphoratus
Thymus carnosus,Habitats,II,FALSE,taxon,5607503,5607503,EXACT,SPECIES,Thymus carnosus,TRUE,Plantae,Magnoliopsida,Thymus,,01992L0043-20130701,Thymus carnosus
Tortella rigens,Habitats,II,FALSE,taxon,2671366,2671366,EXACT,SPECIES,Tortella rigens,TRUE,Plantae,Bryopsida,Tortella,,01992L0043-20130701,Tortella rigens
Tozzia carpathica,Habitats,II,FALSE,taxon,3724818,3724824,EXACT,SPECIES,Tozzia alpina,FALSE,Plantae,Magnoliopsida,Tozzia,,01992L0043-20130701,Tozzia carpathica
Trichomanes speciosum,Habitats,II,FALSE,taxon,5533254,3606863,EXACT,SPECIES,Vandenboschia speciosa,TRUE,Plantae,Polypodiopsida,Vandenboschia,,01992L0043-20130701,Trichomanes speciosum
Trifolium saxatile,Habitats,II,FALSE,taxon,5359144,5359144,EXACT,SPECIES,Trifolium saxatile,TRUE,Plantae,Magnoliopsida,Trifolium,,01992L0043-20130701,Trifolium saxatile
Trisetum subalpestre,Habitats,II,FALSE,taxon,5946724,12247120,EXACT,SPECIES,Koeleria subalpestris,TRUE,Plantae,Liliopsida,Koeleria,,01992L0043-20130701,Trisetum subalpestre
Triturus carnifex,Habitats,II,FALSE,taxon,2431887,2431887,EXACT,SPECIES,Triturus carnifex,TRUE,Animalia,Amphibia,Triturus,Triturus cristatus carnifex,01992L0043-20130701,Triturus carnifex (Triturus cristatus carnifex)
Triturus cristatus,Habitats,II,FALSE,taxon,2431885,2431885,EXACT,SPECIES,Triturus cristatus,TRUE,Animalia,Amphibia,Triturus,Triturus cristatus cristatus,01992L0043-20130701,Triturus cristatus (Triturus cristatus cristatus)
Triturus dobrogicus,Habitats,II,FALSE,taxon,2431891,2431891,EXACT,SPECIES,Triturus dobrogicus,TRUE,Animalia,Amphibia,Triturus,Triturus cristatus dobrogicus,01992L0043-20130701,Triturus dobrogicus (Triturus cristatus dobrogicus)
Triturus karelinii,Habitats,II,FALSE,taxon,2431890,2431890,EXACT,SPECIES,Triturus karelinii,TRUE,Animalia,Amphibia,Triturus,Triturus cristatus karelinii,01992L0043-20130701,Triturus karelinii (Triturus cristatus karelinii)
Triturus montandoni,Habitats,II,FALSE,taxon,2431906,5218409,EXACT,SPECIES,Lissotriton montandoni,TRUE,Animalia,Amphibia,Lissotriton,,01992L0043-20130701,Triturus montandoni
Triturus vulgaris ampelensis,Habitats,II,FALSE,taxon,11105145,5218405,EXACT,SUBSPECIES,Lissotriton vulgaris,FALSE,Animalia,Amphibia,Lissotriton,,01992L0043-20130701,Triturus vulgaris ampelensis
Tuberaria major,Habitats,II,TRUE,taxon,3595624,3595738,EXACT,SPECIES,Tuberaria globulariifolia,FALSE,Plantae,Magnoliopsida,Tuberaria,,01992L0043-20130701,* Tuberaria major
Tulipa cypria,Habitats,II,FALSE,taxon,5299588,5299588,EXACT,SPECIES,Tulipa cypria,TRUE,Plantae,Liliopsida,Tulipa,,01992L0043-20130701,Tulipa cypria
Tulipa hungarica,Habitats,II,FALSE,taxon,5299388,5299388,EXACT,SPECIES,Tulipa hungarica,TRUE,Plantae,Liliopsida,Tulipa,,01992L0043-20130701,Tulipa hungarica
Tursiops truncatus,Habitats,II,FALSE,taxon,2440447,2440447,EXACT,SPECIES,Tursiops truncatus,TRUE,Animalia,Mammalia,Tursiops,,01992L0043-20130701,Tursiops truncatus
Umbra krameri,Habitats,II,FALSE,taxon,5203115,5203115,EXACT,SPECIES,Umbra krameri,TRUE,Animalia,,Umbra,,01992L0043-20130701,Umbra krameri
Unio crassus,Habitats,II,FALSE,taxon,4559558,4559558,EXACT,SPECIES,Unio crassus,TRUE,Animalia,Bivalvia,Unio,,01992L0043-20130701,Unio crassus
Ursus arctos,Habitats,II,TRUE,taxon,2433433,2433433,EXACT,SPECIES,Ursus arctos,TRUE,Animalia,Mammalia,Ursus,,01992L0043-20130701,* Ursus arctos
Valencia hispanica,Habitats,II,TRUE,taxon,5203914,5203914,EXACT,SPECIES,Valencia hispanica,TRUE,Animalia,,Valencia,,01992L0043-20130701,* Valencia hispanica
Valencia letourneuxi,Habitats,II,TRUE,taxon,5203912,5203912,EXACT,SPECIES,Valencia letourneuxi,TRUE,Animalia,,Valencia,Valencia hispanica,01992L0043-20130701,* Valencia letourneuxi (Valencia hispanica)
Verbascum litigiosum,Habitats,II,FALSE,taxon,9644635,9644635,EXACT,SPECIES,Verbascum litigiosum,TRUE,Plantae,Magnoliopsida,Verbascum,,01992L0043-20130701,Verbascum litigiosum
Veronica micrantha,Habitats,II,FALSE,taxon,7997882,7997882,EXACT,SPECIES,Veronica micrantha,TRUE,Plantae,Magnoliopsida,Veronica,,01992L0043-20130701,Veronica micrantha
Veronica oetaea,Habitats,II,TRUE,taxon,3728644,3728644,EXACT,SPECIES,Veronica oetaea,TRUE,Plantae,Magnoliopsida,Veronica,,01992L0043-20130701,* Veronica oetaea
Vertigo angustior,Habitats,II,FALSE,taxon,4567182,4567182,EXACT,SPECIES,Vertigo angustior,TRUE,Animalia,Gastropoda,Vertigo,,01992L0043-20130701,Vertigo angustior
Vertigo genesii,Habitats,II,FALSE,taxon,4567211,4567211,EXACT,SPECIES,Vertigo genesii,TRUE,Animalia,Gastropoda,Vertigo,,01992L0043-20130701,Vertigo genesii
Vertigo geyeri,Habitats,II,FALSE,taxon,4567251,4567251,EXACT,SPECIES,Vertigo geyeri,TRUE,Animalia,Gastropoda,Vertigo,,01992L0043-20130701,Vertigo geyeri
Vertigo moulinsiana,Habitats,II,FALSE,taxon,4567215,4567215,EXACT,SPECIES,Vertigo moulinsiana,TRUE,Animalia,Gastropoda,Vertigo,,01992L0043-20130701,Vertigo moulinsiana
Vicia bifoliolata,Habitats,II,TRUE,taxon,2974799,2974799,EXACT,SPECIES,Vicia bifoliolata,TRUE,Plantae,Magnoliopsida,Vicia,,01992L0043-20130701,* Vicia bifoliolata
Vicia dennesiana,Habitats,II,FALSE,taxon,2975004,2975004,EXACT,SPECIES,Vicia dennesiana,TRUE,Plantae,Magnoliopsida,Vicia,,01992L0043-20130701,Vicia dennesiana
Vincetoxicum pannonicum,Habitats,II,FALSE,taxon,5525462,5525462,EXACT,SPECIES,Vincetoxicum pannonicum,TRUE,Plantae,Magnoliopsida,Vincetoxicum,,01992L0043-20130701,Vincetoxicum pannonicum
Viola delphinantha,Habitats,II,FALSE,taxon,5664585,5664585,EXACT,SPECIES,Viola delphinantha,TRUE,Plantae,Magnoliopsida,Viola,,01992L0043-20130701,Viola delphinantha
Viola hispida,Habitats,II,TRUE,taxon,5663414,5663414,EXACT,SPECIES,Viola hispida,TRUE,Plantae,Magnoliopsida,Viola,,01992L0043-20130701,* Viola hispida
Viola jaubertiana,Habitats,II,FALSE,taxon,5663499,5663499,EXACT,SPECIES,Viola jaubertiana,TRUE,Plantae,Magnoliopsida,Viola,,01992L0043-20130701,Viola jaubertiana
Viola paradoxa,Habitats,II,FALSE,taxon,8063597,8063597,EXACT,SPECIES,Viola paradoxa,TRUE,Plantae,Magnoliopsida,Viola,,01992L0043-20130701,Viola paradoxa
Viola rupestris relicta,Habitats,II,FALSE,taxon,6711842,7296242,EXACT,SUBSPECIES,Viola rupestris,FALSE,Plantae,Magnoliopsida,Viola,,01992L0043-20130701,Viola rupestris relicta
Vipera ursinii macrops,Habitats,II,FALSE,taxon,6157236,9807306,EXACT,SUBSPECIES,Vipera ursinii,FALSE,Animalia,Squamata,Vipera,,01992L0043-20130701,Vipera ursinii macrops
Vipera ursinii rakosiensis,Habitats,II,TRUE,taxon,6157238,9807306,EXACT,SUBSPECIES,Vipera ursinii,FALSE,Animalia,Squamata,Vipera,,01992L0043-20130701,* Vipera ursinii rakosiensis
Vormela peregusna,Habitats,II,FALSE,taxon,2433709,2433709,EXACT,SPECIES,Vormela peregusna,TRUE,Animalia,Mammalia,Vormela,,01992L0043-20130701,Vormela peregusna
Woodwardia radicans,Habitats,II,FALSE,taxon,5275359,5275359,EXACT,SPECIES,Woodwardia radicans,TRUE,Plantae,Polypodiopsida,Woodwardia,,01992L0043-20130701,Woodwardia radicans
Xestia borealis,Habitats,II,FALSE,taxon,7727533,7727533,EXACT,SPECIES,Xestia borealis,TRUE,Animalia,Insecta,Xestia,,01992L0043-20130701,Xestia borealis
Xestia brunneopicta,Habitats,II,FALSE,taxon,8688267,8688267,EXACT,SPECIES,Xestia brunneopicta,TRUE,Animalia,Insecta,Xestia,,01992L0043-20130701,Xestia brunneopicta
Xyletinus tremulicola,Habitats,II,FALSE,taxon,4426238,4426238,EXACT,SPECIES,Xyletinus tremulicola,TRUE,Animalia,Insecta,Xyletinus,,01992L0043-20130701,Xyletinus tremulicola
Xylomoia strix,Habitats,II,TRUE,taxon,1772458,1772458,EXACT,SPECIES,Xylomoia strix,TRUE,Animalia,Insecta,Xylomoia,,01992L0043-20130701,* Xylomoia strix
Zelkova abelicea,Habitats,II,FALSE,taxon,4159329,4159329,EXACT,SPECIES,Zelkova abelicea,TRUE,Plantae,Magnoliopsida,Zelkova,,01992L0043-20130701,Zelkova abelicea
Ablepharus kitaibelii,Habitats,IV,FALSE,taxon,8120403,8120403,EXACT,SPECIES,Ablepharus kitaibelii,TRUE,Animalia,Squamata,Ablepharus,,01992L0043-20130701,Ablepharus kitaibelii
Acipenser naccarii,Habitats,IV,FALSE,taxon,2402193,2402193,EXACT,SPECIES,Acipenser naccarii,TRUE,Animalia,,Acipenser,,01992L0043-20130701,Acipenser naccarii
Acipenser sturio,Habitats,IV,FALSE,taxon,2402203,2402203,EXACT,SPECIES,Acipenser sturio,TRUE,Animalia,,Acipenser,,01992L0043-20130701,Acipenser sturio
Aeshna viridis,Habitats,IV,FALSE,taxon,1425187,1425187,EXACT,SPECIES,Aeshna viridis,TRUE,Animalia,Insecta,Aeshna,,01992L0043-20130701,Aeshna viridis
Algyroides fitzingeri,Habitats,IV,FALSE,taxon,2469361,2469361,EXACT,SPECIES,Algyroides fitzingeri,TRUE,Animalia,Squamata,Algyroides,,01992L0043-20130701,Algyroides fitzingeri
Algyroides marchi,Habitats,IV,FALSE,taxon,2469356,2469356,EXACT,SPECIES,Algyroides marchi,TRUE,Animalia,Squamata,Algyroides,,01992L0043-20130701,Algyroides marchi
Algyroides moreoticus,Habitats,IV,FALSE,taxon,2469367,2469367,EXACT,SPECIES,Algyroides moreoticus,TRUE,Animalia,Squamata,Algyroides,,01992L0043-20130701,Algyroides moreoticus
Algyroides nigropunctatus,Habitats,IV,FALSE,taxon,2469363,2469363,EXACT,SPECIES,Algyroides nigropunctatus,TRUE,Animalia,Squamata,Algyroides,,01992L0043-20130701,Algyroides nigropunctatus
Alopex lagopus,Habitats,IV,FALSE,taxon,2434532,5219303,EXACT,SPECIES,Vulpes lagopus,TRUE,Animalia,Mammalia,Vulpes,,01992L0043-20130701,Alopex lagopus
Alytes cisternasii,Habitats,IV,FALSE,taxon,2426610,2426610,EXACT,SPECIES,Alytes cisternasii,TRUE,Animalia,Amphibia,Alytes,,01992L0043-20130701,Alytes cisternasii
Alytes muletensis,Habitats,IV,FALSE,taxon,2426609,2426609,EXACT,SPECIES,Alytes muletensis,TRUE,Animalia,Amphibia,Alytes,,01992L0043-20130701,Alytes muletensis
Alytes obstetricans,Habitats,IV,FALSE,taxon,2426612,2426612,EXACT,SPECIES,Alytes obstetricans,TRUE,Animalia,Amphibia,Alytes,,01992L0043-20130701,Alytes obstetricans
Anaecypris hispanica,Habitats,IV,FALSE,taxon,2360380,2360380,EXACT,SPECIES,Anaecypris hispanica,TRUE,Animalia,,Anaecypris,,01992L0043-20130701,Anaecypris hispanica
Androcymbium europaeum,Habitats,IV,FALSE,taxon,2740599,2740597,EXACT,SPECIES,Colchicum europaeum,TRUE,Plantae,Liliopsida,Colchicum,,01992L0043-20130701,Androcymbium europaeum
Androsace cylindrica,Habitats,IV,FALSE,taxon,7290761,7290761,EXACT,SPECIES,Androsace cylindrica,TRUE,Plantae,Magnoliopsida,Androsace,,01992L0043-20130701,Androsace cylindrica
Anisus vorticulus,Habitats,IV,FALSE,taxon,4562143,4562143,EXACT,SPECIES,Anisus vorticulus,TRUE,Animalia,Gastropoda,Anisus,,01992L0043-20130701,Anisus vorticulus
Antirrhinum lopesianum,Habitats,IV,FALSE,taxon,3740165,3740165,EXACT,SPECIES,Antirrhinum lopesianum,TRUE,Plantae,Magnoliopsida,Antirrhinum,,01992L0043-20130701,Antirrhinum lopesianum
Apatura metis,Habitats,IV,FALSE,taxon,5131860,8138711,EXACT,SPECIES,Apatura ilia,FALSE,Animalia,Insecta,Apatura,,01992L0043-20130701,Apatura metis
Apteromantis aptera,Habitats,IV,FALSE,taxon,1405466,1405466,EXACT,SPECIES,Apteromantis aptera,TRUE,Animalia,Insecta,Apteromantis,,01992L0043-20130701,Apteromantis aptera
Aquilegia alpina,Habitats,IV,FALSE,taxon,3921499,3921499,EXACT,SPECIES,Aquilegia alpina,TRUE,Plantae,Magnoliopsida,Aquilegia,,01992L0043-20130701,Aquilegia alpina
Argyranthemum pinnatifidum succulentum,Habitats,IV,FALSE,taxon,4235471,8303003,EXACT,SUBSPECIES,Argyranthemum pinnatifidum,FALSE,Plantae,Magnoliopsida,Argyranthemum,,01992L0043-20130701,Argyranthemum pinnatifidum succulentum
Armadillidium ghardalamensis,Habitats,IV,FALSE,taxon,4416689,4416689,EXACT,SPECIES,Armadillidium ghardalamensis,TRUE,Animalia,Malacostraca,Armadillidium,,01992L0043-20130701,Armadillidium ghardalamensis
Arytrura musculus,Habitats,IV,FALSE,taxon,1777695,1777695,EXACT,SPECIES,Arytrura musculus,TRUE,Animalia,Insecta,Arytrura,,01992L0043-20130701,Arytrura musculus
Asplenium hemionitis,Habitats,IV,FALSE,taxon,7310665,7310665,EXACT,SPECIES,Asplenium hemionitis,TRUE,Plantae,Polypodiopsida,Asplenium,,01992L0043-20130701,Asplenium hemionitis
Baetica ustulata,Habitats,IV,FALSE,taxon,1692648,1692648,EXACT,SPECIES,Baetica ustulata,TRUE,Animalia,Insecta,Baetica,,01992L0043-20130701,Baetica ustulata
Bellevalia hackelli,Habitats,IV,FALSE,taxon,2771819,2771814,VARIANT,SPECIES,Bellevalia dubia,FALSE,Plantae,Liliopsida,Bellevalia,,01992L0043-20130701,Bellevalia hackelli
Berberis maderensis,Habitats,IV,FALSE,taxon,3982110,3982110,EXACT,SPECIES,Berberis maderensis,TRUE,Plantae,Magnoliopsida,Berberis,,01992L0043-20130701,Berberis maderensis
Bison bonasus,Habitats,IV,FALSE,taxon,2441184,2441184,EXACT,SPECIES,Bison bonasus,TRUE,Animalia,Mammalia,Bison,,01992L0043-20130701,Bison bonasus
Bolbelasmus unicornis,Habitats,IV,FALSE,taxon,1085533,1085533,EXACT,SPECIES,Bolbelasmus unicornis,TRUE,Animalia,Insecta,Bolbelasmus,,01992L0043-20130701,Bolbelasmus unicornis
Bombina bombina,Habitats,IV,FALSE,taxon,2423443,2423443,EXACT,SPECIES,Bombina bombina,TRUE,Animalia,Amphibia,Bombina,,01992L0043-20130701,Bombina bombina
Bombina variegata,Habitats,IV,FALSE,taxon,2423435,2423435,EXACT,SPECIES,Bombina variegata,TRUE,Animalia,Amphibia,Bombina,,01992L0043-20130701,Bombina variegata
Brachytrupes megacephalus,Habitats,IV,FALSE,taxon,1716482,1716482,EXACT,SPECIES,Brachytrupes megacephalus,TRUE,Animalia,Insecta,Brachytrupes,,01992L0043-20130701,Brachytrupes megacephalus
Bufo calamita,Habitats,IV,FALSE,taxon,5216775,2422507,EXACT,SPECIES,Epidalea calamita,TRUE,Animalia,Amphibia,Epidalea,,01992L0043-20130701,Bufo calamita
Bufo viridis,Habitats,IV,FALSE,taxon,5216588,9529916,EXACT,SPECIES,Bufotes viridis,TRUE,Animalia,Amphibia,Bufotes,,01992L0043-20130701,Bufo viridis
Bunium brevifolium,Habitats,IV,FALSE,taxon,3642167,7992416,EXACT,SPECIES,Conopodium brevifolium,TRUE,Plantae,Magnoliopsida,Conopodium,,01992L0043-20130701,Bunium brevifolium
Buprestis splendens,Habitats,IV,FALSE,taxon,5744642,5744642,EXACT,SPECIES,Buprestis splendens,TRUE,Animalia,Insecta,Buprestis,,01992L0043-20130701,Buprestis splendens
Campanula morettiana,Habitats,IV,FALSE,taxon,5410431,5410431,EXACT,SPECIES,Campanula morettiana,TRUE,Plantae,Magnoliopsida,Campanula,,01992L0043-20130701,Campanula morettiana
Canis lupus,Habitats,IV,FALSE,taxon,5219173,5219173,EXACT,SPECIES,Canis lupus,TRUE,Animalia,Mammalia,Canis,,01992L0043-20130701,Canis lupus
Capra aegagrus,Habitats,IV,FALSE,taxon,4409366,2441056,EXACT,SPECIES,Capra hircus,FALSE,Animalia,Mammalia,Capra,,01992L0043-20130701,Capra aegagrus
Capra pyrenaica pyrenaica,Habitats,IV,FALSE,taxon,7342823,2441054,EXACT,SUBSPECIES,Capra pyrenaica,FALSE,Animalia,Mammalia,Capra,,01992L0043-20130701,Capra pyrenaica pyrenaica
Carabus hampei,Habitats,IV,FALSE,taxon,4470822,4470822,EXACT,SPECIES,Carabus hampei,TRUE,Animalia,Insecta,Carabus,,01992L0043-20130701,Carabus hampei
Carabus hungaricus,Habitats,IV,FALSE,taxon,4471132,4471132,EXACT,SPECIES,Carabus hungaricus,TRUE,Animalia,Insecta,Carabus,,01992L0043-20130701,Carabus hungaricus
Carabus olympiae,Habitats,IV,FALSE,taxon,4470646,4470646,EXACT,SPECIES,Carabus olympiae,TRUE,Animalia,Insecta,Carabus,,01992L0043-20130701,Carabus olympiae
Carabus variolosus,Habitats,IV,FALSE,taxon,4470538,4470538,EXACT,SPECIES,Carabus variolosus,TRUE,Animalia,Insecta,Carabus,,01992L0043-20130701,Carabus variolosus
Carabus zawadszkii,Habitats,IV,FALSE,taxon,4470816,4470816,VARIANT,SPECIES,Carabus zawadzkii,TRUE,Animalia,Insecta,Carabus,,01992L0043-20130701,Carabus zawadszkii
Caretta caretta,Habitats,IV,FALSE,taxon,8894817,8894817,EXACT,SPECIES,Caretta caretta,TRUE,Animalia,Testudines,Caretta,,01992L0043-20130701,Caretta caretta
Caseolus calculus,Habitats,IV,FALSE,taxon,4565665,4565665,EXACT,SPECIES,Caseolus calculus,TRUE,Animalia,Gastropoda,Caseolus,,01992L0043-20130701,Caseolus calculus
Caseolus commixta,Habitats,IV,FALSE,taxon,4565683,4565683,VARIANT,SPECIES,Caseolus commixtus,TRUE,Animalia,Gastropoda,Caseolus,,01992L0043-20130701,Caseolus commixta
Caseolus sphaerula,Habitats,IV,FALSE,taxon,4565681,4565681,EXACT,SPECIES,Caseolus sphaerula,TRUE,Animalia,Gastropoda,Caseolus,,01992L0043-20130701,Caseolus sphaerula
Castor fiber,Habitats,IV,FALSE,taxon,4409131,4409131,EXACT,SPECIES,Castor fiber,TRUE,Animalia,Mammalia,Castor,,01992L0043-20130701,Castor fiber
Catopta thrips,Habitats,IV,FALSE,taxon,,,HIGHERRANK,GENUS,,,Animalia,Insecta,Catopta,,01992L0043-20130701,Catopta thrips
Centrostephanus longispinus,Habitats,IV,FALSE,taxon,2279029,2279029,EXACT,SPECIES,Centrostephanus longispinus,TRUE,Animalia,Echinoidea,Centrostephanus,,01992L0043-20130701,Centrostephanus longispinus
Cerambyx cerdo,Habitats,IV,FALSE,taxon,5820507,5820507,EXACT,SPECIES,Cerambyx cerdo,TRUE,Animalia,Insecta,Cerambyx,,01992L0043-20130701,Cerambyx cerdo
Cervus elaphus corsicanus,Habitats,IV,FALSE,taxon,4262370,2440958,EXACT,SUBSPECIES,Cervus elaphus,FALSE,Animalia,Mammalia,Cervus,,01992L0043-20130701,Cervus elaphus corsicanus
Chalcides bedriagai,Habitats,IV,FALSE,taxon,8974077,8974077,EXACT,SPECIES,Chalcides bedriagai,TRUE,Animalia,Squamata,Chalcides,,01992L0043-20130701,Chalcides bedriagai
Chalcides ocellatus,Habitats,IV,FALSE,taxon,5225137,5225137,EXACT,SPECIES,Chalcides ocellatus,TRUE,Animalia,Squamata,Chalcides,,01992L0043-20130701,Chalcides ocellatus
Chalcides sexlineatus,Habitats,IV,FALSE,taxon,5225153,5225153,EXACT,SPECIES,Chalcides sexlineatus,TRUE,Animalia,Squamata,Chalcides,,01992L0043-20130701,Chalcides sexlineatus
Chalcides simonyi,Habitats,IV,FALSE,taxon,5225149,5225149,EXACT,SPECIES,Chalcides simonyi,TRUE,Animalia,Squamata,Chalcides,Chalcides occidentalis,01992L0043-20130701,Chalcides simonyi (Chalcides occidentalis)
Chalcides viridianus,Habitats,IV,FALSE,taxon,5225148,5225148,VARIANT,SPECIES,Chalcides viridanus,TRUE,Animalia,Squamata,Chalcides,,01992L0043-20130701,Chalcides viridianus
Chamaeleo chamaeleon,Habitats,IV,FALSE,taxon,2449051,2449051,EXACT,SPECIES,Chamaeleo chamaeleon,TRUE,Animalia,Squamata,Chamaeleo,,01992L0043-20130701,Chamaeleo chamaeleon
Chelonia mydas,Habitats,IV,FALSE,taxon,2442225,2442225,EXACT,SPECIES,Chelonia mydas,TRUE,Animalia,Testudines,Chelonia,,01992L0043-20130701,Chelonia mydas
Chilostoma banaticum,Habitats,IV,FALSE,taxon,10958198,4563479,VARIANT,SPECIES,Drobacia banatica,TRUE,Animalia,Gastropoda,Drobacia,,01992L0043-20130701,Chilostoma banaticum
Chioglossa lusitanica,Habitats,IV,FALSE,taxon,2431938,2431938,EXACT,SPECIES,Chioglossa lusitanica,TRUE,Animalia,Amphibia,Chioglossa,,01992L0043-20130701,Chioglossa lusitanica
Chondrosoma fiduciarium,Habitats,IV,FALSE,taxon,1979513,1979513,VARIANT,SPECIES,Chondrosoma fiduciaria,TRUE,Animalia,Insecta,Chondrosoma,,01992L0043-20130701,Chondrosoma fiduciarium
Coenonympha hero,Habitats,IV,FALSE,taxon,1911168,1911168,EXACT,SPECIES,Coenonympha hero,TRUE,Animalia,Insecta,Coenonympha,,01992L0043-20130701,Coenonympha hero
Coenonympha oedippus,Habitats,IV,FALSE,taxon,1911093,1911093,EXACT,SPECIES,Coenonympha oedippus,TRUE,Animalia,Insecta,Coenonympha,,01992L0043-20130701,Coenonympha oedippus
Colchicum corsicum,Habitats,IV,FALSE,taxon,2739652,2739652,EXACT,SPECIES,Colchicum corsicum,TRUE,Plantae,Liliopsida,Colchicum,,01992L0043-20130701,Colchicum corsicum
Colchicum cousturieri,Habitats,IV,FALSE,taxon,2739755,2739737,EXACT,SPECIES,Colchicum cupanii,FALSE,Plantae,Liliopsida,Colchicum,,01992L0043-20130701,Colchicum cousturieri
Colias myrmidone,Habitats,IV,FALSE,taxon,5137708,5137708,EXACT,SPECIES,Colias myrmidone,TRUE,Animalia,Insecta,Colias,,01992L0043-20130701,Colias myrmidone
Coluber caspius,Habitats,IV,FALSE,taxon,,,HIGHERRANK,CLASS,,,Animalia,Squamata,,,01992L0043-20130701,Coluber caspius
Coluber cypriensis,Habitats,IV,FALSE,taxon,2457222,2457223,EXACT,SPECIES,Hierophis cypriensis,TRUE,Animalia,Squamata,Hierophis,,01992L0043-20130701,Coluber cypriensis
Coluber hippocrepis,Habitats,IV,FALSE,taxon,2459028,2459023,EXACT,SPECIES,Hemorrhois hippocrepis,TRUE,Animalia,Squamata,Hemorrhois,,01992L0043-20130701,Coluber hippocrepis
Coluber jugularis,Habitats,IV,FALSE,taxon,2457235,2457232,EXACT,SPECIES,Dolichophis jugularis,TRUE,Animalia,Squamata,Dolichophis,,01992L0043-20130701,Coluber jugularis
Coluber laurenti,Habitats,IV,FALSE,taxon,2458934,2458928,EXACT,SPECIES,Hierophis gemonensis,FALSE,Animalia,Squamata,Hierophis,,01992L0043-20130701,Coluber laurenti
Coluber najadum,Habitats,IV,FALSE,taxon,2453320,5223135,EXACT,SPECIES,Platyceps najadum,TRUE,Animalia,Squamata,Platyceps,,01992L0043-20130701,Coluber najadum
Coluber nummifer,Habitats,IV,FALSE,taxon,2459017,2459015,EXACT,SPECIES,Hemorrhois nummifer,TRUE,Animalia,Squamata,Hemorrhois,,01992L0043-20130701,Coluber nummifer
Coluber viridiflavus,Habitats,IV,FALSE,taxon,7381506,7381506,EXACT,SPECIES,Coluber viridiflavus,TRUE,Animalia,Squamata,Coluber,,01992L0043-20130701,Coluber viridiflavus
Congeria kusceri,Habitats,IV,FALSE,taxon,5855853,5855853,EXACT,SPECIES,Congeria kusceri,TRUE,Animalia,Bivalvia,Congeria,,01992L0043-20130701,Congeria kusceri
Cordulegaster heros,Habitats,IV,FALSE,taxon,1421199,1421199,EXACT,SPECIES,Cordulegaster heros,TRUE,Animalia,Insecta,Cordulegaster,,01992L0043-20130701,Cordulegaster heros
Cordulegaster trinacriae,Habitats,IV,FALSE,taxon,1421207,1421207,EXACT,SPECIES,Cordulegaster trinacriae,TRUE,Animalia,Insecta,Cordulegaster,,01992L0043-20130701,Cordulegaster trinacriae
Coregonus oxyrhynchus,Habitats,IV,FALSE,taxon,2351155,2351155,VARIANT,SPECIES,Coregonus oxyrinchus,TRUE,Animalia,,Coregonus,,01992L0043-20130701,Coregonus oxyrhynchus
Coronella austriaca,Habitats,IV,FALSE,taxon,5959617,5959617,EXACT,SPECIES,Coronella austriaca,TRUE,Animalia,Squamata,Coronella,,01992L0043-20130701,Coronella austriaca
Cricetus cricetus,Habitats,IV,FALSE,taxon,2438704,2438704,EXACT,SPECIES,Cricetus cricetus,TRUE,Animalia,Mammalia,Cricetus,,01992L0043-20130701,Cricetus cricetus
Crocidura canariensis,Habitats,IV,FALSE,taxon,2435551,2435551,EXACT,SPECIES,Crocidura canariensis,TRUE,Animalia,Mammalia,Crocidura,,01992L0043-20130701,Crocidura canariensis
Crocidura sicula,Habitats,IV,FALSE,taxon,2435553,2435553,EXACT,SPECIES,Crocidura sicula,TRUE,Animalia,Mammalia,Crocidura,,01992L0043-20130701,Crocidura sicula
Crocus etruscus,Habitats,IV,FALSE,taxon,2747813,2747813,EXACT,SPECIES,Crocus etruscus,TRUE,Plantae,Liliopsida,Crocus,,01992L0043-20130701,Crocus etruscus
Cucujus cinnaberinus,Habitats,IV,FALSE,taxon,4451511,4451511,EXACT,SPECIES,Cucujus cinnaberinus,TRUE,Animalia,Insecta,Cucujus,,01992L0043-20130701,Cucujus cinnaberinus
Cucullia mixta,Habitats,IV,FALSE,taxon,5109677,5109677,EXACT,SPECIES,Cucullia mixta,TRUE,Animalia,Insecta,Cucullia,,01992L0043-20130701,Cucullia mixta
Cyrtopodion kotschyi,Habitats,IV,FALSE,taxon,7839124,2447858,EXACT,SPECIES,Mediodactylus kotschyi,TRUE,Animalia,Squamata,Mediodactylus,,01992L0043-20130701,Cyrtopodion kotschyi
Dalmatolacerta oxycephala,Habitats,IV,FALSE,taxon,5789555,5789555,EXACT,SPECIES,Dalmatolacerta oxycephala,TRUE,Animalia,Squamata,Dalmatolacerta,,01992L0043-20130701,Dalmatolacerta oxycephala
Dermochelys coriacea,Habitats,IV,FALSE,taxon,9789983,9789983,EXACT,SPECIES,Dermochelys coriacea,TRUE,Animalia,Testudines,Dermochelys,,01992L0043-20130701,Dermochelys coriacea
Dinarolacerta mosorensis,Habitats,IV,FALSE,taxon,5789566,5789566,EXACT,SPECIES,Dinarolacerta mosorensis,TRUE,Animalia,Squamata,Dinarolacerta,,01992L0043-20130701,Dinarolacerta mosorensis
Dinaromys bogdanovi,Habitats,IV,FALSE,taxon,2438502,2438502,EXACT,SPECIES,Dinaromys bogdanovi,TRUE,Animalia,Mammalia,Dinaromys,,01992L0043-20130701,Dinaromys bogdanovi
Dioszeghyana schmidtii,Habitats,IV,FALSE,taxon,4534360,4534360,EXACT,SPECIES,Dioszeghyana schmidtii,TRUE,Animalia,Insecta,Dioszeghyana,,01992L0043-20130701,Dioszeghyana schmidtii
Discoglossus montalentii,Habitats,IV,FALSE,taxon,2426621,2426621,EXACT,SPECIES,Discoglossus montalentii,TRUE,Animalia,Amphibia,Discoglossus,,01992L0043-20130701,Discoglossus montalentii
Discoglossus pictus,Habitats,IV,FALSE,taxon,2426617,2426617,EXACT,SPECIES,Discoglossus pictus,TRUE,Animalia,Amphibia,Discoglossus,,01992L0043-20130701,Discoglossus pictus
Discoglossus sardus,Habitats,IV,FALSE,taxon,2426615,2426615,EXACT,SPECIES,Discoglossus sardus,TRUE,Animalia,Amphibia,Discoglossus,,01992L0043-20130701,Discoglossus sardus
Discula leacockiana,Habitats,IV,FALSE,taxon,5783346,10582104,EXACT,SPECIES,Wollastonaria leacockiana,TRUE,Animalia,Gastropoda,Wollastonaria,,01992L0043-20130701,Discula leacockiana
Discula tabellata,Habitats,IV,FALSE,taxon,5780146,5780146,EXACT,SPECIES,Discula tabellata,TRUE,Animalia,Gastropoda,Discula,,01992L0043-20130701,Discula tabellata
Discula testudinalis,Habitats,IV,FALSE,taxon,5780094,10685454,EXACT,SPECIES,Testudodiscula testudinalis,TRUE,Animalia,Gastropoda,Testudodiscula,,01992L0043-20130701,Discula testudinalis
Discula turricula,Habitats,IV,FALSE,taxon,5783345,10404024,EXACT,SPECIES,Wollastonaria turricula,TRUE,Animalia,Gastropoda,Wollastonaria,,01992L0043-20130701,Discula turricula
Discus defloratus,Habitats,IV,FALSE,taxon,11083505,4568324,VARIANT,SPECIES,Keraea deflorata,TRUE,Animalia,Gastropoda,Keraea,,01992L0043-20130701,Discus defloratus
Discus guerinianus,Habitats,IV,FALSE,taxon,5781468,9310110,EXACT,SPECIES,Atlantica gueriniana,TRUE,Animalia,Gastropoda,Atlantica,,01992L0043-20130701,Discus guerinianus
Dorcadion fulvum cervae,Habitats,IV,FALSE,taxon,8979778,8295936,EXACT,SUBSPECIES,Dorcadion cervae,FALSE,Animalia,Insecta,Dorcadion,,01992L0043-20130701,Dorcadion fulvum cervae
Dracaena draco,Habitats,IV,FALSE,taxon,5304469,5304469,EXACT,SPECIES,Dracaena draco,TRUE,Plantae,Liliopsida,Dracaena,,01992L0043-20130701,Dracaena draco
Duvalius gebhardti,Habitats,IV,FALSE,taxon,4477514,4477514,EXACT,SPECIES,Duvalius gebhardti,TRUE,Animalia,Insecta,Duvalius,,01992L0043-20130701,Duvalius gebhardti
Duvalius hungaricus,Habitats,IV,FALSE,taxon,4477266,4477266,EXACT,SPECIES,Duvalius hungaricus,TRUE,Animalia,Insecta,Duvalius,,01992L0043-20130701,Duvalius hungaricus
Dytiscus latissimus,Habitats,IV,FALSE,taxon,4470292,4470292,EXACT,SPECIES,Dytiscus latissimus,TRUE,Animalia,Insecta,Dytiscus,,01992L0043-20130701,Dytiscus latissimus
Eirenis modesta,Habitats,IV,FALSE,taxon,2455751,2455751,VARIANT,SPECIES,Eirenis modestus,TRUE,Animalia,Squamata,Eirenis,,01992L0043-20130701,Eirenis modesta
Elaphe longissima,Habitats,IV,FALSE,taxon,4820076,2458538,EXACT,SPECIES,Zamenis longissimus,TRUE,Animalia,Squamata,Zamenis,,01992L0043-20130701,Elaphe longissima
Elaphe quatuorlineata,Habitats,IV,FALSE,taxon,9099408,9099408,EXACT,SPECIES,Elaphe quatuorlineata,TRUE,Animalia,Squamata,Elaphe,,01992L0043-20130701,Elaphe quatuorlineata
Elaphe situla,Habitats,IV,FALSE,taxon,8035896,2458374,EXACT,SPECIES,Zamenis situla,TRUE,Animalia,Squamata,Zamenis,,01992L0043-20130701,Elaphe situla
Elona quimperiana,Habitats,IV,FALSE,taxon,5782993,5782993,EXACT,SPECIES,Elona quimperiana,TRUE,Animalia,Gastropoda,Elona,,01992L0043-20130701,Elona quimperiana
Emys orbicularis,Habitats,IV,FALSE,taxon,8909809,8909809,EXACT,SPECIES,Emys orbicularis,TRUE,Animalia,Testudines,Emys,,01992L0043-20130701,Emys orbicularis
Erannis ankeraria,Habitats,IV,FALSE,taxon,1956627,1956627,EXACT,SPECIES,Erannis ankeraria,TRUE,Animalia,Insecta,Erannis,,01992L0043-20130701,Erannis ankeraria
Erebia calcaria,Habitats,IV,FALSE,taxon,5135314,8233062,VARIANT,SPECIES,Erebia tyndarus,FALSE,Animalia,Insecta,Erebia,,01992L0043-20130701,Erebia calcaria
Erebia christi,Habitats,IV,FALSE,taxon,5134777,5134777,EXACT,SPECIES,Erebia christi,TRUE,Animalia,Insecta,Erebia,,01992L0043-20130701,Erebia christi
Erebia sudetica,Habitats,IV,FALSE,taxon,,,HIGHERRANK,GENUS,,,Animalia,Insecta,Erebia,,01992L0043-20130701,Erebia sudetica
Eretmochelys imbricata,Habitats,IV,FALSE,taxon,8841716,8841716,EXACT,SPECIES,Eretmochelys imbricata,TRUE,Animalia,Testudines,Eretmochelys,,01992L0043-20130701,Eretmochelys imbricata
Erinaceus algirus,Habitats,IV,FALSE,taxon,8830426,2437136,EXACT,SPECIES,Atelerix algirus,TRUE,Animalia,Mammalia,Atelerix,,01992L0043-20130701,Erinaceus algirus
Eriogaster catax,Habitats,IV,FALSE,taxon,4525268,4525268,EXACT,SPECIES,Eriogaster catax,TRUE,Animalia,Insecta,Eriogaster,,01992L0043-20130701,Eriogaster catax
Eryx jaculus,Habitats,IV,FALSE,taxon,9595248,9595248,EXACT,SPECIES,Eryx jaculus,TRUE,Animalia,Squamata,Eryx,,01992L0043-20130701,Eryx jaculus
Euphorbia nevadensis,Habitats,IV,FALSE,taxon,3066236,3066236,EXACT,SPECIES,Euphorbia nevadensis,TRUE,Plantae,Magnoliopsida,Euphorbia,,01992L0043-20130701,Euphorbia nevadensis
Euproctus asper,Habitats,IV,FALSE,taxon,2431825,2431824,EXACT,SPECIES,Calotriton asper,TRUE,Animalia,Amphibia,Calotriton,,01992L0043-20130701,Euproctus asper
Euproctus montanus,Habitats,IV,FALSE,taxon,2431940,2431940,EXACT,SPECIES,Euproctus montanus,TRUE,Animalia,Amphibia,Euproctus,,01992L0043-20130701,Euproctus montanus
Euproctus platycephalus,Habitats,IV,FALSE,taxon,2431941,2431941,EXACT,SPECIES,Euproctus platycephalus,TRUE,Animalia,Amphibia,Euproctus,,01992L0043-20130701,Euproctus platycephalus
Fabriciana elisa,Habitats,IV,FALSE,taxon,1911812,8078362,EXACT,SPECIES,Fabriciana niobe,FALSE,Animalia,Insecta,Fabriciana,,01992L0043-20130701,Fabriciana elisa
Felis silvestris,Habitats,IV,FALSE,taxon,7964291,7964291,EXACT,SPECIES,Felis silvestris,TRUE,Animalia,Mammalia,Felis,,01992L0043-20130701,Felis silvestris
Fritillaria conica,Habitats,IV,FALSE,taxon,5300841,5300841,EXACT,SPECIES,Fritillaria conica,TRUE,Plantae,Liliopsida,Fritillaria,,01992L0043-20130701,Fritillaria conica
Fritillaria drenovskii,Habitats,IV,FALSE,taxon,5300375,5300375,EXACT,SPECIES,Fritillaria drenovskii,TRUE,Plantae,Liliopsida,Fritillaria,,01992L0043-20130701,Fritillaria drenovskii
Fritillaria gussichiae,Habitats,IV,FALSE,taxon,5300376,5300376,EXACT,SPECIES,Fritillaria gussichiae,TRUE,Plantae,Liliopsida,Fritillaria,,01992L0043-20130701,Fritillaria gussichiae
Fritillaria obliqua,Habitats,IV,FALSE,taxon,5300571,5300571,EXACT,SPECIES,Fritillaria obliqua,TRUE,Plantae,Liliopsida,Fritillaria,,01992L0043-20130701,Fritillaria obliqua
Fritillaria rhodocanakis,Habitats,IV,FALSE,taxon,5300607,5300607,EXACT,SPECIES,Fritillaria rhodocanakis,TRUE,Plantae,Liliopsida,Fritillaria,,01992L0043-20130701,Fritillaria rhodocanakis
Galemys pyrenaicus,Habitats,IV,FALSE,taxon,5219516,5219516,EXACT,SPECIES,Galemys pyrenaicus,TRUE,Animalia,Mammalia,Galemys,,01992L0043-20130701,Galemys pyrenaicus
Gallotia atlantica,Habitats,IV,FALSE,taxon,2468656,2468656,EXACT,SPECIES,Gallotia atlantica,TRUE,Animalia,Squamata,Gallotia,,01992L0043-20130701,Gallotia atlantica
Gallotia galloti,Habitats,IV,FALSE,taxon,8682680,8682680,EXACT,SPECIES,Gallotia galloti,TRUE,Animalia,Squamata,Gallotia,,01992L0043-20130701,Gallotia galloti
Gallotia galloti insulanagae,Habitats,IV,FALSE,taxon,6159132,8682680,EXACT,SUBSPECIES,Gallotia galloti,FALSE,Animalia,Squamata,Gallotia,,01992L0043-20130701,Gallotia galloti insulanagae
Gallotia simonyi,Habitats,IV,FALSE,taxon,2468673,2468673,EXACT,SPECIES,Gallotia simonyi,TRUE,Animalia,Squamata,Gallotia,,01992L0043-20130701,Gallotia simonyi
Gallotia stehlini,Habitats,IV,FALSE,taxon,2468651,2468651,EXACT,SPECIES,Gallotia stehlini,TRUE,Animalia,Squamata,Gallotia,,01992L0043-20130701,Gallotia stehlini
Geomalacus maculosus,Habitats,IV,FALSE,taxon,4564441,4564441,EXACT,SPECIES,Geomalacus maculosus,TRUE,Animalia,Gastropoda,Geomalacus,,01992L0043-20130701,Geomalacus maculosus
Geomitra moniziana,Habitats,IV,FALSE,taxon,5783290,9380838,EXACT,SPECIES,Craspedaria moniziana,TRUE,Animalia,Gastropoda,Craspedaria,,01992L0043-20130701,Geomitra moniziana
Gibbula nivosa,Habitats,IV,FALSE,taxon,5724078,9326566,EXACT,SPECIES,Steromphala nivosa,TRUE,Animalia,Gastropoda,Steromphala,,01992L0043-20130701,Gibbula nivosa
Glyphipterix loricatella,Habitats,IV,FALSE,taxon,1829987,1829987,EXACT,SPECIES,Glyphipterix loricatella,TRUE,Animalia,Insecta,Glyphipterix,,01992L0043-20130701,Glyphipterix loricatella
Gomphus graslinii,Habitats,IV,FALSE,taxon,5051921,5051921,EXACT,SPECIES,Gomphus graslinii,TRUE,Animalia,Insecta,Gomphus,,01992L0043-20130701,Gomphus graslinii
Gortyna borelii lunata,Habitats,IV,FALSE,taxon,6199932,1768308,EXACT,SUBSPECIES,Gortyna borelii,FALSE,Animalia,Insecta,Gortyna,,01992L0043-20130701,Gortyna borelii lunata
Graphoderus bilineatus,Habitats,IV,FALSE,taxon,4470279,4470279,EXACT,SPECIES,Graphoderus bilineatus,TRUE,Animalia,Insecta,Graphoderus,,01992L0043-20130701,Graphoderus bilineatus
Gymnocephalus baloni,Habitats,IV,FALSE,taxon,2382142,2382142,EXACT,SPECIES,Gymnocephalus baloni,TRUE,Animalia,,Gymnocephalus,,01992L0043-20130701,Gymnocephalus baloni
Helichrysum sibthorpii,Habitats,IV,FALSE,taxon,3131630,3131630,EXACT,SPECIES,Helichrysum sibthorpii,TRUE,Plantae,Magnoliopsida,Helichrysum,,01992L0043-20130701,Helichrysum sibthorpii
Hydromantes ambrosii,Habitats,IV,FALSE,taxon,4409479,2431455,EXACT,SPECIES,Speleomantes ambrosii,TRUE,Animalia,Amphibia,Speleomantes,,01992L0043-20130701,Hydromantes (Speleomantes) ambrosii
Hydromantes flavus,Habitats,IV,FALSE,taxon,4409476,2431457,EXACT,SPECIES,Speleomantes flavus,TRUE,Animalia,Amphibia,Speleomantes,,01992L0043-20130701,Hydromantes (Speleomantes) flavus
Hydromantes genei,Habitats,IV,FALSE,taxon,9026448,2431672,EXACT,SPECIES,Speleomantes genei,TRUE,Animalia,Amphibia,Speleomantes,,01992L0043-20130701,Hydromantes (Speleomantes) genei
Hydromantes imperialis,Habitats,IV,FALSE,taxon,4409478,2431452,EXACT,SPECIES,Speleomantes imperialis,TRUE,Animalia,Amphibia,Speleomantes,,01992L0043-20130701,Hydromantes (Speleomantes) imperialis
Hydromantes supramontis,Habitats,IV,FALSE,taxon,4409477,2431451,EXACT,SPECIES,Speleomantes supramontis,TRUE,Animalia,Amphibia,Speleomantes,,01992L0043-20130701,Hydromantes (Speleomantes) supramontis
Hygromia kovacsi,Habitats,IV,FALSE,taxon,4564571,4564570,EXACT,SPECIES,Kovacsia kovacsi,TRUE,Animalia,Gastropoda,Kovacsia,,01992L0043-20130701,Hygromia kovacsi
Hyla arborea,Habitats,IV,FALSE,taxon,2427573,2427573,EXACT,SPECIES,Hyla arborea,TRUE,Animalia,Amphibia,Hyla,,01992L0043-20130701,Hyla arborea
Hyla meridionalis,Habitats,IV,FALSE,taxon,2427555,2427555,EXACT,SPECIES,Hyla meridionalis,TRUE,Animalia,Amphibia,Hyla,,01992L0043-20130701,Hyla meridionalis
Hyla sarda,Habitats,IV,FALSE,taxon,2427563,2427563,EXACT,SPECIES,Hyla sarda,TRUE,Animalia,Amphibia,Hyla,,01992L0043-20130701,Hyla sarda
Hyles hippophaes,Habitats,IV,FALSE,taxon,1862774,1862774,EXACT,SPECIES,Hyles hippophaes,TRUE,Animalia,Insecta,Hyles,,01992L0043-20130701,Hyles hippophaes
Hypodryas maturna,Habitats,IV,FALSE,taxon,1902152,1902152,EXACT,SPECIES,Hypodryas maturna,TRUE,Animalia,Insecta,Hypodryas,,01992L0043-20130701,Hypodryas maturna
Hystrix cristata,Habitats,IV,FALSE,taxon,5219888,5219888,EXACT,SPECIES,Hystrix cristata,TRUE,Animalia,Mammalia,Hystrix,,01992L0043-20130701,Hystrix cristata
Idiomela subplicata,Habitats,IV,FALSE,taxon,4564225,4564225,EXACT,SPECIES,Idiomela subplicata,TRUE,Animalia,Gastropoda,Idiomela,,01992L0043-20130701,Idiomela (Helix) subplicata
Iris boissieri,Habitats,IV,FALSE,taxon,5298488,5298488,EXACT,SPECIES,Iris boissieri,TRUE,Plantae,Liliopsida,Iris,,01992L0043-20130701,Iris boissieri
Iris marisca,Habitats,IV,FALSE,taxon,5298940,5298940,VARIANT,SPECIES,Iris marsica,TRUE,Plantae,Liliopsida,Iris,,01992L0043-20130701,Iris marisca
Isophya costata,Habitats,IV,FALSE,taxon,1684375,1684375,EXACT,SPECIES,Isophya costata,TRUE,Animalia,Insecta,Isophya,,01992L0043-20130701,Isophya costata
Isophya harzi,Habitats,IV,FALSE,taxon,1684370,1684370,EXACT,SPECIES,Isophya harzi,TRUE,Animalia,Insecta,Isophya,,01992L0043-20130701,Isophya harzi
Isophya stysi,Habitats,IV,FALSE,taxon,1684312,1684312,EXACT,SPECIES,Isophya stysi,TRUE,Animalia,Insecta,Isophya,,01992L0043-20130701,Isophya stysi
Jankaea heldreichii,Habitats,IV,FALSE,taxon,3820087,8088138,EXACT,SPECIES,Ramonda heldreichii,TRUE,Plantae,Magnoliopsida,Ramonda,,01992L0043-20130701,Jankaea heldreichii
Lacerta agilis,Habitats,IV,FALSE,taxon,6159223,6159223,EXACT,SPECIES,Lacerta agilis,TRUE,Animalia,Squamata,Lacerta,,01992L0043-20130701,Lacerta agilis
Lacerta bedriagae,Habitats,IV,FALSE,taxon,2469460,9107061,EXACT,SPECIES,Archaeolacerta bedriagae,TRUE,Animalia,Squamata,Archaeolacerta,,01992L0043-20130701,Lacerta bedriagae
Lacerta bonnali,Habitats,IV,FALSE,taxon,7446060,2468525,EXACT,SPECIES,Iberolacerta bonnali,TRUE,Animalia,Squamata,Iberolacerta,Lacerta monticola,01992L0043-20130701,Lacerta bonnali (Lacerta monticola)
Lacerta danfordi,Habitats,IV,FALSE,taxon,8313085,5789533,EXACT,SPECIES,Anatololacerta danfordi,TRUE,Animalia,Squamata,Anatololacerta,,01992L0043-20130701,Lacerta danfordi
Lacerta dugesi,Habitats,IV,FALSE,taxon,9219926,2468700,VARIANT,SPECIES,Teira dugesii,TRUE,Animalia,Squamata,Teira,,01992L0043-20130701,Lacerta dugesi
Lacerta graeca,Habitats,IV,FALSE,taxon,2469380,5789567,EXACT,SPECIES,Hellenolacerta graeca,TRUE,Animalia,Squamata,Hellenolacerta,,01992L0043-20130701,Lacerta graeca
Lacerta horvathi,Habitats,IV,FALSE,taxon,8369303,2468506,EXACT,SPECIES,Iberolacerta horvathi,TRUE,Animalia,Squamata,Iberolacerta,,01992L0043-20130701,Lacerta horvathi
Lacerta monticola,Habitats,IV,FALSE,taxon,8044501,2468511,EXACT,SPECIES,Iberolacerta monticola,TRUE,Animalia,Squamata,Iberolacerta,,01992L0043-20130701,Lacerta monticola
Lacerta schreiberi,Habitats,IV,FALSE,taxon,6159196,6159196,EXACT,SPECIES,Lacerta schreiberi,TRUE,Animalia,Squamata,Lacerta,,01992L0043-20130701,Lacerta schreiberi
Lacerta trilineata,Habitats,IV,FALSE,taxon,6159197,6159197,EXACT,SPECIES,Lacerta trilineata,TRUE,Animalia,Squamata,Lacerta,,01992L0043-20130701,Lacerta trilineata
Lacerta viridis,Habitats,IV,FALSE,taxon,6159273,6159273,EXACT,SPECIES,Lacerta viridis,TRUE,Animalia,Squamata,Lacerta,,01992L0043-20130701,Lacerta viridis
Lacerta vivipara pannonica,Habitats,IV,FALSE,taxon,2468558,9702100,EXACT,SUBSPECIES,Zootoca vivipara,FALSE,Animalia,Squamata,Zootoca,,01992L0043-20130701,Lacerta vivipara pannonica
Lampedusa imitatrix,Habitats,IV,FALSE,taxon,8724265,8724265,EXACT,SPECIES,Lampedusa imitatrix,TRUE,Animalia,Gastropoda,Lampedusa,,01992L0043-20130701,Lampedusa imitatrix
Lampedusa melitensis,Habitats,IV,FALSE,taxon,5783180,5783180,EXACT,SPECIES,Lampedusa melitensis,TRUE,Animalia,Gastropoda,Lampedusa,,01992L0043-20130701,Lampedusa melitensis
Leiostyla abbreviata,Habitats,IV,FALSE,taxon,4566639,4566639,EXACT,SPECIES,Leiostyla abbreviata,TRUE,Animalia,Gastropoda,Leiostyla,,01992L0043-20130701,Leiostyla abbreviata
Leiostyla cassida,Habitats,IV,FALSE,taxon,4566633,4566633,EXACT,SPECIES,Leiostyla cassida,TRUE,Animalia,Gastropoda,Leiostyla,,01992L0043-20130701,Leiostyla cassida
Leiostyla corneocostata,Habitats,IV,FALSE,taxon,4566645,4566645,EXACT,SPECIES,Leiostyla corneocostata,TRUE,Animalia,Gastropoda,Leiostyla,,01992L0043-20130701,Leiostyla corneocostata
Leiostyla gibba,Habitats,IV,FALSE,taxon,4566576,4566576,EXACT,SPECIES,Leiostyla gibba,TRUE,Animalia,Gastropoda,Leiostyla,,01992L0043-20130701,Leiostyla gibba
Leiostyla lamellosa,Habitats,IV,FALSE,taxon,4566572,4566572,EXACT,SPECIES,Leiostyla lamellosa,TRUE,Animalia,Gastropoda,Leiostyla,,01992L0043-20130701,Leiostyla lamellosa
Lepidochelys kempii,Habitats,IV,FALSE,taxon,2442165,2442165,EXACT,SPECIES,Lepidochelys kempii,TRUE,Animalia,Testudines,Lepidochelys,,01992L0043-20130701,Lepidochelys kempii
Leptidea morsei,Habitats,IV,FALSE,taxon,5137908,5137908,EXACT,SPECIES,Leptidea morsei,TRUE,Animalia,Insecta,Leptidea,,01992L0043-20130701,Leptidea morsei
Leptodirus hochenwarti,Habitats,IV,FALSE,taxon,4445665,4445665,VARIANT,SPECIES,Leptodirus hochenwartii,TRUE,Animalia,Insecta,Leptodirus,,01992L0043-20130701,Leptodirus hochenwarti
Leucorrhinia albifrons,Habitats,IV,FALSE,taxon,1429199,1429199,EXACT,SPECIES,Leucorrhinia albifrons,TRUE,Animalia,Insecta,Leucorrhinia,,01992L0043-20130701,Leucorrhinia albifrons
Leucorrhinia caudalis,Habitats,IV,FALSE,taxon,1429178,1429178,EXACT,SPECIES,Leucorrhinia caudalis,TRUE,Animalia,Insecta,Leucorrhinia,,01992L0043-20130701,Leucorrhinia caudalis
Leucorrhinia pectoralis,Habitats,IV,FALSE,taxon,1429194,1429194,EXACT,SPECIES,Leucorrhinia pectoralis,TRUE,Animalia,Insecta,Leucorrhinia,,01992L0043-20130701,Leucorrhinia pectoralis
Lignyoptera fumidaria,Habitats,IV,FALSE,taxon,1963232,1963232,EXACT,SPECIES,Lignyoptera fumidaria,TRUE,Animalia,Insecta,Lignyoptera,,01992L0043-20130701,Lignyoptera fumidaria
Lindenia tetraphylla,Habitats,IV,FALSE,taxon,5051794,5051794,EXACT,SPECIES,Lindenia tetraphylla,TRUE,Animalia,Insecta,Lindenia,,01992L0043-20130701,Lindenia tetraphylla
Lindernia procumbens,Habitats,IV,FALSE,taxon,8602699,8602699,EXACT,SPECIES,Lindernia procumbens,TRUE,Plantae,Magnoliopsida,Lindernia,,01992L0043-20130701,Lindernia procumbens
Lithophaga lithophaga,Habitats,IV,FALSE,taxon,4374632,4374632,EXACT,SPECIES,Lithophaga lithophaga,TRUE,Animalia,Bivalvia,Lithophaga,,01992L0043-20130701,Lithophaga lithophaga
Lopinga achine,Habitats,IV,FALSE,taxon,4535614,4535614,EXACT,SPECIES,Lopinga achine,TRUE,Animalia,Insecta,Pararge,,01992L0043-20130701,Lopinga achine
Lutra lutra,Habitats,IV,FALSE,taxon,2433753,2433753,EXACT,SPECIES,Lutra lutra,TRUE,Animalia,Mammalia,Lutra,,01992L0043-20130701,Lutra lutra
Lycaena dispar,Habitats,IV,FALSE,taxon,1929270,1929270,EXACT,SPECIES,Lycaena dispar,TRUE,Animalia,Insecta,Lycaena,,01992L0043-20130701,Lycaena dispar
Lycaena helle,Habitats,IV,FALSE,taxon,7417698,1925962,EXACT,SPECIES,Helleia helle,TRUE,Animalia,Insecta,Helleia,,01992L0043-20130701,Lycaena helle
Lynx lynx,Habitats,IV,FALSE,taxon,2435240,2435240,EXACT,SPECIES,Lynx lynx,TRUE,Animalia,Mammalia,Lynx,,01992L0043-20130701,Lynx lynx
Lynx pardinus,Habitats,IV,FALSE,taxon,2435261,2435261,EXACT,SPECIES,Lynx pardinus,TRUE,Animalia,Mammalia,Lynx,,01992L0043-20130701,Lynx pardinus
Macromia splendens,Habitats,IV,FALSE,taxon,1429876,1429876,EXACT,SPECIES,Macromia splendens,TRUE,Animalia,Insecta,Macromia,,01992L0043-20130701,Macromia splendens
Macrothele calpeiana,Habitats,IV,FALSE,taxon,2145078,2145078,EXACT,SPECIES,Macrothele calpeiana,TRUE,Animalia,Arachnida,Macrothele,,01992L0043-20130701,Macrothele calpeiana
Macrovipera schweizeri,Habitats,IV,FALSE,taxon,2444698,2444698,EXACT,SPECIES,Macrovipera schweizeri,TRUE,Animalia,Squamata,Macrovipera,Vipera lebetina schweizeri,01992L0043-20130701,Macrovipera schweizeri (Vipera lebetina schweizeri)
Maculinea arion,Habitats,IV,FALSE,taxon,1922311,1922311,EXACT,SPECIES,Maculinea arion,TRUE,Animalia,Insecta,Maculinea,,01992L0043-20130701,Maculinea arion
Maculinea nausithous,Habitats,IV,FALSE,taxon,1922343,1922343,EXACT,SPECIES,Maculinea nausithous,TRUE,Animalia,Insecta,Maculinea,,01992L0043-20130701,Maculinea nausithous
Maculinea teleius,Habitats,IV,FALSE,taxon,1922406,1922406,EXACT,SPECIES,Maculinea teleius,TRUE,Animalia,Insecta,Maculinea,,01992L0043-20130701,Maculinea teleius
Mandragora officinarum,Habitats,IV,FALSE,taxon,5341748,5341748,EXACT,SPECIES,Mandragora officinarum,TRUE,Plantae,Magnoliopsida,Mandragora,,01992L0043-20130701,Mandragora officinarum
Margaritifera auricularia,Habitats,IV,FALSE,taxon,4559651,5782525,EXACT,SPECIES,Pseudunio auricularius,TRUE,Animalia,Bivalvia,Pseudunio,,01992L0043-20130701,Margaritifera auricularia
Marmota marmota latirostris,Habitats,IV,FALSE,taxon,4263721,2437377,EXACT,SUBSPECIES,Marmota marmota,FALSE,Animalia,Mammalia,Marmota,,01992L0043-20130701,Marmota marmota latirostris
Mauremys caspica,Habitats,IV,FALSE,taxon,2443374,2443374,EXACT,SPECIES,Mauremys caspica,TRUE,Animalia,Testudines,Mauremys,,01992L0043-20130701,Mauremys caspica
Mauremys leprosa,Habitats,IV,FALSE,taxon,2443341,2443341,EXACT,SPECIES,Mauremys leprosa,TRUE,Animalia,Testudines,Mauremys,,01992L0043-20130701,Mauremys leprosa
Melanargia arge,Habitats,IV,FALSE,taxon,1916347,1916347,EXACT,SPECIES,Melanargia arge,TRUE,Animalia,Insecta,Melanargia,,01992L0043-20130701,Melanargia arge
Mertensiella luschani,Habitats,IV,FALSE,taxon,4409482,2431833,EXACT,SPECIES,Lyciasalamandra luschani,TRUE,Animalia,Amphibia,Lyciasalamandra,Salamandra luschani,01992L0043-20130701,Mertensiella luschani (Salamandra luschani)
Mesocricetus newtoni,Habitats,IV,FALSE,taxon,2438483,2438483,EXACT,SPECIES,Mesocricetus newtoni,TRUE,Animalia,Mammalia,Mesocricetus,,01992L0043-20130701,Mesocricetus newtoni
Microtus cabrerae,Habitats,IV,FALSE,taxon,2438668,2438668,EXACT,SPECIES,Microtus cabrerae,TRUE,Animalia,Mammalia,Microtus,,01992L0043-20130701,Microtus cabrerae
Microtus oeconomus arenicola,Habitats,IV,FALSE,taxon,4409203,2438635,EXACT,SUBSPECIES,Microtus oeconomus,FALSE,Animalia,Mammalia,Microtus,,01992L0043-20130701,Microtus oeconomus arenicola
Microtus oeconomus mehelyi,Habitats,IV,FALSE,taxon,4409202,2438635,EXACT,SUBSPECIES,Microtus oeconomus,FALSE,Animalia,Mammalia,Microtus,,01992L0043-20130701,Microtus oeconomus mehelyi
Microtus tatricus,Habitats,IV,FALSE,taxon,2438637,2438637,EXACT,SPECIES,Microtus tatricus,TRUE,Animalia,Mammalia,Microtus,,01992L0043-20130701,Microtus tatricus
Moehringia fontqueri,Habitats,IV,FALSE,taxon,3810540,5586437,EXACT,SPECIES,Arenaria funiculata,FALSE,Plantae,Magnoliopsida,Arenaria,,01992L0043-20130701,Moehringia fontqueri
Monachus monachus,Habitats,IV,FALSE,taxon,2434779,2434779,EXACT,SPECIES,Monachus monachus,TRUE,Animalia,Mammalia,Monachus,,01992L0043-20130701,Monachus monachus
Murbeckiella sousae,Habitats,IV,FALSE,taxon,3048748,3048748,EXACT,SPECIES,Murbeckiella sousae,TRUE,Plantae,Magnoliopsida,Murbeckiella,,01992L0043-20130701,Murbeckiella sousae
Mustela eversmanii,Habitats,IV,FALSE,taxon,5219057,5219057,EXACT,SPECIES,Mustela eversmanii,TRUE,Animalia,Mammalia,Mustela,,01992L0043-20130701,Mustela eversmanii
Mustela lutreola,Habitats,IV,FALSE,taxon,5219007,5219007,EXACT,SPECIES,Mustela lutreola,TRUE,Animalia,Mammalia,Mustela,,01992L0043-20130701,Mustela lutreola
Myrmecophilus baronii,Habitats,IV,FALSE,taxon,5100580,5100580,EXACT,SPECIES,Myrmecophilus baronii,TRUE,Animalia,Insecta,Myrmecophilus,,01992L0043-20130701,Myrmecophilus baronii
Narcissus longispathus,Habitats,IV,FALSE,taxon,2859227,2858662,EXACT,SPECIES,Narcissus nevadensis,FALSE,Plantae,Liliopsida,Narcissus,,01992L0043-20130701,Narcissus longispathus
Narcissus triandrus,Habitats,IV,FALSE,taxon,2858501,2858501,EXACT,SPECIES,Narcissus triandrus,TRUE,Plantae,Liliopsida,Narcissus,,01992L0043-20130701,Narcissus triandrus
Natrix natrix cetti,Habitats,IV,FALSE,taxon,5223509,6161347,EXACT,SUBSPECIES,Natrix natrix,FALSE,Animalia,Squamata,Natrix,,01992L0043-20130701,Natrix natrix cetti
Natrix natrix corsa,Habitats,IV,FALSE,taxon,6161349,6161347,EXACT,SUBSPECIES,Natrix natrix,FALSE,Animalia,Squamata,Natrix,,01992L0043-20130701,Natrix natrix corsa
Natrix natrix cypriaca,Habitats,IV,FALSE,taxon,6161355,6161347,EXACT,SUBSPECIES,Natrix natrix,FALSE,Animalia,Squamata,Natrix,,01992L0043-20130701,Natrix natrix cypriaca
Natrix tessellata,Habitats,IV,FALSE,taxon,6161327,6161327,EXACT,SPECIES,Natrix tessellata,TRUE,Animalia,Squamata,Natrix,,01992L0043-20130701,Natrix tessellata
Nymphalis vaualbum,Habitats,IV,FALSE,taxon,5714374,5129378,EXACT,SPECIES,Polygonia vaualbum,TRUE,Animalia,Insecta,Polygonia,,01992L0043-20130701,Nymphalis vaualbum
Odontopodisma rubripes,Habitats,IV,FALSE,taxon,1710221,1710221,EXACT,SPECIES,Odontopodisma rubripes,TRUE,Animalia,Insecta,Odontopodisma,,01992L0043-20130701,Odontopodisma rubripes
Ophiogomphus cecilia,Habitats,IV,FALSE,taxon,1426058,1426058,EXACT,SPECIES,Ophiogomphus cecilia,TRUE,Animalia,Insecta,Ophiogomphus,,01992L0043-20130701,Ophiogomphus cecilia
Ophiomorus punctatissimus,Habitats,IV,FALSE,taxon,2462191,2462191,EXACT,SPECIES,Ophiomorus punctatissimus,TRUE,Animalia,Squamata,Ophiomorus,,01992L0043-20130701,Ophiomorus punctatissimus
Ophisaurus apodus,Habitats,IV,FALSE,taxon,11127359,2468350,EXACT,SPECIES,Pseudopus apodus,TRUE,Animalia,Squamata,Pseudopus,,01992L0043-20130701,Ophisaurus apodus
Ophisops elegans,Habitats,IV,FALSE,taxon,2469702,2469702,EXACT,SPECIES,Ophisops elegans,TRUE,Animalia,Squamata,Ophisops,,01992L0043-20130701,Ophisops elegans
Ophrys argolica,Habitats,IV,FALSE,taxon,2792792,2792792,EXACT,SPECIES,Ophrys argolica,TRUE,Plantae,Liliopsida,Ophrys,,01992L0043-20130701,Ophrys argolica
Orchis scopulorum,Habitats,IV,FALSE,taxon,2849508,2849427,EXACT,SPECIES,Orchis mascula,FALSE,Plantae,Liliopsida,Orchis,,01992L0043-20130701,Orchis scopulorum
Ornithogalum reverchonii,Habitats,IV,FALSE,taxon,9254095,9254095,EXACT,SPECIES,Ornithogalum reverchonii,TRUE,Plantae,Liliopsida,Ornithogalum,,01992L0043-20130701,Ornithogalum reverchonii
Osmoderma eremita,Habitats,IV,FALSE,taxon,1079588,1079588,EXACT,SPECIES,Osmoderma eremita,TRUE,Animalia,Insecta,Osmoderma,,01992L0043-20130701,Osmoderma eremita
Ovis gmelini musimon,Habitats,IV,FALSE,taxon,9457305,2441110,VARIANT,SUBSPECIES,Ovis aries,FALSE,Animalia,Mammalia,Ovis,Ovis ammon musimon,01992L0043-20130701,Ovis gmelini musimon (Ovis ammon musimon)
Ovis orientalis ophion,Habitats,IV,FALSE,taxon,9136548,2441110,EXACT,SUBSPECIES,Ovis aries,FALSE,Animalia,Mammalia,Ovis,Ovis gmelini ophion,01992L0043-20130701,Ovis orientalis ophion (Ovis gmelini ophion)
Oxygastra curtisii,Habitats,IV,FALSE,taxon,7951391,7951391,EXACT,SPECIES,Oxygastra curtisii,TRUE,Animalia,Insecta,Oxygastra,,01992L0043-20130701,Oxygastra curtisii
Paladilhia hungarica,Habitats,IV,FALSE,taxon,5784455,5784455,EXACT,SPECIES,Paladilhia hungarica,TRUE,Animalia,Gastropoda,Paladilhia,,01992L0043-20130701,Paladilhia hungarica
Papilio alexanor,Habitats,IV,FALSE,taxon,1938131,1938131,EXACT,SPECIES,Papilio alexanor,TRUE,Animalia,Insecta,Papilio,,01992L0043-20130701,Papilio alexanor
Papilio hospiton,Habitats,IV,FALSE,taxon,1938050,1938050,EXACT,SPECIES,Papilio hospiton,TRUE,Animalia,Insecta,Papilio,,01992L0043-20130701,Papilio hospiton
Paracaloptenus caloptenoides,Habitats,IV,FALSE,taxon,1702607,1702607,EXACT,SPECIES,Paracaloptenus caloptenoides,TRUE,Animalia,Insecta,Paracaloptenus,,01992L0043-20130701,Paracaloptenus caloptenoides
Parnassius apollo,Habitats,IV,FALSE,taxon,1938810,1938810,EXACT,SPECIES,Parnassius apollo,TRUE,Animalia,Insecta,Parnassius,,01992L0043-20130701,Parnassius apollo
Parnassius mnemosyne,Habitats,IV,FALSE,taxon,1938520,1938520,EXACT,SPECIES,Parnassius mnemosyne,TRUE,Animalia,Insecta,Parnassius,,01992L0043-20130701,Parnassius mnemosyne
Patella ferruginea,Habitats,IV,FALSE,taxon,5728503,5728503,EXACT,SPECIES,Patella ferruginea,TRUE,Animalia,Gastropoda,Patella,,01992L0043-20130701,Patella ferruginea
Pelobates cultripes,Habitats,IV,FALSE,taxon,2430565,2430565,EXACT,SPECIES,Pelobates cultripes,TRUE,Animalia,Amphibia,Pelobates,,01992L0043-20130701,Pelobates cultripes
Pelobates fuscus,Habitats,IV,FALSE,taxon,2430567,2430567,EXACT,SPECIES,Pelobates fuscus,TRUE,Animalia,Amphibia,Pelobates,,01992L0043-20130701,Pelobates fuscus
Pelobates syriacus,Habitats,IV,FALSE,taxon,2430566,2430566,EXACT,SPECIES,Pelobates syriacus,TRUE,Animalia,Amphibia,Pelobates,,01992L0043-20130701,Pelobates syriacus
Phoca hispida saimensis,Habitats,IV,FALSE,taxon,6163806,5219369,EXACT,SUBSPECIES,Pusa hispida,FALSE,Animalia,Mammalia,Pusa,,01992L0043-20130701,Phoca hispida saimensis
Pholidoptera transsylvanica,Habitats,IV,FALSE,taxon,1695277,1695277,EXACT,SPECIES,Pholidoptera transsylvanica,TRUE,Animalia,Insecta,Pholidoptera,,01992L0043-20130701,Pholidoptera transsylvanica
Phoxinus percnurus,Habitats,IV,FALSE,taxon,5207401,2365586,EXACT,SPECIES,Rhynchocypris percnurus,TRUE,Animalia,,Rhynchocypris,,01992L0043-20130701,Phoxinus percnurus
Phryganophilus ruficollis,Habitats,IV,FALSE,taxon,4453682,4453682,EXACT,SPECIES,Phryganophilus ruficollis,TRUE,Animalia,Insecta,Phryganophilus,,01992L0043-20130701,Phryganophilus ruficollis
Phyllodactylus europaeus,Habitats,IV,FALSE,taxon,2446612,2446608,EXACT,SPECIES,Euleptes europaea,TRUE,Animalia,Squamata,Euleptes,,01992L0043-20130701,Phyllodactylus europaeus
Phyllometra culminaria,Habitats,IV,FALSE,taxon,1985561,1985561,EXACT,SPECIES,Phyllometra culminaria,TRUE,Animalia,Insecta,Phyllometra,,01992L0043-20130701,Phyllometra culminaria
Physoplexis comosa,Habitats,IV,FALSE,taxon,3161912,3161912,EXACT,SPECIES,Physoplexis comosa,TRUE,Plantae,Magnoliopsida,Physoplexis,,01992L0043-20130701,Physoplexis comosa
Picris willkommii,Habitats,IV,FALSE,taxon,3093334,3093358,EXACT,SPECIES,Picris cupuligera,FALSE,Plantae,Magnoliopsida,Picris,,01992L0043-20130701,Picris willkommii
Pilemia tigrina,Habitats,IV,FALSE,taxon,5004273,8211086,EXACT,SPECIES,Phytoecia tigrina,TRUE,Animalia,Insecta,Phytoecia,,01992L0043-20130701,Pilemia tigrina
Pinna nobilis,Habitats,IV,FALSE,taxon,4374731,4374731,EXACT,SPECIES,Pinna nobilis,TRUE,Animalia,Bivalvia,Pinna,,01992L0043-20130701,Pinna nobilis
Plebicula golgus,Habitats,IV,FALSE,taxon,1932517,1932517,EXACT,SPECIES,Plebicula golgus,TRUE,Animalia,Insecta,Plebicula,,01992L0043-20130701,Plebicula golgus
Podarcis erhardii,Habitats,IV,FALSE,taxon,2469075,2469075,EXACT,SPECIES,Podarcis erhardii,TRUE,Animalia,Squamata,Podarcis,,01992L0043-20130701,Podarcis erhardii
Podarcis filfolensis,Habitats,IV,FALSE,taxon,2469148,2469148,EXACT,SPECIES,Podarcis filfolensis,TRUE,Animalia,Squamata,Podarcis,,01992L0043-20130701,Podarcis filfolensis
Podarcis hispanica atrata,Habitats,IV,FALSE,taxon,9358017,7444957,EXACT,SUBSPECIES,Podarcis liolepis,FALSE,Animalia,Squamata,Podarcis,,01992L0043-20130701,Podarcis hispanica atrata
Podarcis lilfordi,Habitats,IV,FALSE,taxon,2469155,2469155,EXACT,SPECIES,Podarcis lilfordi,TRUE,Animalia,Squamata,Podarcis,,01992L0043-20130701,Podarcis lilfordi
Podarcis melisellensis,Habitats,IV,FALSE,taxon,2468999,2468999,EXACT,SPECIES,Podarcis melisellensis,TRUE,Animalia,Squamata,Podarcis,,01992L0043-20130701,Podarcis melisellensis
Podarcis milensis,Habitats,IV,FALSE,taxon,2469118,2469118,EXACT,SPECIES,Podarcis milensis,TRUE,Animalia,Squamata,Podarcis,,01992L0043-20130701,Podarcis milensis
Podarcis muralis,Habitats,IV,FALSE,taxon,2469188,2469188,EXACT,SPECIES,Podarcis muralis,TRUE,Animalia,Squamata,Podarcis,,01992L0043-20130701,Podarcis muralis
Podarcis peloponnesiaca,Habitats,IV,FALSE,taxon,2469022,2469022,VARIANT,SPECIES,Podarcis peloponnesiacus,TRUE,Animalia,Squamata,Podarcis,,01992L0043-20130701,Podarcis peloponnesiaca
Podarcis pityusensis,Habitats,IV,FALSE,taxon,2469028,2469028,EXACT,SPECIES,Podarcis pityusensis,TRUE,Animalia,Squamata,Podarcis,,01992L0043-20130701,Podarcis pityusensis
Podarcis sicula,Habitats,IV,FALSE,taxon,9185677,9185677,VARIANT,SPECIES,Podarcis siculus,TRUE,Animalia,Squamata,Podarcis,,01992L0043-20130701,Podarcis sicula
Podarcis taurica,Habitats,IV,FALSE,taxon,2469065,2469065,VARIANT,SPECIES,Podarcis tauricus,TRUE,Animalia,Squamata,Podarcis,,01992L0043-20130701,Podarcis taurica
Podarcis tiliguerta,Habitats,IV,FALSE,taxon,2469126,2469126,EXACT,SPECIES,Podarcis tiliguerta,TRUE,Animalia,Squamata,Podarcis,,01992L0043-20130701,Podarcis tiliguerta
Podarcis wagleriana,Habitats,IV,FALSE,taxon,8145436,8145436,VARIANT,SPECIES,Podarcis waglerianus,TRUE,Animalia,Squamata,Podarcis,,01992L0043-20130701,Podarcis wagleriana
Polymixis rufocincta isolata,Habitats,IV,FALSE,taxon,4533311,1781016,EXACT,SUBSPECIES,Polymixis rufocincta,FALSE,Animalia,Insecta,Polymixis,,01992L0043-20130701,Polymixis rufocincta isolata
Polyommatus eroides,Habitats,IV,FALSE,taxon,5140411,5140244,EXACT,SPECIES,Polyommatus eros,FALSE,Animalia,Insecta,Polyommatus,,01992L0043-20130701,Polyommatus eroides
Primula glaucescens,Habitats,IV,FALSE,taxon,5640340,5640340,EXACT,SPECIES,Primula glaucescens,TRUE,Plantae,Magnoliopsida,Primula,,01992L0043-20130701,Primula glaucescens
Primula spectabilis,Habitats,IV,FALSE,taxon,7842450,7842450,EXACT,SPECIES,Primula spectabilis,TRUE,Plantae,Magnoliopsida,Primula,,01992L0043-20130701,Primula spectabilis
Probaticus subrugosus,Habitats,IV,FALSE,taxon,4454238,4454238,EXACT,SPECIES,Probaticus subrugosus,TRUE,Animalia,Insecta,Euboeus,,01992L0043-20130701,Probaticus subrugosus
Propomacrus cypriacus,Habitats,IV,FALSE,taxon,1072120,1072120,EXACT,SPECIES,Propomacrus cypriacus,TRUE,Animalia,Insecta,Propomacrus,,01992L0043-20130701,Propomacrus cypriacus
Proserpinus proserpina,Habitats,IV,FALSE,taxon,1864161,1864161,EXACT,SPECIES,Proserpinus proserpina,TRUE,Animalia,Insecta,Proserpinus,,01992L0043-20130701,Proserpinus proserpina
Proterebia afra dalmata,Habitats,IV,FALSE,taxon,,,HIGHERRANK,SPECIES,Proterebia afra,TRUE,Animalia,Insecta,Proterebia,,01992L0043-20130701,Proterebia afra dalmata
Proteus anguinus,Habitats,IV,FALSE,taxon,2432042,2432042,EXACT,SPECIES,Proteus anguinus,TRUE,Animalia,Amphibia,Proteus,,01992L0043-20130701,Proteus anguinus
Pseudogaurotina excellens,Habitats,IV,FALSE,taxon,1115612,1115612,EXACT,SPECIES,Pseudogaurotina excellens,TRUE,Animalia,Insecta,Pseudogaurotina,,01992L0043-20130701,Pseudogaurotina excellens
Pseudophilotes bavius,Habitats,IV,FALSE,taxon,4535092,4535092,EXACT,SPECIES,Pseudophilotes bavius,TRUE,Animalia,Insecta,Pseudophilotes,,01992L0043-20130701,Pseudophilotes bavius
Pseudoseriscius cameroni,Habitats,IV,FALSE,taxon,4455199,4455199,EXACT,SPECIES,Pseudoseriscius cameroni,TRUE,Animalia,Insecta,Pseudoseriscius,,01992L0043-20130701,Pseudoseriscius cameroni
Pteromys volans,Habitats,IV,FALSE,taxon,2437258,2437258,EXACT,SPECIES,Pteromys volans,TRUE,Animalia,Mammalia,Pteromys,Sciuropterus russicus,01992L0043-20130701,Pteromys volans (Sciuropterus russicus)
Pytho kolwensis,Habitats,IV,FALSE,taxon,4457579,4457579,EXACT,SPECIES,Pytho kolwensis,TRUE,Animalia,Insecta,Pytho,,01992L0043-20130701,Pytho kolwensis
Ramonda serbica,Habitats,IV,FALSE,taxon,6365085,6365085,EXACT,SPECIES,Ramonda serbica,TRUE,Plantae,Magnoliopsida,Ramonda,,01992L0043-20130701,Ramonda serbica
Rana arvalis,Habitats,IV,FALSE,taxon,2426789,2426789,EXACT,SPECIES,Rana arvalis,TRUE,Animalia,Amphibia,Rana,,01992L0043-20130701,Rana arvalis
Rana dalmatina,Habitats,IV,FALSE,taxon,2426760,2426760,EXACT,SPECIES,Rana dalmatina,TRUE,Animalia,Amphibia,Rana,,01992L0043-20130701,Rana dalmatina
Rana graeca,Habitats,IV,FALSE,taxon,2426795,2426795,EXACT,SPECIES,Rana graeca,TRUE,Animalia,Amphibia,Rana,,01992L0043-20130701,Rana graeca
Rana iberica,Habitats,IV,FALSE,taxon,2426774,2426774,EXACT,SPECIES,Rana iberica,TRUE,Animalia,Amphibia,Rana,,01992L0043-20130701,Rana iberica
Rana italica,Habitats,IV,FALSE,taxon,2426815,2426815,EXACT,SPECIES,Rana italica,TRUE,Animalia,Amphibia,Rana,,01992L0043-20130701,Rana italica
Rana latastei,Habitats,IV,FALSE,taxon,2426788,2426788,EXACT,SPECIES,Rana latastei,TRUE,Animalia,Amphibia,Rana,,01992L0043-20130701,Rana latastei
Rana lessonae,Habitats,IV,FALSE,taxon,2426655,2426654,EXACT,SPECIES,Pelophylax lessonae,TRUE,Animalia,Amphibia,Pelophylax,,01992L0043-20130701,Rana lessonae
Romanichthys valsanicola,Habitats,IV,FALSE,taxon,2382017,2382017,EXACT,SPECIES,Romanichthys valsanicola,TRUE,Animalia,,Romanichthys,,01992L0043-20130701,Romanichthys valsanicola
Rosalia alpina,Habitats,IV,FALSE,taxon,7569075,7569075,EXACT,SPECIES,Rosalia alpina,TRUE,Animalia,Insecta,Rosalia,,01992L0043-20130701,Rosalia alpina
Rosmarinus tomentosus,Habitats,IV,FALSE,taxon,3887621,10836683,EXACT,SPECIES,Salvia granatensis,FALSE,Plantae,Magnoliopsida,Salvia,,01992L0043-20130701,Rosmarinus tomentosus
Rousettus aegyptiacus,Habitats,IV,FALSE,taxon,2432953,2432953,EXACT,SPECIES,Rousettus aegyptiacus,TRUE,Animalia,Mammalia,Rousettus,,01992L0043-20130701,Rousettus aegyptiacus
Rupicapra pyrenaica ornata,Habitats,IV,FALSE,taxon,5706425,5220171,EXACT,SUBSPECIES,Rupicapra pyrenaica,FALSE,Animalia,Mammalia,Rupicapra,Rupicapra rupicapra ornata,01992L0043-20130701,Rupicapra pyrenaica ornata (Rupicapra rupicapra ornata)
Rupicapra rupicapra balcanica,Habitats,IV,FALSE,taxon,5706429,5220170,EXACT,SUBSPECIES,Rupicapra rupicapra,FALSE,Animalia,Mammalia,Rupicapra,,01992L0043-20130701,Rupicapra rupicapra balcanica
Rupicapra rupicapra tatrica,Habitats,IV,FALSE,taxon,5706423,5220170,EXACT,SUBSPECIES,Rupicapra rupicapra,FALSE,Animalia,Mammalia,Rupicapra,,01992L0043-20130701,Rupicapra rupicapra tatrica
Sadleriana pannonica,Habitats,IV,FALSE,taxon,5784414,4560905,EXACT,SPECIES,Bythinella pannonica,TRUE,Animalia,Gastropoda,Bythinella,,01992L0043-20130701,Sadleriana pannonica
Saga pedo,Habitats,IV,FALSE,taxon,1683952,1683952,EXACT,SPECIES,Saga pedo,TRUE,Animalia,Insecta,Saga,,01992L0043-20130701,Saga pedo
Salamandra atra,Habitats,IV,FALSE,taxon,2431781,2431781,EXACT,SPECIES,Salamandra atra,TRUE,Animalia,Amphibia,Salamandra,,01992L0043-20130701,Salamandra atra
Salamandra aurorae,Habitats,IV,FALSE,taxon,10977014,2431781,EXACT,SPECIES,Salamandra atra,FALSE,Animalia,Amphibia,Salamandra,,01992L0043-20130701,Salamandra aurorae
Salamandra lanzai,Habitats,IV,FALSE,taxon,2431780,2431780,EXACT,SPECIES,Salamandra lanzai,TRUE,Animalia,Amphibia,Salamandra,,01992L0043-20130701,Salamandra lanzai
Salamandrina terdigitata,Habitats,IV,FALSE,taxon,2431852,2431852,EXACT,SPECIES,Salamandrina terdigitata,TRUE,Animalia,Amphibia,Salamandrina,,01992L0043-20130701,Salamandrina terdigitata
Santolina elegans,Habitats,IV,FALSE,taxon,3125943,3125943,EXACT,SPECIES,Santolina elegans,TRUE,Plantae,Magnoliopsida,Santolina,,01992L0043-20130701,Santolina elegans
Saxifraga cintrana,Habitats,IV,FALSE,taxon,3754087,3754087,EXACT,SPECIES,Saxifraga cintrana,TRUE,Plantae,Magnoliopsida,Saxifraga,,01992L0043-20130701,Saxifraga cintrana
Saxifraga portosanctana,Habitats,IV,FALSE,taxon,3752577,3752577,EXACT,SPECIES,Saxifraga portosanctana,TRUE,Plantae,Magnoliopsida,Saxifraga,,01992L0043-20130701,Saxifraga portosanctana
Saxifraga presolanensis,Habitats,IV,FALSE,taxon,3752513,3752513,EXACT,SPECIES,Saxifraga presolanensis,TRUE,Plantae,Magnoliopsida,Saxifraga,,01992L0043-20130701,Saxifraga presolanensis
Saxifraga valdensis,Habitats,IV,FALSE,taxon,3754286,3754286,EXACT,SPECIES,Saxifraga valdensis,TRUE,Plantae,Magnoliopsida,Saxifraga,,01992L0043-20130701,Saxifraga valdensis
Saxifraga vayredana,Habitats,IV,FALSE,taxon,3754220,3754220,EXACT,SPECIES,Saxifraga vayredana,TRUE,Plantae,Magnoliopsida,Saxifraga,,01992L0043-20130701,Saxifraga vayredana
Scilla beirana,Habitats,IV,FALSE,taxon,2767395,2767415,EXACT,SPECIES,Scilla verna,FALSE,Plantae,Liliopsida,Scilla,,01992L0043-20130701,Scilla beirana
Scilla odorata,Habitats,IV,FALSE,taxon,2767576,2767415,EXACT,SPECIES,Scilla verna,FALSE,Plantae,Liliopsida,Scilla,,01992L0043-20130701,Scilla odorata
Sciurus anomalus,Habitats,IV,FALSE,taxon,8243249,8243249,EXACT,SPECIES,Sciurus anomalus,TRUE,Animalia,Mammalia,Sciurus,,01992L0043-20130701,Sciurus anomalus
Senecio caespitosus,Habitats,IV,FALSE,taxon,,,HIGHERRANK,GENUS,,,Plantae,Magnoliopsida,Senecio,,01992L0043-20130701,Senecio caespitosus
Senecio lagascanus lusitanicus,Habitats,IV,FALSE,taxon,4229576,3108080,EXACT,SUBSPECIES,Senecio lagascanus,FALSE,Plantae,Magnoliopsida,Senecio,,01992L0043-20130701,Senecio lagascanus lusitanicus
Sicista betulina,Habitats,IV,FALSE,taxon,2439449,2439449,EXACT,SPECIES,Sicista betulina,TRUE,Animalia,Mammalia,Sicista,,01992L0043-20130701,Sicista betulina
Sicista subtilis,Habitats,IV,FALSE,taxon,2439439,2439439,EXACT,SPECIES,Sicista subtilis,TRUE,Animalia,Mammalia,Sicista,,01992L0043-20130701,Sicista subtilis
Sideroxylon marmulano,Habitats,IV,FALSE,taxon,2886972,2886971,EXACT,SPECIES,Sideroxylon mirmulans,TRUE,Plantae,Magnoliopsida,Sideroxylon,,01992L0043-20130701,Sideroxylon marmulano
Spermophilus citellus,Habitats,IV,FALSE,taxon,2437304,2437304,EXACT,SPECIES,Spermophilus citellus,TRUE,Animalia,Mammalia,Spermophilus,Citellus citellus,01992L0043-20130701,Spermophilus citellus (Citellus citellus)
Spermophilus suslicus,Habitats,IV,FALSE,taxon,2437323,2437323,EXACT,SPECIES,Spermophilus suslicus,TRUE,Animalia,Mammalia,Spermophilus,Citellus suslicus,01992L0043-20130701,Spermophilus suslicus (Citellus suslicus)
Spiranthes aestivalis,Habitats,IV,FALSE,taxon,2805343,2805343,EXACT,SPECIES,Spiranthes aestivalis,TRUE,Plantae,Liliopsida,Spiranthes,,01992L0043-20130701,Spiranthes aestivalis
Stellio stellio,Habitats,IV,FALSE,taxon,,,HIGHERRANK,GENUS,,,Animalia,Squamata,Stellio,,01992L0043-20130701,Stellio stellio
Stenobothrus eurasius,Habitats,IV,FALSE,taxon,1710932,1710932,EXACT,SPECIES,Stenobothrus eurasius,TRUE,Animalia,Insecta,Stenobothrus,,01992L0043-20130701,Stenobothrus (Stenobothrodes) eurasius
Stylurus flavipes,Habitats,IV,FALSE,taxon,5051901,5051901,EXACT,SPECIES,Stylurus flavipes,TRUE,Animalia,Insecta,Stylurus,,01992L0043-20130701,Stylurus flavipes
Sympecma braueri,Habitats,IV,FALSE,taxon,1424206,1424202,EXACT,SPECIES,Sympecma paedisca,FALSE,Animalia,Insecta,Sympecma,,01992L0043-20130701,Sympecma braueri
Tarentola angustimentalis,Habitats,IV,FALSE,taxon,2445033,2445033,EXACT,SPECIES,Tarentola angustimentalis,TRUE,Animalia,Squamata,Tarentola,,01992L0043-20130701,Tarentola angustimentalis
Tarentola boettgeri,Habitats,IV,FALSE,taxon,2445052,2445052,EXACT,SPECIES,Tarentola boettgeri,TRUE,Animalia,Squamata,Tarentola,,01992L0043-20130701,Tarentola boettgeri
Tarentola delalandii,Habitats,IV,FALSE,taxon,8994891,8994891,EXACT,SPECIES,Tarentola delalandii,TRUE,Animalia,Squamata,Tarentola,,01992L0043-20130701,Tarentola delalandii
Tarentola gomerensis,Habitats,IV,FALSE,taxon,2445039,2445039,EXACT,SPECIES,Tarentola gomerensis,TRUE,Animalia,Squamata,Tarentola,,01992L0043-20130701,Tarentola gomerensis
Telescopus falax,Habitats,IV,FALSE,taxon,2457466,2457466,VARIANT,SPECIES,Telescopus fallax,TRUE,Animalia,Squamata,Telescopus,,01992L0043-20130701,Telescopus falax
Testudo graeca,Habitats,IV,FALSE,taxon,2441461,2441461,EXACT,SPECIES,Testudo graeca,TRUE,Animalia,Testudines,Testudo,,01992L0043-20130701,Testudo graeca
Testudo hermanni,Habitats,IV,FALSE,taxon,2441454,2441454,EXACT,SPECIES,Testudo hermanni,TRUE,Animalia,Testudines,Testudo,,01992L0043-20130701,Testudo hermanni
Testudo marginata,Habitats,IV,FALSE,taxon,2441502,2441502,EXACT,SPECIES,Testudo marginata,TRUE,Animalia,Testudines,Testudo,,01992L0043-20130701,Testudo marginata
Teucrium charidemi,Habitats,IV,FALSE,taxon,3897704,3897704,EXACT,SPECIES,Teucrium charidemi,TRUE,Plantae,Magnoliopsida,Teucrium,,01992L0043-20130701,Teucrium charidemi
Theodoxus prevostianus,Habitats,IV,FALSE,taxon,4561959,4561959,EXACT,SPECIES,Theodoxus prevostianus,TRUE,Animalia,Gastropoda,Theodoxus,,01992L0043-20130701,Theodoxus prevostianus
Theodoxus transversalis,Habitats,IV,FALSE,taxon,4562023,4562023,EXACT,SPECIES,Theodoxus transversalis,TRUE,Animalia,Gastropoda,Theodoxus,,01992L0043-20130701,Theodoxus transversalis
Thymelaea broterana,Habitats,IV,FALSE,taxon,5523670,5523670,VARIANT,SPECIES,Thymelaea broteriana,TRUE,Plantae,Magnoliopsida,Thymelaea,,01992L0043-20130701,Thymelaea broterana
Thymus capitellatus,Habitats,IV,FALSE,taxon,7307657,7307657,EXACT,SPECIES,Thymus capitellatus,TRUE,Plantae,Magnoliopsida,Thymus,,01992L0043-20130701,Thymus capitellatus
Thymus villosus villosus,Habitats,IV,FALSE,taxon,7306548,7593115,EXACT,SUBSPECIES,Thymus villosus,FALSE,Plantae,Magnoliopsida,Thymus,,01992L0043-20130701,Thymus villosus villosus
Triturus carnifex,Habitats,IV,FALSE,taxon,2431887,2431887,EXACT,SPECIES,Triturus carnifex,TRUE,Animalia,Amphibia,Triturus,Triturus cristatus carnifex,01992L0043-20130701,Triturus carnifex (Triturus cristatus carnifex)
Triturus cristatus,Habitats,IV,FALSE,taxon,2431885,2431885,EXACT,SPECIES,Triturus cristatus,TRUE,Animalia,Amphibia,Triturus,Triturus cristatus cristatus,01992L0043-20130701,Triturus cristatus (Triturus cristatus cristatus)
Triturus italicus,Habitats,IV,FALSE,taxon,2431898,5218406,EXACT,SPECIES,Lissotriton italicus,TRUE,Animalia,Amphibia,Lissotriton,,01992L0043-20130701,Triturus italicus
Triturus karelinii,Habitats,IV,FALSE,taxon,2431890,2431890,EXACT,SPECIES,Triturus karelinii,TRUE,Animalia,Amphibia,Triturus,Triturus cristatus karelinii,01992L0043-20130701,Triturus karelinii (Triturus cristatus karelinii)
Triturus marmoratus,Habitats,IV,FALSE,taxon,2431886,2431886,EXACT,SPECIES,Triturus marmoratus,TRUE,Animalia,Amphibia,Triturus,,01992L0043-20130701,Triturus marmoratus
Triturus montandoni,Habitats,IV,FALSE,taxon,2431906,5218409,EXACT,SPECIES,Lissotriton montandoni,TRUE,Animalia,Amphibia,Lissotriton,,01992L0043-20130701,Triturus montandoni
Triturus vulgaris ampelensis,Habitats,IV,FALSE,taxon,11105145,5218405,EXACT,SUBSPECIES,Lissotriton vulgaris,FALSE,Animalia,Amphibia,Lissotriton,,01992L0043-20130701,Triturus vulgaris ampelensis
Unio crassus,Habitats,IV,FALSE,taxon,4559558,4559558,EXACT,SPECIES,Unio crassus,TRUE,Animalia,Bivalvia,Unio,,01992L0043-20130701,Unio crassus
Ursus arctos,Habitats,IV,FALSE,taxon,2433433,2433433,EXACT,SPECIES,Ursus arctos,TRUE,Animalia,Mammalia,Ursus,,01992L0043-20130701,Ursus arctos
Valencia hispanica,Habitats,IV,FALSE,taxon,5203914,5203914,EXACT,SPECIES,Valencia hispanica,TRUE,Animalia,,Valencia,,01992L0043-20130701,Valencia hispanica
Viola athois,Habitats,IV,FALSE,taxon,5663312,5663312,EXACT,SPECIES,Viola athois,TRUE,Plantae,Magnoliopsida,Viola,,01992L0043-20130701,Viola athois
Viola cazorlensis,Habitats,IV,FALSE,taxon,5663812,5663812,EXACT,SPECIES,Viola cazorlensis,TRUE,Plantae,Magnoliopsida,Viola,,01992L0043-20130701,Viola cazorlensis
Vipera ammodytes,Habitats,IV,FALSE,taxon,2444308,2444308,EXACT,SPECIES,Vipera ammodytes,TRUE,Animalia,Squamata,Vipera,,01992L0043-20130701,Vipera ammodytes
Vipera seoanni,Habitats,IV,FALSE,taxon,5960884,5960884,VARIANT,SPECIES,Vipera seoanei,TRUE,Animalia,Squamata,Vipera,,01992L0043-20130701,Vipera seoanni
Vipera ursinii,Habitats,IV,FALSE,taxon,9807306,9807306,EXACT,SPECIES,Vipera ursinii,TRUE,Animalia,Squamata,Vipera,,01992L0043-20130701,Vipera ursinii
Vipera xanthina,Habitats,IV,FALSE,taxon,9448687,5960888,EXACT,SPECIES,Vipera dinniki,FALSE,Animalia,Squamata,Vipera,,01992L0043-20130701,Vipera xanthina
Vormela peregusna,Habitats,IV,FALSE,taxon,2433709,2433709,EXACT,SPECIES,Vormela peregusna,TRUE,Animalia,Mammalia,Vormela,,01992L0043-20130701,Vormela peregusna
Wagenitzia lancifolia,Habitats,IV,FALSE,taxon,3128614,3128612,EXACT,SPECIES,Centaurea lancifolia,TRUE,Plantae,Magnoliopsida,Centaurea,,01992L0043-20130701,Wagenitzia lancifolia
Xylomoia strix,Habitats,IV,FALSE,taxon,1772458,1772458,EXACT,SPECIES,Xylomoia strix,TRUE,Animalia,Insecta,Xylomoia,,01992L0043-20130701,Xylomoia strix
Zerynthia polyxena,Habitats,IV,FALSE,taxon,5141262,5141262,EXACT,SPECIES,Zerynthia polyxena,TRUE,Animalia,Insecta,Zerynthia,,01992L0043-20130701,Zerynthia polyxena
Zingel asper,Habitats,IV,FALSE,taxon,2382117,2382117,EXACT,SPECIES,Zingel asper,TRUE,Animalia,,Zingel,,01992L0043-20130701,Zingel asper
Alosa,Habitats,V,FALSE,genus_or_family,2412615,,EXACT,GENUS,,,Animalia,,Alosa,,01992L0043-20130701,Alosa spp.
Alyssum pintadasilvae,Habitats,V,FALSE,taxon,3044982,11139198,VARIANT,SPECIES,Odontarrhena serpyllifolia,FALSE,Plantae,Magnoliopsida,Odontarrhena,,01992L0043-20130701,Alyssum pintadasilvae
Anarrhinum longipedicelatum,Habitats,V,FALSE,taxon,3742430,3742430,VARIANT,SPECIES,Anarrhinum longipedicellatum,TRUE,Plantae,Magnoliopsida,Anarrhinum,,01992L0043-20130701,Anarrhinum longipedicelatum
Anthyllis lusitanica,Habitats,V,FALSE,taxon,5627394,5352367,EXACT,SPECIES,Anthyllis vulneraria,FALSE,Plantae,Magnoliopsida,Anthyllis,,01992L0043-20130701,Anthyllis lusitanica
Armeria sampaio,Habitats,V,FALSE,taxon,5668182,5668182,VARIANT,SPECIES,Armeria sampaioi,TRUE,Plantae,Magnoliopsida,Armeria,,01992L0043-20130701,Armeria sampaio
Arnica montana,Habitats,V,FALSE,taxon,5405976,5405976,EXACT,SPECIES,Arnica montana,TRUE,Plantae,Magnoliopsida,Arnica,,01992L0043-20130701,Arnica montana
Artemisia eriantha,Habitats,V,FALSE,taxon,4229609,4229609,EXACT,SPECIES,Artemisia eriantha,TRUE,Plantae,Magnoliopsida,Artemisia,,01992L0043-20130701,Artemisia eriantha
Artemisia genipi,Habitats,V,FALSE,taxon,3120878,3120878,EXACT,SPECIES,Artemisia genipi,TRUE,Plantae,Magnoliopsida,Artemisia,,01992L0043-20130701,Artemisia genipi
Aspius aspius,Habitats,V,FALSE,taxon,2360181,5851603,EXACT,SPECIES,Leuciscus aspius,TRUE,Animalia,,Leuciscus,,01992L0043-20130701,Aspius aspius
Astacus astacus,Habitats,V,FALSE,taxon,2226998,2226998,EXACT,SPECIES,Astacus astacus,TRUE,Animalia,Malacostraca,Astacus,,01992L0043-20130701,Astacus astacus
Austropotamobius pallipes,Habitats,V,FALSE,taxon,4312658,4312658,EXACT,SPECIES,Austropotamobius pallipes,TRUE,Animalia,Malacostraca,Austropotamobius,,01992L0043-20130701,Austropotamobius pallipes
Austropotamobius torrentium,Habitats,V,FALSE,taxon,4417555,4417555,EXACT,SPECIES,Austropotamobius torrentium,TRUE,Animalia,Malacostraca,Austropotamobius,,01992L0043-20130701,Austropotamobius torrentium
Barbus,Habitats,V,FALSE,genus_or_family,9183743,,EXACT,GENUS,,,Animalia,,Barbus,,01992L0043-20130701,Barbus spp.
Canis aureus,Habitats,V,FALSE,taxon,5219219,5219219,EXACT,SPECIES,Canis aureus,TRUE,Animalia,Mammalia,Canis,,01992L0043-20130701,Canis aureus
Canis lupus,Habitats,V,FALSE,taxon,5219173,5219173,EXACT,SPECIES,Canis lupus,TRUE,Animalia,Mammalia,Canis,,01992L0043-20130701,"Canis lupus (Spanish populations north of the Duero, Greek populations north of the 39th parallel, Finnish populations within the reindeer management area as defined in paragraph 2 of the Finnish Act No 848/90 of 14 September 1990 on reindeer management, Bulgarian, Latvian, Lithuanian, Estonian, Polish and Slovak populations)"
Capra ibex,Habitats,V,FALSE,taxon,2441055,2441055,EXACT,SPECIES,Capra ibex,TRUE,Animalia,Mammalia,Capra,,01992L0043-20130701,Capra ibex
Capra pyrenaica,Habitats,V,FALSE,taxon,2441054,2441054,EXACT,SPECIES,Capra pyrenaica,TRUE,Animalia,Mammalia,Capra,,01992L0043-20130701,Capra pyrenaica (except Capra pyrenaica pyrenaica)
Castor fiber,Habitats,V,FALSE,taxon,4409131,4409131,EXACT,SPECIES,Castor fiber,TRUE,Animalia,Mammalia,Castor,,01992L0043-20130701,"Castor fiber (Finnish, Swedish, Latvian, Lithuanian, Estonian and Polish populations)"
Cladonia Cladina,Habitats,V,FALSE,taxon,,,NONE,,,FALSE,,,,,01992L0043-20130701,Cladonia Cladina
Corallium rubrum,Habitats,V,FALSE,taxon,5185014,5185014,EXACT,SPECIES,Corallium rubrum,TRUE,Animalia,Anthozoa,Corallium,,01992L0043-20130701,Corallium rubrum
Coregonus,Habitats,V,FALSE,genus_or_family,2350934,,EXACT,GENUS,,,Animalia,,Coregonus,,01992L0043-20130701,Coregonus spp. (except Coregonus oxyrhynchus — anadromous populations in certain sectors of the North Sea)
Cricetus cricetus,Habitats,V,FALSE,taxon,2438704,2438704,EXACT,SPECIES,Cricetus cricetus,TRUE,Animalia,Mammalia,Cricetus,Hungarian populations,01992L0043-20130701,Cricetus cricetus (Hungarian populations)
Doronicum plantagineum tournefortii,Habitats,V,FALSE,taxon,6077213,8340385,EXACT,SUBSPECIES,Doronicum plantagineum,FALSE,Plantae,Magnoliopsida,Doronicum,,01992L0043-20130701,Doronicum plantagineum tournefortii
Dorycnium pentaphyllum transmontana,Habitats,V,FALSE,taxon,3972812,5632022,VARIANT,SUBSPECIES,Lotus dorycnium,FALSE,Plantae,Magnoliopsida,Lotus,,01992L0043-20130701,Dorycnium pentaphyllum transmontana
Euphrasia mendonçae,Habitats,V,FALSE,taxon,3737752,7989064,VARIANT,SPECIES,Euphrasia minima,FALSE,Plantae,Magnoliopsida,Euphrasia,,01992L0043-20130701,Euphrasia mendonçae
Galanthus nivalis,Habitats,V,FALSE,taxon,2855356,2855356,EXACT,SPECIES,Galanthus nivalis,TRUE,Plantae,Liliopsida,Galanthus,,01992L0043-20130701,Galanthus nivalis
Genetta genetta,Habitats,V,FALSE,taxon,5219362,5219362,EXACT,SPECIES,Genetta genetta,TRUE,Animalia,Mammalia,Genetta,,01992L0043-20130701,Genetta genetta
Gentiana lutea,Habitats,V,FALSE,taxon,3170040,3170040,EXACT,SPECIES,Gentiana lutea,TRUE,Plantae,Magnoliopsida,Gentiana,,01992L0043-20130701,Gentiana lutea
Graellsia isabellae,Habitats,V,FALSE,taxon,5124512,5124512,EXACT,SPECIES,Graellsia isabellae,TRUE,Animalia,Insecta,Graellsia,,01992L0043-20130701,Graellsia isabellae
Gymnocephalus schraetzer,Habitats,V,FALSE,taxon,5209583,2382143,EXACT,SPECIES,Gymnocephalus schraetser,TRUE,Animalia,,Gymnocephalus,,01992L0043-20130701,Gymnocephalus schraetzer
Helix pomatia,Habitats,V,FALSE,taxon,2294287,2294287,EXACT,SPECIES,Helix pomatia,TRUE,Animalia,Gastropoda,Helix,,01992L0043-20130701,Helix pomatia
Herpestes ichneumon,Habitats,V,FALSE,taxon,2434255,2434255,EXACT,SPECIES,Herpestes ichneumon,TRUE,Animalia,Mammalia,Herpestes,,01992L0043-20130701,Herpestes ichneumon
Hirudinidae,Habitats,V,FALSE,taxon,3560,,EXACT,FAMILY,,,Animalia,Clitellata,,,01992L0043-20130701,Hirudinidae
Hirudo medicinalis,Habitats,V,FALSE,taxon,2308887,2308887,EXACT,SPECIES,Hirudo medicinalis,TRUE,Animalia,Clitellata,Hirudo,,01992L0043-20130701,Hirudo medicinalis
Hucho hucho,Habitats,V,FALSE,taxon,2351413,2351413,EXACT,SPECIES,Hucho hucho,TRUE,Animalia,,Hucho,,01992L0043-20130701,Hucho hucho
Iris lusitanica,Habitats,V,FALSE,taxon,11213603,11213603,EXACT,SPECIES,Iris lusitanica,TRUE,Plantae,Liliopsida,Iris,,01992L0043-20130701,Iris lusitanica
Lampetra fluviatilis,Habitats,V,FALSE,taxon,2421365,2421365,EXACT,SPECIES,Lampetra fluviatilis,TRUE,Animalia,Petromyzonti,Lampetra,,01992L0043-20130701,Lampetra fluviatilis
Lepus timidus,Habitats,V,FALSE,taxon,2436756,2436756,EXACT,SPECIES,Lepus timidus,TRUE,Animalia,Mammalia,Lepus,,01992L0043-20130701,Lepus timidus
Lethenteron zanandrai,Habitats,V,FALSE,taxon,2421217,2421217,VARIANT,SPECIES,Lethenteron zanandreai,TRUE,Animalia,Petromyzonti,Lethenteron,,01992L0043-20130701,Lethenteron zanandrai
Leucobryum glaucum,Habitats,V,FALSE,taxon,2675719,2675719,EXACT,SPECIES,Leucobryum glaucum,TRUE,Plantae,Bryopsida,Leucobryum,,01992L0043-20130701,Leucobryum glaucum
Leuzea rhaponticoides,Habitats,V,FALSE,taxon,3142181,3142180,EXACT,SPECIES,Leuzea exaltata,FALSE,Plantae,Magnoliopsida,Leuzea,,01992L0043-20130701,Leuzea rhaponticoides
Lilium rubrum,Habitats,V,FALSE,taxon,11130356,11130356,EXACT,SPECIES,Lilium rubrum,TRUE,Plantae,Liliopsida,Lilium,,01992L0043-20130701,Lilium rubrum
Lithothamnium coralloides,Habitats,V,FALSE,taxon,11336403,2655341,EXACT,SPECIES,Lithothamnion corallioides,TRUE,Plantae,Florideophyceae,Lithothamnion,,01992L0043-20130701,Lithothamnium coralloides
Lycopodium,Habitats,V,FALSE,genus_or_family,2688247,,EXACT,GENUS,,,Plantae,Lycopodiopsida,Lycopodium,,01992L0043-20130701,Lycopodium spp.
Lynx lynx,Habitats,V,FALSE,taxon,2435240,2435240,EXACT,SPECIES,Lynx lynx,TRUE,Animalia,Mammalia,Lynx,Estonian population,01992L0043-20130701,Lynx lynx (Estonian population)
Malcolmia lacera graccilima,Habitats,V,FALSE,taxon,5373219,10998169,VARIANT,SUBSPECIES,Marcus-Kochia triloba,FALSE,Plantae,Magnoliopsida,Marcus-Kochia,,01992L0043-20130701,Malcolmia lacera graccilima
Margaritifera margaritifera,Habitats,V,FALSE,taxon,7911174,7911174,EXACT,SPECIES,Margaritifera margaritifera,TRUE,Animalia,Bivalvia,Margaritifera,,01992L0043-20130701,Margaritifera margaritifera
Martes martes,Habitats,V,FALSE,taxon,5218878,5218878,EXACT,SPECIES,Martes martes,TRUE,Animalia,Mammalia,Martes,,01992L0043-20130701,Martes martes
Microcondylaea compressa,Habitats,V,FALSE,taxon,4559642,7374133,EXACT,SPECIES,Microcondylaea bonellii,FALSE,Animalia,Bivalvia,Microcondylaea,,01992L0043-20130701,Microcondylaea compressa
Murbeckiella pinnatifida herminii,Habitats,V,FALSE,taxon,3048762,3048759,EXACT,SUBSPECIES,Murbeckiella boryi,FALSE,Plantae,Magnoliopsida,Murbeckiella,,01992L0043-20130701,Murbeckiella pinnatifida herminii
Mustela putorius,Habitats,V,FALSE,taxon,5218911,5218911,EXACT,SPECIES,Mustela putorius,TRUE,Animalia,Mammalia,Mustela,,01992L0043-20130701,Mustela putorius
Narcissus bulbocodium,Habitats,V,FALSE,taxon,2858846,2858846,EXACT,SPECIES,Narcissus bulbocodium,TRUE,Plantae,Liliopsida,Narcissus,,01992L0043-20130701,Narcissus bulbocodium
Narcissus juncifolius,Habitats,V,FALSE,taxon,,,HIGHERRANK,GENUS,,,Plantae,Liliopsida,Narcissus,,01992L0043-20130701,Narcissus juncifolius
Pelecus cultratus,Habitats,V,FALSE,taxon,2367038,2367038,EXACT,SPECIES,Pelecus cultratus,TRUE,Animalia,,Pelecus,,01992L0043-20130701,Pelecus cultratus
Phymatholithon calcareum,Habitats,V,FALSE,taxon,11364227,2654944,EXACT,SPECIES,Phymatolithon calcareum,TRUE,Plantae,Florideophyceae,Phymatolithon,,01992L0043-20130701,Phymatholithon calcareum
Rana esculenta,Habitats,V,FALSE,taxon,10665553,2426654,EXACT,SPECIES,Pelophylax lessonae,FALSE,Animalia,Amphibia,Pelophylax,,01992L0043-20130701,Rana esculenta
Rana perezi,Habitats,V,FALSE,taxon,2426660,2426658,EXACT,SPECIES,Pelophylax perezi,TRUE,Animalia,Amphibia,Pelophylax,,01992L0043-20130701,Rana perezi
Rana ridibunda,Habitats,V,FALSE,taxon,2426662,2426661,EXACT,SPECIES,Pelophylax ridibundus,TRUE,Animalia,Amphibia,Pelophylax,,01992L0043-20130701,Rana ridibunda
Rana temporaria,Habitats,V,FALSE,taxon,2426805,2426805,EXACT,SPECIES,Rana temporaria,TRUE,Animalia,Amphibia,Rana,,01992L0043-20130701,Rana temporaria
Rubus genevieri herminii,Habitats,V,FALSE,taxon,2990687,2998744,VARIANT,SUBSPECIES,Rubus bracteatus,FALSE,Plantae,Magnoliopsida,Rubus,,01992L0043-20130701,Rubus genevieri herminii
Rupicapra rupicapra,Habitats,V,FALSE,taxon,5220170,5220170,EXACT,SPECIES,Rupicapra rupicapra,TRUE,Animalia,Mammalia,Rupicapra,,01992L0043-20130701,"Rupicapra rupicapra (except Rupicapra rupicapra balcanica, Rupicapra rupicapra ornata and Rupicapra rupicapra tatrica)"
Ruscus aculeatus,Habitats,V,FALSE,taxon,2769766,2769766,EXACT,SPECIES,Ruscus aculeatus,TRUE,Plantae,Liliopsida,Ruscus,,01992L0043-20130701,Ruscus aculeatus
Rutilus friesii meidingeri,Habitats,V,FALSE,taxon,6166732,2359699,VARIANT,SUBSPECIES,Rutilus meidingeri,FALSE,Animalia,,Rutilus,,01992L0043-20130701,Rutilus friesii meidingeri
Rutilus pigus,Habitats,V,FALSE,taxon,2359686,2359686,EXACT,SPECIES,Rutilus pigus,TRUE,Animalia,,Rutilus,,01992L0043-20130701,Rutilus pigus
Salmo salar,Habitats,V,FALSE,taxon,7595433,7595433,EXACT,SPECIES,Salmo salar,TRUE,Animalia,,Salmo,,01992L0043-20130701,Salmo salar (only in fresh water)
Scrophularia berminii,Habitats,V,FALSE,taxon,,,HIGHERRANK,GENUS,,,Plantae,Magnoliopsida,Scrophularia,,01992L0043-20130701,Scrophularia berminii
Scrophularia grandiflora grandiflora,Habitats,V,FALSE,taxon,,,HIGHERRANK,SPECIES,Scrophularia grandiflora,TRUE,Plantae,Magnoliopsida,Scrophularia,,01992L0043-20130701,Scrophularia grandiflora grandiflora
Scrophularia sublyrata,Habitats,V,FALSE,taxon,3735647,3735647,EXACT,SPECIES,Scrophularia sublyrata,TRUE,Plantae,Magnoliopsida,Scrophularia,,01992L0043-20130701,Scrophularia sublyrata
Scyllarides latus,Habitats,V,FALSE,taxon,2221735,2221735,EXACT,SPECIES,Scyllarides latus,TRUE,Animalia,Malacostraca,Scyllarides,,01992L0043-20130701,Scyllarides latus
Silurus aristotelis,Habitats,V,FALSE,taxon,8115991,8115991,EXACT,SPECIES,Silurus aristotelis,TRUE,Animalia,,Silurus,,01992L0043-20130701,Silurus aristotelis
Sphagnum Sphagnum pylaisii,Habitats,V,FALSE,taxon,7997958,2669149,EXACT,SPECIES,Sphagnum pylaesii,FALSE,Plantae,Sphagnopsida,Sphagnum,,01992L0043-20130701,Sphagnum Sphagnum pylaisii
Teucrium salviastrum salviastrum,Habitats,V,FALSE,taxon,,,HIGHERRANK,SPECIES,Teucrium salviastrum,TRUE,Plantae,Magnoliopsida,Teucrium,,01992L0043-20130701,Teucrium salviastrum salviastrum
Thymallus thymallus,Habitats,V,FALSE,taxon,5203999,5203999,EXACT,SPECIES,Thymallus thymallus,TRUE,Animalia,,Thymallus,,01992L0043-20130701,Thymallus thymallus
Ulex densus,Habitats,V,FALSE,taxon,2951999,2951999,EXACT,SPECIES,Ulex densus,TRUE,Plantae,Magnoliopsida,Ulex,,01992L0043-20130701,Ulex densus
Unio elongatulus,Habitats,V,FALSE,taxon,4559608,4559608,EXACT,SPECIES,Unio elongatulus,TRUE,Animalia,Bivalvia,Unio,,01992L0043-20130701,Unio elongatulus
Zingel zingel,Habitats,V,FALSE,taxon,2382114,2382114,EXACT,SPECIES,Zingel zingel,TRUE,Animalia,,Zingel,,01992L0043-20130701,Zingel zingel
