speciesKey,iucnRedListCategory,iucnRedListStatus
6258028,LC,Least Concern
1905383,NE,Not Evaluated
2469188,LC,Least Concern
7136582,NE,Not Evaluated
6366597,LC,Least Concern
3120946,NE,Not Evaluated
3802655,NE,Not Evaluated
2928978,NE,Not Evaluated
3112801,NE,Not Evaluated
2498415,LC,Least Concern
3189870,LC,Least Concern
7745240,LC,Least Concern
2542126,NE,Not Evaluated
4486328,NE,Not Evaluated
3145214,LC,Least Concern
4535827,NE,Not Evaluated
5219243,LC,Least Concern
2157242,NE,Not Evaluated
5152543,NE,Not Evaluated
3033558,NE,Not Evaluated
2882316,LC,Least Concern
2890920,NE,Not Evaluated
5362573,LC,Least Concern
9134585,NE,Not Evaluated
2888342,NE,Not Evaluated
2993094,NE,Not Evaluated
8168319,NE,Not Evaluated
5954958,LC,Least Concern
9616058,LC,Least Concern
2165951,NE,Not Evaluated
5743112,NE,Not Evaluated
8232412,NE,Not Evaluated
4492208,NE,Not Evaluated
2549730,NE,Not Evaluated
8165087,NE,Not Evaluated
8104397,LC,Least Concern
2482613,LC,Least Concern
3108983,NE,Not Evaluated
4532532,NE,Not Evaluated
3166655,NE,Not Evaluated
2888814,NE,Not Evaluated
1938810,LC,Least Concern
2490246,LC,Least Concern
3170040,NE,Not Evaluated
5231190,LC,Least Concern
7753992,NE,Not Evaluated
7270333,NE,Not Evaluated
4516754,NE,Not Evaluated
3023221,LC,Least Concern
2492521,LC,Least Concern
3118274,NE,Not Evaluated
1959682,NE,Not Evaluated
2985707,NE,Not Evaluated
4889932,NE,Not Evaluated
8060333,NE,Not Evaluated
2487871,LC,Least Concern
2490774,LC,Least Concern
2495093,LC,Least Concern
2481890,LC,Least Concern
9629160,LC,Least Concern
2480637,LC,Least Concern
5229126,LC,Least Concern
2490310,LC,Least Concern
1541832,NE,Not Evaluated
2490255,LC,Least Concern
5231240,LC,Least Concern
2484918,LC,Least Concern
2480906,LC,Least Concern
1909398,NE,Not Evaluated
2482553,LC,Least Concern
5739315,LC,Least Concern
2431783,LC,Least Concern
2491482,LC,Least Concern
5229493,LC,Least Concern
2480876,LC,Least Concern
11925463,NE,Not Evaluated
2888728,NE,Not Evaluated
2346633,LC,Least Concern
2441454,VU,Vulnerable
4454563,NE,Not Evaluated
7496350,NE,Not Evaluated
4989904,NE,Not Evaluated
8184903,NE,Not Evaluated
6027128,NE,Not Evaluated
7705930,LC,Least Concern
1077829,NE,Not Evaluated
2521208,NE,Not Evaluated
2477872,LC,Least Concern
8890062,NE,Not Evaluated
2882833,NE,Not Evaluated
2926995,NE,Not Evaluated
1938214,NE,Not Evaluated
1734826,NE,Not Evaluated
5392883,NE,Not Evaluated
11068129,NE,Not Evaluated
2710326,NE,Not Evaluated
1716128,NE,Not Evaluated
2926682,NE,Not Evaluated
1119288,VU,Vulnerable
2480773,LC,Least Concern
8914748,NE,Not Evaluated
5375388,NE,Not Evaluated
1688093,LC,Least Concern
9575859,NE,Not Evaluated
2458538,LC,Least Concern
1043472,NE,Not Evaluated
7626513,LC,Least Concern
8881331,LC,Least Concern
1223971,NE,Not Evaluated
8119241,NE,Not Evaluated
1434133,NE,Not Evaluated
2468799,NT,Near Threatened
7960979,LC,Least Concern
3114643,NE,Not Evaluated
8427624,NE,Not Evaluated
8051275,NE,Not Evaluated
6159223,LC,Least Concern
8200663,NE,Not Evaluated
7602797,NE,Not Evaluated
5359395,LC,Least Concern
2431781,LC,Least Concern
2149679,NE,Not Evaluated
2965201,NE,Not Evaluated
4306938,NE,Not Evaluated
1341976,NE,Not Evaluated
2753146,NE,Not Evaluated
2764179,NE,Not Evaluated
2482515,NE,Not Evaluated
2431776,VU,Vulnerable
2007097,NE,Not Evaluated
8896202,NE,Not Evaluated
1070887,NE,Not Evaluated
4485944,NE,Not Evaluated
1194863,NE,Not Evaluated
1625991,NE,Not Evaluated
4480485,NE,Not Evaluated
5411475,NE,Not Evaluated
5011181,NE,Not Evaluated
1043118,NE,Not Evaluated
7773743,NE,Not Evaluated
2008719,NE,Not Evaluated
6428353,LC,Least Concern
6063943,NE,Not Evaluated
4485906,NE,Not Evaluated
1493794,NE,Not Evaluated
1215181,NE,Not Evaluated
7339396,NE,Not Evaluated
7437438,NE,Not Evaluated
3811711,NE,Not Evaluated
9581355,NE,Not Evaluated
4486216,NE,Not Evaluated
4485776,NE,Not Evaluated
5733462,NE,Not Evaluated
2514774,NE,Not Evaluated
4452252,NE,Not Evaluated
9172281,LC,Least Concern
7306396,NE,Not Evaluated
5148487,NE,Not Evaluated
1911112,NE,Not Evaluated
3168201,NE,Not Evaluated
2009435,NE,Not Evaluated
1176471,NE,Not Evaluated
7267415,NE,Not Evaluated
7293238,NE,Not Evaluated
1929659,NE,Not Evaluated
5385604,NE,Not Evaluated
4532534,NE,Not Evaluated
5769172,NE,Not Evaluated
5667851,NE,Not Evaluated
4486241,NE,Not Evaluated
5350005,NE,Not Evaluated
5056529,NE,Not Evaluated
3085623,NE,Not Evaluated
6026420,NE,Not Evaluated
4452256,NE,Not Evaluated
1031470,NE,Not Evaluated
1864652,NE,Not Evaluated
4990191,NE,Not Evaluated
7854318,NE,Not Evaluated
4522049,NE,Not Evaluated
3029627,LC,Least Concern
5758838,NE,Not Evaluated
3165756,NE,Not Evaluated
4470765,NE,Not Evaluated
3045854,NE,Not Evaluated
2159474,NE,Not Evaluated
4553401,NE,Not Evaluated
3171915,LC,Least Concern
8881840,NE,Not Evaluated
5410877,NE,Not Evaluated
12207358,NE,Not Evaluated
4486816,NE,Not Evaluated
5219173,LC,Least Concern
4488376,NE,Not Evaluated
1136888,NE,Not Evaluated
2176858,NE,Not Evaluated
7172720,NE,Not Evaluated
4427759,NE,Not Evaluated
1790692,NE,Not Evaluated
6096723,NE,Not Evaluated
7266907,NE,Not Evaluated
4553405,NE,Not Evaluated
11470870,NE,Not Evaluated
5414991,NE,Not Evaluated
2169069,NE,Not Evaluated
3085895,NE,Not Evaluated
5412014,NE,Not Evaluated
2159735,NE,Not Evaluated
1664505,NE,Not Evaluated
4486439,NE,Not Evaluated
5369695,NE,Not Evaluated
7308294,NE,Not Evaluated
2684709,LC,Least Concern
5384741,NE,Not Evaluated
5318948,NE,Not Evaluated
2888292,NE,Not Evaluated
1043572,NE,Not Evaluated
7380533,NE,Not Evaluated
10060880,LC,Least Concern
4488812,NE,Not Evaluated
7339363,NE,Not Evaluated
1860765,NE,Not Evaluated
1692898,NE,Not Evaluated
1149372,NE,Not Evaluated
2103147,NE,Not Evaluated
4452258,NE,Not Evaluated
4492186,NE,Not Evaluated
1195043,NE,Not Evaluated
8138506,NE,Not Evaluated
3118216,NE,Not Evaluated
1967011,NE,Not Evaluated
2914110,NE,Not Evaluated
2795845,NE,Not Evaluated
1779690,NE,Not Evaluated
1898544,NE,Not Evaluated
1310811,NE,Not Evaluated
8583922,NE,Not Evaluated
1659094,NE,Not Evaluated
3096857,NE,Not Evaluated
2165513,NE,Not Evaluated
5410466,NE,Not Evaluated
8073364,NE,Not Evaluated
7327980,NE,Not Evaluated
4452146,NE,Not Evaluated
5347702,LC,Least Concern
3085424,NE,Not Evaluated
1096909,NE,Not Evaluated
2172729,NE,Not Evaluated
7410701,NE,Not Evaluated
1095904,NE,Not Evaluated
8242995,NE,Not Evaluated
3118526,NE,Not Evaluated
4987924,NE,Not Evaluated
8998684,NE,Not Evaluated
2816250,NE,Not Evaluated
8094697,NE,Not Evaluated
7790073,NE,Not Evaluated
1310824,NE,Not Evaluated
7815140,LC,Least Concern
1431748,NE,Not Evaluated
8400876,NE,Not Evaluated
5758859,NE,Not Evaluated
5409933,NE,Not Evaluated
4485898,NE,Not Evaluated
4491475,NE,Not Evaluated
6411747,NE,Not Evaluated
1920712,NE,Not Evaluated
7925535,NE,Not Evaluated
8165236,NE,Not Evaluated
4487518,NE,Not Evaluated
6437017,NE,Not Evaluated
5165705,NE,Not Evaluated
3032837,NE,Not Evaluated
3922007,NE,Not Evaluated
4487665,NE,Not Evaluated
2008880,NE,Not Evaluated
4488403,NE,Not Evaluated
1353236,NE,Not Evaluated
2079253,NE,Not Evaluated
2078821,NE,Not Evaluated
3171941,NE,Not Evaluated
4461877,NE,Not Evaluated
1678420,NE,Not Evaluated
9526078,NE,Not Evaluated
2160133,NE,Not Evaluated
8179794,NE,Not Evaluated
6274256,NE,Not Evaluated
5231770,LC,Least Concern
2480506,LC,Least Concern
9687165,LC,Least Concern
2492867,NT,Near Threatened
9515886,LC,Least Concern
2487883,LC,Least Concern
2480242,NT,Near Threatened
2475443,LC,Least Concern
2494422,LC,Least Concern
2480564,LC,Least Concern
5845582,LC,Least Concern
9362027,LC,Least Concern
2482065,LC,Least Concern
2294287,LC,Least Concern
5229490,LC,Least Concern
9705453,LC,Least Concern
2480487,LC,Least Concern
8109681,LC,Least Concern
2481725,LC,Least Concern
8049830,NE,Not Evaluated
1911461,NE,Not Evaluated
9761484,LC,Least Concern
5739361,LC,Least Concern
2480537,LC,Least Concern
2481912,LC,Least Concern
9701857,LC,Least Concern
2474156,LC,Least Concern
2480482,LC,Least Concern
2494543,LC,Least Concern
2492462,LC,Least Concern
2494686,LC,Least Concern
1938520,LC,Least Concern
2497306,LC,Least Concern
2480420,LC,Least Concern
6065841,LC,Least Concern
5137612,NE,Not Evaluated
2482492,LC,Least Concern
2481119,LC,Least Concern
2480666,LC,Least Concern
2473958,LC,Least Concern
2482048,LC,Least Concern
2480495,LC,Least Concern
2480863,LC,Least Concern
1898286,LC,Least Concern
2492956,LC,Least Concern
2481713,LC,Least Concern
9752617,LC,Least Concern
2494200,LC,Least Concern
2481714,LC,Least Concern
9797180,LC,Least Concern
9809229,LC,Least Concern
2497266,LC,Least Concern
9413670,LC,Least Concern
2493129,LC,Least Concern
2480910,LC,Least Concern
5231198,LC,Least Concern
2481062,VU,Vulnerable
2481909,LC,Least Concern
2481121,LC,Least Concern
2477927,LC,Least Concern
2495414,LC,Least Concern
2474055,NT,Near Threatened
6159273,LC,Least Concern
5868173,NE,Not Evaluated
2426805,LC,Least Concern
1626315,NE,Not Evaluated
6161347,LC,Least Concern
6161327,LC,Least Concern
2925892,NE,Not Evaluated
2491498,LC,Least Concern
2146584,NE,Not Evaluated
5249496,LC,Least Concern
4431801,NE,Not Evaluated
2477411,LC,Least Concern
7307319,NE,Not Evaluated
5414992,NE,Not Evaluated
1536009,NE,Not Evaluated
4490468,NE,Not Evaluated
7437802,NE,Not Evaluated
8411684,NE,Not Evaluated
8262702,NE,Not Evaluated
3033263,NE,Not Evaluated
5032718,NE,Not Evaluated
8409388,NE,Not Evaluated
10480031,NE,Not Evaluated
7874883,NE,Not Evaluated
3171697,NE,Not Evaluated
4553793,NE,Not Evaluated
2166135,NE,Not Evaluated
2542395,NE,Not Evaluated
2890560,NE,Not Evaluated
3172549,NE,Not Evaluated
5414989,NE,Not Evaluated
5743122,NE,Not Evaluated
8008282,LC,Least Concern
4493788,NE,Not Evaluated
2650617,NE,Not Evaluated
4485895,NE,Not Evaluated
8352976,NE,Not Evaluated
3189747,NE,Not Evaluated
1335213,NE,Not Evaluated
4299368,LC,Least Concern
2139961,NE,Not Evaluated
2134371,NE,Not Evaluated
5775892,NE,Not Evaluated
2152911,NE,Not Evaluated
2151378,NE,Not Evaluated
2151599,NE,Not Evaluated
2135387,NE,Not Evaluated
4550544,NE,Not Evaluated
8773033,NE,Not Evaluated
2487385,LC,Least Concern
2490604,LC,Least Concern
8000602,LC,Least Concern
2498255,VU,Vulnerable
4408759,NE,Not Evaluated
2490669,LC,Least Concern
7901064,LC,Least Concern
2495455,LC,Least Concern
2493052,LC,Least Concern
2478523,LC,Least Concern
2495708,VU,Vulnerable
2491557,LC,Least Concern
9752149,LC,Least Concern
7634625,LC,Least Concern
9537647,LC,Least Concern
6065824,NE,Not Evaluated
5228199,LC,Least Concern
2492576,LC,Least Concern
9274012,LC,Least Concern
6100954,NE,Not Evaluated
2492601,LC,Least Concern
8012314,LC,Least Concern
2481800,LC,Least Concern
2495696,LC,Least Concern
2480934,LC,Least Concern
2478031,LC,Least Concern
2481728,LC,Least Concern
2489160,LC,Least Concern
2495000,LC,Least Concern
9015784,LC,Least Concern
2484596,LC,Least Concern
2475532,LC,Least Concern
7660710,LC,Least Concern
5231918,LC,Least Concern
2492943,LC,Least Concern
2482513,LC,Least Concern
2493128,LC,Least Concern
6092830,LC,Least Concern
2491534,LC,Least Concern
2481035,LC,Least Concern
8332393,LC,Least Concern
2474831,LC,Least Concern
2490719,LC,Least Concern
2493091,LC,Least Concern
2487879,LC,Least Concern
9451184,LC,Least Concern
2487843,LC,Least Concern
9409796,LC,Least Concern
2492955,LC,Least Concern
2484916,LC,Least Concern
7788295,NT,Near Threatened
2475365,LC,Least Concern
2488949,LC,Least Concern
9282206,LC,Least Concern
5231438,LC,Least Concern
2474377,LC,Least Concern
2480726,LC,Least Concern
5739317,LC,Least Concern
2498259,NT,Near Threatened
9415596,LC,Least Concern
2492854,LC,Least Concern
2477968,LC,Least Concern
10095118,LC,Least Concern
2498388,LC,Least Concern
1427037,LC,Least Concern
1919712,NE,Not Evaluated
5346998,NE,Not Evaluated
1340344,NE,Not Evaluated
8622852,NE,Not Evaluated
1427067,LC,Least Concern
1894840,NE,Not Evaluated
5135513,NE,Not Evaluated
5333294,LC,Least Concern
5390618,NE,Not Evaluated
1820406,NE,Not Evaluated
2808330,NE,Not Evaluated
5141262,NE,Not Evaluated
1867928,NE,Not Evaluated
5421338,NE,Not Evaluated
2890668,NE,Not Evaluated
7555806,NE,Not Evaluated
4506278,NE,Not Evaluated
1954563,NE,Not Evaluated
5298908,NE,Not Evaluated
2879520,NE,Not Evaluated
8148822,NE,Not Evaluated
2441056,NE,Not Evaluated
6027089,NE,Not Evaluated
3171951,NE,Not Evaluated
3189767,LC,Least Concern
5219618,LC,Least Concern
8001799,NE,Not Evaluated
1080733,NE,Not Evaluated
5420852,NE,Not Evaluated
9568224,NE,Not Evaluated
9268470,LC,Least Concern
5751064,NE,Not Evaluated
7569075,VU,Vulnerable
2493367,LC,Least Concern
8211070,LC,Least Concern
2498036,LC,Least Concern
2498009,LC,Least Concern
9751099,LC,Least Concern
1426293,LC,Least Concern
1319599,NE,Not Evaluated
3149879,NE,Not Evaluated
1325195,NE,Not Evaluated
4459177,NE,Not Evaluated
8370958,NE,Not Evaluated
4470736,NE,Not Evaluated
5372693,NE,Not Evaluated
1340365,NE,Not Evaluated
5758736,NE,Not Evaluated
2984535,NE,Not Evaluated
2650625,NE,Not Evaluated
1340405,NE,Not Evaluated
5151589,NE,Not Evaluated
1763072,NE,Not Evaluated
2516847,NE,Not Evaluated
2769775,NE,Not Evaluated
3753369,NE,Not Evaluated
7762841,NE,Not Evaluated
1334821,NE,Not Evaluated
4535809,NE,Not Evaluated
1020926,NE,Not Evaluated
5220126,LC,Least Concern
2816176,LC,Least Concern
10828425,NE,Not Evaluated
2469065,LC,Least Concern
7339269,NE,Not Evaluated
4459660,NE,Not Evaluated
1579909,NE,Not Evaluated
7334270,LC,Least Concern
5751237,NE,Not Evaluated
4388646,NE,Not Evaluated
5249271,NE,Not Evaluated
2551542,LC,Least Concern
5048805,DD,Data Deficient
4392756,NE,Not Evaluated
4485722,NE,Not Evaluated
1687559,LC,Least Concern
2457224,LC,Least Concern
2444308,LC,Least Concern
8056420,NE,Not Evaluated
1929697,NE,Not Evaluated
3129044,NE,Not Evaluated
8731701,LC,Least Concern
12032836,NE,Not Evaluated
4485845,NE,Not Evaluated
9072021,NE,Not Evaluated
2888605,NE,Not Evaluated
3020791,LC,Least Concern
8105693,NE,Not Evaluated
2891079,NE,Not Evaluated
5352251,LC,Least Concern
2687937,LC,Least Concern
1710331,LC,Least Concern
1700310,NE,Not Evaluated
1683815,NE,Not Evaluated
2482054,LC,Least Concern
1694185,NE,Not Evaluated
2974811,LC,Least Concern
1688490,LC,Least Concern
3002461,NE,Not Evaluated
2752979,NE,Not Evaluated
4468901,NE,Not Evaluated
7459480,NE,Not Evaluated
5690287,NE,Not Evaluated
3495681,NE,Not Evaluated
1861797,NE,Not Evaluated
7270461,NE,Not Evaluated
1649571,NE,Not Evaluated
1652063,NE,Not Evaluated
1649565,NE,Not Evaluated
5886130,NE,Not Evaluated
5886155,NE,Not Evaluated
2182588,NE,Not Evaluated
1650482,NE,Not Evaluated
1654194,NE,Not Evaluated
1650313,NE,Not Evaluated
1652274,NE,Not Evaluated
1648899,NE,Not Evaluated
1651525,NE,Not Evaluated
1653175,NE,Not Evaluated
1651405,NE,Not Evaluated
5981165,NE,Not Evaluated
1652991,NE,Not Evaluated
1650857,NE,Not Evaluated
4548126,NE,Not Evaluated
1653124,NE,Not Evaluated
1650731,NE,Not Evaluated
5981161,NE,Not Evaluated
1650908,NE,Not Evaluated
1650338,NE,Not Evaluated
5886149,NE,Not Evaluated
1641188,NE,Not Evaluated
5981236,NE,Not Evaluated
1632309,NE,Not Evaluated
9301935,NE,Not Evaluated
2183577,NE,Not Evaluated
5981255,NE,Not Evaluated
5981170,NE,Not Evaluated
1632544,NE,Not Evaluated
1632375,NE,Not Evaluated
1631747,NE,Not Evaluated
1648886,NE,Not Evaluated
3085419,NE,Not Evaluated
7267113,NE,Not Evaluated
3808039,NE,Not Evaluated
3085413,NE,Not Evaluated
5356345,LC,Least Concern
11035581,NE,Not Evaluated
1710962,NE,Not Evaluated
2468095,LC,Least Concern
5361909,LC,Least Concern
3117424,NE,Not Evaluated
5260693,NE,Not Evaluated
3169131,LC,Least Concern
4490480,NE,Not Evaluated
8324121,LC,Least Concern
9626820,LC,Least Concern
2927324,NE,Not Evaluated
5334186,NE,Not Evaluated
2855860,LC,Least Concern
12193099,NE,Not Evaluated
8197849,NE,Not Evaluated
2856261,NE,Not Evaluated
1924494,NE,Not Evaluated
5124911,NE,Not Evaluated
5376075,NE,Not Evaluated
3412864,NE,Not Evaluated
5330639,NE,Not Evaluated
1686202,LC,Least Concern
2890541,NE,Not Evaluated
3189846,LC,Least Concern
3189866,LC,Least Concern
7505521,NE,Not Evaluated
3679859,NE,Not Evaluated
2880580,LC,Least Concern
5371699,NE,Not Evaluated
3189815,VU,Vulnerable
2812415,NE,Not Evaluated
4911839,NE,Not Evaluated
12205519,NE,Not Evaluated
2598526,NE,Not Evaluated
11341514,NE,Not Evaluated
2619324,NE,Not Evaluated
10705094,NE,Not Evaluated
12257099,NE,Not Evaluated
8668791,NE,Not Evaluated
2593060,NE,Not Evaluated
2599412,NE,Not Evaluated
8225376,NE,Not Evaluated
2808565,NE,Not Evaluated
5259057,NE,Not Evaluated
1821856,NE,Not Evaluated
4496950,NE,Not Evaluated
5414335,NE,Not Evaluated
7972010,NE,Not Evaluated
3105380,NE,Not Evaluated
5275132,NE,Not Evaluated
4448343,NE,Not Evaluated
2548311,NE,Not Evaluated
2857601,NE,Not Evaluated
3738478,NE,Not Evaluated
6363496,NE,Not Evaluated
6221746,NE,Not Evaluated
2547092,NE,Not Evaluated
4486826,NE,Not Evaluated
8068867,NE,Not Evaluated
5240922,NE,Not Evaluated
4911813,NE,Not Evaluated
5459251,NE,Not Evaluated
5359491,NE,Not Evaluated
5356581,LC,Least Concern
5285079,NT,Near Threatened
4522933,NE,Not Evaluated
1651126,NE,Not Evaluated
1652212,NE,Not Evaluated
2362955,NE,Not Evaluated
2433433,LC,Least Concern
2139028,NE,Not Evaluated
2139092,NE,Not Evaluated
2139116,NE,Not Evaluated
2139236,NE,Not Evaluated
7893880,NE,Not Evaluated
1653064,NE,Not Evaluated
2139235,NE,Not Evaluated
2139266,NE,Not Evaluated
1653695,NE,Not Evaluated
2139309,NE,Not Evaluated
2139450,NE,Not Evaluated
2139227,NE,Not Evaluated
2927078,NE,Not Evaluated
5249297,NE,Not Evaluated
5356517,LC,Least Concern
6268434,NE,Not Evaluated
7315162,NE,Not Evaluated
2888443,NE,Not Evaluated
7331666,NE,Not Evaluated
5241128,NE,Not Evaluated
5706486,LC,Least Concern
9444556,LC,Least Concern
5131142,NE,Not Evaluated
2487857,LC,Least Concern
2494441,LC,Least Concern
2888722,NE,Not Evaluated
2593405,NE,Not Evaluated
1677247,NE,Not Evaluated
1732416,NE,Not Evaluated
2426661,LC,Least Concern
2752849,NE,Not Evaluated
3172077,NE,Not Evaluated
4107873,NE,Not Evaluated
5356666,LC,Least Concern
7399841,NE,Not Evaluated
7331276,NE,Not Evaluated
5341187,LC,Least Concern
3690985,NE,Not Evaluated
3136333,NE,Not Evaluated
7979812,NE,Not Evaluated
2704922,NE,Not Evaluated
7625655,NE,Not Evaluated
7363846,NE,Not Evaluated
2681728,NE,Not Evaluated
2681729,NE,Not Evaluated
2676091,NE,Not Evaluated
9011379,NE,Not Evaluated
3922862,NE,Not Evaluated
3027648,NE,Not Evaluated
2679967,NE,Not Evaluated
4119220,NE,Not Evaluated
7841203,NE,Not Evaluated
4067104,NE,Not Evaluated
3640295,NE,Not Evaluated
5356461,LC,Least Concern
8105978,NE,Not Evaluated
2972610,NE,Not Evaluated
7307062,NE,Not Evaluated
3032719,NE,Not Evaluated
2700617,NE,Not Evaluated
2676224,NE,Not Evaluated
5369731,LC,Least Concern
2974946,NE,Not Evaluated
8180842,NE,Not Evaluated
7923515,NE,Not Evaluated
2689491,NE,Not Evaluated
2676100,NE,Not Evaluated
5365496,NE,Not Evaluated
8077224,LC,Least Concern
1798449,NE,Not Evaluated
1864358,NE,Not Evaluated
1427883,LC,Least Concern
5101678,NE,Not Evaluated
5414326,NE,Not Evaluated
7339315,NE,Not Evaluated
5258678,NE,Not Evaluated
5742496,NE,Not Evaluated
1690685,NE,Not Evaluated
9095397,NE,Not Evaluated
3171969,NE,Not Evaluated
5220170,LC,Least Concern
2520862,NE,Not Evaluated
5742390,NE,Not Evaluated
6097236,NE,Not Evaluated
8270406,NE,Not Evaluated
5156102,NE,Not Evaluated
1888484,NE,Not Evaluated
5217160,LC,Least Concern
5976740,NT,Near Threatened
2916975,NE,Not Evaluated
5371685,LC,Least Concern
1071240,NE,Not Evaluated
3172347,LC,Least Concern
3028699,NE,Not Evaluated
2747703,LC,Least Concern
2423435,LC,Least Concern
3033266,NE,Not Evaluated
3046224,NE,Not Evaluated
7332007,NE,Not Evaluated
5411465,NE,Not Evaluated
7984088,NE,Not Evaluated
5362008,NE,Not Evaluated
2810155,NE,Not Evaluated
3033289,NE,Not Evaluated
1932411,NE,Not Evaluated
1734704,NE,Not Evaluated
8153621,NE,Not Evaluated
4485798,NE,Not Evaluated
2722602,NE,Not Evaluated
2812375,NE,Not Evaluated
2797913,NE,Not Evaluated
1556243,NE,Not Evaluated
7308042,NE,Not Evaluated
2840460,LC,Least Concern
8231647,LC,Least Concern
9213153,NE,Not Evaluated
5331235,NE,Not Evaluated
2778437,LC,Least Concern
2812392,NE,Not Evaluated
2858581,LC,Least Concern
3731843,NE,Not Evaluated
5359499,NE,Not Evaluated
5358748,NE,Not Evaluated
5359018,NE,Not Evaluated
2553128,NE,Not Evaluated
3143034,NE,Not Evaluated
5392252,NE,Not Evaluated
4065790,NE,Not Evaluated
5358812,NE,Not Evaluated
1923019,NE,Not Evaluated
1920496,NE,Not Evaluated
1541562,NE,Not Evaluated
4560976,LC,Least Concern
8137961,NE,Not Evaluated
2716489,LC,Least Concern
3992189,NE,Not Evaluated
5329324,LC,Least Concern
4471016,NT,Near Threatened
5204862,LC,Least Concern
2360842,LC,Least Concern
2367872,LC,Least Concern
7673702,NE,Not Evaluated
4409634,LC,Least Concern
2365685,LC,Least Concern
2359706,LC,Least Concern
2360551,NT,Near Threatened
2368212,LC,Least Concern
2360759,LC,Least Concern
5334227,NE,Not Evaluated
5206749,LC,Least Concern
1535529,NE,Not Evaluated
2360504,LC,Least Concern
3112694,NE,Not Evaluated
2394486,LC,Least Concern
2538088,NE,Not Evaluated
7591079,NE,Not Evaluated
1862765,NE,Not Evaluated
8285827,NE,Not Evaluated
8429926,NE,Not Evaluated
3046041,NE,Not Evaluated
8185959,NE,Not Evaluated
1901850,NE,Not Evaluated
4535620,NE,Not Evaluated
1880140,NE,Not Evaluated
5744135,NE,Not Evaluated
1425240,LC,Least Concern
5312179,NE,Not Evaluated
4490563,NE,Not Evaluated
5389173,NE,Not Evaluated
3172300,NE,Not Evaluated
3817384,NE,Not Evaluated
3105433,NE,Not Evaluated
5976815,LC,Least Concern
3040249,LC,Least Concern
7319269,NE,Not Evaluated
8092145,NE,Not Evaluated
8109173,NE,Not Evaluated
9220780,LC,Least Concern
3168109,NE,Not Evaluated
5744106,NE,Not Evaluated
2149937,NE,Not Evaluated
2880130,LC,Least Concern
6376340,NE,Not Evaluated
5284884,LC,Least Concern
7270381,NE,Not Evaluated
2925889,NE,Not Evaluated
7127810,LC,Least Concern
5341373,NE,Not Evaluated
2875818,LC,Least Concern
1894714,NE,Not Evaluated
1690432,LC,Least Concern
1428595,LC,Least Concern
1838911,NE,Not Evaluated
1738245,NE,Not Evaluated
1909838,NE,Not Evaluated
1891326,NE,Not Evaluated
7845022,NE,Not Evaluated
8794742,NE,Not Evaluated
2808461,NE,Not Evaluated
5324940,NE,Not Evaluated
2808646,NE,Not Evaluated
2792827,NE,Not Evaluated
2795952,NE,Not Evaluated
9117055,NE,Not Evaluated
8925249,NE,Not Evaluated
5249504,LC,Least Concern
2525710,NE,Not Evaluated
4470612,NE,Not Evaluated
3152374,NE,Not Evaluated
8293140,NE,Not Evaluated
3084719,LC,Least Concern
5249353,NE,Not Evaluated
3082234,NE,Not Evaluated
9529916,LC,Least Concern
5248508,LC,Least Concern
2482552,LC,Least Concern
9702100,LC,Least Concern
1312367,NE,Not Evaluated
2840555,LC,Least Concern
2433753,NT,Near Threatened
8553372,NE,Not Evaluated
5415020,NE,Not Evaluated
2435035,NE,Not Evaluated
2165401,NE,Not Evaluated
5248458,NE,Not Evaluated
7333169,NE,Not Evaluated
5242777,NE,Not Evaluated
5242507,NE,Not Evaluated
3095609,NE,Not Evaluated
4428461,NE,Not Evaluated
3172001,NE,Not Evaluated
2891783,NE,Not Evaluated
4470451,NE,Not Evaluated
4445931,NE,Not Evaluated
10258634,NE,Not Evaluated
10029403,NE,Not Evaluated
3929423,LC,Least Concern
3928615,LC,Least Concern
7278071,NE,Not Evaluated
7277925,NE,Not Evaluated
1651430,NE,Not Evaluated
2891147,NE,Not Evaluated
8303746,NE,Not Evaluated
4565020,NE,Not Evaluated
2888948,NE,Not Evaluated
9387884,LC,Least Concern
4564882,NE,Not Evaluated
2232971,NE,Not Evaluated
2208185,NE,Not Evaluated
2229218,NE,Not Evaluated
2229670,NE,Not Evaluated
1022070,NE,Not Evaluated
10412218,LC,Least Concern
1699913,NE,Not Evaluated
4417555,LC,Least Concern
2533359,NE,Not Evaluated
5243458,LC,Least Concern
5954949,LC,Least Concern
7872906,LC,Least Concern
3120350,NE,Not Evaluated
2150764,NE,Not Evaluated
7540164,LC,Least Concern
7611086,NE,Not Evaluated
2484890,LC,Least Concern
7571319,LC,Least Concern
1761735,NE,Not Evaluated
7389824,NE,Not Evaluated
3127613,NE,Not Evaluated
3034830,NE,Not Evaluated
5858758,NE,Not Evaluated
5098489,NE,Not Evaluated
4553016,NE,Not Evaluated
1713302,NE,Not Evaluated
5752087,NE,Not Evaluated
2203611,NE,Not Evaluated
1684006,LC,Least Concern
2178930,NE,Not Evaluated
1782560,NE,Not Evaluated
2158999,NE,Not Evaluated
7764232,LC,Least Concern
7987658,LC,Least Concern
7270648,NE,Not Evaluated
1315144,NT,Near Threatened
2965287,LC,Least Concern
3128285,NE,Not Evaluated
5661495,NE,Not Evaluated
3120317,NE,Not Evaluated
5134682,NE,Not Evaluated
4388663,NE,Not Evaluated
2927280,NE,Not Evaluated
2927000,NE,Not Evaluated
3033836,NE,Not Evaluated
7958539,NE,Not Evaluated
2926894,NE,Not Evaluated
3070106,NE,Not Evaluated
5220136,LC,Least Concern
1342108,NE,Not Evaluated
2426795,LC,Least Concern
8366345,NE,Not Evaluated
8824388,NE,Not Evaluated
5960862,LC,Least Concern
3085360,NE,Not Evaluated
1311527,NE,Not Evaluated
1013464,NE,Not Evaluated
4460074,NE,Not Evaluated
7750780,NE,Not Evaluated
2926945,NE,Not Evaluated
2440891,NE,Not Evaluated
3809939,NE,Not Evaluated
5115771,NE,Not Evaluated
2481047,LC,Least Concern
7331747,NE,Not Evaluated
4473762,NE,Not Evaluated
7955974,NE,Not Evaluated
4473688,NE,Not Evaluated
4473786,NE,Not Evaluated
6097896,NE,Not Evaluated
2753505,NE,Not Evaluated
3190653,LC,Least Concern
5331347,NE,Not Evaluated
5369701,LC,Least Concern
5640455,NE,Not Evaluated
7334006,NE,Not Evaluated
4102952,NE,Not Evaluated
8133541,NE,Not Evaluated
2889841,LC,Least Concern
7339313,NE,Not Evaluated
2925855,NE,Not Evaluated
3742214,NE,Not Evaluated
7956743,NE,Not Evaluated
4485843,NE,Not Evaluated
2926683,NE,Not Evaluated
3170115,NE,Not Evaluated
5414062,NE,Not Evaluated
2494329,LC,Least Concern
2490274,LC,Least Concern
5228676,LC,Least Concern
2492942,LC,Least Concern
2481819,LC,Least Concern
2478548,LC,Least Concern
2497701,LC,Least Concern
2493118,LC,Least Concern
2492960,LC,Least Concern
2487603,LC,Least Concern
6093527,LC,Least Concern
2493551,LC,Least Concern
2489214,LC,Least Concern
8128385,LC,Least Concern
8214667,LC,Least Concern
2493136,LC,Least Concern
2487866,LC,Least Concern
5229167,LC,Least Concern
2481700,LC,Least Concern
5231763,LC,Least Concern
9613112,LC,Least Concern
2493012,LC,Least Concern
2493220,LC,Least Concern
7865305,LC,Least Concern
2498261,LC,Least Concern
2495471,LC,Least Concern
2481719,LC,Least Concern
2490737,LC,Least Concern
2497921,LC,Least Concern
7806848,LC,Least Concern
2481726,LC,Least Concern
9813242,LC,Least Concern
2490266,LC,Least Concern
2498017,LC,Least Concern
2480259,LC,Least Concern
2875780,LC,Least Concern
3797084,NE,Not Evaluated
7656811,NE,Not Evaluated
1165552,NE,Not Evaluated
8338716,NE,Not Evaluated
5410436,NE,Not Evaluated
4485839,NE,Not Evaluated
7723078,LC,Least Concern
2098131,NE,Not Evaluated
1428715,LC,Least Concern
1311649,NE,Not Evaluated
8314088,NE,Not Evaluated
1933095,NE,Not Evaluated
2059300,NE,Not Evaluated
2026242,NE,Not Evaluated
5138561,NE,Not Evaluated
5714680,NE,Not Evaluated
5141291,NE,Not Evaluated
5137903,NE,Not Evaluated
11874998,NE,Not Evaluated
8946979,NE,Not Evaluated
1425327,LC,Least Concern
2050224,NE,Not Evaluated
1717828,NE,Not Evaluated
5772890,NE,Not Evaluated
1926861,NE,Not Evaluated
5002115,NE,Not Evaluated
7496589,NE,Not Evaluated
2016266,NE,Not Evaluated
7666233,LC,Least Concern
1933138,NE,Not Evaluated
1896841,NE,Not Evaluated
1894268,NE,Not Evaluated
7634721,NE,Not Evaluated
1708167,LC,Least Concern
1720967,NE,Not Evaluated
4488801,NE,Not Evaluated
5733449,NE,Not Evaluated
1701343,NE,Not Evaluated
1716462,NE,Not Evaluated
7485500,NE,Not Evaluated
1922584,LC,Least Concern
8133678,NE,Not Evaluated
7728366,NE,Not Evaluated
1918733,LC,Least Concern
1911278,NE,Not Evaluated
1911298,NE,Not Evaluated
5005597,NE,Not Evaluated
2013556,NE,Not Evaluated
8078362,NE,Not Evaluated
8168644,NE,Not Evaluated
1920851,NE,Not Evaluated
1688297,NE,Not Evaluated
1688031,NE,Not Evaluated
1143990,NE,Not Evaluated
4391874,NE,Not Evaluated
4485787,NE,Not Evaluated
8393082,NE,Not Evaluated
4482791,NE,Not Evaluated
7582240,NE,Not Evaluated
2070972,NE,Not Evaluated
7622059,NE,Not Evaluated
8356768,NE,Not Evaluated
1928248,NE,Not Evaluated
1931779,NE,Not Evaluated
1925918,NE,Not Evaluated
1692724,LC,Least Concern
1703254,NE,Not Evaluated
1421193,LC,Least Concern
7648359,NE,Not Evaluated
2079123,NE,Not Evaluated
5140214,NE,Not Evaluated
1928960,NE,Not Evaluated
4525266,NE,Not Evaluated
4532493,NE,Not Evaluated
4483700,NE,Not Evaluated
5152788,NE,Not Evaluated
1899349,NE,Not Evaluated
8189761,NE,Not Evaluated
1423859,LC,Least Concern
1081186,NE,Not Evaluated
4485955,NE,Not Evaluated
1890679,NE,Not Evaluated
8277078,NE,Not Evaluated
5138543,NE,Not Evaluated
1945569,NE,Not Evaluated
4535636,NE,Not Evaluated
1702607,NE,Not Evaluated
1421199,LC,Least Concern
11104870,NE,Not Evaluated
4485936,NE,Not Evaluated
7664111,NE,Not Evaluated
1934693,NE,Not Evaluated
7792296,NE,Not Evaluated
7591128,NE,Not Evaluated
1314946,NE,Not Evaluated
5749489,NE,Not Evaluated
1949784,NE,Not Evaluated
1710802,NE,Not Evaluated
1428686,LC,Least Concern
2040425,NE,Not Evaluated
5137706,NE,Not Evaluated
8140883,NE,Not Evaluated
8302684,NE,Not Evaluated
1916412,NE,Not Evaluated
8273661,NE,Not Evaluated
5138681,NE,Not Evaluated
1055182,NE,Not Evaluated
5879654,NE,Not Evaluated
7807922,NE,Not Evaluated
4486755,NE,Not Evaluated
2030364,NE,Not Evaluated
8666127,NE,Not Evaluated
4535632,NE,Not Evaluated
1899818,NE,Not Evaluated
4486660,NE,Not Evaluated
1539177,NE,Not Evaluated
5139156,NE,Not Evaluated
1684290,LC,Least Concern
2075790,NE,Not Evaluated
1899433,NE,Not Evaluated
4710498,NE,Not Evaluated
5758737,NE,Not Evaluated
8203812,NE,Not Evaluated
5140436,NE,Not Evaluated
1080269,NE,Not Evaluated
1925454,NE,Not Evaluated
2036109,NE,Not Evaluated
5732383,NE,Not Evaluated
4488359,NE,Not Evaluated
1920494,NE,Not Evaluated
1710920,NE,Not Evaluated
1708667,NE,Not Evaluated
1893137,NE,Not Evaluated
1425203,LC,Least Concern
8321248,NE,Not Evaluated
1043082,NE,Not Evaluated
1684269,LC,Least Concern
1920892,NE,Not Evaluated
4990995,NE,Not Evaluated
2013785,NE,Not Evaluated
5882965,NE,Not Evaluated
1921466,NE,Not Evaluated
1949929,NE,Not Evaluated
10214421,NE,Not Evaluated
1699474,LC,Least Concern
4452301,NE,Not Evaluated
2008601,NE,Not Evaluated
1077130,NE,Not Evaluated
4431768,NE,Not Evaluated
4431813,NE,Not Evaluated
7419948,NE,Not Evaluated
1695283,LC,Least Concern
1925233,NE,Not Evaluated
1920498,LC,Least Concern
5865098,LC,Least Concern
9314786,NE,Not Evaluated
9695352,NE,Not Evaluated
1926260,NE,Not Evaluated
4997515,NE,Not Evaluated
2079190,NE,Not Evaluated
2057695,NE,Not Evaluated
8138711,NE,Not Evaluated
1920259,NE,Not Evaluated
2049024,NE,Not Evaluated
2016038,NE,Not Evaluated
1902533,NE,Not Evaluated
1695309,NE,Not Evaluated
4487351,NE,Not Evaluated
4535510,NE,Not Evaluated
4457556,NE,Not Evaluated
4486682,NE,Not Evaluated
1792418,NE,Not Evaluated
7538141,NE,Not Evaluated
2039296,NE,Not Evaluated
1932976,LC,Least Concern
1924097,NE,Not Evaluated
1722161,NE,Not Evaluated
1920218,NE,Not Evaluated
4485824,NE,Not Evaluated
2056389,NE,Not Evaluated
2016796,NE,Not Evaluated
1918669,LC,Least Concern
1138576,NE,Not Evaluated
2035333,NE,Not Evaluated
4482797,NE,Not Evaluated
4459766,NE,Not Evaluated
4461554,NE,Not Evaluated
1743775,NE,Not Evaluated
2049661,NE,Not Evaluated
2015789,NE,Not Evaluated
1541217,NE,Not Evaluated
1959383,NE,Not Evaluated
2072955,NE,Not Evaluated
4427299,NE,Not Evaluated
4457210,NE,Not Evaluated
4486687,NE,Not Evaluated
1639362,NE,Not Evaluated
4458867,NE,Not Evaluated
8216670,NE,Not Evaluated
5749357,NE,Not Evaluated
6097844,NE,Not Evaluated
1638184,NE,Not Evaluated
6201790,NE,Not Evaluated
1543205,NE,Not Evaluated
2072196,NE,Not Evaluated
1639161,NE,Not Evaluated
1544168,LC,Least Concern
1543089,NE,Not Evaluated
1873079,NE,Not Evaluated
2020690,NE,Not Evaluated
1713389,NE,Not Evaluated
7903078,NE,Not Evaluated
2073990,NE,Not Evaluated
9559371,VU,Vulnerable
2072357,NE,Not Evaluated
4462355,NE,Not Evaluated
1544230,NE,Not Evaluated
1713317,NE,Not Evaluated
1539969,NE,Not Evaluated
4516695,NE,Not Evaluated
1537266,NE,Not Evaluated
5106115,NE,Not Evaluated
1714140,NE,Not Evaluated
1708512,NE,Not Evaluated
1701365,NE,Not Evaluated
1695059,LC,Least Concern
2072795,NE,Not Evaluated
4516740,NE,Not Evaluated
1688109,LC,Least Concern
1729811,LC,Least Concern
4431775,NE,Not Evaluated
1790368,NE,Not Evaluated
1710816,NE,Not Evaluated
1710463,NE,Not Evaluated
4402806,LC,Least Concern
1710900,LC,Least Concern
1704142,NE,Not Evaluated
5109661,NE,Not Evaluated
1681181,NE,Not Evaluated
1694532,LC,Least Concern
1538796,LC,Least Concern
1848378,NE,Not Evaluated
2012888,NE,Not Evaluated
1758878,NE,Not Evaluated
1708156,NE,Not Evaluated
1684939,NE,Not Evaluated
1695297,NE,Not Evaluated
1540325,LC,Least Concern
1782927,NE,Not Evaluated
8851157,NE,Not Evaluated
1708251,NE,Not Evaluated
1708601,NE,Not Evaluated
1706064,NT,Near Threatened
8546826,NE,Not Evaluated
1765954,NE,Not Evaluated
1991371,NE,Not Evaluated
8035998,LC,Least Concern
1544312,NE,Not Evaluated
2077503,NE,Not Evaluated
2074930,NE,Not Evaluated
1708459,LC,Least Concern
1776330,NE,Not Evaluated
1956599,NE,Not Evaluated
1703827,NE,Not Evaluated
1688230,LC,Least Concern
1730978,NE,Not Evaluated
1693928,VU,Vulnerable
1949852,LC,Least Concern
10974281,NE,Not Evaluated
5140244,NE,Not Evaluated
8016522,NE,Not Evaluated
1925221,LC,Least Concern
8312017,NE,Not Evaluated
4535817,DD,Data Deficient
1912395,NE,Not Evaluated
1906552,NE,Not Evaluated
5135191,NE,Not Evaluated
5137902,NE,Not Evaluated
1769505,NE,Not Evaluated
1710986,NE,Not Evaluated
1983548,NE,Not Evaluated
1918854,NE,Not Evaluated
8201251,NE,Not Evaluated
4447389,NE,Not Evaluated
8108800,NE,Not Evaluated
8073674,NE,Not Evaluated
1922311,NT,Near Threatened
1943397,NE,Not Evaluated
4299597,NE,Not Evaluated
5131910,NE,Not Evaluated
5142394,NE,Not Evaluated
7387466,NE,Not Evaluated
1082966,NE,Not Evaluated
5747774,NE,Not Evaluated
1913175,NE,Not Evaluated
1929270,NT,Near Threatened
5134469,NE,Not Evaluated
1920491,NE,Not Evaluated
5131096,NE,Not Evaluated
1922937,NE,Not Evaluated
1708494,NE,Not Evaluated
7570500,NE,Not Evaluated
5744295,NT,Near Threatened
5137668,NE,Not Evaluated
1846219,NE,Not Evaluated
5130682,LC,Least Concern
7633472,NE,Not Evaluated
1920506,NE,Not Evaluated
7791190,LC,Least Concern
7809779,NE,Not Evaluated
1930110,NE,Not Evaluated
1799132,NE,Not Evaluated
5134098,NE,Not Evaluated
1710774,NE,Not Evaluated
4403032,LC,Least Concern
1688979,NE,Not Evaluated
1729816,DD,Data Deficient
4535092,NE,Not Evaluated
7934873,NE,Not Evaluated
7799370,LC,Least Concern
5116698,NE,Not Evaluated
5747885,NE,Not Evaluated
5132183,NE,Not Evaluated
1919320,NE,Not Evaluated
1949794,NE,Not Evaluated
8237987,NE,Not Evaluated
5054445,NE,Not Evaluated
1438868,NE,Not Evaluated
5054043,NE,Not Evaluated
1430527,NE,Not Evaluated
1433906,NE,Not Evaluated
1441388,NE,Not Evaluated
1443455,NE,Not Evaluated
1433711,NE,Not Evaluated
4487146,NE,Not Evaluated
5772129,NE,Not Evaluated
5109523,NE,Not Evaluated
4533849,NE,Not Evaluated
7869346,NE,Not Evaluated
1787770,NE,Not Evaluated
1781008,NE,Not Evaluated
1790072,NE,Not Evaluated
1790062,NE,Not Evaluated
1777631,NE,Not Evaluated
1797276,NE,Not Evaluated
5143947,NE,Not Evaluated
4524914,NE,Not Evaluated
1978776,NE,Not Evaluated
7973517,NE,Not Evaluated
4524376,NE,Not Evaluated
4524184,NE,Not Evaluated
5146762,NE,Not Evaluated
6121184,NE,Not Evaluated
1798931,NE,Not Evaluated
4524971,LC,Least Concern
5149499,NE,Not Evaluated
1949877,NE,Not Evaluated
8178854,NE,Not Evaluated
1920512,NE,Not Evaluated
8047165,LC,Least Concern
8262258,NT,Near Threatened
8426357,NE,Not Evaluated
5772063,NE,Not Evaluated
1533889,NE,Not Evaluated
4523522,NE,Not Evaluated
1799799,NE,Not Evaluated
5868121,NE,Not Evaluated
5054177,NE,Not Evaluated
5053142,NE,Not Evaluated
5053131,NE,Not Evaluated
5053991,NE,Not Evaluated
5054241,NE,Not Evaluated
1430666,NE,Not Evaluated
1436214,NE,Not Evaluated
1441375,NE,Not Evaluated
1443420,NE,Not Evaluated
1438079,NE,Not Evaluated
1430411,NE,Not Evaluated
4534719,NE,Not Evaluated
1795215,NE,Not Evaluated
7712384,NE,Not Evaluated
1774347,NE,Not Evaluated
1782319,NE,Not Evaluated
1776619,NE,Not Evaluated
1765011,NE,Not Evaluated
1959460,NE,Not Evaluated
1957718,NE,Not Evaluated
1983190,NE,Not Evaluated
5145186,NE,Not Evaluated
1771040,NE,Not Evaluated
5102951,NE,Not Evaluated
6097020,NE,Not Evaluated
4490143,NE,Not Evaluated
1435251,NE,Not Evaluated
1441865,NE,Not Evaluated
5053363,NE,Not Evaluated
1431624,NE,Not Evaluated
1433936,NE,Not Evaluated
1436629,NE,Not Evaluated
5054434,NE,Not Evaluated
4482345,NE,Not Evaluated
1431736,NE,Not Evaluated
1434354,NE,Not Evaluated
4487506,NE,Not Evaluated
1767597,NE,Not Evaluated
1782763,NE,Not Evaluated
4533433,NE,Not Evaluated
1766646,NE,Not Evaluated
1759097,NE,Not Evaluated
4533347,NE,Not Evaluated
1790002,NE,Not Evaluated
1768771,NE,Not Evaluated
1765038,NE,Not Evaluated
5113234,NE,Not Evaluated
8103163,NE,Not Evaluated
11598540,NE,Not Evaluated
5144543,NE,Not Evaluated
5769062,NE,Not Evaluated
1961040,NE,Not Evaluated
1969954,NE,Not Evaluated
1971858,NE,Not Evaluated
1970213,NE,Not Evaluated
5146946,NE,Not Evaluated
5147038,NE,Not Evaluated
5149780,NE,Not Evaluated
1882210,NE,Not Evaluated
1889833,NE,Not Evaluated
8964772,NE,Not Evaluated
7674502,NE,Not Evaluated
1941348,NE,Not Evaluated
8302139,VU,Vulnerable
1798372,NE,Not Evaluated
1816881,NE,Not Evaluated
1972374,VU,Vulnerable
4458782,NE,Not Evaluated
4476667,NE,Not Evaluated
4472897,NE,Not Evaluated
5754640,NE,Not Evaluated
7508714,NE,Not Evaluated
4472331,NE,Not Evaluated
7567461,NE,Not Evaluated
4988354,NE,Not Evaluated
6097856,NE,Not Evaluated
5747863,NE,Not Evaluated
7798382,LC,Least Concern
1926324,NE,Not Evaluated
1860768,NE,Not Evaluated
1744593,NE,Not Evaluated
1970284,NE,Not Evaluated
1441860,NE,Not Evaluated
1451712,NE,Not Evaluated
5053695,NE,Not Evaluated
1774285,NE,Not Evaluated
1766741,NE,Not Evaluated
1789745,NE,Not Evaluated
1759407,NE,Not Evaluated
5772176,NE,Not Evaluated
1768815,NE,Not Evaluated
1792645,NE,Not Evaluated
4534257,NE,Not Evaluated
4532471,NE,Not Evaluated
4532412,NE,Not Evaluated
1765767,NE,Not Evaluated
5143944,NE,Not Evaluated
5880550,NE,Not Evaluated
1990066,NE,Not Evaluated
5149438,NE,Not Evaluated
1957572,NE,Not Evaluated
1957816,NE,Not Evaluated
1986220,NE,Not Evaluated
1983535,NE,Not Evaluated
7555991,LC,Least Concern
1984942,NE,Not Evaluated
1871407,NE,Not Evaluated
5768179,NE,Not Evaluated
9092175,NE,Not Evaluated
1786360,NE,Not Evaluated
1782627,NE,Not Evaluated
4534914,NE,Not Evaluated
1962265,NE,Not Evaluated
4523564,NE,Not Evaluated
1858637,NE,Not Evaluated
8796936,NE,Not Evaluated
1143384,NE,Not Evaluated
8996498,NE,Not Evaluated
4470722,NE,Not Evaluated
6097889,NE,Not Evaluated
7999433,NE,Not Evaluated
5872127,NE,Not Evaluated
5754576,NE,Not Evaluated
8335802,NE,Not Evaluated
4475210,NE,Not Evaluated
8233062,LC,Least Concern
8208583,NE,Not Evaluated
7738295,NE,Not Evaluated
8167638,LC,Least Concern
1931179,NE,Not Evaluated
1825064,NE,Not Evaluated
2020655,NE,Not Evaluated
1438067,NE,Not Evaluated
5053155,NE,Not Evaluated
1441801,NE,Not Evaluated
5053729,NE,Not Evaluated
1455797,NE,Not Evaluated
1945589,NE,Not Evaluated
5138298,NE,Not Evaluated
1819170,NE,Not Evaluated
1947335,NE,Not Evaluated
5070833,LC,Least Concern
5147516,NE,Not Evaluated
1249729,NE,Not Evaluated
1442566,NE,Not Evaluated
1443303,NE,Not Evaluated
2021010,NE,Not Evaluated
1767625,NE,Not Evaluated
1783043,NE,Not Evaluated
8742426,NE,Not Evaluated
4533273,NE,Not Evaluated
1759153,NE,Not Evaluated
7725644,NE,Not Evaluated
1797349,NE,Not Evaluated
1977962,NE,Not Evaluated
5769068,NE,Not Evaluated
7769543,NE,Not Evaluated
1992066,NE,Not Evaluated
8014296,NE,Not Evaluated
1878862,NE,Not Evaluated
1879252,NE,Not Evaluated
1797178,NE,Not Evaluated
7701550,NE,Not Evaluated
1982878,NE,Not Evaluated
5146659,NE,Not Evaluated
4471042,NE,Not Evaluated
5872156,NE,Not Evaluated
4480293,NE,Not Evaluated
1933793,NE,Not Evaluated
1925381,NE,Not Evaluated
1871783,NE,Not Evaluated
5117200,NE,Not Evaluated
5144805,NE,Not Evaluated
8158342,LC,Least Concern
5054240,NE,Not Evaluated
1435164,NE,Not Evaluated
5054073,NE,Not Evaluated
1441371,NE,Not Evaluated
1430468,NE,Not Evaluated
1434149,NE,Not Evaluated
1031692,NE,Not Evaluated
5759064,NE,Not Evaluated
1778517,NE,Not Evaluated
1787859,LC,Least Concern
4533125,NE,Not Evaluated
4534538,NE,Not Evaluated
1987527,NE,Not Evaluated
1982445,VU,Vulnerable
1981696,NE,Not Evaluated
5768149,NE,Not Evaluated
6096910,NE,Not Evaluated
1434961,NE,Not Evaluated
5054080,NE,Not Evaluated
5054111,NE,Not Evaluated
1435562,NE,Not Evaluated
1433703,NE,Not Evaluated
2003270,NE,Not Evaluated
4487373,NE,Not Evaluated
1795236,NE,Not Evaluated
4533431,NE,Not Evaluated
4533824,NE,Not Evaluated
1773504,NE,Not Evaluated
5111481,NE,Not Evaluated
1787825,NE,Not Evaluated
1787417,NE,Not Evaluated
1786902,NE,Not Evaluated
5110200,NE,Not Evaluated
1782579,NE,Not Evaluated
1790816,NE,Not Evaluated
1761041,NE,Not Evaluated
8421569,NE,Not Evaluated
7755220,VU,Vulnerable
1977967,NE,Not Evaluated
5144900,NE,Not Evaluated
5146559,NE,Not Evaluated
1881151,NE,Not Evaluated
1766274,NE,Not Evaluated
1791846,NE,Not Evaluated
1786936,NE,Not Evaluated
1787213,NE,Not Evaluated
8352161,NE,Not Evaluated
1970243,NE,Not Evaluated
1965795,NE,Not Evaluated
5148436,NE,Not Evaluated
5147193,NE,Not Evaluated
7598973,NE,Not Evaluated
4472373,NE,Not Evaluated
7552938,NE,Not Evaluated
8711380,NE,Not Evaluated
4988484,NE,Not Evaluated
7759824,NE,Not Evaluated
5998027,NE,Not Evaluated
8391987,NE,Not Evaluated
5872129,NE,Not Evaluated
6097878,NE,Not Evaluated
8219006,NE,Not Evaluated
4476940,NE,Not Evaluated
9027622,NE,Not Evaluated
5753697,NE,Not Evaluated
5755950,NE,Not Evaluated
1862580,NE,Not Evaluated
1860987,NE,Not Evaluated
1888491,NE,Not Evaluated
5768160,NE,Not Evaluated
5107219,NE,Not Evaluated
1792411,NE,Not Evaluated
5109550,LC,Least Concern
5772351,NE,Not Evaluated
8253467,NE,Not Evaluated
1797479,NE,Not Evaluated
1987558,NE,Not Evaluated
1986166,NE,Not Evaluated
2008130,NE,Not Evaluated
4989308,NE,Not Evaluated
11017128,NE,Not Evaluated
4476598,NE,Not Evaluated
5873215,NE,Not Evaluated
6097913,NE,Not Evaluated
9750962,NE,Not Evaluated
5716410,EX,Extinct
5755399,NE,Not Evaluated
4483831,NE,Not Evaluated
1453052,NE,Not Evaluated
1433914,NE,Not Evaluated
1771698,NE,Not Evaluated
1759661,NE,Not Evaluated
8007222,NE,Not Evaluated
1776862,NE,Not Evaluated
1765017,NE,Not Evaluated
4525068,NE,Not Evaluated
1962636,NE,Not Evaluated
1988593,NE,Not Evaluated
5144721,NE,Not Evaluated
5149820,NE,Not Evaluated
5772222,NE,Not Evaluated
9414984,NE,Not Evaluated
1988881,NE,Not Evaluated
1955694,NE,Not Evaluated
5146611,NE,Not Evaluated
9128025,NE,Not Evaluated
7976796,NE,Not Evaluated
4470480,NE,Not Evaluated
4472900,NE,Not Evaluated
5873214,NE,Not Evaluated
5754974,NE,Not Evaluated
1436758,NE,Not Evaluated
5152740,NE,Not Evaluated
1783855,NE,Not Evaluated
1789403,NE,Not Evaluated
1772940,NE,Not Evaluated
1798984,NE,Not Evaluated
1775165,NE,Not Evaluated
6097254,NE,Not Evaluated
5880533,NE,Not Evaluated
1958526,NE,Not Evaluated
1963710,NE,Not Evaluated
1969958,NE,Not Evaluated
1967143,EN,Endangered
1875120,NE,Not Evaluated
5147441,NE,Not Evaluated
1036216,NE,Not Evaluated
7387665,NE,Not Evaluated
4472866,NE,Not Evaluated
7975487,NE,Not Evaluated
4475181,NE,Not Evaluated
6097920,NE,Not Evaluated
7833009,NE,Not Evaluated
1541763,NE,Not Evaluated
5054382,NE,Not Evaluated
1441518,NE,Not Evaluated
1433314,NE,Not Evaluated
1772179,NE,Not Evaluated
1780926,NE,Not Evaluated
1781016,NE,Not Evaluated
1769519,NE,Not Evaluated
1790153,NE,Not Evaluated
1759667,NE,Not Evaluated
1790361,NE,Not Evaluated
1768341,NE,Not Evaluated
1770307,NE,Not Evaluated
4534486,NE,Not Evaluated
1799701,NE,Not Evaluated
4532508,NE,Not Evaluated
1797258,NE,Not Evaluated
1759069,NE,Not Evaluated
1968867,NE,Not Evaluated
4524740,NE,Not Evaluated
1963306,NE,Not Evaluated
1982541,NE,Not Evaluated
7940536,NE,Not Evaluated
1962268,NE,Not Evaluated
1982404,NE,Not Evaluated
1111942,NE,Not Evaluated
9182620,NE,Not Evaluated
4473579,NE,Not Evaluated
1035929,NE,Not Evaluated
5754745,NE,Not Evaluated
6097855,NE,Not Evaluated
4479868,NE,Not Evaluated
7510907,NE,Not Evaluated
1798807,NE,Not Evaluated
4522911,NE,Not Evaluated
1358088,NE,Not Evaluated
1434211,NE,Not Evaluated
5054452,NE,Not Evaluated
1438558,NE,Not Evaluated
1436694,NE,Not Evaluated
1430530,NE,Not Evaluated
1434372,NE,Not Evaluated
4532919,VU,Vulnerable
5772169,NE,Not Evaluated
1776371,NE,Not Evaluated
1768819,NE,Not Evaluated
4532516,NE,Not Evaluated
4525078,NE,Not Evaluated
1787400,LC,Least Concern
1786651,NE,Not Evaluated
1973467,NE,Not Evaluated
1981998,NE,Not Evaluated
1959395,NE,Not Evaluated
1796423,NE,Not Evaluated
5165586,NE,Not Evaluated
2107889,NE,Not Evaluated
4459361,NE,Not Evaluated
1771531,NE,Not Evaluated
1759637,NE,Not Evaluated
5143697,NE,Not Evaluated
8864510,NE,Not Evaluated
5149569,NE,Not Evaluated
1764209,NE,Not Evaluated
7654770,NE,Not Evaluated
1957706,NE,Not Evaluated
5755593,NE,Not Evaluated
1036899,NE,Not Evaluated
1035216,NE,Not Evaluated
4472675,NE,Not Evaluated
5757120,NE,Not Evaluated
1861644,NE,Not Evaluated
1433809,NE,Not Evaluated
1772442,NE,Not Evaluated
1766718,LC,Least Concern
5772186,NE,Not Evaluated
8756768,NE,Not Evaluated
1957852,NE,Not Evaluated
5769072,NE,Not Evaluated
1967273,NE,Not Evaluated
5147208,NE,Not Evaluated
5884851,NE,Not Evaluated
5804895,NE,Not Evaluated
8416348,NE,Not Evaluated
5105339,NE,Not Evaluated
1146023,NE,Not Evaluated
4473720,NE,Not Evaluated
8064055,NE,Not Evaluated
4472993,NE,Not Evaluated
4475636,NE,Not Evaluated
4475140,NE,Not Evaluated
4475163,NE,Not Evaluated
4475040,NE,Not Evaluated
1971888,NE,Not Evaluated
7649338,NE,Not Evaluated
8964283,NE,Not Evaluated
1430551,NE,Not Evaluated
1441608,NE,Not Evaluated
7883062,NE,Not Evaluated
1439839,NE,Not Evaluated
4487099,NE,Not Evaluated
6097260,NE,Not Evaluated
1770416,NE,Not Evaluated
1765751,NE,Not Evaluated
4524636,NE,Not Evaluated
1956440,NE,Not Evaluated
4522753,NE,Not Evaluated
7778368,NE,Not Evaluated
1787064,NE,Not Evaluated
1777517,NE,Not Evaluated
4302252,NE,Not Evaluated
5872111,NE,Not Evaluated
1035185,NE,Not Evaluated
8017063,NE,Not Evaluated
5756018,NE,Not Evaluated
7499368,NE,Not Evaluated
5054385,NE,Not Evaluated
1441821,NE,Not Evaluated
1434120,NE,Not Evaluated
1769514,NE,Not Evaluated
1771678,NE,Not Evaluated
8016905,NE,Not Evaluated
1779399,NE,Not Evaluated
4524638,NE,Not Evaluated
1763610,NE,Not Evaluated
4532351,NE,Not Evaluated
1825077,NE,Not Evaluated
4458855,NE,Not Evaluated
5755587,NE,Not Evaluated
4476429,NE,Not Evaluated
4473202,NE,Not Evaluated
5754521,NE,Not Evaluated
5873207,NE,Not Evaluated
1441365,NE,Not Evaluated
4482564,NE,Not Evaluated
1786816,NE,Not Evaluated
1773163,NE,Not Evaluated
1790160,NE,Not Evaluated
4532366,NE,Not Evaluated
1798408,NE,Not Evaluated
1981363,NE,Not Evaluated
5147492,NE,Not Evaluated
8856895,NE,Not Evaluated
1872901,NE,Not Evaluated
8403618,NE,Not Evaluated
1766773,NE,Not Evaluated
1778596,NE,Not Evaluated
1786980,NE,Not Evaluated
5880545,NE,Not Evaluated
5820507,VU,Vulnerable
8705902,NE,Not Evaluated
4470829,NE,Not Evaluated
1036192,NE,Not Evaluated
1035931,NE,Not Evaluated
7519719,NE,Not Evaluated
4476293,NE,Not Evaluated
4472884,NE,Not Evaluated
4472838,NE,Not Evaluated
5873223,NE,Not Evaluated
5755053,NE,Not Evaluated
7449579,NE,Not Evaluated
1993419,NE,Not Evaluated
2104271,NE,Not Evaluated
4516839,NE,Not Evaluated
1541740,NE,Not Evaluated
1268824,NE,Not Evaluated
4532279,NE,Not Evaluated
1795282,NE,Not Evaluated
1789267,NE,Not Evaluated
1957791,NE,Not Evaluated
5146862,NE,Not Evaluated
4485555,NE,Not Evaluated
7576840,NE,Not Evaluated
4471125,NE,Not Evaluated
1035578,NE,Not Evaluated
4472907,NE,Not Evaluated
5873357,NE,Not Evaluated
6097908,NE,Not Evaluated
5873211,NE,Not Evaluated
5123474,NE,Not Evaluated
5035816,NE,Not Evaluated
4522890,NE,Not Evaluated
1798594,NE,Not Evaluated
1886579,NE,Not Evaluated
1966017,NE,Not Evaluated
5716472,NE,Not Evaluated
2106057,NE,Not Evaluated
5068225,NE,Not Evaluated
1356981,NE,Not Evaluated
2105987,NE,Not Evaluated
2105909,NE,Not Evaluated
2097566,NE,Not Evaluated
9792543,NE,Not Evaluated
4475213,NE,Not Evaluated
4525369,NE,Not Evaluated
1314881,NE,Not Evaluated
1310622,NE,Not Evaluated
1737847,NE,Not Evaluated
5101745,NE,Not Evaluated
1831136,NE,Not Evaluated
4534166,NE,Not Evaluated
5123221,NE,Not Evaluated
7596232,NE,Not Evaluated
1622583,NE,Not Evaluated
1766137,NE,Not Evaluated
4525268,DD,Data Deficient
1860763,NE,Not Evaluated
5141677,NE,Not Evaluated
7762279,NE,Not Evaluated
4458844,NE,Not Evaluated
2103121,NE,Not Evaluated
1316070,NE,Not Evaluated
1768702,NE,Not Evaluated
2107724,NE,Not Evaluated
5871389,NE,Not Evaluated
5154481,NE,Not Evaluated
1419851,NE,Not Evaluated
5772269,NE,Not Evaluated
5145009,NE,Not Evaluated
5149784,NE,Not Evaluated
1047536,NE,Not Evaluated
2099348,NE,Not Evaluated
2097902,NE,Not Evaluated
11120721,NE,Not Evaluated
1771509,NE,Not Evaluated
5147062,NE,Not Evaluated
5125689,NE,Not Evaluated
5145260,NE,Not Evaluated
1195039,NE,Not Evaluated
4487625,NE,Not Evaluated
2007862,NE,Not Evaluated
4391843,NE,Not Evaluated
2078942,NE,Not Evaluated
4518735,NE,Not Evaluated
1984734,NE,Not Evaluated
1542979,NE,Not Evaluated
8537359,NE,Not Evaluated
1808450,NE,Not Evaluated
1777253,NE,Not Evaluated
1840408,NE,Not Evaluated
1768117,NE,Not Evaluated
4532544,NE,Not Evaluated
1527645,NE,Not Evaluated
1782672,NE,Not Evaluated
1859046,NE,Not Evaluated
1890772,NE,Not Evaluated
4487578,NE,Not Evaluated
4486004,NE,Not Evaluated
2020065,NE,Not Evaluated
4534240,NE,Not Evaluated
5744022,NE,Not Evaluated
4483172,NE,Not Evaluated
8352804,NE,Not Evaluated
5866107,NE,Not Evaluated
1309605,NE,Not Evaluated
1962860,NE,Not Evaluated
12253343,NE,Not Evaluated
1940701,NE,Not Evaluated
4391858,NE,Not Evaluated
5758805,NE,Not Evaluated
1494966,NE,Not Evaluated
1853542,NE,Not Evaluated
4528547,NE,Not Evaluated
4522916,NE,Not Evaluated
1858775,NE,Not Evaluated
1890534,NE,Not Evaluated
5772178,NE,Not Evaluated
1877941,NE,Not Evaluated
4525777,NE,Not Evaluated
1859285,NE,Not Evaluated
4485742,NE,Not Evaluated
4486152,NE,Not Evaluated
1886587,NE,Not Evaluated
1889287,NE,Not Evaluated
2020522,NE,Not Evaluated
5152523,NE,Not Evaluated
2008338,NE,Not Evaluated
5742495,NE,Not Evaluated
2024221,NE,Not Evaluated
4485774,NE,Not Evaluated
2011597,NE,Not Evaluated
4486391,NE,Not Evaluated
1666756,NE,Not Evaluated
5758809,NE,Not Evaluated
4487546,NE,Not Evaluated
7906393,NE,Not Evaluated
1424207,LC,Least Concern
6097777,NE,Not Evaluated
2008516,NE,Not Evaluated
5758856,NE,Not Evaluated
1590998,NE,Not Evaluated
8522427,NE,Not Evaluated
6260393,NE,Not Evaluated
6096794,NE,Not Evaluated
4391703,NE,Not Evaluated
4388686,NE,Not Evaluated
4486348,NE,Not Evaluated
5758810,NE,Not Evaluated
4486247,NE,Not Evaluated
1536449,NE,Not Evaluated
4459546,NE,Not Evaluated
8380159,NE,Not Evaluated
4484303,NE,Not Evaluated
4487326,NE,Not Evaluated
1149909,NE,Not Evaluated
5152732,NE,Not Evaluated
5077646,NE,Not Evaluated
8544630,NE,Not Evaluated
4486868,NE,Not Evaluated
4487361,NE,Not Evaluated
1590799,NE,Not Evaluated
8357721,NE,Not Evaluated
1423540,LC,Least Concern
4487069,NE,Not Evaluated
5130587,NE,Not Evaluated
7768674,NE,Not Evaluated
1084559,NE,Not Evaluated
2036275,NE,Not Evaluated
5751086,NE,Not Evaluated
1920864,NE,Not Evaluated
1707838,NE,Not Evaluated
1085286,LC,Least Concern
4437391,NE,Not Evaluated
2059458,NE,Not Evaluated
1688085,LC,Least Concern
1342279,NE,Not Evaluated
1718616,NE,Not Evaluated
4461887,NE,Not Evaluated
8414861,NE,Not Evaluated
7651366,NE,Not Evaluated
6097811,NE,Not Evaluated
2020734,NE,Not Evaluated
2075301,NE,Not Evaluated
7659055,NE,Not Evaluated
2029899,NE,Not Evaluated
1700023,NE,Not Evaluated
2054367,NE,Not Evaluated
2042862,NE,Not Evaluated
4486471,NE,Not Evaluated
1924713,LC,Least Concern
2076214,NE,Not Evaluated
7487615,LC,Least Concern
1428308,LC,Least Concern
7887483,NE,Not Evaluated
2048618,NE,Not Evaluated
1695045,LC,Least Concern
8548948,NE,Not Evaluated
2040103,NE,Not Evaluated
5051951,LC,Least Concern
9362333,NE,Not Evaluated
2078842,NE,Not Evaluated
4489399,NE,Not Evaluated
4513963,LC,Least Concern
4457129,NE,Not Evaluated
4487738,NE,Not Evaluated
4483651,NE,Not Evaluated
1423395,LC,Least Concern
4459326,NE,Not Evaluated
5093078,NE,Not Evaluated
5099079,NE,Not Evaluated
4458501,NE,Not Evaluated
1315117,NE,Not Evaluated
4432043,NE,Not Evaluated
10961399,NE,Not Evaluated
5744412,NE,Not Evaluated
4488968,NE,Not Evaluated
5984937,NE,Not Evaluated
2074379,NE,Not Evaluated
1742185,NE,Not Evaluated
1313104,NE,Not Evaluated
2050173,NE,Not Evaluated
4474780,NE,Not Evaluated
1039003,NE,Not Evaluated
4489285,NE,Not Evaluated
4483189,NE,Not Evaluated
4489684,NE,Not Evaluated
5872954,NE,Not Evaluated
4522744,NE,Not Evaluated
2055973,NE,Not Evaluated
4487904,NE,Not Evaluated
2052971,NE,Not Evaluated
5005909,NE,Not Evaluated
4486751,NE,Not Evaluated
5034888,NE,Not Evaluated
9660344,NE,Not Evaluated
4390084,NE,Not Evaluated
4452254,NE,Not Evaluated
4431899,NE,Not Evaluated
4425638,NE,Not Evaluated
4488767,NE,Not Evaluated
4460780,NE,Not Evaluated
6096772,NE,Not Evaluated
1841261,NE,Not Evaluated
1132845,NE,Not Evaluated
4458910,NE,Not Evaluated
8115081,NE,Not Evaluated
4457519,NE,Not Evaluated
5147478,NE,Not Evaluated
2018563,NE,Not Evaluated
1885937,NE,Not Evaluated
1290330,NE,Not Evaluated
4485806,NE,Not Evaluated
4455032,NE,Not Evaluated
5160015,NE,Not Evaluated
1797367,NE,Not Evaluated
1541146,NE,Not Evaluated
5979474,NE,Not Evaluated
8200135,NE,Not Evaluated
7429212,NE,Not Evaluated
1544431,NE,Not Evaluated
1803073,NE,Not Evaluated
1535841,LC,Least Concern
1535774,NE,Not Evaluated
7918000,NE,Not Evaluated
2074893,NE,Not Evaluated
1711091,NE,Not Evaluated
8170685,NE,Not Evaluated
1544292,NE,Not Evaluated
1544367,NE,Not Evaluated
5158960,NE,Not Evaluated
1789695,NE,Not Evaluated
10607859,NE,Not Evaluated
2069572,NE,Not Evaluated
1710224,LC,Least Concern
1710228,LC,Least Concern
1704187,LC,Least Concern
1536794,NE,Not Evaluated
1540272,EN,Endangered
2072851,NE,Not Evaluated
1861510,NE,Not Evaluated
1683067,NE,Not Evaluated
1540698,NT,Near Threatened
4534669,NE,Not Evaluated
5096614,NE,Not Evaluated
1718308,NE,Not Evaluated
1534700,NE,Not Evaluated
1710835,NE,Not Evaluated
4485952,NE,Not Evaluated
5122439,NE,Not Evaluated
1710995,NE,Not Evaluated
1704559,VU,Vulnerable
1695282,LC,Least Concern
1047449,NE,Not Evaluated
1902749,NE,Not Evaluated
1710755,NE,Not Evaluated
1681124,NE,Not Evaluated
1792996,NE,Not Evaluated
1540020,NE,Not Evaluated
1911177,NT,Near Threatened
1680490,NE,Not Evaluated
1862719,NE,Not Evaluated
1684405,NE,Not Evaluated
1681155,NE,Not Evaluated
4447391,NE,Not Evaluated
4459731,NE,Not Evaluated
1736601,NE,Not Evaluated
10146505,NE,Not Evaluated
1983525,NE,Not Evaluated
5054436,NE,Not Evaluated
1442294,NE,Not Evaluated
1442618,NE,Not Evaluated
1437951,NE,Not Evaluated
1433734,NE,Not Evaluated
10106942,NE,Not Evaluated
4532122,NE,Not Evaluated
1435549,NE,Not Evaluated
1442776,NE,Not Evaluated
4481911,NE,Not Evaluated
1434253,NE,Not Evaluated
4534057,NE,Not Evaluated
1787610,NE,Not Evaluated
1770150,NE,Not Evaluated
1789982,NE,Not Evaluated
9249651,NE,Not Evaluated
1975897,NE,Not Evaluated
1964637,NE,Not Evaluated
1979473,NE,Not Evaluated
4522748,NE,Not Evaluated
1775112,NE,Not Evaluated
1779435,NE,Not Evaluated
1760104,NE,Not Evaluated
1788635,NE,Not Evaluated
7704804,NE,Not Evaluated
7690513,NE,Not Evaluated
5754497,NE,Not Evaluated
5754987,NE,Not Evaluated
4490366,NE,Not Evaluated
1441893,NE,Not Evaluated
1437854,NE,Not Evaluated
1796463,NE,Not Evaluated
1795349,NE,Not Evaluated
4533442,NE,Not Evaluated
1787590,NE,Not Evaluated
1789255,NE,Not Evaluated
4533360,NE,Not Evaluated
4533136,NE,Not Evaluated
5110818,NE,Not Evaluated
1792292,NE,Not Evaluated
4532408,NE,Not Evaluated
5147681,NE,Not Evaluated
1986157,NE,Not Evaluated
1971847,NE,Not Evaluated
1982542,NE,Not Evaluated
4532775,NE,Not Evaluated
8744388,NE,Not Evaluated
4491701,NE,Not Evaluated
5148247,NE,Not Evaluated
1437081,NE,Not Evaluated
5053670,NE,Not Evaluated
1442295,NE,Not Evaluated
1808752,NE,Not Evaluated
4534676,VU,Vulnerable
1789694,NE,Not Evaluated
4534052,NE,Not Evaluated
1763697,NE,Not Evaluated
1769543,NE,Not Evaluated
4534485,NE,Not Evaluated
1787112,NE,Not Evaluated
4532459,NE,Not Evaluated
1965629,NE,Not Evaluated
7960566,NE,Not Evaluated
5768880,NE,Not Evaluated
1984949,NE,Not Evaluated
5106362,NE,Not Evaluated
1783971,NE,Not Evaluated
4534086,NE,Not Evaluated
1760246,NE,Not Evaluated
4523885,NE,Not Evaluated
1965197,NE,Not Evaluated
5146837,NE,Not Evaluated
9155736,NE,Not Evaluated
6097872,NE,Not Evaluated
5754503,NE,Not Evaluated
7934757,NE,Not Evaluated
5757141,NE,Not Evaluated
2104217,NE,Not Evaluated
1737753,NE,Not Evaluated
4525562,NE,Not Evaluated
1961037,NE,Not Evaluated
1043102,NE,Not Evaluated
1308216,NE,Not Evaluated
5126052,NE,Not Evaluated
5134543,LC,Least Concern
1437150,NE,Not Evaluated
5054448,NE,Not Evaluated
5113078,NE,Not Evaluated
1792426,NE,Not Evaluated
5112291,NE,Not Evaluated
4533255,NE,Not Evaluated
1790364,NE,Not Evaluated
1796117,NE,Not Evaluated
1784359,NE,Not Evaluated
1819145,NE,Not Evaluated
1534603,NE,Not Evaluated
1442070,NE,Not Evaluated
5053644,NE,Not Evaluated
1431569,NE,Not Evaluated
1766784,NE,Not Evaluated
1773011,NE,Not Evaluated
1786619,NE,Not Evaluated
1972449,NE,Not Evaluated
5147354,NE,Not Evaluated
1769897,NE,Not Evaluated
5149474,NE,Not Evaluated
5054361,NE,Not Evaluated
1439194,NE,Not Evaluated
1441826,NE,Not Evaluated
2010165,NE,Not Evaluated
4488793,NE,Not Evaluated
5113847,NE,Not Evaluated
1782777,NE,Not Evaluated
5109686,NE,Not Evaluated
1775172,NE,Not Evaluated
4532500,NE,Not Evaluated
1960617,NE,Not Evaluated
5143380,NE,Not Evaluated
1984993,NE,Not Evaluated
5146961,NE,Not Evaluated
1766814,NE,Not Evaluated
4491340,NE,Not Evaluated
2021041,NE,Not Evaluated
4516779,NE,Not Evaluated
1955896,NE,Not Evaluated
4491789,NE,Not Evaluated
1435116,NE,Not Evaluated
2079252,NE,Not Evaluated
4532890,NE,Not Evaluated
1800004,NE,Not Evaluated
9216200,NE,Not Evaluated
5109576,NE,Not Evaluated
1770308,NE,Not Evaluated
1990551,NE,Not Evaluated
5149843,NE,Not Evaluated
1986171,NE,Not Evaluated
1959735,NE,Not Evaluated
1884268,NE,Not Evaluated
1785185,NE,Not Evaluated
1782615,NE,Not Evaluated
1823726,NE,Not Evaluated
4476566,NE,Not Evaluated
1035208,NE,Not Evaluated
8137203,NE,Not Evaluated
4479870,NE,Not Evaluated
1442133,NE,Not Evaluated
5109506,NE,Not Evaluated
7972792,NE,Not Evaluated
4533128,NE,Not Evaluated
1796032,NE,Not Evaluated
1962204,NE,Not Evaluated
5143675,NE,Not Evaluated
4523556,NE,Not Evaluated
6546645,NE,Not Evaluated
4470851,NE,Not Evaluated
4476577,NE,Not Evaluated
1035239,NE,Not Evaluated
5754537,NE,Not Evaluated
9775518,NE,Not Evaluated
5755307,NE,Not Evaluated
4473959,NE,Not Evaluated
2108709,NE,Not Evaluated
1741239,NE,Not Evaluated
7825213,NE,Not Evaluated
1760893,NE,Not Evaluated
1766410,NE,Not Evaluated
1792300,NE,Not Evaluated
5769028,NE,Not Evaluated
1984954,NE,Not Evaluated
5149659,NE,Not Evaluated
5112336,NE,Not Evaluated
4532297,NE,Not Evaluated
1990582,NE,Not Evaluated
9013850,NE,Not Evaluated
4478784,NE,Not Evaluated
7880450,NE,Not Evaluated
5054356,NE,Not Evaluated
1442619,NE,Not Evaluated
1433818,NE,Not Evaluated
1796451,NE,Not Evaluated
5110885,NE,Not Evaluated
5112283,NE,Not Evaluated
1789359,NE,Not Evaluated
1770821,NE,Not Evaluated
1789076,NE,Not Evaluated
5110670,NE,Not Evaluated
1770573,NE,Not Evaluated
1766418,NE,Not Evaluated
1784812,NE,Not Evaluated
1791132,NE,Not Evaluated
4524950,NE,Not Evaluated
4524426,NE,Not Evaluated
8361848,NE,Not Evaluated
1982500,NE,Not Evaluated
5144782,NE,Not Evaluated
4522785,NE,Not Evaluated
1798916,NE,Not Evaluated
8196495,NE,Not Evaluated
1136138,NE,Not Evaluated
9796855,NE,Not Evaluated
4478789,NE,Not Evaluated
4476584,NE,Not Evaluated
9806854,NE,Not Evaluated
5753725,NE,Not Evaluated
5873218,NE,Not Evaluated
6097852,NE,Not Evaluated
1436692,NE,Not Evaluated
1441931,NE,Not Evaluated
1441935,NE,Not Evaluated
1767608,NE,Not Evaluated
5109599,NE,Not Evaluated
5772349,NE,Not Evaluated
5772205,NE,Not Evaluated
4524951,NE,Not Evaluated
1957632,NE,Not Evaluated
5146883,NE,Not Evaluated
1764986,NE,Not Evaluated
4475911,NE,Not Evaluated
5754578,NE,Not Evaluated
7811704,NE,Not Evaluated
4475157,NE,Not Evaluated
4474998,NE,Not Evaluated
5755293,NE,Not Evaluated
7922810,NE,Not Evaluated
1437978,NE,Not Evaluated
2005244,NE,Not Evaluated
7894883,NE,Not Evaluated
8921158,NE,Not Evaluated
8043500,NE,Not Evaluated
7438067,NE,Not Evaluated
1534751,NE,Not Evaluated
1839774,NE,Not Evaluated
11992983,NE,Not Evaluated
8675740,NE,Not Evaluated
1431606,NE,Not Evaluated
5152885,NE,Not Evaluated
1861031,NE,Not Evaluated
6096911,NE,Not Evaluated
2009122,NE,Not Evaluated
1766721,NE,Not Evaluated
4533671,NE,Not Evaluated
1760857,NE,Not Evaluated
1795914,NE,Not Evaluated
5144190,NE,Not Evaluated
1968990,NE,Not Evaluated
1037319,NE,Not Evaluated
1441036,NE,Not Evaluated
2010164,NE,Not Evaluated
4488905,NE,Not Evaluated
1786931,NE,Not Evaluated
4532203,NE,Not Evaluated
1972185,NE,Not Evaluated
1983967,NE,Not Evaluated
1965841,NE,Not Evaluated
6097233,NE,Not Evaluated
5109722,NE,Not Evaluated
8329732,NE,Not Evaluated
4476435,NE,Not Evaluated
9198953,NE,Not Evaluated
5755302,NE,Not Evaluated
4988363,NE,Not Evaluated
5757207,NE,Not Evaluated
2109189,NE,Not Evaluated
1442627,NE,Not Evaluated
5109665,NE,Not Evaluated
4533661,NE,Not Evaluated
5111574,NE,Not Evaluated
1797429,NE,Not Evaluated
1958323,NE,Not Evaluated
4524421,NE,Not Evaluated
1966886,NE,Not Evaluated
1975903,NE,Not Evaluated
1956524,NE,Not Evaluated
1880139,NE,Not Evaluated
1876329,NE,Not Evaluated
4491331,NE,Not Evaluated
4491149,NE,Not Evaluated
1435909,NE,Not Evaluated
1442831,NE,Not Evaluated
1435114,NE,Not Evaluated
1795068,NE,Not Evaluated
5108839,NE,Not Evaluated
1784824,NE,Not Evaluated
1961068,NE,Not Evaluated
4532468,NE,Not Evaluated
1968837,NE,Not Evaluated
6269529,NE,Not Evaluated
7974974,NE,Not Evaluated
5755006,NE,Not Evaluated
2108812,NE,Not Evaluated
2105923,NE,Not Evaluated
1957611,NE,Not Evaluated
1985760,NE,Not Evaluated
8054788,LC,Least Concern
4474861,NE,Not Evaluated
7772030,NE,Not Evaluated
1833627,NE,Not Evaluated
2104580,NE,Not Evaluated
5054151,NE,Not Evaluated
8259113,NE,Not Evaluated
5149665,NE,Not Evaluated
1884333,NE,Not Evaluated
1790084,NE,Not Evaluated
1983997,NE,Not Evaluated
5125104,NE,Not Evaluated
1151446,NE,Not Evaluated
7767765,NE,Not Evaluated
1798346,NE,Not Evaluated
1982533,LC,Least Concern
8366158,NE,Not Evaluated
4531402,NE,Not Evaluated
1941417,NE,Not Evaluated
1800032,NE,Not Evaluated
4470961,NE,Not Evaluated
5756799,NE,Not Evaluated
4475074,NE,Not Evaluated
1746832,NE,Not Evaluated
1747050,NE,Not Evaluated
1537559,NE,Not Evaluated
1436064,NE,Not Evaluated
1441861,NE,Not Evaluated
4421219,NE,Not Evaluated
5109554,NE,Not Evaluated
10904813,NE,Not Evaluated
1798769,NE,Not Evaluated
5144534,NE,Not Evaluated
7624494,NE,Not Evaluated
1984070,NE,Not Evaluated
1967006,NE,Not Evaluated
4458838,NE,Not Evaluated
4474919,NE,Not Evaluated
4470535,NE,Not Evaluated
4470710,NE,Not Evaluated
8411250,NE,Not Evaluated
4472911,NE,Not Evaluated
6097854,NE,Not Evaluated
5755175,NE,Not Evaluated
5755296,NE,Not Evaluated
4459519,NE,Not Evaluated
1035290,NE,Not Evaluated
4473320,NE,Not Evaluated
1036203,NE,Not Evaluated
7596481,NE,Not Evaluated
4403053,LC,Least Concern
8111934,NE,Not Evaluated
5755595,NE,Not Evaluated
4476983,NE,Not Evaluated
5753720,NE,Not Evaluated
7419401,NE,Not Evaluated
7571549,NE,Not Evaluated
5755969,NE,Not Evaluated
1441819,NE,Not Evaluated
1782726,NE,Not Evaluated
4533444,NE,Not Evaluated
1795896,LC,Least Concern
1798407,NE,Not Evaluated
1967452,NE,Not Evaluated
5143477,NE,Not Evaluated
7365652,LC,Least Concern
1982525,NE,Not Evaluated
5146476,NE,Not Evaluated
4532260,NE,Not Evaluated
8384488,NE,Not Evaluated
6097929,NE,Not Evaluated
4473799,NE,Not Evaluated
8091768,NE,Not Evaluated
8378220,NE,Not Evaluated
5755327,NE,Not Evaluated
2101384,NE,Not Evaluated
1773062,NE,Not Evaluated
4534225,NE,Not Evaluated
1787751,NE,Not Evaluated
4534297,NE,Not Evaluated
1957300,NE,Not Evaluated
1862701,NE,Not Evaluated
1789730,NE,Not Evaluated
1761392,NE,Not Evaluated
5998041,NE,Not Evaluated
4473882,NE,Not Evaluated
5872119,NE,Not Evaluated
7446960,NE,Not Evaluated
4473093,NE,Not Evaluated
4472849,NE,Not Evaluated
4473948,NE,Not Evaluated
1764673,NE,Not Evaluated
1797333,NE,Not Evaluated
1961013,NE,Not Evaluated
5148394,LC,Least Concern
5144677,NE,Not Evaluated
5119143,NE,Not Evaluated
8878274,NE,Not Evaluated
9364935,NE,Not Evaluated
8130128,NE,Not Evaluated
1441927,NE,Not Evaluated
5152867,NE,Not Evaluated
4488872,NE,Not Evaluated
4532206,NE,Not Evaluated
1798504,NE,Not Evaluated
1983302,LC,Least Concern
1963446,NE,Not Evaluated
1760891,NE,Not Evaluated
1759159,NE,Not Evaluated
5146601,NE,Not Evaluated
1951725,NE,Not Evaluated
8216511,NE,Not Evaluated
8336322,NE,Not Evaluated
5054428,NE,Not Evaluated
2008205,NE,Not Evaluated
4534217,NE,Not Evaluated
1965640,NT,Near Threatened
9012567,NE,Not Evaluated
1115830,NE,Not Evaluated
4473994,NE,Not Evaluated
4534686,NE,Not Evaluated
2105492,NE,Not Evaluated
2104131,NE,Not Evaluated
2106036,NE,Not Evaluated
8416949,NE,Not Evaluated
4532239,NE,Not Evaluated
1797454,NE,Not Evaluated
1969291,NE,Not Evaluated
4302268,NE,Not Evaluated
1987744,NE,Not Evaluated
5146599,NE,Not Evaluated
4533446,NE,Not Evaluated
5872124,NE,Not Evaluated
4473127,NE,Not Evaluated
8396839,NE,Not Evaluated
2109140,NE,Not Evaluated
1762952,NE,Not Evaluated
5109480,NE,Not Evaluated
1769958,NE,Not Evaluated
1965243,LC,Least Concern
5149667,NE,Not Evaluated
1732072,NE,Not Evaluated
4474922,NE,Not Evaluated
4481210,NE,Not Evaluated
2106092,NE,Not Evaluated
4488825,NE,Not Evaluated
1828637,NE,Not Evaluated
1766130,NE,Not Evaluated
1964437,NE,Not Evaluated
8966182,NE,Not Evaluated
1036917,NE,Not Evaluated
4473974,NE,Not Evaluated
1875958,NE,Not Evaluated
1842002,NE,Not Evaluated
1856289,NE,Not Evaluated
1540742,NE,Not Evaluated
4487687,NE,Not Evaluated
5758789,NE,Not Evaluated
1967003,NE,Not Evaluated
2100386,NE,Not Evaluated
4512341,NE,Not Evaluated
1554694,NE,Not Evaluated
1740120,NE,Not Evaluated
2100670,NE,Not Evaluated
1782948,NE,Not Evaluated
1803995,NE,Not Evaluated
2105812,NE,Not Evaluated
4525476,NE,Not Evaluated
5145729,NE,Not Evaluated
1541799,NE,Not Evaluated
5868175,NE,Not Evaluated
2105962,NE,Not Evaluated
1688020,LC,Least Concern
4487565,NE,Not Evaluated
5035857,NE,Not Evaluated
5742512,NE,Not Evaluated
1822830,NE,Not Evaluated
5147232,NE,Not Evaluated
1804071,NE,Not Evaluated
4516745,NE,Not Evaluated
1891386,NE,Not Evaluated
1940807,NE,Not Evaluated
4534252,NE,Not Evaluated
2107451,NE,Not Evaluated
1626319,NE,Not Evaluated
1540362,LC,Least Concern
5759067,NE,Not Evaluated
1286739,NE,Not Evaluated
8223165,NE,Not Evaluated
4531517,NE,Not Evaluated
4534779,NE,Not Evaluated
1583544,NE,Not Evaluated
8858121,NE,Not Evaluated
5149768,NE,Not Evaluated
1737368,NE,Not Evaluated
1871212,NE,Not Evaluated
1840451,NE,Not Evaluated
1891190,NE,Not Evaluated
1769566,NE,Not Evaluated
1871252,NE,Not Evaluated
4531975,NE,Not Evaluated
2018539,NE,Not Evaluated
8704131,NE,Not Evaluated
4486289,NE,Not Evaluated
1495562,NE,Not Evaluated
1764987,NE,Not Evaluated
5733455,NE,Not Evaluated
4486194,NE,Not Evaluated
1888619,NE,Not Evaluated
4487123,NE,Not Evaluated
1535990,NE,Not Evaluated
2011081,NE,Not Evaluated
4486376,NE,Not Evaluated
2020846,NE,Not Evaluated
4486291,NE,Not Evaluated
5978844,NE,Not Evaluated
1738429,NE,Not Evaluated
2050012,NE,Not Evaluated
4532061,NE,Not Evaluated
1839770,NE,Not Evaluated
1583568,NE,Not Evaluated
5104891,NE,Not Evaluated
4487324,NE,Not Evaluated
1992378,NE,Not Evaluated
5115874,NE,Not Evaluated
1880907,NE,Not Evaluated
4428407,NE,Not Evaluated
6097214,NE,Not Evaluated
4449160,NE,Not Evaluated
4488821,NE,Not Evaluated
4485973,NE,Not Evaluated
4486192,NE,Not Evaluated
4488865,NE,Not Evaluated
1871683,NE,Not Evaluated
1890576,NE,Not Evaluated
2020772,NE,Not Evaluated
4486954,NE,Not Evaluated
2050239,NE,Not Evaluated
8179641,NE,Not Evaluated
7859738,NE,Not Evaluated
5152456,NE,Not Evaluated
4488689,NE,Not Evaluated
4388683,NE,Not Evaluated
4485800,NE,Not Evaluated
1824113,NE,Not Evaluated
1785895,NE,Not Evaluated
8929628,NE,Not Evaluated
5051273,LC,Least Concern
4449375,NE,Not Evaluated
4391852,NE,Not Evaluated
1497483,NE,Not Evaluated
2068870,NE,Not Evaluated
4486717,NE,Not Evaluated
1523500,NE,Not Evaluated
1796217,NE,Not Evaluated
2020590,NE,Not Evaluated
2008269,NE,Not Evaluated
2011487,NE,Not Evaluated
1671676,NE,Not Evaluated
7510173,LC,Least Concern
3083838,NE,Not Evaluated
8203051,LC,Least Concern
3094900,NE,Not Evaluated
3034742,LC,Least Concern
3065239,NE,Not Evaluated
2687943,LC,Least Concern
12171609,NE,Not Evaluated
5549548,LC,Least Concern
2168338,NE,Not Evaluated
5035850,NE,Not Evaluated
2139113,NE,Not Evaluated
2441176,NT,Near Threatened
1698816,NE,Not Evaluated
8351737,NE,Not Evaluated
2787993,NE,Not Evaluated
4458510,NE,Not Evaluated
3127955,NE,Not Evaluated
5341297,LC,Least Concern
8250742,LC,Least Concern
1835031,NE,Not Evaluated
2474627,LC,Least Concern
2498034,EN,Endangered
1669519,NE,Not Evaluated
3034426,NE,Not Evaluated
5732924,NE,Not Evaluated
5284809,LC,Least Concern
3120284,NE,Not Evaluated
2856450,NE,Not Evaluated
8032257,NE,Not Evaluated
3314876,NE,Not Evaluated
9723190,LC,Least Concern
1013486,NE,Not Evaluated
2526548,NE,Not Evaluated
2480389,LC,Least Concern
2020671,NE,Not Evaluated
3045931,NE,Not Evaluated
4388497,NE,Not Evaluated
1335942,LC,Least Concern
1340298,NE,Not Evaluated
1813114,NE,Not Evaluated
2480801,LC,Least Concern
2928390,NE,Not Evaluated
2890212,NE,Not Evaluated
1541116,NE,Not Evaluated
7100278,LC,Least Concern
2480830,LC,Least Concern
2447858,LC,Least Concern
1771214,NE,Not Evaluated
1043097,NE,Not Evaluated
7331741,NE,Not Evaluated
5376961,NE,Not Evaluated
2157278,NE,Not Evaluated
5530881,NE,Not Evaluated
2975287,NE,Not Evaluated
3002530,NE,Not Evaluated
8165018,NE,Not Evaluated
1576923,NE,Not Evaluated
2159061,NE,Not Evaluated
2927298,NE,Not Evaluated
7952072,LC,Least Concern
9150405,NE,Not Evaluated
5334217,NE,Not Evaluated
7416939,NE,Not Evaluated
3189486,NE,Not Evaluated
5663962,NE,Not Evaluated
3053522,NE,Not Evaluated
5394163,NE,Not Evaluated
9056358,LC,Least Concern
3054368,LC,Least Concern
5219858,LC,Least Concern
5298659,NE,Not Evaluated
2549570,NE,Not Evaluated
6063730,NE,Not Evaluated
2773448,NE,Not Evaluated
4139238,NE,Not Evaluated
1340305,NE,Not Evaluated
5617600,NE,Not Evaluated
2651113,NE,Not Evaluated
6443709,NE,Not Evaluated
5373324,NE,Not Evaluated
3664083,NE,Not Evaluated
5107644,NE,Not Evaluated
8211958,NE,Not Evaluated
3120060,LC,Least Concern
10375240,NE,Not Evaluated
5275044,NE,Not Evaluated
2985949,NE,Not Evaluated
8108066,NE,Not Evaluated
2926684,NE,Not Evaluated
7888147,LC,Least Concern
8377689,NE,Not Evaluated
2161872,NE,Not Evaluated
2440958,LC,Least Concern
5781358,NE,Not Evaluated
3033833,NE,Not Evaluated
5356623,LC,Least Concern
5754880,NE,Not Evaluated
5341443,NE,Not Evaluated
2431888,VU,Vulnerable
3726499,NE,Not Evaluated
3190522,LC,Least Concern
3022789,LC,Least Concern
2876213,LC,Least Concern
3064669,NE,Not Evaluated
2881283,LC,Least Concern
2925767,NE,Not Evaluated
5414222,LC,Least Concern
2882580,NE,Not Evaluated
9063248,NE,Not Evaluated
3012167,LC,Least Concern
3006974,LC,Least Concern
2927079,NE,Not Evaluated
2730210,LC,Least Concern
3107361,NE,Not Evaluated
2770228,NE,Not Evaluated
2650720,NE,Not Evaluated
7306931,NE,Not Evaluated
3171948,NE,Not Evaluated
2928751,NE,Not Evaluated
3048782,NE,Not Evaluated
5415039,LC,Least Concern
4409131,LC,Least Concern
7150059,NE,Not Evaluated
9240761,NE,Not Evaluated
5240269,LC,Least Concern
2752224,LC,Least Concern
2773902,NE,Not Evaluated
4063960,NE,Not Evaluated
5281803,NE,Not Evaluated
5218887,LC,Least Concern
6365090,NE,Not Evaluated
2295438,LC,Least Concern
2537689,NE,Not Evaluated
3066179,NE,Not Evaluated
2172103,NE,Not Evaluated
3066367,NE,Not Evaluated
1183723,NE,Not Evaluated
2889777,NE,Not Evaluated
8289647,NE,Not Evaluated
2888464,NE,Not Evaluated
3138230,NE,Not Evaluated
5375555,NE,Not Evaluated
7277077,NE,Not Evaluated
3940423,NE,Not Evaluated
5338920,NE,Not Evaluated
7844167,NE,Not Evaluated
7639623,NE,Not Evaluated
5341201,NE,Not Evaluated
5579175,NE,Not Evaluated
5578472,NE,Not Evaluated
3149958,NE,Not Evaluated
3169710,NE,Not Evaluated
3040252,NE,Not Evaluated
5331342,NE,Not Evaluated
7294722,NE,Not Evaluated
2873878,NE,Not Evaluated
2772145,NE,Not Evaluated
5371711,LC,Least Concern
2432614,LC,Least Concern
8993502,NE,Not Evaluated
5359047,NE,Not Evaluated
2988069,NE,Not Evaluated
7886601,LC,Least Concern
2160943,NE,Not Evaluated
2988624,NE,Not Evaluated
2925901,NE,Not Evaluated
7295486,NE,Not Evaluated
5339050,NE,Not Evaluated
2965527,NE,Not Evaluated
1319630,NE,Not Evaluated
4485896,NE,Not Evaluated
7749287,NE,Not Evaluated
3105419,NE,Not Evaluated
5274951,NE,Not Evaluated
2926679,NE,Not Evaluated
7308131,NE,Not Evaluated
4103545,NE,Not Evaluated
7294644,NE,Not Evaluated
2926612,NE,Not Evaluated
5386897,NE,Not Evaluated
3149965,NE,Not Evaluated
2473663,LC,Least Concern
5374933,NE,Not Evaluated
1119292,NE,Not Evaluated
3638282,NE,Not Evaluated
5377778,NE,Not Evaluated
2974753,LC,Least Concern
5342618,NE,Not Evaluated
8086756,NE,Not Evaluated
2927065,NE,Not Evaluated
3142967,NE,Not Evaluated
7331288,NE,Not Evaluated
5358774,NE,Not Evaluated
1746174,NE,Not Evaluated
2972595,LC,Least Concern
2926065,NE,Not Evaluated
3040251,NE,Not Evaluated
3922204,NE,Not Evaluated
2974901,LC,Least Concern
5359067,NE,Not Evaluated
2767506,NE,Not Evaluated
5439925,NE,Not Evaluated
7703116,NE,Not Evaluated
2927080,NE,Not Evaluated
3172099,NE,Not Evaluated
3171946,NE,Not Evaluated
2965354,NE,Not Evaluated
3715041,NE,Not Evaluated
4454749,NE,Not Evaluated
1983387,NE,Not Evaluated
5347846,NE,Not Evaluated
3112741,NE,Not Evaluated
11071158,NE,Not Evaluated
5420853,NE,Not Evaluated
1963709,NE,Not Evaluated
4459810,NE,Not Evaluated
7295330,NE,Not Evaluated
5356363,LC,Least Concern
3034922,NE,Not Evaluated
9182154,NE,Not Evaluated
1799135,NE,Not Evaluated
5371808,NE,Not Evaluated
3033108,NE,Not Evaluated
7295564,NE,Not Evaluated
5356649,LC,Least Concern
2888615,NE,Not Evaluated
7870683,NE,Not Evaluated
2727655,NE,Not Evaluated
1421964,LC,Least Concern
3681277,NE,Not Evaluated
8397184,NE,Not Evaluated
5354530,NE,Not Evaluated
2972572,NE,Not Evaluated
2975014,LC,Least Concern
2891237,NE,Not Evaluated
4460356,NE,Not Evaluated
5367683,NE,Not Evaluated
2784401,NE,Not Evaluated
1875511,NE,Not Evaluated
5285385,LC,Least Concern
3169708,NE,Not Evaluated
3085368,NE,Not Evaluated
7958783,NE,Not Evaluated
5331181,NE,Not Evaluated
8903918,NE,Not Evaluated
5352367,NE,Not Evaluated
5359209,NE,Not Evaluated
8350369,NE,Not Evaluated
7786853,NE,Not Evaluated
7734774,NE,Not Evaluated
2849427,NE,Not Evaluated
5218911,LC,Least Concern
8246651,NE,Not Evaluated
5341305,NE,Not Evaluated
7127308,LC,Least Concern
5373322,NE,Not Evaluated
5359378,LC,Least Concern
5367294,NE,Not Evaluated
2492608,LC,Least Concern
3172049,NE,Not Evaluated
5341198,NE,Not Evaluated
5359429,NE,Not Evaluated
3117449,NE,Not Evaluated
2927235,NE,Not Evaluated
5354525,NE,Not Evaluated
2768817,LC,Least Concern
8870733,NE,Not Evaluated
5359175,NE,Not Evaluated
7332320,NE,Not Evaluated
5330661,NE,Not Evaluated
5361982,NE,Not Evaluated
8388117,NE,Not Evaluated
2927522,NE,Not Evaluated
2857616,NE,Not Evaluated
1086708,NE,Not Evaluated
3128910,NE,Not Evaluated
5289756,LC,Least Concern
3082263,LC,Least Concern
8144117,NE,Not Evaluated
8049400,NE,Not Evaluated
3191374,NE,Not Evaluated
4058494,NE,Not Evaluated
5341204,LC,Least Concern
7309317,NE,Not Evaluated
5298126,NE,Not Evaluated
3171945,NE,Not Evaluated
5298019,LC,Least Concern
2426654,LC,Least Concern
3802515,NE,Not Evaluated
3045497,NE,Not Evaluated
5218878,LC,Least Concern
5386903,NE,Not Evaluated
6409622,NE,Not Evaluated
5386929,NE,Not Evaluated
5285247,LC,Least Concern
2169430,NE,Not Evaluated
9485490,NE,Not Evaluated
3029817,NE,Not Evaluated
2927028,NE,Not Evaluated
2772020,NE,Not Evaluated
3032585,LC,Least Concern
8069406,NE,Not Evaluated
2795869,NE,Not Evaluated
11046546,NE,Not Evaluated
7879157,NE,Not Evaluated
2972841,NE,Not Evaluated
5218524,LC,Least Concern
2650165,NE,Not Evaluated
5281229,NE,Not Evaluated
7294763,NE,Not Evaluated
5356701,LC,Least Concern
9809682,NE,Not Evaluated
1878895,NE,Not Evaluated
2553607,NE,Not Evaluated
3166644,NE,Not Evaluated
3048494,NE,Not Evaluated
2883073,LC,Least Concern
5241784,NE,Not Evaluated
5674318,NE,Not Evaluated
2426760,LC,Least Concern
1340342,NE,Not Evaluated
2078852,NE,Not Evaluated
7255034,NE,Not Evaluated
2769256,NE,Not Evaluated
2769204,NE,Not Evaluated
5301162,LC,Least Concern
1746440,NE,Not Evaluated
5029978,NE,Not Evaluated
4457483,NE,Not Evaluated
2808426,NE,Not Evaluated
9813725,NE,Not Evaluated
5415455,NE,Not Evaluated
3171943,NE,Not Evaluated
2810078,NE,Not Evaluated
5104442,NE,Not Evaluated
4437467,NE,Not Evaluated
1861673,NE,Not Evaluated
4448467,NE,Not Evaluated
3883959,NE,Not Evaluated
2724661,NE,Not Evaluated
4286942,LC,Least Concern
4409628,LC,Least Concern
3113414,NE,Not Evaluated
5778354,LC,Least Concern
1424067,LC,Least Concern
4481148,NE,Not Evaluated
4416993,NE,Not Evaluated
5384604,NE,Not Evaluated
5289423,LC,Least Concern
2925529,NE,Not Evaluated
2742119,NE,Not Evaluated
3172086,LC,Least Concern
11157306,NE,Not Evaluated
3033483,NE,Not Evaluated
3033339,NE,Not Evaluated
5372647,LC,Least Concern
3053376,LC,Least Concern
3133512,NE,Not Evaluated
2888806,NE,Not Evaluated
2932737,NE,Not Evaluated
3047598,NE,Not Evaluated
3172043,NE,Not Evaluated
3042658,NE,Not Evaluated
6390806,NE,Not Evaluated
2928441,LC,Least Concern
2704179,LC,Least Concern
3612876,NE,Not Evaluated
2706435,LC,Least Concern
2706541,NE,Not Evaluated
7820611,LC,Least Concern
9014945,NE,Not Evaluated
8208358,NE,Not Evaluated
5290149,LC,Least Concern
2706164,NE,Not Evaluated
10010617,NE,Not Evaluated
2706241,NE,Not Evaluated
2700828,NE,Not Evaluated
7515045,NE,Not Evaluated
2927208,LC,Least Concern
2705308,NE,Not Evaluated
8059811,NE,Not Evaluated
3064056,LC,Least Concern
9094061,NE,Not Evaluated
2913130,LC,Least Concern
2913548,NE,Not Evaluated
2427573,LC,Least Concern
1309640,NE,Not Evaluated
1860979,NE,Not Evaluated
2747563,NE,Not Evaluated
5243258,LC,Least Concern
2931104,NE,Not Evaluated
5242798,NE,Not Evaluated
3345400,NE,Not Evaluated
2927026,NE,Not Evaluated
7931731,DD,Data Deficient
2437756,LC,Least Concern
2439270,LC,Least Concern
2435767,LC,Least Concern
7825895,LC,Least Concern
2435687,LC,Least Concern
4265185,LC,Least Concern
2438660,LC,Least Concern
5706764,LC,Least Concern
2437773,LC,Least Concern
2439688,LC,Least Concern
2438502,VU,Vulnerable
8316400,LC,Least Concern
4264696,LC,Least Concern
7429082,LC,Least Concern
2437760,LC,Least Concern
2438606,LC,Least Concern
8347063,LC,Least Concern
2437761,LC,Least Concern
5219624,LC,Least Concern
2439658,LC,Least Concern
9154166,NE,Not Evaluated
2888513,NE,Not Evaluated
4259350,LC,Least Concern
5369806,NE,Not Evaluated
4487592,NE,Not Evaluated
2492606,LC,Least Concern
1840297,NE,Not Evaluated
1850081,NE,Not Evaluated
1879539,NE,Not Evaluated
9636348,NE,Not Evaluated
1878879,NE,Not Evaluated
1746662,NE,Not Evaluated
11627530,NE,Not Evaluated
1858778,NE,Not Evaluated
1354699,NE,Not Evaluated
8288456,NE,Not Evaluated
1743768,NE,Not Evaluated
1884377,NE,Not Evaluated
1848847,NE,Not Evaluated
1738514,NE,Not Evaluated
1743643,NE,Not Evaluated
4531284,NE,Not Evaluated
1849966,NE,Not Evaluated
1875918,NE,Not Evaluated
1850998,NE,Not Evaluated
5295911,NE,Not Evaluated
3025093,LC,Least Concern
7375236,NE,Not Evaluated
1181377,NE,Not Evaluated
5168969,NE,Not Evaluated
8120403,LC,Least Concern
1732685,NE,Not Evaluated
2477804,LC,Least Concern
5527447,NE,Not Evaluated
4427398,NE,Not Evaluated
8961343,NE,Not Evaluated
2351557,NE,Not Evaluated
2481120,LC,Least Concern
2493124,LC,Least Concern
2481792,NT,Near Threatened
4408796,LC,Least Concern
2490956,LC,Least Concern
2498343,LC,Least Concern
2498112,LC,Least Concern
2492371,LC,Least Concern
2490781,LC,Least Concern
2481759,NT,Near Threatened
2855356,NT,Near Threatened
2685484,LC,Least Concern
7912981,NE,Not Evaluated
5334208,NE,Not Evaluated
1532761,NE,Not Evaluated
8215487,LC,Least Concern
2441110,NE,Not Evaluated
4409653,LC,Least Concern
5357013,NE,Not Evaluated
2554370,NE,Not Evaluated
5332305,LC,Least Concern
1013451,NE,Not Evaluated
2154595,NE,Not Evaluated
2531012,NE,Not Evaluated
8874921,NE,Not Evaluated
2226998,VU,Vulnerable
4488004,NE,Not Evaluated
5748264,NE,Not Evaluated
3317061,NE,Not Evaluated
2526754,NE,Not Evaluated
9127230,NE,Not Evaluated
3345381,NE,Not Evaluated
2891770,NE,Not Evaluated
3189863,LC,Least Concern
2772094,NE,Not Evaluated
9458333,NE,Not Evaluated
3139040,NE,Not Evaluated
10932974,NE,Not Evaluated
5360805,NE,Not Evaluated
9023462,NE,Not Evaluated
1537719,NE,Not Evaluated
2594756,NE,Not Evaluated
1423317,LC,Least Concern
1425221,LC,Least Concern
2608994,NE,Not Evaluated
2481685,NT,Near Threatened
2480757,LC,Least Concern
9367409,LC,Least Concern
2481748,LC,Least Concern
2481741,VU,Vulnerable
2481749,LC,Least Concern
2498180,LC,Least Concern
5254672,NE,Not Evaluated
7719797,LC,Least Concern
1063891,NE,Not Evaluated
4428360,NE,Not Evaluated
5384754,NE,Not Evaluated
1340301,NE,Not Evaluated
3170823,LC,Least Concern
2975257,LC,Least Concern
3044855,NE,Not Evaluated
3070494,NE,Not Evaluated
3067735,NE,Not Evaluated
8848598,NE,Not Evaluated
5112345,NE,Not Evaluated
5772199,NE,Not Evaluated
5959617,LC,Least Concern
4429602,NE,Not Evaluated
7439391,NE,Not Evaluated
2927282,NE,Not Evaluated
5420901,LC,Least Concern
5791800,LC,Least Concern
2927230,NE,Not Evaluated
3905578,NE,Not Evaluated
3152560,NE,Not Evaluated
5114198,NE,Not Evaluated
2433875,LC,Least Concern
9237842,VU,Vulnerable
4560336,NT,Near Threatened
4560406,NT,Near Threatened
2172720,NE,Not Evaluated
5361991,NE,Not Evaluated
5035204,NE,Not Evaluated
1172407,NE,Not Evaluated
12207266,NE,Not Evaluated
3189172,LC,Least Concern
11572915,NE,Not Evaluated
11559079,NE,Not Evaluated
11413853,NE,Not Evaluated
11150816,NE,Not Evaluated
11729187,NE,Not Evaluated
5170994,NE,Not Evaluated
5362038,NE,Not Evaluated
4564494,LC,Least Concern
4557146,NE,Not Evaluated
4525034,NE,Not Evaluated
7768870,LC,Least Concern
4410062,NE,Not Evaluated
4411022,NE,Not Evaluated
2308512,NE,Not Evaluated
4307847,NE,Not Evaluated
4410041,NE,Not Evaluated
5193980,NE,Not Evaluated
8227474,NE,Not Evaluated
5193981,NE,Not Evaluated
8429814,NE,Not Evaluated
4289021,NE,Not Evaluated
7832071,NE,Not Evaluated
5739602,NE,Not Evaluated
2520410,NE,Not Evaluated
2520757,NE,Not Evaluated
5465199,NE,Not Evaluated
3431195,NE,Not Evaluated
7551162,NE,Not Evaluated
9413415,VU,Vulnerable
5391480,NE,Not Evaluated
5410564,NE,Not Evaluated
2469363,LC,Least Concern
5372513,LC,Least Concern
5359060,NE,Not Evaluated
2360041,NT,Near Threatened
2008972,NE,Not Evaluated
4486909,NE,Not Evaluated
8971274,NE,Not Evaluated
4102733,NE,Not Evaluated
7331633,NE,Not Evaluated
5392950,NE,Not Evaluated
3190538,LC,Least Concern
6369729,LC,Least Concern
3103791,NE,Not Evaluated
3091677,NE,Not Evaluated
7821030,NE,Not Evaluated
5362215,LC,Least Concern
8149099,NE,Not Evaluated
2926884,NE,Not Evaluated
3152614,NE,Not Evaluated
3152583,NE,Not Evaluated
7533148,NE,Not Evaluated
6374790,NE,Not Evaluated
3109086,NE,Not Evaluated
7309059,NE,Not Evaluated
2927245,LC,Least Concern
8002952,NE,Not Evaluated
2888723,LC,Least Concern
3105813,NE,Not Evaluated
7855120,NE,Not Evaluated
8537667,NE,Not Evaluated
2810284,NE,Not Evaluated
2888811,NE,Not Evaluated
7265184,NE,Not Evaluated
8058554,NE,Not Evaluated
2100826,NE,Not Evaluated
3189843,LC,Least Concern
7818643,DD,Data Deficient
3140490,NE,Not Evaluated
3021496,LC,Least Concern
5531229,NE,Not Evaluated
2926557,NE,Not Evaluated
3034871,NE,Not Evaluated
2873991,NE,Not Evaluated
7262958,LC,Least Concern
5402943,NE,Not Evaluated
2875979,LC,Least Concern
7322563,NE,Not Evaluated
5341501,NE,Not Evaluated
3033896,NE,Not Evaluated
5371818,LC,Least Concern
3002333,NE,Not Evaluated
5341387,NE,Not Evaluated
5362136,NE,Not Evaluated
2928835,NE,Not Evaluated
3151558,NE,Not Evaluated
3088488,NE,Not Evaluated
3152520,NE,Not Evaluated
5371707,NE,Not Evaluated
2874497,NE,Not Evaluated
2927297,NE,Not Evaluated
3085884,NE,Not Evaluated
3666422,NE,Not Evaluated
8373355,NE,Not Evaluated
3169386,LC,Least Concern
3039491,LC,Least Concern
5361803,NE,Not Evaluated
5341478,LC,Least Concern
3169340,LC,Least Concern
6444162,NE,Not Evaluated
3188736,LC,Least Concern
5367273,NE,Not Evaluated
3118254,NE,Not Evaluated
5415013,NE,Not Evaluated
2926086,NE,Not Evaluated
3041022,NE,Not Evaluated
5341389,NE,Not Evaluated
3022879,DD,Data Deficient
9151957,LC,Least Concern
3170817,NE,Not Evaluated
2685796,LC,Least Concern
3039423,LC,Least Concern
7278276,NE,Not Evaluated
5341296,NE,Not Evaluated
7296469,NE,Not Evaluated
2855968,NE,Not Evaluated
2977149,NE,Not Evaluated
5372392,LC,Least Concern
2792998,NE,Not Evaluated
3140685,LC,Least Concern
5387396,NE,Not Evaluated
2730127,LC,Least Concern
3000679,NE,Not Evaluated
1464567,NE,Not Evaluated
4532095,NE,Not Evaluated
8123777,NE,Not Evaluated
5275012,NE,Not Evaluated
7402375,NE,Not Evaluated
5334259,NE,Not Evaluated
5361889,LC,Least Concern
1940744,NE,Not Evaluated
2755063,NE,Not Evaluated
1692644,VU,Vulnerable
1713668,LC,Least Concern
3033865,NE,Not Evaluated
10832775,NE,Not Evaluated
2742050,NE,Not Evaluated
4251208,NE,Not Evaluated
7891053,NE,Not Evaluated
1427915,LC,Least Concern
5776654,NE,Not Evaluated
2702789,NE,Not Evaluated
4428338,NE,Not Evaluated
3104179,NE,Not Evaluated
2003288,NE,Not Evaluated
5189806,LC,Least Concern
9385612,LC,Least Concern
2002881,NE,Not Evaluated
2001864,NE,Not Evaluated
2002968,NE,Not Evaluated
9154161,LC,Least Concern
4564871,LC,Least Concern
7310930,NE,Not Evaluated
2001499,NE,Not Evaluated
2003269,NE,Not Evaluated
2001487,NE,Not Evaluated
2003833,NE,Not Evaluated
2003996,NE,Not Evaluated
2001876,NE,Not Evaluated
2004019,NE,Not Evaluated
2001802,NE,Not Evaluated
5152227,NE,Not Evaluated
2001985,NE,Not Evaluated
4566750,NE,Not Evaluated
9120693,LC,Least Concern
4564318,LC,Least Concern
9117257,LC,Least Concern
4568664,LC,Least Concern
5152421,NE,Not Evaluated
2076028,NE,Not Evaluated
5331916,LC,Least Concern
3052680,NE,Not Evaluated
3089561,NE,Not Evaluated
3171952,NE,Not Evaluated
4110999,NE,Not Evaluated
3927846,NE,Not Evaluated
2892347,NE,Not Evaluated
3034620,NE,Not Evaluated
3064592,NE,Not Evaluated
1707910,NE,Not Evaluated
4232556,NE,Not Evaluated
2860425,LC,Least Concern
2158806,NE,Not Evaluated
8435025,NE,Not Evaluated
2889828,NE,Not Evaluated
2498326,LC,Least Concern
2480524,LC,Least Concern
2498285,LC,Least Concern
2480332,LC,Least Concern
4562736,LC,Least Concern
4568626,LC,Least Concern
11045520,NE,Not Evaluated
2927189,LC,Least Concern
2975188,LC,Least Concern
4566417,LC,Least Concern
2705290,NE,Not Evaluated
9317615,LC,Least Concern
4456507,NE,Not Evaluated
3128547,NE,Not Evaluated
1739931,NE,Not Evaluated
8788023,NE,Not Evaluated
7487859,NE,Not Evaluated
11170376,NE,Not Evaluated
3135419,NE,Not Evaluated
3136632,NE,Not Evaluated
2724590,NE,Not Evaluated
3098912,NE,Not Evaluated
5406789,NE,Not Evaluated
4452240,NE,Not Evaluated
2926688,NE,Not Evaluated
2986184,NE,Not Evaluated
3085422,NE,Not Evaluated
2480685,LC,Least Concern
5962668,LC,Least Concern
4519004,NE,Not Evaluated
5559156,NE,Not Evaluated
2458374,LC,Least Concern
2772885,NE,Not Evaluated
6159197,LC,Least Concern
5334240,NE,Not Evaluated
9566659,LC,Least Concern
2498026,VU,Vulnerable
7691980,NE,Not Evaluated
4466974,NE,Not Evaluated
4476262,NE,Not Evaluated
1219317,NE,Not Evaluated
4466603,NE,Not Evaluated
8045120,NE,Not Evaluated
5016879,NE,Not Evaluated
4468312,NE,Not Evaluated
9025995,NE,Not Evaluated
4467648,NE,Not Evaluated
4467289,NE,Not Evaluated
4467180,NE,Not Evaluated
4467609,NE,Not Evaluated
4467125,NE,Not Evaluated
4467652,NE,Not Evaluated
4466891,NE,Not Evaluated
7816165,NE,Not Evaluated
4466591,NE,Not Evaluated
4466895,NE,Not Evaluated
4467188,NE,Not Evaluated
1195012,NE,Not Evaluated
4467628,NE,Not Evaluated
4467620,NE,Not Evaluated
4467170,NE,Not Evaluated
4468298,NE,Not Evaluated
4467192,NE,Not Evaluated
4467096,NE,Not Evaluated
4466804,NE,Not Evaluated
4475920,NE,Not Evaluated
10605159,NE,Not Evaluated
4466605,NE,Not Evaluated
4467079,NE,Not Evaluated
8038710,NE,Not Evaluated
6439532,NE,Not Evaluated
3091672,NE,Not Evaluated
3029553,NE,Not Evaluated
4121896,NE,Not Evaluated
5359247,NE,Not Evaluated
3118214,NE,Not Evaluated
7498158,NE,Not Evaluated
4068119,NE,Not Evaluated
2754947,NT,Near Threatened
7270598,NE,Not Evaluated
3135312,NE,Not Evaluated
12227581,NE,Not Evaluated
4104113,NE,Not Evaluated
5367228,NE,Not Evaluated
4118661,NE,Not Evaluated
5528839,NE,Not Evaluated
4050624,NE,Not Evaluated
4123271,NE,Not Evaluated
5403386,NE,Not Evaluated
3737570,NE,Not Evaluated
8520125,NE,Not Evaluated
3114540,NE,Not Evaluated
9779305,NE,Not Evaluated
3136683,NE,Not Evaluated
11141721,NE,Not Evaluated
5053150,NE,Not Evaluated
4560573,VU,Vulnerable
4406313,NT,Near Threatened
4560426,DD,Data Deficient
4570671,NT,Near Threatened
4568906,LC,Least Concern
9032776,LC,Least Concern
7880264,VU,Vulnerable
4560901,LC,Least Concern
8879417,NT,Near Threatened
1020777,NE,Not Evaluated
1020288,NE,Not Evaluated
2362868,LC,Least Concern
2360305,LC,Least Concern
5280562,NE,Not Evaluated
7570998,NE,Not Evaluated
5270848,NE,Not Evaluated
3120188,NE,Not Evaluated
5301175,LC,Least Concern
9081989,NE,Not Evaluated
4137228,NE,Not Evaluated
2703766,NE,Not Evaluated
5345014,NE,Not Evaluated
7267549,NE,Not Evaluated
7672383,NE,Not Evaluated
3048411,NE,Not Evaluated
12254070,NE,Not Evaluated
4127628,NE,Not Evaluated
4119531,LC,Least Concern
7344732,NE,Not Evaluated
3120117,NE,Not Evaluated
2913030,NE,Not Evaluated
3172057,LC,Least Concern
7270230,NE,Not Evaluated
5372484,LC,Least Concern
3725022,NE,Not Evaluated
8348518,NE,Not Evaluated
2432655,LC,Least Concern
2490614,LC,Least Concern
2308543,NE,Not Evaluated
2308444,NE,Not Evaluated
2308361,NE,Not Evaluated
4410065,NE,Not Evaluated
4410999,NE,Not Evaluated
4411007,NE,Not Evaluated
5361865,DD,Data Deficient
3050464,NE,Not Evaluated
2928226,NE,Not Evaluated
12225742,NE,Not Evaluated
5367987,NE,Not Evaluated
5372457,NE,Not Evaluated
2925815,NE,Not Evaluated
5285637,LC,Least Concern
5248532,NE,Not Evaluated
2928446,NE,Not Evaluated
4553408,NE,Not Evaluated
1048809,NE,Not Evaluated
5123922,NE,Not Evaluated
5359246,NE,Not Evaluated
2891773,NE,Not Evaluated
2888763,NE,Not Evaluated
3085370,NE,Not Evaluated
2650716,NE,Not Evaluated
3090783,NE,Not Evaluated
2890122,NE,Not Evaluated
1594607,NE,Not Evaluated
3042086,NE,Not Evaluated
1596560,NE,Not Evaluated
2701599,LC,Least Concern
8044896,NE,Not Evaluated
3046187,NE,Not Evaluated
4995700,NE,Not Evaluated
5384795,NE,Not Evaluated
4567609,LC,Least Concern
4393034,NE,Not Evaluated
2873865,NE,Not Evaluated
9768924,NE,Not Evaluated
2160151,NE,Not Evaluated
5231209,LC,Least Concern
2986185,NE,Not Evaluated
5290052,LC,Least Concern
2840590,NE,Not Evaluated
5414457,LC,Least Concern
2914642,NE,Not Evaluated
7931979,NE,Not Evaluated
2927007,NE,Not Evaluated
2888808,NE,Not Evaluated
2975667,NE,Not Evaluated
3067353,NE,Not Evaluated
6993801,NE,Not Evaluated
6993854,NE,Not Evaluated
9995500,NE,Not Evaluated
10992365,NE,Not Evaluated
4436280,NE,Not Evaluated
11149719,NE,Not Evaluated
8730709,NE,Not Evaluated
10557273,NE,Not Evaluated
4440987,NE,Not Evaluated
4428647,NE,Not Evaluated
4445318,NE,Not Evaluated
5022498,NE,Not Evaluated
8969154,NE,Not Evaluated
4467299,NE,Not Evaluated
9881663,NE,Not Evaluated
11179001,NE,Not Evaluated
10364395,NE,Not Evaluated
10657533,NE,Not Evaluated
4442999,NE,Not Evaluated
4460410,NE,Not Evaluated
11131227,NE,Not Evaluated
10606174,NE,Not Evaluated
10610418,NE,Not Evaluated
4467123,NE,Not Evaluated
8253453,NE,Not Evaluated
1421095,NE,Not Evaluated
1095895,NE,Not Evaluated
6952478,NE,Not Evaluated
4460782,NE,Not Evaluated
4429363,NE,Not Evaluated
6097319,NE,Not Evaluated
3885185,NE,Not Evaluated
5744968,NE,Not Evaluated
5410857,NE,Not Evaluated
5107829,NE,Not Evaluated
1213277,NE,Not Evaluated
4460845,NE,Not Evaluated
1085188,NE,Not Evaluated
2864467,LC,Least Concern
5218405,LC,Least Concern
5858882,LC,Least Concern
1433826,NE,Not Evaluated
4496895,NE,Not Evaluated
5243575,NE,Not Evaluated
8956209,NE,Not Evaluated
2601139,NE,Not Evaluated
3028645,NE,Not Evaluated
4459737,NE,Not Evaluated
5298946,LC,Least Concern
5384805,NE,Not Evaluated
5410226,NE,Not Evaluated
8140485,LC,Least Concern
1423018,LC,Least Concern
1046592,NE,Not Evaluated
2481236,LC,Least Concern
2781074,NE,Not Evaluated
2537250,NE,Not Evaluated
5300245,NE,Not Evaluated
3027611,NE,Not Evaluated
4436921,NE,Not Evaluated
5022592,NE,Not Evaluated
1048335,NE,Not Evaluated
8961574,NE,Not Evaluated
8952395,LC,Least Concern
2681972,NE,Not Evaluated
1541819,NE,Not Evaluated
8958269,NE,Not Evaluated
9221525,NE,Not Evaluated
8154323,NE,Not Evaluated
3054036,NE,Not Evaluated
2995209,NE,Not Evaluated
7923692,NE,Not Evaluated
5780449,LC,Least Concern
5231235,LC,Least Concern
8605056,NE,Not Evaluated
2018510,NE,Not Evaluated
1892242,NE,Not Evaluated
3032833,NE,Not Evaluated
7589548,NE,Not Evaluated
2474621,LC,Least Concern
5739290,LC,Least Concern
2481784,LC,Least Concern
4408498,LC,Least Concern
9118025,NE,Not Evaluated
10789004,NE,Not Evaluated
9129313,NE,Not Evaluated
3044912,NE,Not Evaluated
9819973,NE,Not Evaluated
2739622,LC,Least Concern
2526530,NE,Not Evaluated
4559631,LC,Least Concern
2605261,NE,Not Evaluated
5354580,LC,Least Concern
5354691,LC,Least Concern
2891779,LC,Least Concern
5255555,NE,Not Evaluated
7638487,NE,Not Evaluated
1428217,LC,Least Concern
2481263,LC,Least Concern
3091227,NE,Not Evaluated
7458249,NE,Not Evaluated
2234827,NE,Not Evaluated
5607777,NE,Not Evaluated
6026255,NE,Not Evaluated
2704218,NE,Not Evaluated
7419357,NE,Not Evaluated
9995225,NE,Not Evaluated
2596450,NE,Not Evaluated
2596672,NE,Not Evaluated
10764042,NE,Not Evaluated
10990852,NE,Not Evaluated
7915891,NE,Not Evaluated
3270215,NE,Not Evaluated
3543252,NE,Not Evaluated
7086670,NE,Not Evaluated
8639340,NE,Not Evaluated
7251423,NE,Not Evaluated
4258666,NE,Not Evaluated
2608594,NE,Not Evaluated
5261396,NE,Not Evaluated
7809675,NE,Not Evaluated
3390611,NE,Not Evaluated
4911238,NE,Not Evaluated
2974863,NE,Not Evaluated
5298675,NE,Not Evaluated
10854732,NE,Not Evaluated
8593021,NE,Not Evaluated
9348291,NE,Not Evaluated
8659009,NE,Not Evaluated
8607697,NE,Not Evaluated
9145064,NE,Not Evaluated
9610532,NE,Not Evaluated
11130872,NE,Not Evaluated
8633927,NE,Not Evaluated
9677207,NE,Not Evaluated
9561981,NE,Not Evaluated
9529170,NE,Not Evaluated
2600375,NE,Not Evaluated
2607843,NE,Not Evaluated
8503245,NE,Not Evaluated
2608002,NE,Not Evaluated
2590430,NE,Not Evaluated
7252516,NE,Not Evaluated
7247033,NE,Not Evaluated
10740594,NE,Not Evaluated
8325350,NE,Not Evaluated
2607508,NE,Not Evaluated
2601135,NE,Not Evaluated
2600433,NE,Not Evaluated
2600423,NE,Not Evaluated
2608164,NE,Not Evaluated
3425740,NE,Not Evaluated
8276197,NE,Not Evaluated
2609017,NE,Not Evaluated
2600450,NE,Not Evaluated
2600411,NE,Not Evaluated
2608099,NE,Not Evaluated
3429235,NE,Not Evaluated
2609038,NE,Not Evaluated
2606703,NE,Not Evaluated
2609075,NE,Not Evaluated
2608167,NE,Not Evaluated
12172101,NE,Not Evaluated
2601176,NE,Not Evaluated
2600577,NE,Not Evaluated
2605894,NE,Not Evaluated
2605955,LC,Least Concern
2605342,NE,Not Evaluated
2601141,NE,Not Evaluated
12239840,NE,Not Evaluated
2606438,NE,Not Evaluated
5490656,NE,Not Evaluated
2596656,NE,Not Evaluated
2603471,NE,Not Evaluated
2601343,NE,Not Evaluated
7638024,LC,Least Concern
2603450,NE,Not Evaluated
2605659,NE,Not Evaluated
2605814,LC,Least Concern
5260392,NE,Not Evaluated
10897291,NE,Not Evaluated
2608913,NE,Not Evaluated
11068273,NE,Not Evaluated
3397439,NE,Not Evaluated
2605905,NE,Not Evaluated
2601162,NE,Not Evaluated
2603725,NE,Not Evaluated
2605697,NE,Not Evaluated
7778192,NE,Not Evaluated
12180218,NE,Not Evaluated
10702266,NE,Not Evaluated
3392646,NE,Not Evaluated
2607131,NE,Not Evaluated
11059248,NE,Not Evaluated
2603360,NE,Not Evaluated
2603317,NE,Not Evaluated
8655228,NE,Not Evaluated
2606874,NE,Not Evaluated
7248528,NE,Not Evaluated
10705917,NE,Not Evaluated
10711935,NE,Not Evaluated
11883915,NE,Not Evaluated
3401802,NE,Not Evaluated
3392669,NE,Not Evaluated
9692725,NE,Not Evaluated
10787630,NE,Not Evaluated
2606780,NE,Not Evaluated
2607186,NE,Not Evaluated
2608490,NE,Not Evaluated
8094896,NE,Not Evaluated
5261268,NE,Not Evaluated
2606852,NE,Not Evaluated
6609452,NE,Not Evaluated
2603375,NE,Not Evaluated
7084587,NE,Not Evaluated
2606511,NE,Not Evaluated
2606507,NE,Not Evaluated
2603490,NE,Not Evaluated
5259686,NE,Not Evaluated
2602102,NE,Not Evaluated
2602118,NE,Not Evaluated
2607695,NE,Not Evaluated
7246697,NE,Not Evaluated
5260620,NE,Not Evaluated
8541101,NE,Not Evaluated
7251342,NE,Not Evaluated
5260557,NE,Not Evaluated
2605272,NE,Not Evaluated
11891123,NE,Not Evaluated
2607596,NE,Not Evaluated
7247412,NE,Not Evaluated
2607718,NE,Not Evaluated
8254349,NE,Not Evaluated
3391014,NE,Not Evaluated
2607701,NE,Not Evaluated
2599888,NE,Not Evaluated
2607697,NE,Not Evaluated
7364113,NE,Not Evaluated
12208583,NE,Not Evaluated
2603248,NE,Not Evaluated
2606557,NE,Not Evaluated
2603775,NE,Not Evaluated
2607116,NE,Not Evaluated
11264284,NE,Not Evaluated
2599864,NE,Not Evaluated
2592726,NE,Not Evaluated
7250670,NE,Not Evaluated
11045139,NE,Not Evaluated
7250044,NE,Not Evaluated
3548933,NE,Not Evaluated
3548605,NE,Not Evaluated
5261442,NE,Not Evaluated
2600552,NE,Not Evaluated
2610237,NE,Not Evaluated
7897425,NE,Not Evaluated
2604700,NE,Not Evaluated
8190524,NE,Not Evaluated
2609967,NE,Not Evaluated
7902131,NE,Not Evaluated
3407931,NE,Not Evaluated
5259587,NE,Not Evaluated
2605831,NE,Not Evaluated
5894834,NE,Not Evaluated
7577533,NE,Not Evaluated
5260511,NE,Not Evaluated
9088054,NE,Not Evaluated
5260486,NE,Not Evaluated
2606024,NE,Not Evaluated
5260539,NE,Not Evaluated
2606030,NE,Not Evaluated
5261360,NE,Not Evaluated
2601134,NE,Not Evaluated
2608505,NE,Not Evaluated
2596923,NE,Not Evaluated
2607510,NE,Not Evaluated
2623524,NE,Not Evaluated
2599681,NE,Not Evaluated
10908720,NE,Not Evaluated
2608090,NE,Not Evaluated
2607230,NE,Not Evaluated
2600467,NE,Not Evaluated
3425456,NE,Not Evaluated
3425518,NE,Not Evaluated
12172794,NE,Not Evaluated
3426010,NE,Not Evaluated
2609126,NE,Not Evaluated
9750290,NE,Not Evaluated
5258306,NE,Not Evaluated
2600387,NE,Not Evaluated
2600475,NE,Not Evaluated
2600441,NE,Not Evaluated
3469339,NE,Not Evaluated
2602137,NE,Not Evaluated
2605963,NE,Not Evaluated
2603260,NE,Not Evaluated
2608920,NE,Not Evaluated
2608939,NE,Not Evaluated
2601149,NE,Not Evaluated
2609422,NE,Not Evaluated
2608948,NE,Not Evaluated
2609428,NE,Not Evaluated
2600047,NE,Not Evaluated
3413825,NE,Not Evaluated
2608941,NE,Not Evaluated
2592773,NE,Not Evaluated
2600241,NE,Not Evaluated
2600221,NE,Not Evaluated
3412481,NE,Not Evaluated
7248995,NE,Not Evaluated
3410705,NE,Not Evaluated
7594645,NE,Not Evaluated
2605685,NE,Not Evaluated
2605335,NE,Not Evaluated
2609523,NE,Not Evaluated
2607087,NE,Not Evaluated
3392610,NE,Not Evaluated
10846193,NE,Not Evaluated
2606859,NE,Not Evaluated
2608485,NE,Not Evaluated
2603384,NE,Not Evaluated
10692676,NE,Not Evaluated
2603347,NE,Not Evaluated
6607336,NE,Not Evaluated
10689122,NE,Not Evaluated
2607182,NE,Not Evaluated
8132598,NE,Not Evaluated
8683565,NE,Not Evaluated
2603229,NE,Not Evaluated
2606842,NE,Not Evaluated
8490273,NE,Not Evaluated
7772359,NE,Not Evaluated
5261470,NE,Not Evaluated
5259681,NE,Not Evaluated
6606867,NE,Not Evaluated
2607241,NE,Not Evaluated
5261206,NE,Not Evaluated
2605262,NE,Not Evaluated
2610069,NE,Not Evaluated
7956322,NE,Not Evaluated
9651322,NE,Not Evaluated
2607650,NE,Not Evaluated
10950385,NE,Not Evaluated
8377047,NE,Not Evaluated
2607197,NE,Not Evaluated
7246716,NE,Not Evaluated
8188898,NE,Not Evaluated
2599886,NE,Not Evaluated
3397549,NE,Not Evaluated
7246653,NE,Not Evaluated
2596883,NE,Not Evaluated
3439261,NE,Not Evaluated
3390089,NE,Not Evaluated
2603255,NE,Not Evaluated
12230584,NE,Not Evaluated
7247319,NE,Not Evaluated
2603251,NE,Not Evaluated
2609502,NE,Not Evaluated
2610300,NE,Not Evaluated
2609547,NE,Not Evaluated
2609499,NE,Not Evaluated
6755122,NE,Not Evaluated
2600497,NE,Not Evaluated
6755120,NE,Not Evaluated
2610293,NE,Not Evaluated
2362524,LC,Least Concern
2337607,LC,Least Concern
5739539,LC,Least Concern
4286975,LC,Least Concern
4409635,LC,Least Concern
9809222,LC,Least Concern
2360283,EN,Endangered
2359471,LC,Least Concern
2362486,DD,Data Deficient
2351630,VU,Vulnerable
5209574,LC,Least Concern
2362925,LC,Least Concern
7807208,LC,Least Concern
2362473,NT,Near Threatened
5203999,LC,Least Concern
2357651,NT,Near Threatened
4409525,LC,Least Concern
5212973,CR,Critically Endangered
2368235,NT,Near Threatened
2366634,NE,Not Evaluated
5204019,LC,Least Concern
2359671,LC,Least Concern
2421317,NT,Near Threatened
2421304,LC,Least Concern
2421402,NT,Near Threatened
5354617,NE,Not Evaluated
2705297,LC,Least Concern
5289783,LC,Least Concern
5289796,LC,Least Concern
2705300,NE,Not Evaluated
7883427,LC,Least Concern
5350452,LC,Least Concern
2856681,NE,Not Evaluated
7403263,NE,Not Evaluated
2874508,LC,Least Concern
2986131,NE,Not Evaluated
2930137,NE,Not Evaluated
2874621,NE,Not Evaluated
2706056,NE,Not Evaluated
2705966,NE,Not Evaluated
7795888,NE,Not Evaluated
5289786,LC,Least Concern
5289793,LC,Least Concern
3083647,NE,Not Evaluated
2705286,LC,Least Concern
2706406,LC,Least Concern
2706415,LC,Least Concern
2965438,LC,Least Concern
2965531,NE,Not Evaluated
2965299,NE,Not Evaluated
8332019,NE,Not Evaluated
2947311,NE,Not Evaluated
5356441,LC,Least Concern
2143910,NE,Not Evaluated
2133542,NE,Not Evaluated
1543175,NE,Not Evaluated
1532963,EN,Endangered
1544263,NE,Not Evaluated
1534770,DD,Data Deficient
11788810,LC,Least Concern
1540308,NE,Not Evaluated
1540334,NE,Not Evaluated
1540517,NE,Not Evaluated
10998833,NE,Not Evaluated
5739298,LC,Least Concern
5959092,LC,Least Concern
2473577,LC,Least Concern
2480589,LC,Least Concern
2480850,LC,Least Concern
4409010,LC,Least Concern
2492950,LC,Least Concern
2492526,LC,Least Concern
9717283,LC,Least Concern
2490681,LC,Least Concern
2490613,LC,Least Concern
2480491,NT,Near Threatened
5607617,NE,Not Evaluated
7334182,NE,Not Evaluated
2382155,LC,Least Concern
9761275,NE,Not Evaluated
5206717,NT,Near Threatened
2362030,LC,Least Concern
2365778,LC,Least Concern
2362881,LC,Least Concern
2382111,LC,Least Concern
4409641,LC,Least Concern
2382114,LC,Least Concern
5851603,LC,Least Concern
2362635,LC,Least Concern
4409643,LC,Least Concern
2359692,LC,Least Concern
5206966,LC,Least Concern
5207389,EN,Endangered
2365719,LC,Least Concern
1442688,NE,Not Evaluated
1442540,NE,Not Evaluated
1442666,NE,Not Evaluated
5602605,NE,Not Evaluated
7330016,NE,Not Evaluated
7618970,NE,Not Evaluated
3027735,NE,Not Evaluated
3027530,NE,Not Evaluated
3028277,NE,Not Evaluated
2128482,NE,Not Evaluated
7982160,LC,Least Concern
5358765,LC,Least Concern
5385658,NE,Not Evaluated
6128597,NE,Not Evaluated
3638256,NE,Not Evaluated
3034552,NE,Not Evaluated
6027105,NE,Not Evaluated
3127782,NE,Not Evaluated
1417963,NE,Not Evaluated
1418862,NE,Not Evaluated
1419061,NE,Not Evaluated
1419078,NE,Not Evaluated
1419093,NE,Not Evaluated
1417941,NE,Not Evaluated
1419059,NE,Not Evaluated
1419070,NE,Not Evaluated
1416993,NE,Not Evaluated
1417676,NE,Not Evaluated
1417654,NE,Not Evaluated
1417259,NE,Not Evaluated
1417656,NE,Not Evaluated
1419227,NE,Not Evaluated
5050864,NE,Not Evaluated
5050878,NE,Not Evaluated
5050990,NE,Not Evaluated
5050663,NE,Not Evaluated
1848714,NE,Not Evaluated
5358935,NE,Not Evaluated
8193111,NE,Not Evaluated
2971095,NE,Not Evaluated
2874569,NE,Not Evaluated
4131935,NE,Not Evaluated
7863397,NE,Not Evaluated
7594735,NE,Not Evaluated
2889299,NE,Not Evaluated
2726592,NE,Not Evaluated
1340523,NE,Not Evaluated
8345757,NE,Not Evaluated
1340503,NE,Not Evaluated
5567578,NE,Not Evaluated
3122924,NE,Not Evaluated
3127633,NE,Not Evaluated
3171939,NE,Not Evaluated
2600204,NE,Not Evaluated
7502783,NE,Not Evaluated
2527219,NE,Not Evaluated
2567090,NE,Not Evaluated
2526341,NE,Not Evaluated
5252307,NE,Not Evaluated
8755284,NE,Not Evaluated
12207165,LC,Least Concern
2558173,NE,Not Evaluated
7267406,NE,Not Evaluated
2607534,NE,Not Evaluated
2607617,NE,Not Evaluated
7246646,NE,Not Evaluated
2607571,NE,Not Evaluated
8379248,NE,Not Evaluated
2607703,NE,Not Evaluated
9788945,NE,Not Evaluated
2605259,NE,Not Evaluated
2669200,NE,Not Evaluated
2704234,NE,Not Evaluated
2681678,NE,Not Evaluated
2689217,NE,Not Evaluated
4119504,NE,Not Evaluated
2724481,NE,Not Evaluated
4121885,NE,Not Evaluated
2722112,NE,Not Evaluated
8353146,NE,Not Evaluated
4111191,NE,Not Evaluated
2700854,NE,Not Evaluated
10861153,NE,Not Evaluated
2689218,NE,Not Evaluated
2669002,NE,Not Evaluated
2701930,LC,Least Concern
4107988,NE,Not Evaluated
2689535,NE,Not Evaluated
5710190,NE,Not Evaluated
4230310,NE,Not Evaluated
3112936,NE,Not Evaluated
7456960,NE,Not Evaluated
7307217,NE,Not Evaluated
5583602,LC,Least Concern
2915025,NE,Not Evaluated
5347667,NE,Not Evaluated
2729936,NE,Not Evaluated
9074530,NE,Not Evaluated
2722326,NE,Not Evaluated
5388603,NE,Not Evaluated
7749266,NE,Not Evaluated
2668981,NE,Not Evaluated
2688197,NE,Not Evaluated
8074997,NE,Not Evaluated
4534207,NE,Not Evaluated
3113138,NE,Not Evaluated
2927744,NE,Not Evaluated
2726206,NE,Not Evaluated
1427936,LC,Least Concern
1691203,LC,Least Concern
4484527,NE,Not Evaluated
2073987,NE,Not Evaluated
2074462,NE,Not Evaluated
1683942,NT,Near Threatened
1061071,NE,Not Evaluated
1544156,NE,Not Evaluated
11381924,NE,Not Evaluated
2072061,NE,Not Evaluated
4486013,NE,Not Evaluated
1061089,NE,Not Evaluated
5751048,NE,Not Evaluated
4431220,NE,Not Evaluated
1537709,NE,Not Evaluated
4487569,NE,Not Evaluated
4461942,NE,Not Evaluated
2028656,NE,Not Evaluated
2075051,NE,Not Evaluated
4488566,NE,Not Evaluated
6097776,NE,Not Evaluated
4486022,NE,Not Evaluated
4525823,LC,Least Concern
1940821,NE,Not Evaluated
10793021,NE,Not Evaluated
3437901,NE,Not Evaluated
7900920,NE,Not Evaluated
5473719,NE,Not Evaluated
5490662,NE,Not Evaluated
2607009,NE,Not Evaluated
2600251,NE,Not Evaluated
2600137,NE,Not Evaluated
8229399,NE,Not Evaluated
2601012,NE,Not Evaluated
2598855,NE,Not Evaluated
2608115,NE,Not Evaluated
2606888,NE,Not Evaluated
7251561,NE,Not Evaluated
2605279,NE,Not Evaluated
12017703,NE,Not Evaluated
12212960,NE,Not Evaluated
8610350,NE,Not Evaluated
7631067,NE,Not Evaluated
2600466,NE,Not Evaluated
7247635,NE,Not Evaluated
2600792,NE,Not Evaluated
3435817,NE,Not Evaluated
2603382,NE,Not Evaluated
2607451,NE,Not Evaluated
2609074,NE,Not Evaluated
5434065,NE,Not Evaluated
7469676,NE,Not Evaluated
9792433,NE,Not Evaluated
8620875,NE,Not Evaluated
2626342,NE,Not Evaluated
7487512,NE,Not Evaluated
7186794,NE,Not Evaluated
3430239,NE,Not Evaluated
8558022,NE,Not Evaluated
2603395,NE,Not Evaluated
8532457,NE,Not Evaluated
9326020,LC,Least Concern
4481214,NE,Not Evaluated
7964291,LC,Least Concern
5143651,NE,Not Evaluated
7767114,NE,Not Evaluated
7814841,NE,Not Evaluated
1820372,NE,Not Evaluated
9490132,NE,Not Evaluated
4566001,LC,Least Concern
1689060,NT,Near Threatened
2607656,NE,Not Evaluated
11129707,NE,Not Evaluated
9084004,NE,Not Evaluated
11128304,NE,Not Evaluated
11212549,NE,Not Evaluated
4564504,VU,Vulnerable
4570734,LC,Least Concern
9451697,LC,Least Concern
3414206,NE,Not Evaluated
8425316,NE,Not Evaluated
5749361,NE,Not Evaluated
4467691,NE,Not Evaluated
4436328,NE,Not Evaluated
4476905,NE,Not Evaluated
4467583,NE,Not Evaluated
10247579,LC,Least Concern
2599776,NE,Not Evaluated
2608052,NE,Not Evaluated
3275646,NE,Not Evaluated
2608064,NE,Not Evaluated
2596916,NE,Not Evaluated
2600406,NE,Not Evaluated
2601168,NE,Not Evaluated
2609154,NE,Not Evaluated
2606729,NE,Not Evaluated
2608482,NE,Not Evaluated
10698578,NE,Not Evaluated
5260752,NE,Not Evaluated
2626285,NE,Not Evaluated
5261466,NE,Not Evaluated
10820243,NE,Not Evaluated
2607717,NE,Not Evaluated
5261504,NE,Not Evaluated
10893095,NE,Not Evaluated
2621738,NE,Not Evaluated
9720919,NE,Not Evaluated
10811015,NE,Not Evaluated
2600398,NE,Not Evaluated
2608598,NE,Not Evaluated
7250436,NE,Not Evaluated
2603287,NE,Not Evaluated
2603281,NE,Not Evaluated
2589631,NE,Not Evaluated
10883842,NE,Not Evaluated
2602097,NE,Not Evaluated
2607557,NE,Not Evaluated
8597577,NE,Not Evaluated
2607575,NE,Not Evaluated
9399576,NE,Not Evaluated
3430837,NE,Not Evaluated
7620014,NE,Not Evaluated
2603300,NE,Not Evaluated
3432758,NE,Not Evaluated
2600572,NE,Not Evaluated
8934912,NE,Not Evaluated
